,hd,proper,ra,dec,dist,rv,mag,absmag,spect,ci,con,lum,exp,modexp,tgtfn,adjra_hms,adjdec_dms,adjra_deg,adjra_hour,adjdec_deg
58354,104204,,12.002751,36.729815,198.8072,-6.3,7.49,0.998,Am,0.11,UMa,34.738,197,446.0860343240754,HD104204_TypAm_Mag7.49,"hms_tuple(h=12.0, m=0.0, s=33.04774298251019)","dms_tuple(d=36.0, m=41.0, s=55.29757698365586)",180.137699,12.00918,36.698694
58375,104267,,12.006737,-30.336583,79.7448,0.0,7.84,3.331,A9IV,0.307,Hya,4.051,257,607.4779541357369,HD104267_TypA9_Mag7.84,"hms_tuple(h=12.0, m=0.0, s=45.760777213684634)","dms_tuple(d=-30.0, m=-22.0, s=-3.4851888053682956)",180.19067,12.012711,-30.367635
58376,104241,,12.006791,44.630344,185.5288,-8.0,7.57,1.228,A2V,0.073,UMa,28.106,209,478.71030262103807,HD104241_TypA2_Mag7.57,"hms_tuple(h=12.0, m=0.0, s=50.50911233783779)","dms_tuple(d=44.0, m=35.0, s=57.15675762453998)",180.210455,12.01403,44.59921
58414,104321,,12.014553,6.614322,117.7856,-10.0,4.65,-0.705,A5V,0.122,Vir,166.725,22,36.40796420229997,HD104321_TypA5_Mag4.65,"hms_tuple(h=12.0, m=1.0, s=11.070690956034355)","dms_tuple(d=6.0, m=34.0, s=59.64108809735279)",180.296128,12.019742,6.583234
58415,104316,,12.014638,70.237854,92.1659,0.0,6.75,1.927,A0,0.101,Dra,14.764,112,232.20296653338022,HD104316_TypA0_Mag6.75,"hms_tuple(h=12.0, m=1.0, s=47.49647889686216)","dms_tuple(d=70.0, m=12.0, s=23.856095921421456)",180.447902,12.02986,70.206627
58440,104381,,12.020491,12.377788,108.2251,-23.0,6.93,1.758,A1V,0.106,Vir,17.25,128,272.1695876893252,HD104381_TypA1_Mag6.93,"hms_tuple(h=12.0, m=1.0, s=32.763670634366235)","dms_tuple(d=12.0, m=20.0, s=48.09925267963351)",180.386515,12.025768,12.346694
58474,104436,,12.027037,64.939341,95.4198,-4.9,7.24,2.342,A3,0.26,UMa,10.074,163,357.7868844682338,HD104436_TypA3_Mag7.24,"hms_tuple(h=12.0, m=2.0, s=21.091823789857784)","dms_tuple(d=64.0, m=54.0, s=29.33007196983567)",180.587883,12.039192,64.908147
58484,104472,,12.028942,-41.828824,134.4086,0.0,7.39,1.748,A3III,0.217,Cen,17.41,182,408.41430272357115,HD104472_TypA3_Mag7.39,"hms_tuple(h=12.0, m=2.0, s=9.10694146309396)","dms_tuple(d=-41.0, m=-51.0, s=-35.494557203210206)",180.537946,12.035863,-41.85986
58502,104484,,12.032488,0.102086,98.1354,0.0,7.79,2.831,A2,0.338,Vir,6.421,247,581.2616622824664,HD104484_TypA2_Mag7.79,"hms_tuple(h=12.0, m=2.0, s=15.513536596503315)","dms_tuple(d=0.0, m=4.0, s=15.612930590544956)",180.56464,12.037643,0.071004
58503,104497,,12.034057,-20.808583,209.6436,0.0,7.77,1.163,A3IV/V,0.187,Crv,29.84,244,571.094717053101,HD104497_TypA3_Mag7.77,"hms_tuple(h=12.0, m=2.0, s=22.460887429216143)","dms_tuple(d=-20.0, m=-50.0, s=-22.72374368333203)",180.593587,12.039572,-20.839645
58508,104513,,12.035239,43.0456,34.27,6.0,5.22,2.545,A7m,0.283,UMa,8.356,35,60.20148378775184,HD104513_TypA7_Mag5.22,"hms_tuple(h=12.0, m=2.0, s=32.239500073237366)","dms_tuple(d=43.0, m=0.0, s=52.0883342622426)",180.634331,12.042289,43.014469
58620,104728,,12.059861,-5.47958,107.8749,0.0,7.15,1.985,A0,0.127,Vir,13.996,152,330.4749158245449,HD104728_TypA0_Mag7.15,"hms_tuple(h=12.0, m=3.0, s=54.14248321871938)","dms_tuple(d=-5.0, m=-30.0, s=-38.36631687420642)",180.975594,12.06504,-5.510657
58647,104781,,12.064648,76.066767,95.057,0.0,7.69,2.8,A3,0.271,Dra,6.607,229,532.1744198083834,HD104781_TypA3_Mag7.69,"hms_tuple(h=12.0, m=5.0, s=9.62957519125709)","dms_tuple(d=76.0, m=2.0, s=7.709481130949598)",181.290123,12.086008,76.035475
58654,104788,,12.066763,-10.296122,104.8218,0.0,6.59,1.488,A2,0.315,Vir,22.121,99,201.63200517568157,HD104788_TypA2_Mag6.59,"hms_tuple(h=12.0, m=4.0, s=19.20909049884031)","dms_tuple(d=-10.0, m=-19.0, s=-37.90141279438032)",181.080038,12.072003,-10.327195
58675,104817,,12.070237,1.462036,112.4859,12.1,7.68,2.425,Am,0.201,Vir,9.333,227,527.4997120883073,HD104817_TypAm_Mag7.68,"hms_tuple(h=12.0, m=4.0, s=31.41571116018426)","dms_tuple(d=1.0, m=25.0, s=51.428471716711144)",181.130899,12.075393,1.430952
58685,104835,,12.07142,-21.03918,225.7336,0.0,7.86,1.092,A2II,0.175,Crv,31.857,261,618.2926139519136,HD104835_TypA2_Mag7.86,"hms_tuple(h=12.0, m=4.0, s=36.99831460465845)","dms_tuple(d=-21.0, m=-4.0, s=-12.872076928278489)",181.15416,12.076944,-21.070242
58825,105059,,12.09749,5.357378,88.4956,0.0,7.76,3.025,A5,0.296,Vir,5.37,242,566.0781270342421,HD105059_TypA5_Mag7.76,"hms_tuple(h=12.0, m=6.0, s=9.60119392114521)","dms_tuple(d=5.0, m=19.0, s=34.646853343235975)",181.540005,12.102667,5.326291
58835,105095,,12.100106,-39.220232,169.2047,0.0,7.8,1.658,A1V,0.089,Cen,18.915,249,586.4128089424291,HD105095_TypA1_Mag7.8,"hms_tuple(h=12.0, m=6.0, s=24.344976691075146)","dms_tuple(d=-39.0, m=-15.0, s=-4.578178376434039)",181.601437,12.106762,-39.251272
58920,105263,,12.119655,9.662886,168.0672,0.0,7.4,1.273,A3,0.367,Vir,26.965,184,412.0336743557815,HD105263_TypA3_Mag7.4,"hms_tuple(h=12.0, m=7.0, s=29.58005053235155)","dms_tuple(d=9.0, m=37.0, s=54.46128959637406)",181.87325,12.124883,9.631795
58940,105295,,12.123006,-32.661853,136.4256,0.0,7.65,1.976,A1V,0.068,Hya,14.112,222,513.7205296793568,HD105295_TypA1_Mag7.65,"hms_tuple(h=12.0, m=7.0, s=44.8715243110253)","dms_tuple(d=-32.0, m=-41.0, s=-34.44669440994744)",181.936965,12.129131,-32.692902
58961,105329,,12.126894,-29.06277,198.8072,0.0,7.92,1.428,A5III/IV,0.223,Hya,23.378,273,651.9055358919003,HD105329_TypA5_Mag7.92,"hms_tuple(h=12.0, m=7.0, s=58.05461044911439)","dms_tuple(d=-29.0, m=-5.0, s=-37.76392667952564)",181.991894,12.132793,-29.093823
58994,105388,,12.134904,31.049743,130.2083,-9.8,7.43,1.857,A0V,0.023,Com,15.747,188,423.08537820947436,HD105388_TypA0_Mag7.43,"hms_tuple(h=12.0, m=8.0, s=27.307525821958905)","dms_tuple(d=31.0, m=1.0, s=7.065429558290646)",182.113781,12.140919,31.018629
59022,105458,,12.140576,48.968495,89.5255,-6.0,7.77,3.01,A5,0.299,UMa,5.445,244,571.094717053101,HD105458_TypA5_Mag7.77,"hms_tuple(h=12.0, m=8.0, s=54.32323675438056)","dms_tuple(d=48.0, m=56.0, s=14.469983292561892)",182.226347,12.148423,48.937353
59048,105509,,12.148281,-44.325989,104.1667,-9.0,5.75,0.661,A3III,0.24,Cen,47.381,52,96.09281626139521,HD105509_TypA3_Mag5.75,"hms_tuple(h=12.0, m=9.0, s=19.765162577280506)","dms_tuple(d=-44.0, m=-21.0, s=-25.27319034205334)",182.332355,12.15549,-44.35702
59090,105601,,12.157724,38.631842,110.9878,-53.7,7.39,2.164,Am,0.307,CVn,11.869,182,408.41430272357115,HD105601_TypAm_Mag7.39,"hms_tuple(h=12.0, m=9.0, s=51.55102631976604)","dms_tuple(d=38.0, m=36.0, s=2.5848287035694284)",182.464796,12.16432,38.600718
59093,105605,,12.158899,-21.053149,139.6648,0.0,7.98,2.255,A3V,0.194,Crv,10.914,286,687.3457941057625,HD105605_TypA3_Mag7.98,"hms_tuple(h=12.0, m=9.0, s=51.924583313743824)","dms_tuple(d=-21.0, m=-5.0, s=-3.1604243362977513)",182.466352,12.164423,-21.084211
59110,105643,,12.163264,-33.487527,132.8021,0.0,7.76,2.144,A2III/IV,0.188,Hya,12.089,242,566.0781270342421,HD105643_TypA2_Mag7.76,"hms_tuple(h=12.0, m=10.0, s=10.008493389459971)","dms_tuple(d=-33.0, m=-31.0, s=-6.869237022115158)",182.541702,12.169447,-33.518575
59124,105686,,12.167376,-34.704742,98.8142,-10.0,6.16,1.186,A0V,0.03,Hya,29.215,71,137.97278383067092,HD105686_TypA0_Mag6.16,"hms_tuple(h=12.0, m=10.0, s=25.134506949199675)","dms_tuple(d=-34.0, m=-44.0, s=-8.837413729251011)",182.604727,12.173648,-34.735788
59126,105702,,12.167616,5.807008,44.0529,-9.0,5.72,2.5,Am,0.352,Vir,8.71,51,93.58270978529147,HD105702_TypAm_Mag5.72,"hms_tuple(h=12.0, m=10.0, s=22.06901392204088)","dms_tuple(d=5.0, m=46.0, s=33.313365532119974)",182.591954,12.172797,5.77592
59163,105759,,12.174219,-7.773975,113.1222,0.0,6.55,1.282,A0,0.218,Vir,26.742,96,194.64013421851007,HD105759_TypA0_Mag6.55,"hms_tuple(h=12.0, m=10.0, s=45.918641767080004)","dms_tuple(d=-7.0, m=-48.0, s=-18.180692340954323)",182.691328,12.179422,-7.80505
59167,105766,,12.174619,-24.958867,254.4529,0.0,7.48,0.452,A0/A1V,0.092,Crv,57.438,195,442.16754115556887,HD105766_TypA0_Mag7.48,"hms_tuple(h=12.0, m=10.0, s=49.10180061168674)","dms_tuple(d=-24.0, m=-59.0, s=-23.730097285659326)",182.704591,12.180306,-24.989925
59169,105778,,12.175453,16.809271,224.2152,-12.0,6.4,-0.353,A4V,0.07,Com,120.559,85,170.51236146755156,HD105778_TypA4_Mag6.4,"hms_tuple(h=12.0, m=10.0, s=51.012615749669976)","dms_tuple(d=16.0, m=46.0, s=41.422536709793576)",182.712553,12.180837,16.778173
59170,105776,,12.176058,-37.870349,72.3589,-7.0,6.07,1.773,A5V,0.19,Cen,17.014,66,127.44051305929695,HD105776_TypA5_Mag6.07,"hms_tuple(h=12.0, m=10.0, s=57.326035710043044)","dms_tuple(d=-37.0, m=-54.0, s=-5.006619315398666)",182.738858,12.182591,-37.901391
59171,105775,,12.176663,-36.834874,243.309,0.0,7.89,0.959,A2m,0.382,Cen,36.008,267,634.876663483802,HD105775_TypA2_Mag7.89,"hms_tuple(h=12.0, m=10.0, s=59.18149842110907)","dms_tuple(d=-36.0, m=-51.0, s=-57.301995765615175)",182.74659,12.183106,-36.865917
59181,105805,,12.179471,27.281505,89.0472,-9.0,6.01,1.262,A4Vn,0.123,Com,27.24,63,120.86954873761292,HD105805_TypA4_Mag6.01,"hms_tuple(h=12.0, m=11.0, s=6.968976896974652)","dms_tuple(d=27.0, m=15.0, s=1.4248306088774143)",182.779037,12.185269,27.250396
59183,105824,,12.17981,39.891509,120.1923,0.0,6.85,1.451,A3,0.28,CVn,22.888,121,253.62113865358353,HD105824_TypA3_Mag6.85,"hms_tuple(h=12.0, m=11.0, s=11.490727580036406)","dms_tuple(d=39.0, m=51.0, s=37.37914610660141)",182.797878,12.186525,39.860383
59211,105850,,12.184401,-23.602423,58.8235,11.0,5.45,1.602,A1V,0.055,Crv,19.916,41,73.74589812917522,HD105850_TypA1_Mag5.45,"hms_tuple(h=12.0, m=11.0, s=24.099187566715017)","dms_tuple(d=-23.0, m=-38.0, s=-0.5370515622982452)",182.850413,12.190028,-23.633483
59238,105910,,12.18939,22.593647,196.4637,-22.5,7.53,1.064,A9III,0.275,Com,32.689,203,462.11035531169057,HD105910_TypA9_Mag7.53,"hms_tuple(h=12.0, m=11.0, s=41.898750347991296)","dms_tuple(d=22.0, m=33.0, s=45.15472751724985)",182.924578,12.194972,22.562543
59268,105967,,12.194509,4.055908,111.7318,-5.1,6.93,1.689,A0,0.146,Vir,18.382,128,272.1695876893252,HD105967_TypA0_Mag6.93,"hms_tuple(h=12.0, m=11.0, s=58.83500129423652)","dms_tuple(d=4.0, m=1.0, s=29.3591482694422)",182.995146,12.199676,4.024822
59280,106053,,12.19676,77.440787,210.084,-15.0,6.76,0.148,A0,0.042,Cam,75.998,113,234.26075154331102,HD106053_TypA0_Mag6.76,"hms_tuple(h=12.0, m=13.0, s=13.466158606569394)","dms_tuple(d=77.0, m=24.0, s=34.09586679063409)",183.306109,12.220407,77.409471
59321,106112,,12.203311,77.616241,33.3778,0.3,5.14,2.523,A5m,0.358,Cam,8.527,32,56.098732398835686,HD106112_TypA5_Mag5.14,"hms_tuple(h=12.0, m=13.0, s=38.2335493523631)","dms_tuple(d=77.0, m=35.0, s=5.7179943659775745)",183.409306,12.227287,77.584922
59348,106098,,12.208003,-33.405007,158.7302,0.0,7.23,1.227,A4V,0.195,Hya,28.132,161,354.6440255695144,HD106098_TypA4_Mag7.23,"hms_tuple(h=12.0, m=12.0, s=51.047703587277766)","dms_tuple(d=-33.0, m=-26.0, s=-9.797625821883003)",183.212699,12.21418,-33.436055
59413,106224,,12.221563,22.026506,125.7862,-23.3,7.51,2.012,A3V,0.109,Com,13.652,200,454.02750557766933,HD106224_TypA3_Mag7.51,"hms_tuple(h=12.0, m=13.0, s=37.64022200054356)","dms_tuple(d=21.0, m=59.0, s=43.44929868110853)",183.406834,12.227122,21.995403
59425,106251,,12.223872,10.262341,50.1756,2.3,5.85,2.348,A2m,0.262,Vir,10.018,56,104.95632265378961,HD106251_TypA2_Mag5.85,"hms_tuple(h=12.0, m=13.0, s=44.79576301733104)","dms_tuple(d=10.0, m=13.0, s=52.49726432685023)",183.436649,12.22911,10.231249
59439,106257,,12.22689,-33.792919,128.3697,-11.0,6.34,0.798,A0V,0.071,Hya,41.764,82,161.720568208778,HD106257_TypA0_Mag6.34,"hms_tuple(h=12.0, m=13.0, s=59.14126975574632)","dms_tuple(d=-33.0, m=-49.0, s=-26.278991654530728)",183.496422,12.233095,-33.823966
59453,106295,,12.230626,8.972214,150.6024,0.0,7.56,1.671,A2,0.229,Vir,18.69,208,474.5052325085976,HD106295_TypA2_Mag7.56,"hms_tuple(h=12.0, m=14.0, s=9.038586949470897)","dms_tuple(d=8.0, m=56.0, s=28.044414172920682)",183.537661,12.235844,8.941123
59476,106338,,12.235056,-36.728999,149.2537,0.0,7.18,1.31,A3V,0.183,Cen,26.062,155,339.33902361009757,HD106338_TypA3_Mag7.18,"hms_tuple(h=12.0, m=14.0, s=29.36424152934606)","dms_tuple(d=-36.0, m=-45.0, s=-36.15253723592957)",183.622351,12.24149,-36.760042
59493,106384,,12.237627,-5.716599,78.064,9.1,6.56,2.098,Am,0.277,Vir,12.612,97,196.3650370330839,HD106384_TypAm_Mag6.56,"hms_tuple(h=12.0, m=14.0, s=34.107686212391144)","dms_tuple(d=-5.0, m=-44.0, s=-51.63393237979491)",183.642115,12.242808,-5.747676
59498,106374,,12.238358,-33.779118,177.6199,0.0,7.38,1.133,Ap,0.214,Hya,30.676,181,404.82672424766696,HD106374_TypAp_Mag7.38,"hms_tuple(h=12.0, m=14.0, s=40.42246583434434)","dms_tuple(d=-33.0, m=-48.0, s=-36.5954571943189)",183.668427,12.244562,-33.810165
59519,106432,,12.24382,-8.990088,108.1081,0.0,7.96,2.791,A5,0.282,Vir,6.662,282,675.323313533301,HD106432_TypA5_Mag7.96,"hms_tuple(h=12.0, m=14.0, s=56.541134795046446)","dms_tuple(d=-9.0, m=-1.0, s=-16.18341857403692)",183.735588,12.249039,-9.021162
59547,106488,,12.249895,-36.220862,149.925,0.0,7.61,1.731,A3/A4IV,0.251,Cen,17.685,216,495.90655392467346,HD106488_TypA3_Mag7.61,"hms_tuple(h=12.0, m=15.0, s=22.633100760626235)","dms_tuple(d=-36.0, m=-15.0, s=-6.861915368588711)",183.844305,12.256287,-36.251906
59591,106591,Megrez,12.257086,57.032617,24.6853,-13.4,3.32,1.358,A3Vvar,0.077,UMa,24.934,8,11.260850571594883,HD106591_TypA3_Mag3.32,"hms_tuple(h=12.0, m=15.0, s=59.5825544704482)","dms_tuple(d=57.0, m=0.0, s=5.235537228330145)",183.998261,12.266551,57.001454
59636,106661,,12.266719,14.899071,60.9013,10.0,5.09,1.167,A3V,0.068,Com,29.73,31,53.677737972364845,HD106661_TypA3_Mag5.09,"hms_tuple(h=12.0, m=16.0, s=19.3879296901018)","dms_tuple(d=14.0, m=52.0, s=4.70930202632573)",184.080783,12.272052,14.867975
59684,106784,,12.278382,39.59295,108.8139,0.3,7.21,2.027,A3IV,0.197,CVn,13.465,159,348.44088743422355,HD106784_TypA3_Mag7.21,"hms_tuple(h=12.0, m=17.0, s=6.245529270713774)","dms_tuple(d=39.0, m=33.0, s=42.56839988176296)",184.276023,12.285068,39.561825
59711,106819,,12.284259,-16.693736,134.9528,-12.0,6.05,0.399,A2V,0.113,Crv,60.311,65,125.21142966991891,HD106819_TypA2_Mag6.05,"hms_tuple(h=12.0, m=17.0, s=22.70878238750484)","dms_tuple(d=-16.0, m=-43.0, s=-29.28960082733994)",184.34462,12.289641,-16.724803
59739,106887,,12.291827,28.937189,54.9451,-7.0,5.71,2.01,A4m,0.16,Com,13.677,50,92.76066385520623,HD106887_TypA4_Mag5.71,"hms_tuple(h=12.0, m=17.0, s=51.77487313661004)","dms_tuple(d=28.0, m=54.0, s=21.88025788307243)",184.465729,12.297715,28.906078
59766,106922,,12.296464,-36.093979,150.1502,-14.0,6.15,0.267,A0V,0.008,Cen,68.108,71,136.76080818184963,HD106922_TypA0_Mag6.15,"hms_tuple(h=12.0, m=18.0, s=10.244250571733886)","dms_tuple(d=-36.0, m=-7.0, s=-30.083753895083305)",184.542684,12.302846,-36.125023
59785,106965,,12.299317,1.575318,367.6471,0.0,7.56,-0.267,A2,0.095,Vir,111.378,208,474.5052325085976,HD106965_TypA2_Mag7.56,"hms_tuple(h=12.0, m=18.0, s=16.104664275274132)","dms_tuple(d=1.0, m=32.0, s=39.24330012923548)",184.567103,12.304474,1.544234
59803,106999,,12.303113,27.300586,251.8892,-6.8,7.47,0.464,Am,0.17,Com,56.807,194,438.2834686761904,HD106999_TypAm_Mag7.47,"hms_tuple(h=12.0, m=18.0, s=32.083758925863464)","dms_tuple(d=27.0, m=16.0, s=10.11635145617987)",184.633682,12.308912,27.269477
59829,107053,,12.308077,32.748898,81.6327,-6.9,6.68,2.121,A5V,0.237,Com,12.348,106,218.29580245415895,HD107053_TypA5_Mag6.68,"hms_tuple(h=12.0, m=18.0, s=51.13327348890493)","dms_tuple(d=32.0, m=43.0, s=4.015705904386095)",184.713055,12.314204,32.717782
59833,107054,,12.308781,30.249047,59.3824,-18.0,6.23,2.362,A9.5III,0.31,Com,9.89,75,146.76273820280338,HD107054_TypA9_Mag6.23,"hms_tuple(h=12.0, m=18.0, s=53.086374408215846)","dms_tuple(d=30.0, m=13.0, s=4.563373669975306)",184.721193,12.314746,30.217934
59845,107070,,12.311199,-0.787184,114.5475,-14.0,5.9,0.605,A5Vn,0.168,Vir,49.888,58,109.69010395244493,HD107070_TypA5_Mag5.9,"hms_tuple(h=12.0, m=18.0, s=58.87501491660572)","dms_tuple(d=-0.0, m=-49.0, s=-5.7561542114413555)",184.745313,12.316354,-0.818266
59859,107193,,12.313901,75.160561,97.8474,-3.0,5.47,0.517,A1V,0.054,Dra,54.1,42,75.05876355198704,HD107193_TypA1_Mag5.47,"hms_tuple(h=12.0, m=20.0, s=2.350659285361445)","dms_tuple(d=75.0, m=7.0, s=45.415843579819466)",185.009794,12.333986,75.129282
59875,107102,,12.316906,-13.542316,90.9918,0.0,7.35,2.555,A2m...,0.308,Crv,8.279,177,394.25196723909164,HD107102_TypA2_Mag7.35,"hms_tuple(h=12.0, m=19.0, s=19.951501314979083)","dms_tuple(d=-13.0, m=-34.0, s=-24.18869176725721)",184.833131,12.322209,-13.573386
59881,107131,,12.317229,26.008349,85.6898,1.0,6.44,1.775,Am,0.18,Com,16.982,88,176.63751357336122,HD107131_TypAm_Mag6.44,"hms_tuple(h=12.0, m=19.0, s=22.66664928531327)","dms_tuple(d=25.0, m=58.0, s=38.0684521690722)",184.844444,12.322963,25.977241
59898,107159,,12.321095,25.060243,155.7632,14.0,7.77,1.808,A5V,0.336,Com,16.474,244,571.094717053101,HD107159_TypA5_Mag7.77,"hms_tuple(h=12.0, m=19.0, s=36.42193807185933)","dms_tuple(d=25.0, m=1.0, s=44.89066745778075)",184.901758,12.326784,25.029136
59902,107168,,12.321998,23.034673,85.6898,1.0,6.26,1.595,A8m,0.177,Com,20.045,77,150.69925703687835,HD107168_TypA8_Mag6.26,"hms_tuple(h=12.0, m=19.0, s=39.35262200447468)","dms_tuple(d=23.0, m=0.0, s=12.84662679305768)",184.913969,12.327598,23.003569
59917,107183,,12.325594,-32.588826,264.5503,0.0,7.45,0.337,A2V+...,0.305,Hya,63.856,191,430.6173790127683,HD107183_TypA2_Mag7.45,"hms_tuple(h=12.0, m=19.0, s=54.170319425156634)","dms_tuple(d=-32.0, m=-37.0, s=-11.549832122666999)",184.97571,12.331714,-32.619875
59926,107273,,12.327853,62.359065,178.8909,0.0,7.85,1.587,A3,0.189,UMa,20.193,259,612.8614298360975,HD107273_TypA3_Mag7.85,"hms_tuple(h=12.0, m=20.0, s=20.228377206437642)","dms_tuple(d=62.0, m=19.0, s=40.379404509875485)",185.084285,12.338952,62.327883
59938,107276,,12.330729,28.464352,107.6426,-0.8,6.64,1.48,Am,0.183,Com,22.284,103,210.72609108853683,HD107276_TypAm_Mag6.64,"hms_tuple(h=12.0, m=20.0, s=11.726634150015514)","dms_tuple(d=28.0, m=25.0, s=59.669071272699625)",185.048861,12.336591,28.433241
59944,107259,Zaniah,12.331766,-0.666803,81.367,2.0,3.89,-0.662,A2IV,0.026,Vir,160.251,12,18.620099419877473,HD107259_TypA2_Mag3.89,"hms_tuple(h=12.0, m=20.0, s=12.915698987730906)","dms_tuple(d=-0.0, m=-41.0, s=-52.384948888029044)",185.053815,12.336921,-0.697885
59948,107258,,12.332037,5.671641,100.8065,0.0,7.28,2.263,A5,0.317,Vir,10.834,168,370.63931974020056,HD107258_TypA5_Mag7.28,"hms_tuple(h=12.0, m=20.0, s=13.980209688867262)","dms_tuple(d=5.0, m=38.0, s=25.992613697239335)",185.058251,12.337217,5.640554
59990,107379,,12.339737,66.391176,330.033,0.0,7.12,-0.473,A0,0.066,Dra,134.648,148,321.8423534887257,HD107379_TypA0_Mag7.12,"hms_tuple(h=12.0, m=21.0, s=9.330648531150274)","dms_tuple(d=66.0, m=21.0, s=35.90808807128042)",185.288878,12.352592,66.359974
60048,107422,,12.351831,-42.561998,289.8551,0.0,6.83,-0.481,A0V,0.072,Cen,135.644,119,249.18500877779775,HD107422_TypA0_Mag6.83,"hms_tuple(h=12.0, m=21.0, s=31.798400448845285)","dms_tuple(d=-42.0, m=-35.0, s=-34.91657400227837)",185.382493,12.358833,-42.593032
60080,107513,,12.357428,24.997028,81.9672,-0.3,7.38,2.812,Am,0.286,Com,6.534,181,404.82672424766696,HD107513_TypAm_Mag7.38,"hms_tuple(h=12.0, m=21.0, s=47.21020541383979)","dms_tuple(d=24.0, m=57.0, s=57.316919723740796)",185.446709,12.363114,24.965921
60127,107612,,12.367243,16.74473,102.8807,5.0,6.67,1.608,A2p,0.061,Com,19.806,105,216.3782561854747,HD107612_TypA2_Mag6.67,"hms_tuple(h=12.0, m=22.0, s=21.450047669047052)","dms_tuple(d=16.0, m=42.0, s=49.075167428079)",185.589375,12.372625,16.713632
60141,107655,,12.369675,24.773866,103.4126,-4.0,6.21,1.137,A0V,-0.012,Com,30.563,74,144.19568653254458,HD107655_TypA0_Mag6.21,"hms_tuple(h=12.0, m=22.0, s=31.262508040370847)","dms_tuple(d=24.0, m=44.0, s=33.934608210022645)",185.63026,12.375351,24.74276
60170,107740,,12.375856,48.352859,314.4654,-51.0,7.41,-0.078,A5V,0.201,CVn,93.584,185,415.6851208955647,HD107740_TypA5_Mag7.41,"hms_tuple(h=12.0, m=23.0, s=0.9886682192399121)","dms_tuple(d=48.0, m=19.0, s=18.185003349672115)",185.754119,12.383608,48.321718
60196,107716,,12.380618,-45.659021,128.3697,0.0,7.59,2.048,A1IVm...,0.179,Cen,13.207,212,487.2325692121131,HD107716_TypA1_Mag7.59,"hms_tuple(h=12.0, m=23.0, s=16.78983543482289)","dms_tuple(d=-45.0, m=-41.0, s=-24.179642248921027)",185.819958,12.387997,-45.69005
60240,107796,,12.389423,-26.471511,138.6963,0.0,7.82,2.11,A3m...,0.411,Hya,12.474,253,596.8524553483364,HD107796_TypA3_Mag7.82,"hms_tuple(h=12.0, m=23.0, s=42.65855352628918)","dms_tuple(d=-26.0, m=-30.0, s=-9.242385040555234)",185.927744,12.395183,-26.502567
60244,107800,,12.390452,-41.847792,166.113,0.0,7.79,1.688,A1V,0.133,Cen,18.399,247,581.2616622824664,HD107800_TypA1_Mag7.79,"hms_tuple(h=12.0, m=23.0, s=50.55033551085842)","dms_tuple(d=-41.0, m=-52.0, s=-43.77924507814612)",185.960626,12.397375,-41.878828
60303,107935,,12.400962,25.851232,88.8889,-2.7,6.71,1.966,Am,0.244,Com,14.243,108,224.15100485964183,HD107935_TypAm_Mag6.71,"hms_tuple(h=12.0, m=24.0, s=24.077983085216772)","dms_tuple(d=25.0, m=49.0, s=12.447888617344063)",186.100325,12.406688,25.820124
60316,107914,,12.403594,-38.913814,78.3085,0.0,6.88,2.411,A7/A8III,0.272,Cen,9.454,123,260.4238489413245,HD107914_TypA7_Mag6.88,"hms_tuple(h=12.0, m=24.0, s=36.797859769420995)","dms_tuple(d=-38.0, m=-56.0, s=-41.4750461053751)",186.153324,12.410222,-38.944854
60327,107966,,12.405146,26.098606,81.103,1.0,5.17,0.625,A3V,0.082,Com,48.978,33,57.603431202905156,HD107966_TypA3_Mag5.17,"hms_tuple(h=12.0, m=24.0, s=39.18373088457784)","dms_tuple(d=26.0, m=4.0, s=2.993285787667901)",186.163266,12.410884,26.067498
60408,108107,,12.419935,-11.61059,70.5219,-3.0,5.95,1.708,A1V,0.043,Vir,18.063,61,114.63739011499842,HD108107_TypA1_Mag5.95,"hms_tuple(h=12.0, m=25.0, s=30.712474676577273)","dms_tuple(d=-11.0, m=-38.0, s=-29.98174143628603)",186.377969,12.425198,-11.641662
60478,108228,,12.433567,2.042004,210.9705,0.0,7.33,0.709,A0,0.059,Vir,45.331,174,387.3560399526628,HD108228_TypA0_Mag7.33,"hms_tuple(h=12.0, m=26.0, s=19.40935741517876)","dms_tuple(d=2.0, m=0.0, s=39.311368856684936)",186.580872,12.438725,2.01092
60520,108267,,12.442086,-44.748741,246.3054,0.0,7.6,0.643,A3V,0.205,Cen,48.173,214,491.5504291096121,HD108267_TypA3_Mag7.6,"hms_tuple(h=12.0, m=26.0, s=57.65248393179348)","dms_tuple(d=-44.0, m=-46.0, s=-47.17765987566281)",186.740219,12.449348,-44.779772
60523,108346,,12.44239,55.159451,129.0323,15.0,7.03,1.477,Am,0.105,UMa,22.346,138,297.27424144135534,HD108346_TypAm_Mag7.03,"hms_tuple(h=12.0, m=27.0, s=5.060550347483002)","dms_tuple(d=55.0, m=7.0, s=41.85765308242708)",186.771086,12.451406,55.128294
60537,108318,,12.44607,-0.183316,136.4256,0.0,7.72,2.046,A5,0.3,Vir,13.231,234,546.4485785781236,HD108318_TypA5_Mag7.72,"hms_tuple(h=12.0, m=27.0, s=4.408852265877812)","dms_tuple(d=-0.0, m=-12.0, s=-51.83333386200239)",186.76837,12.451225,-0.214398
60557,108382,,12.449805,26.825699,85.1789,2.0,4.98,0.328,A4V,0.088,Com,64.387,29,48.7129861873023,HD108382_TypA4_Mag4.98,"hms_tuple(h=12.0, m=27.0, s=20.086856927442938)","dms_tuple(d=26.0, m=47.0, s=40.525113405698505)",186.833695,12.45558,26.79459
60569,108408,,12.453384,36.374425,169.2047,-21.7,7.66,1.518,Am,0.156,CVn,21.518,224,518.2731261472211,HD108408_TypAm_Mag7.66,"hms_tuple(h=12.0, m=27.0, s=35.220478419924035)","dms_tuple(d=36.0, m=20.0, s=35.89538080879038)",186.896752,12.459783,36.343304
60586,108410,,12.457332,-28.716236,90.0901,0.0,7.44,2.667,A9V,0.384,Hya,7.468,189,426.83476505925523,HD108410_TypA9_Mag7.44,"hms_tuple(h=12.0, m=27.0, s=47.56056581213201)","dms_tuple(d=-28.0, m=-44.0, s=-50.24300937055756)",186.948169,12.463211,-28.74729
60607,108518,,12.460263,61.152737,251.2563,0.0,8.0,0.999,A2,0.203,UMa,34.706,290,699.5823055523535,HD108518_TypA2_Mag8.0,"hms_tuple(h=12.0, m=28.0, s=15.370298883140237)","dms_tuple(d=61.0, m=7.0, s=17.6162337600789)",187.064043,12.470936,61.12156
60608,108486,,12.460657,25.912106,79.4913,-0.3,6.69,2.188,Am,0.18,Com,11.609,107,220.23034203703895,HD108486_TypAm_Mag6.69,"hms_tuple(h=12.0, m=27.0, s=58.99059761204086)","dms_tuple(d=25.0, m=52.0, s=51.594042230478294)",186.995794,12.466386,25.880998
60616,108519,,12.462862,27.422764,142.6534,-9.6,7.7,1.929,A9V,0.284,Com,14.737,231,536.8905548349917,HD108519_TypA9_Mag7.7,"hms_tuple(h=12.0, m=28.0, s=7.20317925233303)","dms_tuple(d=27.0, m=23.0, s=29.956643986100744)",187.030013,12.468668,27.391655
60618,108458,,12.462959,-18.235251,282.4859,0.0,7.87,0.615,A8/A9V,0.292,Crv,49.431,263,623.771929275639,HD108458_TypA8_Mag7.87,"hms_tuple(h=12.0, m=28.0, s=6.193816748520646)","dms_tuple(d=-18.0, m=-15.0, s=-58.73804525524946)",187.025808,12.468387,-18.266316
60630,108481,,12.465839,-36.707168,226.2443,0.0,7.71,0.937,A0V,0.025,Cen,36.745,233,541.648484297334,HD108481_TypA0_Mag7.71,"hms_tuple(h=12.0, m=28.0, s=20.176452369365876)","dms_tuple(d=-36.0, m=-44.0, s=-17.5610486989774)",187.084069,12.472271,-36.738211
60661,108561,,12.471782,4.396559,135.5014,16.0,6.72,1.06,A0,0.15,Vir,32.81,109,226.137433304753,HD108561_TypA0_Mag6.72,"hms_tuple(h=12.0, m=28.0, s=37.025915727953844)","dms_tuple(d=4.0, m=21.0, s=55.7016256086564)",187.154275,12.476952,4.365473
60691,108642,,12.477265,26.226959,85.5432,2.0,6.52,1.859,Am...,0.215,Com,15.718,94,189.555805541093,HD108642_TypAm_Mag6.52,"hms_tuple(h=12.0, m=28.0, s=58.83484644947188)","dms_tuple(d=26.0, m=11.0, s=45.06356378867565)",187.245145,12.48301,26.195851
60694,108660,,12.477525,49.635493,123.6094,-37.0,7.09,1.63,A2V,0.14,CVn,19.409,145,313.4352882448582,HD108660_TypA2_Mag7.09,"hms_tuple(h=12.0, m=29.0, s=7.724185516643303)","dms_tuple(d=49.0, m=36.0, s=15.657647387086513)",187.282184,12.485479,49.604349
60702,108651,,12.479047,25.899323,68.3995,-2.0,6.63,2.455,A0p,0.212,Com,9.078,102,208.87503841075554,HD108651_TypA0_Mag6.63,"hms_tuple(h=12.0, m=29.0, s=5.192365817835878)","dms_tuple(d=25.0, m=52.0, s=5.575293990576142)",187.271635,12.484776,25.868215
60714,108662,,12.481863,25.912852,72.8863,-3.0,5.29,0.977,A0p,-0.056,Com,35.416,36,64.03679304902215,HD108662_TypA0_Mag5.29,"hms_tuple(h=12.0, m=29.0, s=15.332327903413159)","dms_tuple(d=25.0, m=52.0, s=54.27963920946894)",187.313885,12.487592,25.881744
60744,108714,,12.489017,17.32192,183.8235,-0.2,7.71,1.388,A0,0.112,Com,24.255,233,541.648484297334,HD108714_TypA0_Mag7.71,"hms_tuple(h=12.0, m=29.0, s=39.896222140922646)","dms_tuple(d=17.0, m=17.0, s=26.95709848548688)",187.416234,12.494416,17.290821
60767,108765,,12.495344,20.896109,84.0336,-5.0,5.68,1.058,A3V,0.093,Com,32.87,49,90.33759882152823,HD108765_TypA3_Mag5.68,"hms_tuple(h=12.0, m=30.0, s=3.0974354844396146)","dms_tuple(d=20.0, m=51.0, s=54.024375166634684)",187.512906,12.50086,20.865007
60788,108844,,12.499267,58.405742,83.7521,7.0,5.37,0.755,A5e...,0.205,UMa,43.451,39,68.72009034272482,HD108844_TypA5_Mag5.37,"hms_tuple(h=12.0, m=30.0, s=32.7502502700554)","dms_tuple(d=58.0, m=22.0, s=28.469777391073876)",187.636459,12.509097,58.374575
60871,108896,,12.515388,-30.677541,198.0198,0.0,7.46,0.976,A5III,0.26,Hya,35.449,192,434.43351452893916,HD108896_TypA5_Mag7.46,"hms_tuple(h=12.0, m=31.0, s=16.98001567912911)","dms_tuple(d=-30.0, m=-42.0, s=-30.932482161447012)",187.82075,12.521383,-30.708592
60875,109002,,12.516169,65.897853,272.4796,0.0,6.93,-0.247,A3,0.211,Dra,109.345,128,272.1695876893252,HD109002_TypA3_Mag6.93,"hms_tuple(h=12.0, m=31.0, s=43.59477990965047)","dms_tuple(d=65.0, m=51.0, s=59.95515144078013)",187.931645,12.528776,65.866654
60878,108945,,12.516823,24.567168,82.713,1.2,5.47,0.882,A2pvar,0.056,Com,38.654,42,75.05876355198704,HD108945_TypA2_Mag5.47,"hms_tuple(h=12.0, m=31.0, s=20.961526849961274)","dms_tuple(d=24.0, m=32.0, s=9.822628306118304)",187.83734,12.522489,24.536062
60890,108920,,12.518961,-31.635653,113.1222,0.0,7.88,2.612,A8IV,0.261,Hya,7.856,265,629.299802346522,HD108920_TypA8_Mag7.88,"hms_tuple(h=12.0, m=31.0, s=30.062406104336645)","dms_tuple(d=-31.0, m=-40.0, s=-0.1313904624822726)",187.87526,12.525017,-31.666703
60899,108959,,12.520726,1.326958,152.9052,0.0,7.63,1.708,A5,0.352,Vir,18.063,219,504.73495772895257,HD108959_TypA5_Mag7.63,"hms_tuple(h=12.0, m=31.0, s=33.17506962602664)","dms_tuple(d=1.0, m=17.0, s=45.14811475167164)",187.888229,12.525882,1.295874
60908,108934,,12.521887,-41.504647,176.6784,0.0,7.65,1.414,A5IV/V,0.322,Cen,23.681,222,513.7205296793568,HD108934_TypA5_Mag7.65,"hms_tuple(h=12.0, m=31.0, s=43.583665149562165)","dms_tuple(d=-41.0, m=-32.0, s=-8.459263291480852)",187.931599,12.528773,-41.535683
60927,109030,,12.52602,25.870363,208.7683,10.7,7.9,1.302,A0p,0.073,Com,26.254,269,640.5029468202126,HD109030_TypA0_Mag7.9,"hms_tuple(h=12.0, m=31.0, s=54.29011524983821)","dms_tuple(d=25.0, m=50.0, s=21.319411212157036)",187.976209,12.531747,25.839255
60935,109005,,12.526793,-11.072254,87.6424,-14.0,7.97,3.256,A7,0.22,Vir,4.341,284,681.3080354866522,HD109005_TypA7_Mag7.97,"hms_tuple(h=12.0, m=31.0, s=55.36550281686573)","dms_tuple(d=-11.0, m=-6.0, s=-11.97397750024237)",187.98069,12.532046,-11.103326
60940,109068,,12.527339,45.22562,193.4236,5.0,7.66,1.227,A7V,0.2,CVn,28.132,224,518.2731261472211,HD109068_TypA7_Mag7.66,"hms_tuple(h=12.0, m=32.0, s=4.753111933839733)","dms_tuple(d=45.0, m=11.0, s=40.14646887117635)",188.019805,12.534654,45.194485
60980,109074,,12.534553,-32.533761,186.2197,-9.0,6.46,0.11,A3V,0.172,Hya,78.705,90,179.78211266056408,HD109074_TypA3_Mag6.46,"hms_tuple(h=12.0, m=32.0, s=26.409186160676796)","dms_tuple(d=-32.0, m=-33.0, s=-53.31608640604884)",188.110038,12.540669,-32.56481
61018,109134,,12.543072,-32.46417,262.4672,0.0,7.58,0.485,A0V,0.022,Hya,55.719,211,482.9526381068404,HD109134_TypA0_Mag7.58,"hms_tuple(h=12.0, m=32.0, s=57.060535670382535)","dms_tuple(d=-32.0, m=-29.0, s=-42.788807322683056)",188.237752,12.549183,-32.495219
61021,109142,,12.543689,-24.200905,108.4599,0.0,7.5,2.324,A3m...,0.239,Crv,10.242,198,450.03925321819855,HD109142_TypA3_Mag7.5,"hms_tuple(h=12.0, m=32.0, s=57.63011023486186)","dms_tuple(d=-24.0, m=-13.0, s=-55.06990327652346)",188.240125,12.549342,-24.231964
61086,109241,,12.558006,-41.414071,83.0565,0.0,6.7,2.103,A7V+...,0.237,Cen,12.555,108,222.1820255290352,HD109241_TypA7_Mag6.7,"hms_tuple(h=12.0, m=33.0, s=53.57742870815201)","dms_tuple(d=-41.0, m=-26.0, s=-42.3861924426086)",188.473239,12.564883,-41.445107
61101,109307,,12.559506,24.282984,89.0472,2.0,6.28,1.532,A4V,0.114,Com,21.242,78,153.3820888800899,HD109307_TypA4_Mag6.28,"hms_tuple(h=12.0, m=33.0, s=54.574495417501794)","dms_tuple(d=24.0, m=15.0, s=6.761351440664498)",188.477394,12.56516,24.251878
61124,109309,,12.562986,-9.452077,79.2393,-11.0,5.48,0.985,A0V,-0.035,Vir,35.156,42,75.72393506468185,HD109309_TypA0_Mag5.48,"hms_tuple(h=12.0, m=34.0, s=5.563430513882963)","dms_tuple(d=-9.0, m=-28.0, s=-59.34226398489784)",188.523181,12.568212,-9.483151
61153,109352,,12.569943,-32.092729,91.659,0.0,6.98,2.169,A4V,0.225,Hya,11.814,133,284.4450873609016,HD109352_TypA4_Mag6.98,"hms_tuple(h=12.0, m=34.0, s=33.70611876076296)","dms_tuple(d=-32.0, m=-7.0, s=-25.60291186985239)",188.640442,12.576029,-32.123779
61159,109401,,12.572265,10.9211,100.1001,0.0,7.6,2.598,A5,0.349,Vir,7.958,214,491.5504291096121,HD109401_TypA5_Mag7.6,"hms_tuple(h=12.0, m=34.0, s=39.0510263287004)","dms_tuple(d=10.0, m=53.0, s=24.027429840602537)",188.662713,12.577514,10.890008
61201,109485,,12.580857,22.629259,95.057,-16.0,4.8,-0.09,A0IV,0.012,Com,94.624,25,41.55974955696644,HD109485_TypA0_Mag4.8,"hms_tuple(h=12.0, m=35.0, s=11.185145004716901)","dms_tuple(d=22.0, m=35.0, s=53.35779059358856)",188.796605,12.58644,22.598155
61221,109510,,12.5851,18.377065,51.8403,5.0,6.57,2.997,A7m,0.265,Com,5.511,97,198.10522595363804,HD109510_TypA7_Mag6.57,"hms_tuple(h=12.0, m=35.0, s=25.91040612764033)","dms_tuple(d=18.0, m=20.0, s=45.47528226811437)",188.85796,12.590531,18.345965
61274,109536,,12.595987,-41.021945,35.524,-11.0,5.12,2.367,A7III,0.224,Cen,9.845,32,55.11750006106865,HD109536_TypA7_Mag5.12,"hms_tuple(h=12.0, m=36.0, s=10.160894979311195)","dms_tuple(d=-41.0, m=-3.0, s=-10.734866363214906)",189.042337,12.602822,-41.052982
61277,109615,,12.596481,39.683691,327.8689,-9.8,7.28,-0.299,A0V,-0.024,CVn,114.71,168,370.63931974020056,HD109615_TypA0_Mag7.28,"hms_tuple(h=12.0, m=36.0, s=11.433494346086945)","dms_tuple(d=39.0, m=39.0, s=9.235498762340058)",189.04764,12.603176,39.652565
61304,109573,,12.600289,-39.869505,72.7802,6.0,5.78,1.47,A0V,0.003,Cen,22.491,53,98.67024964581141,HD109573_TypA0_Mag5.78,"hms_tuple(h=12.0, m=36.0, s=25.2292900769406)","dms_tuple(d=-39.0, m=-54.0, s=-1.9573958727227136)",189.105122,12.607008,-39.900544
61364,109704,,12.613154,-5.831898,69.0131,-6.0,5.88,1.685,A3V,0.072,Vir,18.45,57,107.77149594601158,HD109704_TypA3_Mag5.88,"hms_tuple(h=12.0, m=37.0, s=6.00870241306481)","dms_tuple(d=-5.0, m=-51.0, s=-46.70995052424729)",189.275036,12.618336,-5.862975
61385,109764,,12.618783,8.796868,162.6016,0.0,6.61,0.554,A2,0.25,Vir,52.288,100,205.22157007953126,HD109764_TypA2_Mag6.61,"hms_tuple(h=12.0, m=37.0, s=26.394834400546614)","dms_tuple(d=8.0, m=45.0, s=56.79940290086307)",189.359978,12.623999,8.765778
61399,109748,,12.620831,-35.101649,95.7854,0.0,7.85,2.944,A8IV,0.312,Cen,5.786,259,612.8614298360975,HD109748_TypA8_Mag7.85,"hms_tuple(h=12.0, m=37.0, s=37.6820352924905)","dms_tuple(d=-35.0, m=-7.0, s=-57.70067786839263)",189.407008,12.627134,-35.132695
61405,109772,,12.622569,-8.300317,227.7904,0.0,7.02,0.232,A0,0.051,Vir,70.34,137,294.66293556170405,HD109772_TypA0_Mag7.02,"hms_tuple(h=12.0, m=37.0, s=40.00304872630977)","dms_tuple(d=-8.0, m=-19.0, s=-53.01013231559239)",189.416679,12.627779,-8.331392
61434,109840,,12.631062,4.288609,102.0408,0.0,6.99,1.946,A2,0.092,Vir,14.508,134,286.96584256768466,HD109840_TypA2_Mag6.99,"hms_tuple(h=12.0, m=38.0, s=10.431272354103953)","dms_tuple(d=4.0, m=15.0, s=27.081981478793793)",189.543464,12.636231,4.257523
61443,109860,,12.63456,3.282444,170.9402,-8.0,6.33,0.166,A1V,0.0,Vir,74.748,81,160.2999881121757,HD109860_TypA1_Mag6.33,"hms_tuple(h=12.0, m=38.0, s=23.0026408002108)","dms_tuple(d=3.0, m=15.0, s=4.891293963383703)",189.595844,12.639723,3.251359
61498,109980,,12.646189,40.874662,67.8426,-15.0,6.35,2.192,A7Vn,0.204,CVn,11.566,82,163.15373750039242,HD109980_TypA7_Mag6.35,"hms_tuple(h=12.0, m=39.0, s=10.810164607992192)","dms_tuple(d=40.0, m=50.0, s=36.724396535666415)",189.795042,12.653003,40.843535
61502,109995,,12.646561,39.308783,273.224,-132.9,7.6,0.417,A0p,0.047,CVn,59.32,214,491.5504291096121,HD109995_TypA0_Mag7.6,"hms_tuple(h=12.0, m=39.0, s=11.59199966436816)","dms_tuple(d=39.0, m=16.0, s=39.56876076365688)",189.7983,12.65322,39.277658
61517,109969,,12.648979,-0.854156,138.1215,0.0,7.18,1.479,A0,0.058,Vir,22.305,155,339.33902361009757,HD109969_TypA0_Mag7.18,"hms_tuple(h=12.0, m=39.0, s=14.883337425871304)","dms_tuple(d=-0.0, m=-53.0, s=-6.8551346295451765)",189.812014,12.654134,-0.885238
61554,110066,,12.654683,35.951959,134.5895,-15.0,6.39,0.745,A0p SrCrEu,0.095,CVn,43.853,85,169.01455281149524,HD110066_TypA0_Mag6.39,"hms_tuple(h=12.0, m=39.0, s=39.77319415164601)","dms_tuple(d=35.0, m=55.0, s=15.019903794686229)",189.915722,12.661048,35.920839
61592,110182,,12.664136,51.725,276.2431,0.0,7.64,0.434,A0,0.052,CVn,58.398,221,509.2079239683959,HD110182_TypA0_Mag7.64,"hms_tuple(h=12.0, m=40.0, s=20.826415264804155)","dms_tuple(d=51.0, m=41.0, s=37.86580059808614)",190.086777,12.672452,51.693852
61634,110128,,12.671102,-37.856988,207.0393,0.0,7.7,1.12,A1V,0.095,Cen,31.046,231,536.8905548349917,HD110128_TypA1_Mag7.7,"hms_tuple(h=12.0, m=40.0, s=39.48016768430236)","dms_tuple(d=-37.0, m=-53.0, s=-16.90708964484429)",190.164501,12.677633,-37.88803
61647,110275,,12.673302,59.525696,184.8429,0.0,7.98,1.646,A3,0.244,UMa,19.125,286,687.3457941057625,HD110275_TypA3_Mag7.98,"hms_tuple(h=12.0, m=41.0, s=0.44350830115732265)","dms_tuple(d=59.0, m=29.0, s=40.29038599353271)",190.251848,12.683457,59.494525
61657,110248,,12.676397,30.377527,151.7451,-13.3,7.65,1.744,Am,0.311,Com,17.474,222,513.7205296793568,HD110248_TypAm_Mag7.65,"hms_tuple(h=12.0, m=40.0, s=56.53211225417607)","dms_tuple(d=30.0, m=20.0, s=47.090808907631754)",190.23555,12.68237,30.346414
61708,110326,,12.68549,30.437122,85.5432,-8.6,6.94,2.279,Am,0.286,Com,10.676,129,274.581557295345,HD110326_TypAm_Mag6.94,"hms_tuple(h=12.0, m=41.0, s=29.280025706138844)","dms_tuple(d=30.0, m=24.0, s=21.6325464411986)",190.372,12.691467,30.406009
61742,110462,,12.692759,62.713039,160.0,-4.0,6.02,-0.001,A2III,0.051,UMa,87.177,64,121.94069588643114,HD110462_TypA2_Mag6.02,"hms_tuple(h=12.0, m=42.0, s=14.367118910330419)","dms_tuple(d=62.0, m=40.0, s=54.68036040317088)",190.559863,12.703991,62.681856
61743,110377,,12.692887,10.42627,62.8931,9.0,6.22,2.227,A7Vn,0.192,Vir,11.2,74,145.4735501476104,HD110377_TypA7_Mag6.22,"hms_tuple(h=12.0, m=41.0, s=53.25958290335123)","dms_tuple(d=10.0, m=23.0, s=42.641109175940954)",190.471915,12.698128,10.395178
61766,110411,,12.698071,10.235625,36.2713,2.0,4.88,2.082,A0V,0.076,Vir,12.8,27,44.59920005658938,HD110411_TypA0_Mag4.88,"hms_tuple(h=12.0, m=42.0, s=11.910578233137699)","dms_tuple(d=10.0, m=12.0, s=16.319754746897814)",190.549627,12.703308,10.204533
61774,110423,,12.699199,6.806617,71.5308,4.0,5.57,1.298,A2V,0.002,Vir,26.351,45,81.98210971283382,HD110423_TypA2_Mag5.57,"hms_tuple(h=12.0, m=42.0, s=15.803634277910845)","dms_tuple(d=6.0, m=46.0, s=31.902449111508133)",190.565848,12.70439,6.775528
61795,110500,,12.704134,45.877045,121.6545,-7.2,7.01,1.584,Am,0.287,CVn,20.249,136,292.07456782282145,HD110500_TypAm_Mag7.01,"hms_tuple(h=12.0, m=42.0, s=41.52176668792961)","dms_tuple(d=45.0, m=50.0, s=45.2721189722638)",190.673007,12.711534,45.845909
61887,110575,,12.723961,-40.177849,68.6342,-5.0,6.43,2.247,A7III,0.242,Cen,10.995,87,175.0859005727711,HD110575_TypA7_Mag6.43,"hms_tuple(h=12.0, m=43.0, s=50.55818054350965)","dms_tuple(d=-40.0, m=-12.0, s=-31.9940706908244)",190.960659,12.730711,-40.208887
61902,110616,,12.725838,-13.859562,124.6883,0.0,7.09,1.611,A1V,0.07,Crv,19.751,145,313.4352882448582,HD110616_TypA1_Mag7.09,"hms_tuple(h=12.0, m=43.0, s=52.132548440871744)","dms_tuple(d=-13.0, m=-53.0, s=-26.273189736767648)",190.967219,12.731148,-13.890631
61908,110680,,12.727192,25.680131,100.8065,-17.8,7.62,2.603,A9III,0.307,Com,7.921,217,500.3012827613783,HD110680_TypA9_Mag7.62,"hms_tuple(h=12.0, m=43.0, s=58.47633113508877)","dms_tuple(d=25.0, m=38.0, s=56.48497979386747)",190.993651,12.73291,25.649024
61946,110787,,12.735787,35.768734,88.574,-22.0,7.09,2.353,Am,0.315,CVn,9.972,145,313.4352882448582,HD110787_TypAm_Mag7.09,"hms_tuple(h=12.0, m=44.0, s=31.694748915138717)","dms_tuple(d=35.0, m=44.0, s=15.410817492705178)",191.132061,12.742137,35.737614
61947,110746,,12.736438,-2.842561,83.0565,0.0,6.76,2.163,A2,0.185,Vir,11.88,113,234.26075154331102,HD110746_TypA2_Mag6.76,"hms_tuple(h=12.0, m=44.0, s=29.756886316883993)","dms_tuple(d=-2.0, m=-52.0, s=-25.106608988324695)",191.123987,12.741599,-2.873641
61976,111112,,12.740533,80.621024,143.6782,-28.0,6.33,0.543,A5m,0.16,Cam,52.82,81,160.2999881121757,HD111112_TypA5_Mag6.33,"hms_tuple(h=12.0, m=46.0, s=19.41365195005261)","dms_tuple(d=80.0, m=35.0, s=22.656719456830388)",191.58089,12.772059,80.589627
62038,110848,,12.75455,-28.766039,134.7709,0.0,6.78,1.132,A3IV/V,0.186,Hya,30.704,114,238.4311915057409,HD110848_TypA3_Mag6.78,"hms_tuple(h=12.0, m=45.0, s=37.55547070291527)","dms_tuple(d=-28.0, m=-47.0, s=-49.533596890120464)",191.406481,12.760432,-28.797093
62040,110886,,12.75482,-3.88807,262.4672,0.0,7.29,0.195,A3,0.333,Vir,72.778,169,373.9239290957076,HD110886_TypA3_Mag7.29,"hms_tuple(h=12.0, m=45.0, s=35.952219139009856)","dms_tuple(d=-3.0, m=-55.0, s=-8.935569655910598)",191.399801,12.759987,-3.919149
62054,110932,,12.757269,14.373599,230.4147,4.0,7.22,0.407,A0,-0.093,Com,59.869,160,351.52877406079745,HD110932_TypA0_Mag7.22,"hms_tuple(h=12.0, m=45.0, s=45.3221007539959)","dms_tuple(d=14.0, m=20.0, s=33.01194149106408)",191.438842,12.762589,14.342503
62070,110902,,12.759111,-20.145711,253.1646,0.0,7.56,0.543,A0V,0.013,Crv,52.82,208,474.5052325085976,HD110902_TypA0_Mag7.56,"hms_tuple(h=12.0, m=45.0, s=52.56954706679693)","dms_tuple(d=-20.0, m=-10.0, s=-36.38702062115442)",191.46904,12.764603,-20.176774
62073,110951,,12.760294,7.673326,77.4593,-9.0,5.22,0.775,A8m,0.322,Vir,42.658,35,60.20148378775184,HD110951_TypA8_Mag5.22,"hms_tuple(h=12.0, m=45.0, s=55.78142455312758)","dms_tuple(d=7.0, m=38.0, s=32.051962539007945)",191.482423,12.765495,7.642237
62089,110907,,12.764139,-45.845521,263.1579,0.0,7.82,0.719,A8III,0.262,Cen,44.916,253,596.8524553483364,HD110907_TypA8_Mag7.82,"hms_tuple(h=12.0, m=46.0, s=17.554451796579826)","dms_tuple(d=-45.0, m=-52.0, s=-35.578385187939716)",191.573144,12.771543,-45.87655
62094,110953,,12.764856,-22.630376,354.6099,0.0,7.99,0.241,A3III,0.21,Crv,69.759,288,693.4370594020932,HD110953_TypA3_Mag7.99,"hms_tuple(h=12.0, m=46.0, s=13.590801592200705)","dms_tuple(d=-22.0, m=-39.0, s=-41.17162042905335)",191.556628,12.770442,-22.661437
62122,111005,,12.770784,2.464297,160.2564,0.0,7.95,1.926,A5,0.376,Vir,14.777,280,669.391162362906,HD111005_TypA5_Mag7.95,"hms_tuple(h=12.0, m=46.0, s=33.39586841344669)","dms_tuple(d=2.0, m=25.0, s=59.56478249527137)",191.639149,12.775943,2.433212
62180,111133,,12.783974,5.950373,265.9574,16.0,6.31,-0.814,A0spe...,-0.013,Vir,184.332,80,157.49615413316394,HD111133_TypA0_Mag6.31,"hms_tuple(h=12.0, m=47.0, s=20.96259421841708)","dms_tuple(d=5.0, m=55.0, s=9.426890653974453)",191.837344,12.789156,5.919285
62198,111164,,12.787123,11.958088,83.2639,-2.0,6.11,1.508,A3V,0.122,Vir,21.717,68,132.01843644392628,HD111164_TypA3_Mag6.11,"hms_tuple(h=12.0, m=47.0, s=32.60896949335816)","dms_tuple(d=11.0, m=55.0, s=37.18069208519239)",191.885871,12.792391,11.926995
62206,111270,,12.788594,62.781155,60.2773,-11.0,5.88,1.979,A9V,0.215,UMa,14.073,57,107.77149594601158,HD111270_TypA9_Mag5.88,"hms_tuple(h=12.0, m=47.0, s=59.46642520104703)","dms_tuple(d=62.0, m=44.0, s=59.896897818999264)",191.997777,12.799852,62.749971
62282,111308,,12.803982,13.553018,125.7862,-0.1,6.47,0.972,A1V,0.015,Com,35.58,90,181.37534353960828,HD111308_TypA1_Mag6.47,"hms_tuple(h=12.0, m=48.0, s=33.420970185211445)","dms_tuple(d=13.0, m=31.0, s=18.92319693530112)",192.139254,12.809284,13.521923
62319,111421,,12.811617,48.466838,137.5516,-2.0,6.25,0.558,A6m,0.195,CVn,52.095,76,149.37548995214374,HD111421_TypA6_Mag6.25,"hms_tuple(h=12.0, m=49.0, s=9.790820362350985)","dms_tuple(d=48.0, m=26.0, s=8.508556453897995)",192.290795,12.819386,48.435697
62345,111397,,12.815059,14.122584,122.399,-8.0,5.71,0.271,A1V,0.024,Com,67.858,50,92.76066385520623,HD111397_TypA1_Mag5.71,"hms_tuple(h=12.0, m=49.0, s=13.344852754356964)","dms_tuple(d=14.0, m=5.0, s=29.35881713252826)",192.305604,12.820374,14.091489
62365,112014,,12.81855,83.417832,123.0012,1.0,5.92,0.47,A0V,0.015,Cam,56.494,59,111.64286808383503,HD112014_TypA0_Mag5.92,"hms_tuple(h=12.0, m=51.0, s=47.901712085462975)","dms_tuple(d=83.0, m=23.0, s=10.678863432418666)",192.94959,12.863306,83.3863
62376,112028,,12.820496,83.412901,178.8909,2.0,5.38,-0.883,A1IIIsh,0.033,Cam,196.426,39,69.32908847009371,HD112028_TypA1_Mag5.38,"hms_tuple(h=12.0, m=51.0, s=54.78781004204777)","dms_tuple(d=83.0, m=22.0, s=52.92848107749137)",192.978283,12.865219,83.381369
62380,111469,,12.821516,27.552379,92.9368,-11.0,5.76,0.919,A2V,0.051,Com,37.359,52,96.94439175940381,HD111469_TypA2_Mag5.76,"hms_tuple(h=12.0, m=49.0, s=38.382160523116795)","dms_tuple(d=27.0, m=31.0, s=16.570104398747674)",192.409926,12.827328,27.521269
62409,111488,,12.82853,-6.880159,173.913,0.0,7.73,1.528,A0,0.106,Vir,21.321,236,551.2912113423957,HD111488_TypA0_Mag7.73,"hms_tuple(h=12.0, m=50.0, s=1.4005468601588689)","dms_tuple(d=-6.0, m=-54.0, s=-40.44607118015165)",192.505836,12.833722,-6.911235
62444,111604,,12.836321,37.516937,109.7695,-14.0,5.87,0.668,A3V,0.17,CVn,47.076,57,106.82481338226793,HD111604_TypA3_Mag5.87,"hms_tuple(h=12.0, m=50.0, s=34.14139877239748)","dms_tuple(d=37.0, m=29.0, s=8.932721652212763)",192.642256,12.842817,37.485815
62498,111794,,12.846986,62.986148,161.5509,0.0,7.39,1.348,A3,0.28,UMa,25.165,182,408.41430272357115,HD111794_TypA3_Mag7.39,"hms_tuple(h=12.0, m=51.0, s=29.96139368899776)","dms_tuple(d=62.0, m=57.0, s=17.868470189539494)",192.874839,12.858323,62.954963
62517,111889,,12.852331,69.294222,312.5,0.0,7.96,0.486,A0,0.04,Dra,55.667,282,675.323313533301,HD111889_TypA0_Mag7.96,"hms_tuple(h=12.0, m=52.0, s=0.8001611173472156)","dms_tuple(d=69.0, m=15.0, s=46.80669281939913)",193.003334,12.866889,69.263002
62585,111844,,12.865224,19.172212,221.2389,-12.8,7.29,0.566,A8IVp,0.569,Com,51.713,169,373.9239290957076,HD111844_TypA8_Mag7.29,"hms_tuple(h=12.0, m=52.0, s=14.449091216583128)","dms_tuple(d=19.0, m=8.0, s=28.00157560336885)",193.060205,12.87068,19.141112
62590,111786,,12.866084,-26.738275,66.9792,-18.0,6.14,2.01,A0III,0.232,Hya,13.677,70,135.5594787266646,HD111786_TypA0_Mag6.14,"hms_tuple(h=12.0, m=52.0, s=18.686631521891)","dms_tuple(d=-26.0, m=-46.0, s=-9.591690620315205)",193.077861,12.871857,-26.769331
62612,111846,,12.870172,-6.090195,106.1571,0.0,7.95,2.82,A2,0.282,Vir,6.486,280,669.391162362906,HD111846_TypA2_Mag7.95,"hms_tuple(h=12.0, m=52.0, s=31.282331679785642)","dms_tuple(d=-6.0, m=-7.0, s=-16.578294499903663)",193.130343,12.875356,-6.121272
62627,111893,,12.874305,16.122495,110.6195,-27.0,6.29,1.071,A7V,0.173,Com,32.479,79,154.74136248456367,HD111893_TypA7_Mag6.29,"hms_tuple(h=12.0, m=52.0, s=46.81140705202111)","dms_tuple(d=16.0, m=5.0, s=29.0313838719527)",193.195048,12.87967,16.091398
62650,112125,,12.880574,71.571523,330.033,0.0,7.92,0.327,A5,0.235,Dra,64.447,273,651.9055358919003,HD112125_TypA5_Mag7.92,"hms_tuple(h=12.0, m=53.0, s=48.672074760054755)","dms_tuple(d=71.0, m=32.0, s=25.023726864326363)",193.4528,12.896853,71.540284
62676,112002,,12.88624,12.465917,176.6784,7.0,7.96,1.724,A2,0.144,Vir,17.799,282,675.323313533301,HD112002_TypA2_Mag7.96,"hms_tuple(h=12.0, m=53.0, s=29.466490912490144)","dms_tuple(d=12.0, m=26.0, s=5.363349850481001)",193.372777,12.891518,12.434823
62698,111968,,12.890607,-40.178872,45.5581,-2.5,4.25,0.957,A4IV,0.224,Cen,36.074,16,25.581479526584033,HD111968_TypA4_Mag4.25,"hms_tuple(h=12.0, m=53.0, s=50.48414729495832)","dms_tuple(d=-40.0, m=-12.0, s=-35.676864941094095)",193.460351,12.897357,-40.20991
62709,111984,,12.89262,-43.075114,122.1001,0.0,7.29,1.856,A5V,0.251,Cen,15.762,169,373.9239290957076,HD111984_TypA5_Mag7.29,"hms_tuple(h=12.0, m=53.0, s=58.84907692154087)","dms_tuple(d=-43.0, m=-6.0, s=-22.13104462649312)",193.495204,12.89968,-43.106148
62735,112097,,12.897142,12.418416,60.9013,-10.0,6.25,2.327,A7III,0.282,Vir,10.214,76,149.37548995214374,HD112097_TypA7_Mag6.25,"hms_tuple(h=12.0, m=54.0, s=8.710224297730775)","dms_tuple(d=12.0, m=23.0, s=14.35991309899805)",193.536293,12.90242,12.387322
62754,112074,,12.90008,-18.037621,227.7904,-24.9,7.06,0.272,A4:+...,0.28,Crv,67.795,142,305.2478297284723,HD112074_TypA4_Mag7.06,"hms_tuple(h=12.0, m=54.0, s=19.80731026351762)","dms_tuple(d=-18.0, m=-4.0, s=-7.270762846611092)",193.58253,12.905502,-18.068686
62756,112185,Alioth,12.900472,55.959821,25.31,-9.0,1.76,-0.256,A0p,-0.022,UMa,110.255,2,2.8432517945364646,HD112185_TypA0_Mag1.76,"hms_tuple(h=12.0, m=54.0, s=34.822935440003846)","dms_tuple(d=55.0, m=55.0, s=43.18146234712117)",193.645096,12.909673,55.928662
62770,112171,,12.903638,33.53448,77.3994,5.0,6.25,1.806,A7IV,0.207,CVn,16.504,76,149.37548995214374,HD112171_TypA7_Mag6.25,"hms_tuple(h=12.0, m=54.0, s=35.35098076749307)","dms_tuple(d=33.0, m=30.0, s=12.107235428410945)",193.647296,12.90982,33.503363
62782,112131,,12.905184,-11.64857,68.4932,-24.0,6.0,1.822,A2V,0.068,Vir,16.263,63,119.80781072170208,HD112131_TypA2_Mag6.0,"hms_tuple(h=12.0, m=54.0, s=37.61146673729229)","dms_tuple(d=-11.0, m=-40.0, s=-46.70961163594001)",193.656714,12.910448,-11.679642
62875,112429,Taiyi,12.924598,65.438474,29.2912,9.0,5.23,2.896,A5n,0.303,Dra,6.048,35,60.73498993870038,HD112429_TypA5_Mag5.23,"hms_tuple(h=12.0, m=56.0, s=13.142652412499842)","dms_tuple(d=65.0, m=24.0, s=26.19960121996087)",194.054761,12.936984,65.407278
62882,112241,,12.925681,-30.070111,200.8032,0.0,6.9,0.386,A2/A3V,0.07,Hya,61.038,125,265.0600588895962,HD112241_TypA2_Mag6.9,"hms_tuple(h=12.0, m=55.0, s=53.90095807853896)","dms_tuple(d=-30.0, m=-6.0, s=-4.187159006417005)",193.974587,12.931639,-30.101163
62895,112396,,12.927512,54.961239,145.1379,-31.0,6.78,0.971,A0,0.037,UMa,35.612,114,238.4311915057409,HD112396_TypA0_Mag6.78,"hms_tuple(h=12.0, m=56.0, s=11.339617210884398)","dms_tuple(d=54.0, m=55.0, s=48.29643091877358)",194.047248,12.936483,54.930082
62908,112304,,12.931457,-15.327025,196.0784,-3.0,6.18,-0.282,A0V,-0.001,Crv,112.928,72,140.42905193202526,HD112304_TypA0_Mag6.18,"hms_tuple(h=12.0, m=56.0, s=12.489135684701012)","dms_tuple(d=-15.0, m=-21.0, s=-29.134851553782823)",194.052038,12.936803,-15.358093
62922,112305,,12.933747,-31.482085,104.2753,0.0,7.0,1.909,A0V,0.103,Cen,15.011,135,289.50893673230235,HD112305_TypA0_Mag7.0,"hms_tuple(h=12.0, m=56.0, s=23.25609896591999)","dms_tuple(d=-31.0, m=-30.0, s=-47.28728422980453)",194.0969,12.939793,-31.513135
62924,112413,Cor Caroli,12.933807,38.31838,35.1989,-3.0,2.89,0.157,A0spe...,-0.115,CVn,75.37,5,7.705576802206692,HD112413_TypA0_Mag2.89,"hms_tuple(h=12.0, m=56.0, s=25.346925238618354)","dms_tuple(d=38.0, m=17.0, s=14.123303769410995)",194.105612,12.940374,38.287256
62938,112372,,12.937503,-4.864024,147.4926,0.0,7.01,1.166,A0...,0.076,Vir,29.758,136,292.07456782282145,HD112372_TypA0_Mag7.01,"hms_tuple(h=12.0, m=56.0, s=33.63545405049578)","dms_tuple(d=-4.0, m=-53.0, s=-42.366751409358585)",194.140148,12.942677,-4.895102
62942,112486,,12.938221,54.099489,86.6551,-5.0,5.84,1.151,A5m,0.204,UMa,30.172,56,104.0343690357312,HD112486_TypA5_Mag5.84,"hms_tuple(h=12.0, m=56.0, s=49.21813281698576)","dms_tuple(d=54.0, m=4.0, s=6.004808535298025)",194.205076,12.947005,54.068335
62976,112501,,12.944116,43.552015,302.1148,-8.8,6.97,-0.431,Am,0.113,CVn,129.539,132,281.9464748828664,HD112501_TypAm_Mag6.97,"hms_tuple(h=12.0, m=57.0, s=4.40872918964061)","dms_tuple(d=43.0, m=31.0, s=15.179203347772727)",194.26837,12.951225,43.520883
63015,112478,,12.952901,-22.171883,210.9705,0.0,7.36,0.739,A3V,0.216,Vir,44.096,178,397.7458321127074,HD112478_TypA3_Mag7.36,"hms_tuple(h=12.0, m=57.0, s=30.486479363208048)","dms_tuple(d=-22.0, m=-12.0, s=-10.598579517580049)",194.377027,12.958468,-22.202944
63019,112623,,12.954471,57.691727,179.8561,0.0,7.51,1.235,A0,0.084,UMa,27.925,200,454.02750557766933,HD112623_TypA0_Mag7.51,"hms_tuple(h=12.0, m=57.0, s=50.78536599762302)","dms_tuple(d=57.0, m=39.0, s=38.024121325731244)",194.461606,12.964107,57.660562
63024,112489,,12.955535,-28.867507,109.529,0.0,7.45,2.252,A8/A9III,0.307,Hya,10.945,191,430.6173790127683,HD112489_TypA8_Mag7.45,"hms_tuple(h=12.0, m=57.0, s=41.12213775530222)","dms_tuple(d=-28.0, m=-53.0, s=-54.81796335595391)",194.421342,12.961423,-28.898561
63064,112612,,12.964337,9.338608,187.9699,0.0,7.17,0.8,A3,0.279,Vir,41.687,154,336.35821375838816,HD112612_TypA3_Mag7.17,"hms_tuple(h=12.0, m=58.0, s=10.417490273707557)","dms_tuple(d=9.0, m=18.0, s=27.061582152443435)",194.543406,12.96956,9.307517
63074,112563,,12.966939,-38.917198,197.6285,0.0,6.72,0.241,A3V,0.107,Cen,69.759,109,226.137433304753,HD112563_TypA3_Mag6.72,"hms_tuple(h=12.0, m=58.0, s=24.840998757230608)","dms_tuple(d=-38.0, m=-56.0, s=-53.65742776631862)",194.603504,12.973567,-38.948238
63077,112564,,12.967535,-39.267262,90.7441,0.0,7.52,2.731,A9IV/V,0.34,Cen,7.04,201,458.0511018694067,HD112564_TypA9_Mag7.52,"hms_tuple(h=12.0, m=58.0, s=27.105467194940474)","dms_tuple(d=-39.0, m=-17.0, s=-53.885921119509135)",194.612939,12.974196,-39.298302
63084,112565,,12.969669,-47.064947,218.3406,0.0,6.85,0.154,A1III/IV,0.039,Cen,75.579,121,253.62113865358353,HD112565_TypA1_Mag6.85,"hms_tuple(h=12.0, m=58.0, s=38.06674684990952)","dms_tuple(d=-47.0, m=-5.0, s=-45.50355203393224)",194.658611,12.977241,-47.095973
63106,112665,,12.974336,-1.051811,232.5581,0.0,8.0,1.167,A2,0.209,Vir,29.73,290,699.5823055523535,HD112665_TypA2_Mag8.0,"hms_tuple(h=12.0, m=58.0, s=46.16963717919134)","dms_tuple(d=-1.0, m=-4.0, s=-58.41248652721583)",194.692373,12.979492,-1.082892
63117,112734,,12.976064,28.319569,70.4225,-7.2,6.94,2.701,A5,0.256,Com,7.238,129,274.581557295345,HD112734_TypA5_Mag6.94,"hms_tuple(h=12.0, m=58.0, s=54.90386861343637)","dms_tuple(d=28.0, m=17.0, s=18.45088416793061)",194.728766,12.981918,28.288459
63128,112657,,12.978031,-36.275196,126.9036,0.0,6.95,1.433,A4V,0.172,Cen,23.27,130,277.01490180011757,HD112657_TypA4_Mag6.95,"hms_tuple(h=12.0, m=59.0, s=3.9387236164463957)","dms_tuple(d=-36.0, m=-18.0, s=-22.464041303750264)",194.766411,12.984427,-36.30624
63147,112680,,12.981315,-39.105651,144.9275,0.0,6.94,1.134,A0V,0.027,Cen,30.648,129,274.581557295345,HD112680_TypA0_Mag6.94,"hms_tuple(h=12.0, m=59.0, s=16.658332409124057)","dms_tuple(d=-39.0, m=-8.0, s=-12.087203699992415)",194.81941,12.987961,-39.136691
63160,112741,,12.983381,-6.090937,312.5,0.0,7.25,-0.224,A2,0.161,Vir,107.053,164,360.95759541392204,HD112741_TypA2_Mag7.25,"hms_tuple(h=12.0, m=59.0, s=18.834757601781007)","dms_tuple(d=-6.0, m=-7.0, s=-19.249492039659728)",194.828478,12.988565,-6.122014
63211,112846,,12.99431,-3.811926,77.9423,-18.0,5.79,1.331,A3V,0.203,Vir,25.562,54,99.54466638423023,HD112846_TypA3_Mag5.79,"hms_tuple(h=12.0, m=59.0, s=58.114542243414604)","dms_tuple(d=-3.0, m=-50.0, s=-34.81742040376261)",194.992144,12.999476,-3.843005
63249,112916,,13.002128,-1.185949,105.1525,0.0,7.53,2.421,A3,0.261,Vir,9.367,203,462.11035531169057,HD112916_TypA3_Mag7.53,"hms_tuple(h=13.0, m=0.0, s=26.221709421654538)","dms_tuple(d=-1.0, m=-13.0, s=-1.308846647216484)",195.109257,13.007284,-1.21703
63255,112890,,13.003754,-23.914431,139.8601,0.0,7.53,1.802,A4V,0.238,Hya,16.565,203,462.11035531169057,HD112890_TypA4_Mag7.53,"hms_tuple(h=13.0, m=0.0, s=33.818671417449764)","dms_tuple(d=-23.0, m=-56.0, s=-43.76463004248677)",195.140911,13.009394,-23.94549
63287,112934,,13.009317,-33.051326,56.243,0.0,6.58,2.83,A9V,0.298,Cen,6.427,98,199.86083644579665,HD112934_TypA9_Mag6.58,"hms_tuple(h=13.0, m=0.0, s=55.688258021831416)","dms_tuple(d=-33.0, m=-4.0, s=-56.54768389620756)",195.232034,13.015469,-33.082374
63327,113079,,13.018921,4.358632,89.2857,0.0,7.23,2.476,A5,0.253,Vir,8.904,161,354.6440255695144,HD113079_TypA5_Mag7.23,"hms_tuple(h=13.0, m=1.0, s=26.725379395488034)","dms_tuple(d=4.0, m=19.0, s=39.16455065110384)",195.361356,13.02409,4.327546
63347,113168,,13.022283,38.048218,222.2222,-0.9,7.83,1.096,A2,0.012,CVn,31.739,255,602.141767772257,HD113168_TypA2_Mag7.83,"hms_tuple(h=13.0, m=1.0, s=43.77311473425408)","dms_tuple(d=38.0, m=1.0, s=1.5415358813152125)",195.432388,13.028826,38.017095
63388,113158,,13.031508,-19.774654,120.919,4.0,7.97,2.558,A9IV,0.359,Vir,8.257,284,681.3080354866522,HD113158_TypA9_Mag7.97,"hms_tuple(h=13.0, m=2.0, s=13.152223506796474)","dms_tuple(d=-19.0, m=-48.0, s=-20.583197926053458)",195.554801,13.036987,-19.805718
63423,113204,,13.04038,-29.26553,180.1802,0.0,7.06,0.781,A2V,0.086,Hya,42.423,142,305.2478297284723,HD113204_TypA2_Mag7.06,"hms_tuple(h=13.0, m=2.0, s=46.64624443734937)","dms_tuple(d=-29.0, m=-17.0, s=-47.699054514086754)",195.694359,13.046291,-29.296583
63443,113436,,13.044566,59.716306,193.0502,-23.0,6.5,0.072,A3Vn,0.055,UMa,81.508,92,186.24025315238663,HD113436_TypA3_Mag6.5,"hms_tuple(h=13.0, m=3.0, s=17.2016997631016)","dms_tuple(d=59.0, m=41.0, s=6.483947421127709)",195.821674,13.054778,59.685134
63473,113365,,13.049849,22.637545,171.5266,-11.7,6.92,0.748,A0,0.124,Com,43.732,127,269.7788052214281,HD113365_TypA0_Mag6.92,"hms_tuple(h=13.0, m=3.0, s=19.55755516717062)","dms_tuple(d=22.0, m=36.0, s=23.187358724789817)",195.83149,13.055433,22.606441
63551,113759,,13.0675,72.402548,260.4167,0.0,8.0,0.922,A0,0.122,UMi,37.256,290,699.5823055523535,HD113759_TypA0_Mag8.0,"hms_tuple(h=13.0, m=5.0, s=4.274373947628618)","dms_tuple(d=72.0, m=22.0, s=16.685320118431264)",196.26781,13.084521,72.371301
63571,113502,,13.071992,-17.237272,166.3894,0.0,7.88,1.774,A8/A9+...,0.443,Vir,16.998,265,629.299802346522,HD113502_TypA8_Mag7.88,"hms_tuple(h=13.0, m=4.0, s=38.60384989166889)","dms_tuple(d=-17.0, m=-16.0, s=-6.017252637799118)",196.160849,13.07739,-17.268338
63579,113481,,13.073357,-28.406716,110.3753,0.0,7.29,2.076,A2V,0.103,Hya,12.871,169,373.9239290957076,HD113481_TypA2_Mag7.29,"hms_tuple(h=13.0, m=4.0, s=45.18833735221918)","dms_tuple(d=-28.0, m=-26.0, s=-15.972325395392204)",196.188285,13.079219,-28.43777
63623,113566,,13.081261,-21.519794,253.8071,0.0,7.38,0.357,A4III/IV,0.26,Vir,62.69,181,404.82672424766696,HD113566_TypA4_Mag7.38,"hms_tuple(h=13.0, m=5.0, s=12.4910943908084)","dms_tuple(d=-21.0, m=-33.0, s=-3.080661723009541)",196.302046,13.086803,-21.550856
63729,113865,,13.102848,29.029229,92.1659,5.0,6.51,1.687,A3IV,0.09,Com,18.416,93,187.8907161370077,HD113865_TypA3_Mag6.51,"hms_tuple(h=13.0, m=6.0, s=31.469319620158984)","dms_tuple(d=28.0, m=59.0, s=53.22386384027368)",196.631122,13.108741,28.998118
63799,113852,,13.115069,-35.862033,76.8049,16.0,5.63,1.203,A0V,0.05,Cen,28.761,47,86.4389933825896,HD113852_TypA0_Mag5.63,"hms_tuple(h=13.0, m=7.0, s=17.15475654846685)","dms_tuple(d=-35.0, m=-53.0, s=-35.07931582563913)",196.821478,13.121432,-35.893078
63851,113971,,13.127506,-30.434931,102.5641,0.0,7.65,2.595,A0m...,0.322,Cen,7.98,222,513.7205296793568,HD113971_TypA0_Mag7.65,"hms_tuple(h=13.0, m=8.0, s=0.5508621711787498)","dms_tuple(d=-30.0, m=-27.0, s=-57.537555303844385)",197.002295,13.133486,-30.465983
63886,114374,,13.134051,73.343218,133.8688,0.0,7.67,2.037,A0,0.115,UMi,13.341,226,522.866067770482,HD114374_TypA0_Mag7.67,"hms_tuple(h=13.0, m=9.0, s=7.205237867519401)","dms_tuple(d=73.0, m=18.0, s=43.061865025402994)",197.280022,13.152001,73.311962
63907,114050,,13.139414,-36.224086,91.9118,0.0,6.85,2.033,A9III,0.325,Cen,13.391,121,253.62113865358353,HD114050_TypA9_Mag6.85,"hms_tuple(h=13.0, m=8.0, s=44.90245030419942)","dms_tuple(d=-36.0, m=-15.0, s=-18.468299117125753)",197.187094,13.145806,-36.25513
63956,114134,,13.150075,-34.348047,192.3077,0.0,7.99,1.57,A4III/IV,0.226,Cen,20.512,288,693.4370594020932,HD114134_TypA4_Mag7.99,"hms_tuple(h=13.0, m=9.0, s=22.75428994441654)","dms_tuple(d=-34.0, m=-22.0, s=-44.73713765850562)",197.34481,13.156321,-34.379094
64000,114243,,13.158389,-20.123656,191.2046,0.0,7.16,0.753,A0V,0.051,Vir,43.531,153,333.40358783117154,HD114243_TypA0_Mag7.16,"hms_tuple(h=13.0, m=9.0, s=49.967552460710465)","dms_tuple(d=-20.0, m=-9.0, s=-16.989102667901648)",197.458198,13.16388,-20.154719
64014,114268,,13.161774,-16.515196,244.4988,0.0,6.75,-0.191,A2V,0.168,Vir,103.848,112,232.20296653338022,HD114268_TypA2_Mag6.75,"hms_tuple(h=13.0, m=10.0, s=1.7447502448611374)","dms_tuple(d=-16.0, m=-32.0, s=-46.54623832786939)",197.50727,13.167151,-16.546263
64027,114504,,13.163943,62.229122,232.5581,-17.0,6.52,-0.313,A1V,-0.009,UMa,116.198,94,189.555805541093,HD114504_TypA1_Mag6.52,"hms_tuple(h=13.0, m=10.0, s=29.980411567993315)","dms_tuple(d=62.0, m=11.0, s=52.58657095639819)",197.624918,13.174995,62.197941
64033,114330,,13.165831,-5.53901,96.8054,-3.0,4.38,-0.549,A1V,-0.008,Vir,144.411,18,28.690535092578244,HD114330_TypA1_Mag4.38,"hms_tuple(h=13.0, m=10.0, s=15.636359037269898)","dms_tuple(d=-5.0, m=-34.0, s=-12.31412023042651)",197.565151,13.17101,-5.570087
64039,114427,,13.167027,38.723754,223.7136,-4.4,7.16,0.412,A7IV,0.176,CVn,59.594,153,333.40358783117154,HD114427_TypA7_Mag7.16,"hms_tuple(h=13.0, m=10.0, s=25.072303818156882)","dms_tuple(d=38.0, m=41.0, s=33.467534774680416)",197.604468,13.173631,38.69263
64041,114447,,13.167563,38.498981,63.2911,-16.4,5.91,1.903,A9III-IV,0.294,CVn,15.094,59,110.66217874985526,HD114447_TypA9_Mag5.91,"hms_tuple(h=13.0, m=10.0, s=26.92761584559733)","dms_tuple(d=38.0, m=28.0, s=4.2859404584032745)",197.612198,13.174147,38.467857
64066,114345,,13.172572,-23.624648,188.6792,0.0,7.78,1.401,A0V,0.065,Hya,23.966,245,576.1557641428401,HD114345_TypA0_Mag7.78,"hms_tuple(h=13.0, m=10.0, s=41.51822783886985)","dms_tuple(d=-23.0, m=-39.0, s=-20.546964744291643)",197.672993,13.1782,-23.655707
64103,114466,,13.180619,-10.102982,151.5152,0.0,7.9,1.998,A0,0.088,Vir,13.829,269,640.5029468202126,HD114466_TypA0_Mag7.9,"hms_tuple(h=13.0, m=11.0, s=9.07921842525866)","dms_tuple(d=-10.0, m=-8.0, s=-2.598066527864944)",197.78783,13.185855,-10.134055
64158,114608,,13.191906,6.788363,124.0695,0.0,7.79,2.322,A3,0.192,Vir,10.261,247,581.2616622824664,HD114608_TypA3_Mag7.79,"hms_tuple(h=13.0, m=11.0, s=49.548127906985115)","dms_tuple(d=6.0, m=45.0, s=26.188109790219016)",197.956451,13.197097,6.757274
64169,114576,,13.194223,-26.551722,110.6195,-21.0,6.49,1.271,A5V,0.193,Hya,27.015,92,184.60428810635165,HD114576_TypA5_Mag6.49,"hms_tuple(h=13.0, m=11.0, s=59.95305889320065)","dms_tuple(d=-26.0, m=-34.0, s=-58.00165650543704)",197.999804,13.199987,-26.582778
64228,115179,,13.206506,77.194472,182.8154,0.0,7.75,1.44,A2,0.189,Cam,23.121,240,561.1056035680328,HD115179_TypA2_Mag7.75,"hms_tuple(h=13.0, m=13.0, s=46.944921779134035)","dms_tuple(d=77.0, m=9.0, s=47.37853865318357)",198.445604,13.229707,77.163161
64274,114769,,13.216373,-29.099974,223.7136,0.0,7.76,1.012,A2III,0.208,Hya,34.293,242,566.0781270342421,HD114769_TypA2_Mag7.76,"hms_tuple(h=13.0, m=13.0, s=20.186690810008372)","dms_tuple(d=-29.0, m=-7.0, s=-51.69816690581143)",198.334111,13.222274,-29.131027
64314,114846,,13.224121,-18.826406,194.1748,-41.0,6.26,-0.181,A0V,0.088,Vir,102.896,77,150.69925703687835,HD114846_TypA0_Mag6.26,"hms_tuple(h=13.0, m=13.0, s=46.44483837572338)","dms_tuple(d=-18.0, m=-51.0, s=-26.893888925749252)",198.44352,13.229568,-18.857471
64321,115227,,13.225544,72.799097,84.0336,2.0,6.57,1.948,A2V,0.088,UMi,14.481,97,198.10522595363804,HD115227_TypA2_Mag6.57,"hms_tuple(h=13.0, m=14.0, s=34.598572143693076)","dms_tuple(d=72.0, m=46.0, s=4.247231424462825)",198.644161,13.242944,72.767846
64442,115197,,13.252388,35.445805,130.2083,-20.1,6.8,1.227,A2,0.182,CVn,28.132,116,242.67587595584382,HD115197_TypA2_Mag6.8,"hms_tuple(h=13.0, m=15.0, s=31.36636649526139)","dms_tuple(d=35.0, m=24.0, s=52.86801767628674)",198.880693,13.258713,35.414686
64485,115271,,13.258882,40.855199,74.0741,-18.0,5.77,1.422,A7V,0.198,CVn,23.507,53,97.80351392798568,HD115271_TypA7_Mag5.77,"hms_tuple(h=13.0, m=15.0, s=56.49776457806368)","dms_tuple(d=40.0, m=49.0, s=26.65770798402093)",198.985407,13.265694,40.824072
64583,115403,,13.279019,19.815184,97.9432,-25.4,7.57,2.615,A2,0.289,Com,7.834,209,478.71030262103807,HD115403_TypA2_Mag7.57,"hms_tuple(h=13.0, m=17.0, s=4.189143175010486)","dms_tuple(d=19.0, m=47.0, s=2.6984047106910225)",199.267455,13.284497,19.784083
64616,115331,,13.2872,-43.979479,64.8929,-12.0,5.82,1.759,Am,0.187,Cen,17.235,55,102.2146864373567,HD115331_TypAm_Mag5.82,"hms_tuple(h=13.0, m=17.0, s=39.72145840475136)","dms_tuple(d=-44.0, m=-0.0, s=-37.83939915527412)",199.415506,13.294367,-44.010511
64622,115446,,13.289438,-11.483527,131.9261,0.0,6.61,1.008,A2,0.264,Vir,34.419,100,205.22157007953126,HD115446_TypA2_Mag6.61,"hms_tuple(h=13.0, m=17.0, s=40.914668494832114)","dms_tuple(d=-11.0, m=-30.0, s=-52.55537542951245)",199.420478,13.294699,-11.514599
64623,115428,,13.289955,-21.53798,154.7988,0.0,7.82,1.871,A9III/IV,0.337,Vir,15.545,253,596.8524553483364,HD115428_TypA9_Mag7.82,"hms_tuple(h=13.0, m=17.0, s=43.791996727096745)","dms_tuple(d=-21.0, m=-34.0, s=-8.550192802703407)",199.432467,13.295498,-21.569042
64645,115396,,13.293213,-43.299206,201.2072,0.0,7.46,0.942,A1/A2V,0.121,Cen,36.576,192,434.43351452893916,HD115396_TypA1_Mag7.46,"hms_tuple(h=13.0, m=18.0, s=1.0774604159753665)","dms_tuple(d=-43.0, m=-19.0, s=-48.860861451365736)",199.504489,13.300299,-43.330239
64653,115431,,13.293959,-37.017234,169.4915,0.0,7.5,1.354,A3IV,0.174,Cen,25.026,198,450.03925321819855,HD115431_TypA3_Mag7.5,"hms_tuple(h=13.0, m=18.0, s=1.5027085374019578)","dms_tuple(d=-37.0, m=-2.0, s=-53.7970596037826)",199.506261,13.300417,-37.048277
64700,115735,,13.304034,49.682062,84.246,-3.0,5.14,0.512,A0V,-0.049,CVn,54.35,32,56.098732398835686,HD115735_TypA0_Mag5.14,"hms_tuple(h=13.0, m=18.0, s=43.1839714322831)","dms_tuple(d=49.0, m=39.0, s=3.305683567308506)",199.679933,13.311996,49.650918
64718,115527,,13.306919,-45.764655,131.5789,0.0,6.87,1.274,A0V,-0.006,Cen,26.94,123,258.1362429763933,HD115527_TypA0_Mag6.87,"hms_tuple(h=13.0, m=18.0, s=51.52374671072522)","dms_tuple(d=-45.0, m=-47.0, s=-44.46133127992937)",199.714682,13.314312,-45.795684
64730,115708,,13.310347,26.365792,115.6069,5.3,7.79,2.475,A2p,0.28,Com,8.913,247,581.2616622824664,HD115708_TypA2_Mag7.79,"hms_tuple(h=13.0, m=18.0, s=57.95479016134209)","dms_tuple(d=26.0, m=20.0, s=4.861797871461704)",199.741478,13.316099,26.334684
64747,115679,,13.313888,-12.015487,194.9318,0.0,7.57,1.121,A0,0.077,Vir,31.017,209,478.71030262103807,HD115679_TypA0_Mag7.57,"hms_tuple(h=13.0, m=19.0, s=8.97137442003654)","dms_tuple(d=-12.0, m=-2.0, s=-47.60955581008048)",199.787381,13.319159,-12.046558
64748,115709,,13.314201,3.687634,161.8123,-1.0,6.62,0.575,A1IV,0.056,Vir,51.286,101,207.04024568445064,HD115709_TypA1_Mag6.62,"hms_tuple(h=13.0, m=19.0, s=9.71817588817089)","dms_tuple(d=3.0, m=39.0, s=23.573960911748912)",199.790492,13.319366,3.656548
64775,115694,,13.317978,-20.003513,167.5042,0.0,7.61,1.49,A1V,0.106,Vir,22.08,216,495.90655392467346,HD115694_TypA1_Mag7.61,"hms_tuple(h=13.0, m=19.0, s=24.472794278981382)","dms_tuple(d=-20.0, m=-2.0, s=-4.474749205369051)",199.85197,13.323465,-20.034576
64817,115813,,13.328918,-11.67298,245.098,0.0,7.27,0.323,A2,0.1,Vir,64.684,166,367.38356293404297,HD115813_TypA2_Mag7.27,"hms_tuple(h=13.0, m=20.0, s=3.055537442682521)","dms_tuple(d=-11.0, m=-42.0, s=-14.58552819361671)",200.012731,13.334182,-11.704052
64900,115983,,13.342737,4.827116,248.7562,-19.2,7.03,0.051,A3,0.187,Vir,83.1,138,297.27424144135534,HD115983_TypA3_Mag7.03,"hms_tuple(h=13.0, m=20.0, s=52.47512415110478)","dms_tuple(d=4.0, m=47.0, s=45.705405181764576)",200.218646,13.34791,4.796029
64903,115892,,13.343296,-36.712295,18.0213,0.1,2.75,1.471,A2V,0.068,Cen,22.47,5,6.810208298910537,HD115892_TypA2_Mag2.75,"hms_tuple(h=13.0, m=20.0, s=59.02319919156156)","dms_tuple(d=-36.0, m=-44.0, s=-36.01822252763668)",200.24593,13.349729,-36.743338
64913,115995,,13.34488,2.94229,135.5014,-4.0,6.26,0.6,A3V,0.102,Vir,50.119,77,150.69925703687835,HD115995_TypA3_Mag6.26,"hms_tuple(h=13.0, m=21.0, s=0.14870179969165065)","dms_tuple(d=2.0, m=54.0, s=40.338012218105774)",200.25062,13.350041,2.911205
64977,116061,,13.35827,-19.489294,88.8099,-8.0,6.21,1.468,A2/A3V,0.098,Vir,22.532,74,144.19568653254458,HD116061_TypA2_Mag6.21,"hms_tuple(h=13.0, m=21.0, s=49.460354000312066)","dms_tuple(d=-19.0, m=-31.0, s=-13.288252768676898)",200.456085,13.363739,-19.520358
64992,116160,,13.361567,2.087243,67.7048,-7.0,5.69,1.537,A2V,0.045,Vir,21.145,50,91.1381715250705,HD116160_TypA2_Mag5.69,"hms_tuple(h=13.0, m=22.0, s=0.209877983218405)","dms_tuple(d=2.0, m=3.0, s=22.171620376863004)",200.500874,13.366725,2.056159
64997,116114,,13.362864,-18.742121,129.7017,0.0,7.03,1.465,Ap,0.302,Vir,22.594,138,297.27424144135534,HD116114_TypAp_Mag7.03,"hms_tuple(h=13.0, m=22.0, s=5.909812185250303)","dms_tuple(d=-18.0, m=-46.0, s=-23.468197286147472)",200.524624,13.368308,-18.773186
65018,116233,,13.366617,24.88232,103.4126,-4.1,7.08,2.007,A9III,0.243,Com,13.715,144,310.68202106935195,HD116233_TypA9_Mag7.08,"hms_tuple(h=13.0, m=22.0, s=20.271584334418264)","dms_tuple(d=24.0, m=51.0, s=4.368576816944767)",200.584465,13.372298,24.851213
65022,116081,,13.367464,-43.050425,150.8296,0.0,7.15,1.258,A3IV/V,0.125,Cen,27.34,152,330.4749158245449,HD116081_TypA3_Mag7.15,"hms_tuple(h=13.0, m=22.0, s=28.277232205991538)","dms_tuple(d=-43.0, m=-4.0, s=-53.250796395898305)",200.617822,13.374521,-43.081459
65024,116303,,13.36776,43.903379,118.9061,-1.0,6.34,0.964,A7m,0.255,CVn,35.843,82,161.720568208778,HD116303_TypA7_Mag6.34,"hms_tuple(h=13.0, m=22.0, s=29.677524016924934)","dms_tuple(d=43.0, m=52.0, s=20.087400000879825)",200.623656,13.37491,43.872247
65035,116235,,13.369358,5.154764,65.9196,-10.0,5.89,1.795,A2m,0.109,Vir,16.672,58,108.72656802009573,HD116235_TypA2_Mag5.89,"hms_tuple(h=13.0, m=22.0, s=28.31996796450113)","dms_tuple(d=5.0, m=7.0, s=25.237123064117668)",200.618,13.374533,5.123677
65077,116275,,13.379347,-13.186511,202.0202,-22.0,7.77,1.243,A2V,0.15,Vir,27.72,244,571.094717053101,HD116275_TypA2_Mag7.77,"hms_tuple(h=13.0, m=23.0, s=4.710889925996469)","dms_tuple(d=-13.0, m=-13.0, s=-3.291924244845461)",200.769629,13.384642,-13.217581
65098,116379,,13.384199,18.278364,127.0648,-9.9,7.9,2.38,A2,0.188,Com,9.727,269,640.5029468202126,HD116379_TypA2_Mag7.9,"hms_tuple(h=13.0, m=23.0, s=22.65567335729955)","dms_tuple(d=18.0, m=14.0, s=50.15204118195328)",200.844399,13.389627,18.247264
65122,116293,,13.389788,-39.627952,161.0306,0.0,7.35,1.315,A3V,0.083,Cen,25.942,177,394.25196723909164,HD116293_TypA3_Mag7.35,"hms_tuple(h=13.0, m=23.0, s=47.340935011693546)","dms_tuple(d=-39.0, m=-39.0, s=-32.36793654702183)",200.947254,13.396484,-39.658991
65172,116656,Mizar,13.398747,54.925362,26.3089,-5.6,2.23,0.129,A2V,0.057,UMa,77.339,3,4.3043585213450966,HD116656_TypA2_Mag2.23,"hms_tuple(h=13.0, m=24.0, s=27.756842524941874)","dms_tuple(d=54.0, m=53.0, s=39.13958683042836)",201.115654,13.40771,54.894205
65199,116542,,13.405107,1.399722,110.3753,-15.2,7.24,2.026,A2,0.241,Vir,13.477,163,357.7868844682338,HD116542_TypA2_Mag7.24,"hms_tuple(h=13.0, m=24.0, s=36.947217847582294)","dms_tuple(d=1.0, m=22.0, s=7.09827610318456)",201.153947,13.410263,1.368638
65204,116634,,13.406511,32.084598,180.8318,-10.0,7.71,1.424,A2,0.11,CVn,23.464,233,541.648484297334,HD116634_TypA2_Mag7.71,"hms_tuple(h=13.0, m=24.0, s=45.33406912830159)","dms_tuple(d=32.0, m=3.0, s=12.538759572306617)",201.188892,13.412593,32.053483
65240,116549,,13.413358,-34.289961,187.6173,0.0,7.71,1.344,A3IV/V,0.159,Cen,25.258,233,541.648484297334,HD116549_TypA3_Mag7.71,"hms_tuple(h=13.0, m=25.0, s=10.557516869789652)","dms_tuple(d=-34.0, m=-19.0, s=-15.62781699877064)",201.29399,13.419599,-34.321008
65257,116622,,13.417702,-15.632341,117.6471,0.0,7.73,2.377,A4/A5IV/V,0.285,Vir,9.754,236,551.2912113423957,HD116622_TypA4_Mag7.73,"hms_tuple(h=13.0, m=25.0, s=22.99961618534141)","dms_tuple(d=-15.0, m=-39.0, s=-48.271373644390394)",201.345832,13.423055,-15.663409
65260,116706,,13.418522,23.854419,87.4891,-3.0,5.75,1.04,A3IV,0.09,Com,33.42,52,96.09281626139521,HD116706_TypA3_Mag5.75,"hms_tuple(h=13.0, m=25.0, s=26.964308181934626)","dms_tuple(d=23.0, m=49.0, s=23.929035746112106)",201.362351,13.424157,23.823314
65271,116842,Alcor,13.420413,54.987958,25.0564,-8.9,3.99,1.995,A5V SB,0.169,UMa,13.868,13,20.337598985986137,HD116842_TypA5_Mag3.99,"hms_tuple(h=13.0, m=25.0, s=45.80468844332373)","dms_tuple(d=54.0, m=57.0, s=24.484565444756186)",201.440853,13.42939,54.956801
65339,116831,,13.436504,-1.192471,78.3085,-20.0,5.97,1.501,A7III,0.183,Vir,21.857,61,116.67822858142785,HD116831_TypA7_Mag5.97,"hms_tuple(h=13.0, m=26.0, s=29.975354427018317)","dms_tuple(d=-1.0, m=-13.0, s=-24.78802525848465)",201.624897,13.44166,-1.223552
65383,116914,,13.448198,-5.930694,216.9197,0.0,7.89,1.209,A0,0.176,Vir,28.602,267,634.876663483802,HD116914_TypA0_Mag7.89,"hms_tuple(h=13.0, m=27.0, s=12.170433753503147)","dms_tuple(d=-5.0, m=-57.0, s=-42.375223199069296)",201.80071,13.453381,-5.961771
65392,116960,,13.449706,11.908554,265.9574,-18.0,7.99,0.866,A0V,-0.032,Vir,39.228,288,693.4370594020932,HD116960_TypA0_Mag7.99,"hms_tuple(h=13.0, m=27.0, s=17.904313785240618)","dms_tuple(d=11.0, m=52.0, s=38.85846167047433)",201.824601,13.454973,11.877461
65521,117376,,13.474203,59.945787,71.3776,-3.0,5.4,1.132,A1Vn,-0.01,UMa,30.704,40,70.56332339510645,HD117376_TypA1_Mag5.4,"hms_tuple(h=13.0, m=29.0, s=4.148768631926316)","dms_tuple(d=59.0, m=54.0, s=52.61257447814728)",202.267287,13.484486,59.914615
65632,117362,,13.496412,1.095347,100.0,-46.8,6.59,1.59,A7V,0.284,Vir,20.137,99,201.63200517568157,HD117362_TypA7_Mag6.59,"hms_tuple(h=13.0, m=30.0, s=5.643124095799834)","dms_tuple(d=1.0, m=3.0, s=51.34927429271137)",202.523513,13.501568,1.064264
65646,117476,,13.498918,34.524272,192.3077,0.0,7.69,1.27,A3,0.238,CVn,27.04,229,532.1744198083834,HD117476_TypA3_Mag7.69,"hms_tuple(h=13.0, m=30.0, s=18.61980025227652)","dms_tuple(d=34.0, m=29.0, s=35.353714683149065)",202.577583,13.505172,34.493154
65671,117419,,13.504133,-1.895075,353.3569,0.0,7.86,0.119,A0,0.071,Vir,78.055,261,618.2926139519136,HD117419_TypA0_Mag7.86,"hms_tuple(h=13.0, m=30.0, s=33.4460132669804)","dms_tuple(d=-1.0, m=-55.0, s=-34.16012036184782)",202.639358,13.509291,-1.926156
65688,117408,,13.508197,-23.649494,135.318,10.0,7.89,2.233,A0V,0.008,Hya,11.138,267,634.876663483802,HD117408_TypA0_Mag7.89,"hms_tuple(h=13.0, m=30.0, s=49.77207881699286)","dms_tuple(d=-23.0, m=-40.0, s=-49.992467652843686)",202.707384,13.513826,-23.680553
65701,117382,,13.510644,-38.882208,190.1141,0.0,7.85,1.455,A1V,0.093,Cen,22.803,259,612.8614298360975,HD117382_TypA1_Mag7.85,"hms_tuple(h=13.0, m=31.0, s=2.167231075915197)","dms_tuple(d=-38.0, m=-54.0, s=-47.693617304685745)",202.75903,13.517269,-38.913248
65725,117589,,13.516916,26.39021,115.0748,-20.2,7.38,2.075,A5,0.31,Com,12.882,181,404.82672424766696,HD117589_TypA5_Mag7.38,"hms_tuple(h=13.0, m=31.0, s=21.607560799280066)","dms_tuple(d=26.0, m=21.0, s=32.76649819753118)",202.840032,13.522669,26.359102
65733,117505,,13.518732,-25.656964,107.7586,0.0,7.43,2.268,A4IV,0.245,Hya,10.784,188,423.08537820947436,HD117505_TypA4_Mag7.43,"hms_tuple(h=13.0, m=31.0, s=28.027065806608107)","dms_tuple(d=-25.0, m=-41.0, s=-16.876495754954988)",202.866779,13.524452,-25.688021
65760,117558,,13.525882,-28.11274,99.5025,-4.0,6.48,1.491,A1V,0.09,Hya,22.06,91,182.98269364662428,HD117558_TypA1_Mag6.48,"hms_tuple(h=13.0, m=31.0, s=54.22013891100278)","dms_tuple(d=-28.0, m=-8.0, s=-37.659968218578115)",202.975917,13.531728,-28.143794
65795,117815,,13.532247,47.234418,122.399,0.0,7.06,1.621,A5,0.234,CVn,19.57,142,305.2478297284723,HD117815_TypA5_Mag7.06,"hms_tuple(h=13.0, m=32.0, s=23.40263510479616)","dms_tuple(d=47.0, m=12.0, s=11.805518202395433)",203.097511,13.539834,47.203279
65806,117661,,13.534114,-18.72888,76.5697,-18.0,6.01,1.59,A7IV/V,0.196,Vir,20.137,63,120.86954873761292,HD117661_TypA7_Mag6.01,"hms_tuple(h=13.0, m=32.0, s=22.408273259650997)","dms_tuple(d=-18.0, m=-45.0, s=-35.80064570089547)",203.093368,13.539558,-18.759945
65856,117716,,13.543307,-28.692768,71.582,-22.0,5.69,1.416,A0/A1V,0.037,Hya,23.637,50,91.1381715250705,HD117716_TypA0_Mag5.69,"hms_tuple(h=13.0, m=32.0, s=57.065813102313996)","dms_tuple(d=-28.0, m=-43.0, s=-25.75830942467519)",203.237774,13.549185,-28.723822
65859,117665,,13.544236,-44.450253,147.929,0.0,7.21,1.36,A1/A2V,0.068,Cen,24.889,159,348.44088743422355,HD117665_TypA1_Mag7.21,"hms_tuple(h=13.0, m=33.0, s=5.2583798854041675)","dms_tuple(d=-44.0, m=-28.0, s=-52.622791857357925)",203.27191,13.551461,-44.481284
65885,117781,,13.548306,-26.58766,113.5074,12.0,7.05,1.775,A9IV/V,0.307,Hya,16.982,141,302.5664825365462,HD117781_TypA9_Mag7.05,"hms_tuple(h=13.0, m=33.0, s=14.658377712922004)","dms_tuple(d=-26.0, m=-37.0, s=-7.378309158194725)",203.311077,13.554072,-26.618716
65920,117806,,13.556735,-38.871722,288.1844,0.0,7.58,0.282,A4II/III,0.194,Cen,67.174,211,482.9526381068404,HD117806_TypA4_Mag7.58,"hms_tuple(h=13.0, m=33.0, s=48.09130846258654)","dms_tuple(d=-38.0, m=-54.0, s=-9.944074070157285)",203.45038,13.563359,-38.902762
65962,117851,,13.563268,-39.94567,148.5884,0.0,6.69,0.83,A1IV/V,0.156,Cen,40.551,107,220.23034203703895,HD117851_TypA1_Mag6.69,"hms_tuple(h=13.0, m=34.0, s=11.980627679242275)","dms_tuple(d=-39.0, m=-58.0, s=-36.150971179595786)",203.549919,13.569995,-39.976709
65988,118214,,13.568698,55.348434,91.5751,-7.0,5.6,0.791,A0V,-0.014,UMa,42.034,46,84.18106104676042,HD118214_TypA0_Mag5.6,"hms_tuple(h=13.0, m=34.0, s=39.92387847590692)","dms_tuple(d=55.0, m=19.0, s=2.1945489637096216)",203.666349,13.577757,55.317276
65990,118022,,13.56887,3.658967,56.6572,-12.0,4.92,1.154,A1p SrCrEu,0.029,Vir,30.088,27,46.201294366895745,HD118022_TypA1_Mag4.92,"hms_tuple(h=13.0, m=34.0, s=26.525983689649593)","dms_tuple(d=3.0, m=37.0, s=40.372855262559284)",203.610525,13.574035,3.627881
65992,118555,,13.569447,75.797613,183.4862,0.0,7.84,1.522,A0,0.099,UMi,21.439,257,607.4779541357369,HD118555_TypA0_Mag7.84,"hms_tuple(h=13.0, m=35.0, s=25.48108405035947)","dms_tuple(d=75.0, m=45.0, s=58.769950625486445)",203.856171,13.590411,75.766325
66024,118232,,13.57425,49.015973,55.2792,-18.0,4.68,0.967,A5V,0.132,CVn,35.744,23,37.38451069187714,HD118232_TypA5_Mag4.68,"hms_tuple(h=13.0, m=34.0, s=55.57654159961828)","dms_tuple(d=48.0, m=59.0, s=5.390422268525299)",203.731569,13.582105,48.984831
66025,118026,,13.57449,-13.346995,97.561,0.0,7.66,2.714,A3III:,0.274,Vir,7.152,224,518.2731261472211,HD118026_TypA3_Mag7.66,"hms_tuple(h=13.0, m=34.0, s=47.238313135468815)","dms_tuple(d=-13.0, m=-22.0, s=-41.033768793315346)",203.696826,13.579788,-13.378065
66037,118054,,13.577903,-13.214324,148.1481,-20.0,5.92,0.067,A0V,0.02,Vir,81.884,59,111.64286808383503,HD118054_TypA0_Mag5.92,"hms_tuple(h=13.0, m=34.0, s=59.51466570685099)","dms_tuple(d=-13.0, m=-14.0, s=-43.41862803380664)",203.747978,13.583199,-13.245394
66039,118098,Heze,13.57822,-0.59582,22.7118,-13.2,3.38,1.599,A3V,0.114,Vir,19.971,8,11.87303658627419,HD118098_TypA3_Mag3.38,"hms_tuple(h=13.0, m=35.0, s=0.1498331757119331)","dms_tuple(d=-0.0, m=-37.0, s=-36.84638160051463)",203.750624,13.583375,-0.626902
66059,118524,,13.582378,70.118995,387.5969,0.0,7.51,-0.432,A0,0.029,UMi,129.658,200,454.02750557766933,HD118524_TypA0_Mag7.51,"hms_tuple(h=13.0, m=35.0, s=51.046531398402095)","dms_tuple(d=70.0, m=5.0, s=15.96707420999337)",203.962694,13.597513,70.087769
66166,118252,,13.607272,-42.415344,90.3342,0.0,6.82,2.041,A3m...,0.245,Cen,13.292,118,246.99612663521023,HD118252_TypA3_Mag6.82,"hms_tuple(h=13.0, m=36.0, s=51.326908003224645)","dms_tuple(d=-42.0, m=-26.0, s=-46.96305894302043)",204.213862,13.614257,-42.446379
66184,118318,,13.612973,-32.403483,110.742,0.0,7.61,2.388,A8/F0 + G/K,0.417,Cen,9.656,216,495.90655392467346,HD118318_TypA8_Mag7.61,"hms_tuple(h=13.0, m=37.0, s=8.689314746463168)","dms_tuple(d=-32.0, m=-26.0, s=-4.315886773661646)",204.286205,13.61908,-32.434532
66190,118349,,13.61346,-26.495198,81.5661,-10.0,5.73,1.172,A7V+...,0.22,Hya,29.594,51,94.41204069462422,HD118349_TypA7_Mag5.73,"hms_tuple(h=13.0, m=37.0, s=9.1960307466816)","dms_tuple(d=-26.0, m=-31.0, s=-34.51548806908363)",204.288317,13.619221,-26.526254
66209,118335,,13.616764,-37.10032,296.7359,0.0,7.64,0.278,A0V,0.045,Cen,67.422,221,509.2079239683959,HD118335_TypA0_Mag7.64,"hms_tuple(h=13.0, m=37.0, s=23.626212180921442)","dms_tuple(d=-37.0, m=-7.0, s=-52.90623158193341)",204.348443,13.62323,-37.131363
66223,118412,,13.619599,-23.616006,81.3008,15.0,7.14,2.59,A9V,0.27,Hya,8.017,151,327.5719697549974,HD118412_TypA9_Mag7.14,"hms_tuple(h=13.0, m=37.0, s=30.814089617612268)","dms_tuple(d=-23.0, m=-38.0, s=-49.43579850623195)",204.378392,13.625226,-23.647065
66237,118379,,13.621607,-40.897875,121.6545,0.0,7.57,2.144,A3IV/V,0.191,Cen,12.089,209,478.71030262103807,HD118379_TypA3_Mag7.57,"hms_tuple(h=13.0, m=37.0, s=42.34663227104846)","dms_tuple(d=-40.0, m=-55.0, s=-44.083580194705974)",204.426444,13.62843,-40.928912
66248,118623,,13.624345,36.294898,60.9013,-6.0,4.82,0.897,A7III,0.239,CVn,38.124,25,42.29961929288719,HD118623_TypA7_Mag4.82,"hms_tuple(h=13.0, m=37.0, s=50.656597887442985)","dms_tuple(d=36.0, m=15.0, s=49.598582200815144)",204.461069,13.630738,36.263777
66253,118434,,13.626198,-35.048922,136.0544,0.0,7.25,1.581,A2/A3V,0.105,Cen,20.305,164,360.95759541392204,HD118434_TypA2_Mag7.25,"hms_tuple(h=13.0, m=37.0, s=56.98856111835113)","dms_tuple(d=-35.0, m=-4.0, s=-47.88373611957638)",204.487452,13.632497,-35.079968
66284,118468,,13.631131,-42.514557,199.6008,0.0,7.82,1.319,A1V,0.1,Cen,25.846,253,596.8524553483364,HD118468_TypA1_Mag7.82,"hms_tuple(h=13.0, m=38.0, s=17.259236248657288)","dms_tuple(d=-42.0, m=-32.0, s=-44.1292607259885)",204.571913,13.638128,-42.545591
66309,118937,,13.63488,66.606355,213.6752,0.0,7.87,1.221,A2,0.091,Dra,28.288,263,623.771929275639,HD118937_TypA2_Mag7.87,"hms_tuple(h=13.0, m=38.0, s=52.24626831189994)","dms_tuple(d=66.0, m=34.0, s=30.54806333537158)",204.717693,13.647846,66.575152
66311,118660,,13.635524,14.301926,73.2601,-2.0,6.49,2.166,A9Vs,0.274,Boo,11.847,92,184.60428810635165,HD118660_TypA9_Mag6.49,"hms_tuple(h=13.0, m=38.0, s=27.033991449449672)","dms_tuple(d=14.0, m=16.0, s=14.989391713938147)",204.612642,13.640843,14.27083
66355,118588,,13.645245,-44.516287,126.4223,0.0,7.53,2.021,A1V,0.101,Cen,13.539,203,462.11035531169057,HD118588_TypA1_Mag7.53,"hms_tuple(h=13.0, m=39.0, s=8.92026802992362)","dms_tuple(d=-44.0, m=-32.0, s=-50.34476615682763)",204.787168,13.652478,-44.547318
66398,118954,,13.653494,47.896195,289.0173,-5.3,7.67,0.365,A5,0.315,UMa,62.23,226,522.866067770482,HD118954_TypA5_Mag7.67,"hms_tuple(h=13.0, m=39.0, s=40.23872088689288)","dms_tuple(d=47.0, m=51.0, s=54.19795893437197)",204.917661,13.661177,47.865055
66418,118728,,13.657168,-36.240986,214.5923,0.0,7.49,0.832,A1V,0.065,Cen,40.476,197,446.0860343240754,HD118728_TypA1_Mag7.49,"hms_tuple(h=13.0, m=39.0, s=48.82183022511683)","dms_tuple(d=-36.0, m=-16.0, s=-19.308213906105607)",204.953424,13.663562,-36.27203
66423,119024,,13.658472,52.921208,53.5906,-15.0,5.46,1.815,A3Vn,0.113,UMa,16.368,42,74.39943501537284,HD119024_TypA3_Mag5.46,"hms_tuple(h=13.0, m=40.0, s=1.2555488746194499)","dms_tuple(d=52.0, m=53.0, s=24.204116764759647)",205.005231,13.667015,52.890057
66472,119146,,13.669911,53.110361,178.8909,-6.0,7.65,1.387,A3,0.222,UMa,24.277,222,513.7205296793568,HD119146_TypA3_Mag7.65,"hms_tuple(h=13.0, m=40.0, s=42.570913673723254)","dms_tuple(d=53.0, m=4.0, s=45.15320600833718)",205.177379,13.678492,53.079209
66488,119213,,13.672614,57.207606,91.0747,-0.2,6.28,1.483,A4p SrCrEu,0.111,UMa,22.223,78,153.3820888800899,HD119213_TypA4_Mag6.28,"hms_tuple(h=13.0, m=40.0, s=55.6445241836272)","dms_tuple(d=57.0, m=10.0, s=35.19399417986904)",205.231852,13.682123,57.176443
66510,118878,,13.677127,-44.330234,121.0654,0.0,6.57,1.155,A0V,0.053,Cen,30.061,97,198.10522595363804,HD118878_TypA0_Mag6.57,"hms_tuple(h=13.0, m=41.0, s=3.612642982646861)","dms_tuple(d=-44.0, m=-21.0, s=-40.555163120785096)",205.265053,13.684337,-44.361265
66515,119055,,13.677909,19.955719,100.6036,-26.0,5.73,0.717,A1V,0.017,Boo,44.999,51,94.41204069462422,HD119055_TypA1_Mag5.73,"hms_tuple(h=13.0, m=41.0, s=0.2106174002379646)","dms_tuple(d=19.0, m=55.0, s=28.623883971897612)",205.250878,13.683392,19.924618
66517,119082,,13.678009,20.01361,100.6036,-22.0,7.36,2.347,A,0.252,Boo,10.028,178,397.7458321127074,HD119082_TypA_Mag7.36,"hms_tuple(h=13.0, m=41.0, s=0.5778591835125724)","dms_tuple(d=19.0, m=58.0, s=57.03126919338473)",205.252408,13.683494,19.982509
66518,119702,,13.678031,76.843785,105.3741,0.0,6.69,1.576,A5,0.219,UMi,20.399,107,220.23034203703895,HD119702_TypA5_Mag6.69,"hms_tuple(h=13.0, m=42.0, s=2.2516645979524696)","dms_tuple(d=76.0, m=48.0, s=44.92801811177401)",205.509382,13.700625,76.81248
66585,119476,,13.691625,64.822411,68.2128,-6.0,5.85,1.681,A2V,0.073,Dra,18.518,56,104.95632265378961,HD119476_TypA2_Mag5.85,"hms_tuple(h=13.0, m=42.0, s=13.418829658624816)","dms_tuple(d=64.0, m=47.0, s=28.384194088163213)",205.555912,13.703727,64.791218
66587,119086,,13.691905,-23.44981,216.4502,-13.0,6.6,-0.077,A1V,0.057,Hya,93.498,100,203.41887002054995,HD119086_TypA1_Mag6.6,"hms_tuple(h=13.0, m=41.0, s=51.090077833741674)","dms_tuple(d=-23.0, m=-28.0, s=-51.130846924193634)",205.462875,13.697525,-23.48087
66644,119581,,13.701772,65.273085,134.7709,0.0,6.6,0.952,A2,0.135,Dra,36.241,100,203.41887002054995,HD119581_TypA2_Mag6.6,"hms_tuple(h=13.0, m=42.0, s=50.68977289409091)","dms_tuple(d=65.0, m=14.0, s=30.80231188888888)",205.711207,13.71408,65.24189
66695,119221,,13.712133,-43.185693,111.9821,0.0,7.28,2.034,A4V,0.18,Cen,13.378,168,370.63931974020056,HD119221_TypA4_Mag7.28,"hms_tuple(h=13.0, m=43.0, s=9.141921386001854)","dms_tuple(d=-43.0, m=-13.0, s=-0.21476336439832266)",205.788091,13.719206,-43.216726
66720,119307,,13.716905,-30.182686,104.8218,0.0,7.14,2.038,A2m...,0.294,Cen,13.329,151,327.5719697549974,HD119307_TypA2_Mag7.14,"hms_tuple(h=13.0, m=43.0, s=22.331858453872826)","dms_tuple(d=-30.0, m=-12.0, s=-49.456665411452434)",205.843049,13.72287,-30.213738
66729,119308,,13.720219,-35.29025,245.098,0.0,7.85,0.903,Ap...,0.031,Cen,37.914,259,612.8614298360975,HD119308_TypAp_Mag7.85,"hms_tuple(h=13.0, m=43.0, s=35.53163761027676)","dms_tuple(d=-35.0, m=-19.0, s=-16.663351373538262)",205.898048,13.726537,-35.321295
66789,119842,,13.731184,60.145533,129.0323,-11.0,7.14,1.587,A0,0.164,UMa,20.193,151,327.5719697549974,HD119842_TypA0_Mag7.14,"hms_tuple(h=13.0, m=44.0, s=29.50470318595592)","dms_tuple(d=60.0, m=6.0, s=51.69555309312216)",206.122936,13.741529,60.11436
66791,119537,,13.731732,-5.498934,128.3697,-22.0,6.51,0.968,A1V,0.053,Vir,35.711,93,187.8907161370077,HD119537_TypA1_Mag6.51,"hms_tuple(h=13.0, m=44.0, s=12.878691854732551)","dms_tuple(d=-5.0, m=-31.0, s=-48.04065283944766)",206.053661,13.736911,-5.530011
66792,119765,,13.731884,52.064413,96.0615,-7.0,6.02,1.107,A1V,0.017,UMa,31.42,64,121.94069588643114,HD119765_TypA1_Mag6.02,"hms_tuple(h=13.0, m=44.0, s=24.945947637974655)","dms_tuple(d=52.0, m=1.0, s=59.74968304660081)",206.103941,13.740263,52.033264
66811,119430,,13.735772,-43.441265,364.9635,0.0,7.09,-0.721,A0V,-0.007,Cen,169.2,145,313.4352882448582,HD119430_TypA0_Mag7.09,"hms_tuple(h=13.0, m=44.0, s=34.34974683041773)","dms_tuple(d=-43.0, m=-28.0, s=-20.272379317127047)",206.143124,13.742875,-43.472298
66815,119686,,13.736261,27.585504,104.3841,6.0,7.12,2.027,A3,0.286,Boo,13.465,148,321.8423534887257,HD119686_TypA3_Mag7.12,"hms_tuple(h=13.0, m=44.0, s=31.47046910002217)","dms_tuple(d=27.0, m=33.0, s=15.81996629540157)",206.131127,13.742075,27.554394
66926,119786,,13.759741,-15.767467,106.0445,-41.0,6.18,1.053,A0V,0.046,Vir,33.022,72,140.42905193202526,HD119786_TypA0_Mag6.18,"hms_tuple(h=13.0, m=45.0, s=54.352822920430555)","dms_tuple(d=-15.0, m=-47.0, s=-54.72449556055736)",206.47647,13.765098,-15.798535
66930,119752,,13.760249,-26.116009,87.0322,-10.0,5.81,1.112,A0V,0.023,Hya,31.275,54,101.3168158032027,HD119752_TypA0_Mag5.81,"hms_tuple(h=13.0, m=45.0, s=57.568594451687716)","dms_tuple(d=-26.0, m=-8.0, s=-49.43663564946348)",206.489869,13.765991,-26.147066
66981,120047,,13.770435,41.088746,52.5486,-13.0,5.88,2.277,A5V,0.211,CVn,10.695,57,107.77149594601158,HD120047_TypA5_Mag5.88,"hms_tuple(h=13.0, m=46.0, s=38.17542936481658)","dms_tuple(d=41.0, m=3.0, s=27.42556631566913)",206.659064,13.777271,41.057618
66987,119780,,13.771204,-46.36649,144.3001,0.0,7.54,1.744,A1V,0.119,Cen,17.474,204,466.20558189854603,HD119780_TypA1_Mag7.54,"hms_tuple(h=13.0, m=46.0, s=43.24182235577837)","dms_tuple(d=-46.0, m=-23.0, s=-51.063228499303364)",206.680174,13.778678,-46.397518
67031,119921,,13.78232,-36.251933,133.8688,-10.0,5.15,-0.483,A0V,-0.007,Cen,135.894,33,56.59587992597486,HD119921_TypA0_Mag5.15,"hms_tuple(h=13.0, m=47.0, s=19.37225819566663)","dms_tuple(d=-36.0, m=-16.0, s=-58.717358690810215)",206.830718,13.788715,-36.282977
67057,120025,,13.786997,-19.255782,97.371,0.0,6.73,1.788,A2/A3m...,0.323,Vir,16.78,110,228.14146549859603,HD120025_TypA2_Mag6.73,"hms_tuple(h=13.0, m=47.0, s=32.84931127834085)","dms_tuple(d=-19.0, m=-17.0, s=-12.645913183861808)",206.886872,13.792458,-19.286846
67076,120088,,13.790379,-6.705417,110.011,0.0,6.99,1.783,A3,0.254,Vir,16.858,134,286.96584256768466,HD120088_TypA3_Mag6.99,"hms_tuple(h=13.0, m=47.0, s=44.0501261107822)","dms_tuple(d=-6.0, m=-44.0, s=-11.375452185023818)",206.933542,13.795569,-6.736493
67107,120405,,13.798813,50.239463,188.6792,0.0,7.57,1.191,A5,0.225,UMa,29.08,209,478.71030262103807,HD120405_TypA5_Mag7.57,"hms_tuple(h=13.0, m=48.0, s=24.72177490562231)","dms_tuple(d=50.0, m=12.0, s=29.94487407864483)",207.103007,13.806867,50.208318
67234,120322,,13.822985,-33.823231,142.4501,0.0,7.69,1.922,A2V,0.135,Cen,14.832,229,532.1744198083834,HD120322_TypA2_Mag7.69,"hms_tuple(h=13.0, m=49.0, s=45.09119391019908)","dms_tuple(d=-33.0, m=-51.0, s=-15.402047630993252)",207.43788,13.829192,-33.854278
67247,120448,,13.824809,6.343827,107.1811,1.0,6.76,1.609,A0,0.083,Vir,19.788,113,234.26075154331102,HD120448_TypA0_Mag6.76,"hms_tuple(h=13.0, m=49.0, s=47.98232690094565)","dms_tuple(d=6.0, m=18.0, s=45.859986103417754)",207.449926,13.829995,6.312739
67267,120500,,13.828932,8.408637,154.0832,8.3,6.6,0.661,A0,0.131,Boo,47.381,100,203.41887002054995,HD120500_TypA0_Mag6.6,"hms_tuple(h=13.0, m=50.0, s=2.912067551483233)","dms_tuple(d=8.0, m=22.0, s=39.169104435598285)",207.512134,13.834142,8.377547
67269,120600,,13.829149,36.632823,62.461,-12.0,6.43,2.452,A7IV-V,0.256,CVn,9.103,87,175.0859005727711,HD120600_TypA7_Mag6.43,"hms_tuple(h=13.0, m=50.0, s=8.051411079876658)","dms_tuple(d=36.0, m=36.0, s=6.126870925208436)",207.533548,13.83557,36.601702
67281,120541,,13.831222,13.191948,106.8376,0.0,6.65,1.506,A2,0.218,Boo,21.757,104,212.59354781364726,HD120541_TypA2_Mag6.65,"hms_tuple(h=13.0, m=50.0, s=11.456467637187018)","dms_tuple(d=13.0, m=9.0, s=39.07244708939416)",207.547735,13.836516,13.160853
67282,120426,,13.831776,-28.186829,298.5075,39.5,7.78,0.405,A6:+...,0.445,Hya,59.979,245,576.1557641428401,HD120426_TypA6_Mag7.78,"hms_tuple(h=13.0, m=50.0, s=15.453123805844626)","dms_tuple(d=-28.0, m=-13.0, s=-4.380055643373453)",207.564388,13.837626,-28.217883
67309,120455,,13.835142,-29.081321,117.3709,0.2,6.19,0.842,A0V,-0.009,Hya,40.105,73,141.67353559361956,HD120455_TypA0_Mag6.19,"hms_tuple(h=13.0, m=50.0, s=27.75123828743986)","dms_tuple(d=-29.0, m=-6.0, s=-44.547447026091334)",207.61563,13.841042,-29.112374
67334,120874,,13.841043,58.539458,76.864,-40.0,6.45,2.021,A3V,0.094,UMa,13.539,89,178.20287698386963,HD120874_TypA3_Mag6.45,"hms_tuple(h=13.0, m=51.0, s=3.2785727187958003)","dms_tuple(d=58.0, m=30.0, s=29.845777186585565)",207.763661,13.850911,58.50829
67367,120817,,13.847711,42.155196,119.6172,-10.6,7.65,2.261,A2,0.16,CVn,10.854,222,513.7205296793568,HD120817_TypA2_Mag7.65,"hms_tuple(h=13.0, m=51.0, s=16.77897820658046)","dms_tuple(d=42.0, m=7.0, s=26.639316055185986)",207.819912,13.854661,42.124066
67382,120818,,13.851258,34.772516,89.1266,-12.0,6.66,1.91,A5IV,0.116,CVn,14.997,104,214.47755395891784,HD120818_TypA5_Mag6.66,"hms_tuple(h=13.0, m=51.0, s=27.1112399609288)","dms_tuple(d=34.0, m=44.0, s=29.030913180071707)",207.862963,13.857531,34.741397
67499,120934,,13.871779,12.165135,103.9501,-16.0,6.1,1.016,A1V,0.042,Boo,34.166,68,130.85876476286535,HD120934_TypA1_Mag6.1,"hms_tuple(h=13.0, m=52.0, s=37.38518130778161)","dms_tuple(d=12.0, m=8.0, s=2.549182562330259)",208.155772,13.877051,12.134041
67530,120901,,13.877447,-18.709011,218.8184,-22.5,6.95,0.25,A1V,0.613,Vir,69.183,130,277.01490180011757,HD120901_TypA1_Mag6.95,"hms_tuple(h=13.0, m=52.0, s=58.40476641613918)","dms_tuple(d=-18.0, m=-44.0, s=-24.272318336143996)",208.243353,13.88289,-18.740076
67567,121164,,13.886192,28.648131,65.7462,-12.0,5.91,1.821,A7V,0.202,CVn,16.278,59,110.66217874985526,HD121164_TypA7_Mag5.91,"hms_tuple(h=13.0, m=53.0, s=31.430255453236526)","dms_tuple(d=28.0, m=37.0, s=1.2726908788681612)",208.380959,13.892064,28.61702
67585,121247,,13.88911,42.184814,238.6635,-22.5,6.86,-0.029,A0,0.053,CVn,89.454,122,255.86873171888556,HD121247_TypA0_Mag6.86,"hms_tuple(h=13.0, m=53.0, s=45.82708302748884)","dms_tuple(d=42.0, m=9.0, s=13.263939485435685)",208.440946,13.896063,42.153684
67602,120960,,13.892304,-41.634367,163.3987,0.0,7.85,1.784,A8/A9IV,0.353,Cen,16.842,259,612.8614298360975,HD120960_TypA8_Mag7.85,"hms_tuple(h=13.0, m=53.0, s=57.1347477866351)","dms_tuple(d=-41.0, m=-39.0, s=-55.450502871449316)",208.488061,13.899204,-41.665403
67633,121409,,13.897507,53.728677,146.8429,-16.0,5.7,-0.134,A0V,-0.032,UMa,98.537,50,91.94583891191142,HD121409_TypA0_Mag5.7,"hms_tuple(h=13.0, m=54.0, s=22.368490476044514)","dms_tuple(d=53.0, m=41.0, s=51.085107153547824)",208.593202,13.906213,53.697524
67637,121065,,13.898056,-30.010754,334.4482,0.0,7.98,0.358,A6IV,0.171,Hya,62.633,286,687.3457941057625,HD121065_TypA6_Mag7.98,"hms_tuple(h=13.0, m=54.0, s=14.43809564787756)","dms_tuple(d=-30.0, m=-2.0, s=-30.502218809711508)",208.560159,13.904011,-30.041806
67650,121248,,13.900363,13.834678,193.7984,0.0,7.86,1.423,A5,0.371,Boo,23.486,261,618.2926139519136,HD121248_TypA5_Mag7.86,"hms_tuple(h=13.0, m=54.0, s=20.415390987198947)","dms_tuple(d=13.0, m=48.0, s=12.898219098304224)",208.585064,13.905671,13.803583
67758,121226,,13.920399,-47.092249,188.3239,0.0,7.43,1.055,A1V,0.099,Cen,32.961,188,423.08537820947436,HD121226_TypA1_Mag7.43,"hms_tuple(h=13.0, m=55.0, s=40.70873282534038)","dms_tuple(d=-47.0, m=-7.0, s=-23.79055882781131)",208.91962,13.927975,-47.123275
67810,121513,,13.930115,1.519709,307.6923,0.0,7.99,0.549,A0,0.136,Vir,52.529,288,693.4370594020932,HD121513_TypA0_Mag7.99,"hms_tuple(h=13.0, m=56.0, s=6.976987320831682)","dms_tuple(d=1.0, m=29.0, s=19.051082542577547)",209.029071,13.935271,1.488625
67830,121399,,13.932915,-39.409697,510.2041,0.0,7.19,-1.349,A0IV/V+...,0.393,Cen,301.717,156,342.3462494285041,HD121399_TypA0_Mag7.19,"hms_tuple(h=13.0, m=56.0, s=22.522429884745918)","dms_tuple(d=-39.0, m=-26.0, s=-26.651139877017158)",209.093843,13.93959,-39.440736
67838,121626,,13.93466,28.672549,137.3626,-6.0,6.99,1.301,A0,0.049,CVn,26.278,134,286.96584256768466,HD121626_TypA0_Mag6.99,"hms_tuple(h=13.0, m=56.0, s=25.91997381324603)","dms_tuple(d=28.0, m=38.0, s=29.17738698574624)",209.108,13.940533,28.641438
67874,121607,,13.941077,1.050581,90.2527,-23.0,5.9,1.123,A8V,0.217,Vir,30.96,58,109.69010395244493,HD121607_TypA8_Mag5.9,"hms_tuple(h=13.0, m=56.0, s=46.43686037651534)","dms_tuple(d=1.0, m=1.0, s=10.191821083619299)",209.193487,13.946232,1.019498
67891,121665,,13.94462,2.986545,102.459,0.0,7.06,2.007,A5,0.236,Vir,13.715,142,305.2478297284723,HD121665_TypA5_Mag7.06,"hms_tuple(h=13.0, m=56.0, s=59.21343720818314)","dms_tuple(d=2.0, m=57.0, s=19.65586676988508)",209.246723,13.949782,2.95546
67924,121631,,13.951511,-24.413924,308.642,0.0,7.85,0.403,A2IV,0.118,Hya,60.09,259,612.8614298360975,HD121631_TypA2_Mag7.85,"hms_tuple(h=13.0, m=57.0, s=25.823561064961638)","dms_tuple(d=-24.0, m=-26.0, s=-41.9374621354757)",209.357598,13.957173,-24.444983
67977,122007,,13.961896,53.910063,156.7398,-15.0,6.94,0.964,A0,0.295,UMa,35.843,129,274.581557295345,HD122007_TypA0_Mag6.94,"hms_tuple(h=13.0, m=58.0, s=14.304700789939488)","dms_tuple(d=53.0, m=52.0, s=44.0730035265733)",209.559603,13.97064,53.878909
67981,121845,,13.962621,11.962355,205.3388,0.0,7.73,1.168,A5,0.223,Boo,29.703,236,551.2912113423957,HD121845_TypA5_Mag7.73,"hms_tuple(h=13.0, m=58.0, s=4.402067900043676)","dms_tuple(d=11.0, m=55.0, s=52.54187747373962)",209.518342,13.967889,11.931262
67990,121880,,13.964478,16.202098,195.3125,33.0,7.59,1.136,A0V,0.062,Boo,30.591,212,487.2325692121131,HD121880_TypA0_Mag7.59,"hms_tuple(h=13.0, m=58.0, s=11.441969325648387)","dms_tuple(d=16.0, m=10.0, s=15.601901106546734)",209.547675,13.969845,16.171001
68015,121907,,13.968424,16.403057,146.4129,23.0,7.42,1.592,A0,0.184,Boo,20.1,187,419.36892659107707,HD121907_TypA0_Mag7.42,"hms_tuple(h=13.0, m=58.0, s=25.667359314326603)","dms_tuple(d=16.0, m=22.0, s=19.053586243795735)",209.606947,13.973796,16.371959
68057,121996,,13.977479,21.696219,144.7178,6.0,5.76,-0.043,A0Vs,-0.002,Boo,90.615,52,96.94439175940381,HD121996_TypA0_Mag5.76,"hms_tuple(h=13.0, m=58.0, s=58.89166007438689)","dms_tuple(d=21.0, m=39.0, s=54.4173550974611)",209.745382,13.983025,21.665116
68085,122200,,13.982057,53.106473,156.4945,0.0,6.83,0.858,A2,0.143,UMa,39.518,119,249.18500877779775,HD122200_TypA2_Mag6.83,"hms_tuple(h=13.0, m=59.0, s=26.2937241849626)","dms_tuple(d=53.0, m=4.0, s=31.15644132374257)",209.859557,13.990637,53.075321
68097,122080,,13.984792,25.815999,153.6098,-21.5,7.09,1.158,A5...,0.206,Boo,29.978,145,313.4352882448582,HD122080_TypA5_Mag7.09,"hms_tuple(h=13.0, m=59.0, s=25.859855163842695)","dms_tuple(d=25.0, m=47.0, s=5.6092311067888545)",209.857749,13.990517,25.784891
68195,122015,,14.005244,-46.127248,98.5222,0.0,6.57,1.602,A7V,0.24,Cen,19.916,97,198.10522595363804,HD122015_TypA7_Mag6.57,"hms_tuple(h=14.0, m=0.0, s=45.66859763798732)","dms_tuple(d=-46.0, m=-9.0, s=-29.793670180357026)",210.190286,14.012686,-46.158276
68247,122422,,14.017617,32.489412,151.5152,0.0,7.72,1.818,A5,0.242,CVn,16.323,234,546.4485785781236,HD122422_TypA5_Mag7.72,"hms_tuple(h=14.0, m=1.0, s=25.413513127116403)","dms_tuple(d=32.0, m=27.0, s=29.8673040683002)",210.35589,14.023726,32.458296
68256,122158,,14.019053,-44.197717,154.0832,0.0,6.7,0.761,A4/A5V,0.166,Cen,43.212,108,222.1820255290352,HD122158_TypA4_Mag6.7,"hms_tuple(h=14.0, m=1.0, s=34.48773717058927)","dms_tuple(d=-44.0, m=-13.0, s=-43.494811036519536)",210.393699,14.026247,-44.228749
68259,122405,,14.01958,27.386594,90.9918,-24.0,6.23,1.435,A7III,0.193,Boo,23.227,75,146.76273820280338,HD122405_TypA7_Mag6.23,"hms_tuple(h=14.0, m=1.0, s=31.381149045513865)","dms_tuple(d=27.0, m=21.0, s=19.74479433591881)",210.380755,14.025384,27.355485
68270,122208,,14.021367,-39.253304,210.5263,0.0,7.94,1.323,Ap,0.131,Cen,25.751,277,663.5111201850515,HD122208_TypAp_Mag7.94,"hms_tuple(h=14.0, m=1.0, s=40.895887765614134)","dms_tuple(d=-39.0, m=-17.0, s=-3.637197506627672)",210.4204,14.028027,-39.284344
68279,122365,,14.022341,8.894906,82.85,-17.0,5.98,1.389,A2V,0.089,Boo,24.233,62,117.71223220913615,HD122365_TypA2_Mag5.98,"hms_tuple(h=14.0, m=1.0, s=39.20861714278573)","dms_tuple(d=8.0, m=51.0, s=49.735873805394846)",210.413369,14.027558,8.863816
68301,122408,,14.027443,1.544532,68.9655,-2.0,4.23,0.037,A3V,0.121,Vir,84.178,16,25.134029577431015,HD122408_TypA3_Mag4.23,"hms_tuple(h=14.0, m=1.0, s=57.357998062256286)","dms_tuple(d=1.0, m=30.0, s=48.41380111723282)",210.488992,14.032599,1.513448
68313,122259,,14.029363,-39.438614,100.5025,0.0,7.54,2.529,A3IV/V,0.172,Cen,8.48,204,466.20558189854603,HD122259_TypA3_Mag7.54,"hms_tuple(h=14.0, m=2.0, s=9.745212823569034)","dms_tuple(d=-39.0, m=-28.0, s=-10.752180879977118)",210.540605,14.03604,-39.469653
68396,122944,,14.046381,61.679074,98.912,0.0,7.49,2.514,A2,0.315,UMa,8.598,197,446.0860343240754,HD122944_TypA2_Mag7.49,"hms_tuple(h=14.0, m=3.0, s=26.04757885902245)","dms_tuple(d=61.0, m=38.0, s=52.42191114153741)",210.858532,14.057235,61.647895
68417,122866,,14.049935,50.971809,100.4016,-10.0,6.16,1.151,A2V,0.026,UMa,30.172,71,137.97278383067092,HD122866_TypA2_Mag6.16,"hms_tuple(h=14.0, m=3.0, s=29.215290227665207)","dms_tuple(d=50.0, m=56.0, s=26.384521479359933)",210.87173,14.058115,50.940662
68451,122658,,14.057546,-10.967308,255.102,0.0,7.64,0.606,A2,0.29,Vir,49.843,221,509.2079239683959,HD122658_TypA2_Mag7.64,"hms_tuple(h=14.0, m=3.0, s=46.06953920076904)","dms_tuple(d=-10.0, m=-59.0, s=-54.16873463352857)",210.941956,14.062797,-10.99838
68532,122816,,14.072631,-9.257681,121.2121,0.0,6.65,1.232,A0,0.029,Vir,28.003,104,212.59354781364726,HD122816_TypA0_Mag6.65,"hms_tuple(h=14.0, m=4.0, s=40.27488213967331)","dms_tuple(d=-9.0, m=-17.0, s=-19.51731862419976)",211.167812,14.077854,-9.288755
68536,123299,Thuban,14.073165,64.37585,92.9368,-13.0,3.67,-1.171,A0III SB,-0.049,Dra,256.094,10,15.334975634074702,HD123299_TypA0_Mag3.67,"hms_tuple(h=14.0, m=5.0, s=6.254522955674702)","dms_tuple(d=64.0, m=20.0, s=40.77253214407506)",211.276061,14.085071,64.344659
68588,122958,,14.087226,-16.335986,103.3058,-13.0,6.56,1.489,A1/A2V,0.104,Vir,22.1,97,196.3650370330839,HD122958_TypA1_Mag6.56,"hms_tuple(h=14.0, m=5.0, s=33.35407283451843)","dms_tuple(d=-16.0, m=-22.0, s=-1.3908770348083976)",211.388975,14.092598,-16.367053
68596,123897,,14.089411,76.981647,180.8318,0.0,7.82,1.534,A2,0.213,UMi,21.203,253,596.8524553483364,HD123897_TypA2_Mag7.82,"hms_tuple(h=14.0, m=6.0, s=44.06382305187947)","dms_tuple(d=76.0, m=57.0, s=1.2224452638736238)",211.683599,14.11224,76.95034
68632,123003,,14.099137,-37.729231,264.5503,0.0,7.71,0.597,A0IV/V,0.018,Cen,50.257,233,541.648484297334,HD123003_TypA0_Mag7.71,"hms_tuple(h=14.0, m=6.0, s=20.365499570527987)","dms_tuple(d=-37.0, m=-45.0, s=-36.982560845069656)",211.584856,14.105657,-37.760273
68646,122982,,14.102289,-44.689087,175.1313,0.0,7.24,1.023,A0V,0.023,Cen,33.947,163,357.7868844682338,HD122982_TypA0_Mag7.24,"hms_tuple(h=14.0, m=6.0, s=34.35631552278707)","dms_tuple(d=-44.0, m=-43.0, s=-12.423647582009494)",211.643151,14.109543,-44.720118
68667,123177,,14.104937,-8.891617,118.4834,11.7,6.54,1.172,A0,0.018,Vir,29.594,95,192.9303832342453,HD123177_TypA0_Mag6.54,"hms_tuple(h=14.0, m=6.0, s=36.557237183210276)","dms_tuple(d=-8.0, m=-55.0, s=-21.688149406825374)",211.652322,14.110155,-8.922691
68670,123107,,14.105285,-26.579304,111.2347,0.0,7.36,2.129,A8/A9V,0.293,Hya,12.257,178,397.7458321127074,HD123107_TypA8_Mag7.36,"hms_tuple(h=14.0, m=6.0, s=39.781260918015136)","dms_tuple(d=-26.0, m=-36.0, s=-37.2967434263893)",211.665755,14.11105,-26.61036
68735,124063,,14.115681,74.593781,130.8901,-4.0,6.43,0.845,A7V,0.16,UMi,39.994,87,175.0859005727711,HD124063_TypA7_Mag6.43,"hms_tuple(h=14.0, m=8.0, s=6.165010013255738)","dms_tuple(d=74.0, m=33.0, s=45.035039781585056)",212.025688,14.135046,74.56251
68800,123344,,14.129838,-34.949462,221.2389,0.0,7.35,0.626,A0V,0.035,Cen,48.933,177,394.25196723909164,HD123344_TypA0_Mag7.35,"hms_tuple(h=14.0, m=8.0, s=10.06498469390749)","dms_tuple(d=-34.0, m=-58.0, s=-49.828222356749734)",212.041937,14.136129,-34.980508
68871,123523,,14.141383,-11.82946,104.712,0.0,6.84,1.74,A2,0.114,Vir,17.539,120,251.39328881580803,HD123523_TypA2_Mag6.84,"hms_tuple(h=14.0, m=8.0, s=47.94033626035457)","dms_tuple(d=-11.0, m=-51.0, s=-37.91299293628768)",212.199751,14.14665,-11.860531
68941,123583,,14.157455,-38.432767,158.7302,0.0,7.89,1.887,A3IV,0.155,Cen,15.318,267,634.876663483802,HD123583_TypA3_Mag7.89,"hms_tuple(h=14.0, m=9.0, s=50.5374851364968)","dms_tuple(d=-38.0, m=-27.0, s=-49.70843543046783)",212.460573,14.164038,-38.463808
68972,123880,,14.165759,11.373241,190.4762,0.0,7.5,1.101,A2,0.109,Boo,31.594,198,450.03925321819855,HD123880_TypA2_Mag7.5,"hms_tuple(h=14.0, m=10.0, s=15.65874943930794)","dms_tuple(d=11.0, m=20.0, s=31.733490501185457)",212.565245,14.171016,11.342148
68979,123702,,14.167596,-36.993941,89.3655,0.0,7.87,3.114,A7III+...,0.345,Cen,4.948,263,623.771929275639,HD123702_TypA7_Mag7.87,"hms_tuple(h=14.0, m=10.0, s=26.588777434597688)","dms_tuple(d=-37.0, m=-1.0, s=-29.94237943063581)",212.610787,14.174052,-37.024984
68987,123664,,14.169701,-45.913809,555.5556,0.0,7.64,-1.084,A1V,0.087,Cen,236.374,221,509.2079239683959,HD123664_TypA1_Mag7.64,"hms_tuple(h=14.0, m=10.0, s=37.61046587618608)","dms_tuple(d=-45.0, m=-56.0, s=-41.41472279658217)",212.65671,14.177114,-45.944837
68991,123746,,14.170288,-30.620954,127.551,0.0,6.77,1.242,A2IV/V,0.111,Cen,27.746,113,236.33677266456448,HD123746_TypA2_Mag6.77,"hms_tuple(h=14.0, m=10.0, s=34.60737265387692)","dms_tuple(d=-30.0, m=-39.0, s=-7.219532945005938)",212.644197,14.17628,-30.652005
69002,123769,,14.173169,-30.08767,238.0952,0.0,7.14,0.256,A5IV/V,0.167,Hya,68.802,151,327.5719697549974,HD123769_TypA5_Mag7.14,"hms_tuple(h=14.0, m=10.0, s=44.8615704187894)","dms_tuple(d=-30.0, m=-7.0, s=-7.3994820915532955)",212.686923,14.179128,-30.118722
69042,123980,,14.179931,0.799579,103.4126,0.0,6.85,1.777,A2,0.13,Vir,16.951,121,253.62113865358353,HD123980_TypA2_Mag6.85,"hms_tuple(h=14.0, m=11.0, s=6.30999167665621)","dms_tuple(d=0.0, m=46.0, s=6.585444066582653)",212.776292,14.185086,0.768496
69138,124159,,14.197837,-6.126756,164.2036,0.0,7.63,1.553,A5,0.234,Vir,20.835,219,504.73495772895257,HD124159_TypA5_Mag7.63,"hms_tuple(h=14.0, m=12.0, s=10.87761275758183)","dms_tuple(d=-6.0, m=-9.0, s=-28.197773266700423)",213.045323,14.203022,-6.157833
69160,124270,,14.202977,20.642696,173.6111,-2.0,7.58,1.382,A5,0.246,Boo,24.389,211,482.9526381068404,HD124270_TypA5_Mag7.58,"hms_tuple(h=14.0, m=12.0, s=30.543006314001815)","dms_tuple(d=20.0, m=36.0, s=41.73852494259137)",213.127263,14.208484,20.611594
69209,124568,,14.215635,50.71286,177.6199,0.0,7.81,1.563,A0,0.12,Boo,20.644,251,591.6096051155723,HD124568_TypA0_Mag7.81,"hms_tuple(h=14.0, m=13.0, s=25.57248391154772)","dms_tuple(d=50.0, m=40.0, s=54.17024746051311)",213.356552,14.22377,50.681714
69249,124228,,14.222854,-39.978593,478.4689,0.0,7.86,-0.539,A2/A3III,0.173,Cen,143.087,261,618.2926139519136,HD124228_TypA2_Mag7.86,"hms_tuple(h=14.0, m=13.0, s=46.50190354121236)","dms_tuple(d=-40.0, m=-0.0, s=-34.67358730905232)",213.443758,14.229584,-40.009632
69253,124407,,14.223397,5.400898,230.4147,0.0,7.74,0.927,A3+...,0.357,Vir,37.085,238,556.1767595666211,HD124407_TypA3_Mag7.74,"hms_tuple(h=14.0, m=13.0, s=42.867719174274015)","dms_tuple(d=5.0, m=22.0, s=11.318709435057812)",213.428615,14.228574,5.369811
69260,124675,,14.224718,51.789965,50.1002,-17.0,4.53,1.031,A8IV,0.233,Boo,33.698,20,32.75029184487014,HD124675_TypA8_Mag4.53,"hms_tuple(h=14.0, m=13.0, s=58.964667306346)","dms_tuple(d=51.0, m=45.0, s=31.739245564565977)",213.495686,14.233046,51.758816
69266,124254,,14.227347,-45.986343,122.1001,0.0,7.43,1.996,A4V,0.221,Cen,13.855,188,423.08537820947436,HD124254_TypA4_Mag7.43,"hms_tuple(h=14.0, m=14.0, s=5.1710504926829515)","dms_tuple(d=-46.0, m=-1.0, s=-2.5366304054210786)",213.521546,14.23477,-46.017371
69267,124548,,14.227606,24.778243,221.2389,-11.0,7.98,1.256,A2V,0.048,Boo,27.391,286,687.3457941057625,HD124548_TypA2_Mag7.98,"hms_tuple(h=14.0, m=13.0, s=59.81482747150551)","dms_tuple(d=24.0, m=44.0, s=49.69179081438199)",213.499228,14.233282,24.747137
69286,124586,,14.229508,31.195318,303.0303,-12.0,7.5,0.093,A0,-0.075,Boo,79.947,198,450.03925321819855,HD124586_TypA0_Mag7.5,"hms_tuple(h=14.0, m=14.0, s=7.915127470059815)","dms_tuple(d=31.0, m=9.0, s=51.13477883312413)",213.53298,14.235532,31.164204
69369,124713,,14.244711,21.873392,59.8802,-4.0,6.38,2.494,A7V,0.194,Boo,8.758,84,167.52990115327088,HD124713_TypA7_Mag6.38,"hms_tuple(h=14.0, m=15.0, s=0.9515132001546078)","dms_tuple(d=21.0, m=50.0, s=32.23948185055576)",213.753965,14.250264,21.842289
69376,124503,,14.245344,-31.050674,192.3077,0.0,7.25,0.83,A9IV/V+...,0.38,Cen,40.551,164,360.95759541392204,HD124503_TypA9_Mag7.25,"hms_tuple(h=14.0, m=15.0, s=4.905886546467997)","dms_tuple(d=-31.0, m=-4.0, s=-54.20962108375619)",213.770441,14.251363,-31.081725
69400,124576,,14.250349,-29.281904,169.2047,-13.0,6.1,-0.042,A1V,0.04,Hya,90.532,68,130.85876476286535,HD124576_TypA1_Mag6.1,"hms_tuple(h=14.0, m=15.0, s=22.538057818079693)","dms_tuple(d=-29.0, m=-18.0, s=-46.645383930991784)",213.843909,14.256261,-29.312957
69427,125019,,14.254723,52.535925,93.2836,-15.0,6.56,1.711,A4V,0.096,Boo,18.014,97,196.3650370330839,HD125019_TypA4_Mag6.56,"hms_tuple(h=14.0, m=15.0, s=47.488876512799294)","dms_tuple(d=52.0, m=30.0, s=17.188755648263054)",213.94787,14.263191,52.504775
69434,124703,,14.256398,-12.242521,257.0694,0.0,7.99,0.94,A5,0.294,Vir,36.644,288,693.4370594020932,HD124703_TypA5_Mag7.99,"hms_tuple(h=14.0, m=15.0, s=42.023582436458184)","dms_tuple(d=-12.0, m=-16.0, s=-24.931177039828043)",213.925098,14.261673,-12.273592
69435,124683,,14.256691,-18.20069,75.643,-19.0,5.53,1.136,A0V,0.001,Vir,30.591,44,79.13926573372774,HD124683_TypA0_Mag5.53,"hms_tuple(h=14.0, m=15.0, s=43.62513043941689)","dms_tuple(d=-18.0, m=-13.0, s=-54.31857086307417)",213.931771,14.262118,-18.231755
69438,124883,,14.257328,27.734105,168.9189,-4.0,7.31,1.172,A2,0.282,Boo,29.594,171,380.5807304870462,HD124883_TypA2_Mag7.31,"hms_tuple(h=14.0, m=15.0, s=47.34010297021314)","dms_tuple(d=27.0, m=42.0, s=10.782945726484456)",213.94725,14.26315,27.702995
69475,125306,,14.26658,64.853188,111.7318,0.0,7.33,2.089,A0,0.31,Dra,12.717,174,387.3560399526628,HD125306_TypA0_Mag7.33,"hms_tuple(h=14.0, m=16.0, s=43.306607709071585)","dms_tuple(d=64.0, m=49.0, s=19.180837314926293)",214.180444,14.278696,64.821995
69490,125161,,14.269439,51.367231,29.0698,-18.7,4.75,2.433,A9V,0.236,Boo,9.264,24,39.766198834151524,HD125161_TypA9_Mag4.75,"hms_tuple(h=14.0, m=16.0, s=39.683001601118804)","dms_tuple(d=51.0, m=20.0, s=9.900428937555716)",214.165346,14.27769,51.336083
69501,124929,,14.272301,6.081122,165.8375,-17.7,7.72,1.622,A0,0.232,Vir,19.552,234,546.4485785781236,HD124929_TypA0_Mag7.72,"hms_tuple(h=14.0, m=16.0, s=38.94425787815635)","dms_tuple(d=6.0, m=3.0, s=0.1228573499759733)",214.162268,14.277485,6.050034
69504,124915,,14.272606,-6.621544,64.2674,-34.0,6.44,2.4,A9III,0.275,Vir,9.55,88,176.63751357336122,HD124915_TypA9_Mag6.44,"hms_tuple(h=14.0, m=16.0, s=40.06411574875145)","dms_tuple(d=-6.0, m=-39.0, s=-9.432930907538974)",214.166934,14.277796,-6.65262
69509,125162,Xuange,14.273074,46.088305,30.3582,-8.1,4.18,1.769,A0sh,0.087,Boo,17.077,15,24.049346503148676,HD125162_TypA0_Mag4.18,"hms_tuple(h=14.0, m=16.0, s=49.80750276463027)","dms_tuple(d=46.0, m=3.0, s=25.80668637497581)",214.207531,14.280502,46.057169
69510,124740,,14.273428,-41.233234,261.0966,0.0,7.86,0.776,Ap...,-0.018,Cen,42.619,261,618.2926139519136,HD124740_TypAp_Mag7.86,"hms_tuple(h=14.0, m=16.0, s=49.02794911419207)","dms_tuple(d=-41.0, m=-15.0, s=-51.3740445005169)",214.204283,14.280286,-41.264271
69524,124931,,14.275046,-3.196305,140.2525,2.0,6.15,0.415,A1V,-0.007,Vir,59.429,71,136.76080818184963,HD124931_TypA1_Mag6.15,"hms_tuple(h=14.0, m=16.0, s=48.751800630253115)","dms_tuple(d=-3.0, m=-13.0, s=-38.58384612315813)",214.203133,14.280209,-3.227384
69535,124954,,14.276719,-7.466767,108.4599,0.0,7.87,2.694,A0,0.264,Vir,7.285,263,623.771929275639,HD124954_TypA0_Mag7.87,"hms_tuple(h=14.0, m=16.0, s=54.90515489658932)","dms_tuple(d=-7.0, m=-29.0, s=-52.2329175420586)",214.228771,14.281918,-7.497842
69549,125273,,14.279109,53.26356,321.5434,0.0,7.85,0.314,A5,0.291,Boo,65.223,259,612.8614298360975,HD125273_TypA5_Mag7.85,"hms_tuple(h=14.0, m=17.0, s=15.79414438305264)","dms_tuple(d=53.0, m=13.0, s=56.66820937469595)",214.315809,14.287721,53.232408
69595,125349,,14.289208,51.307373,90.3342,-9.0,6.19,1.411,A2IV,0.07,Boo,23.747,73,141.67353559361956,HD125349_TypA2_Mag6.19,"hms_tuple(h=14.0, m=17.0, s=50.81268548218134)","dms_tuple(d=51.0, m=16.0, s=34.41213099020729)",214.46172,14.297448,51.276226
69604,125048,,14.29102,-19.963774,80.7103,0.0,6.95,2.415,A5IV,0.244,Vir,9.419,130,277.01490180011757,HD125048_TypA5_Mag6.95,"hms_tuple(h=14.0, m=17.0, s=47.41900471176265)","dms_tuple(d=-19.0, m=-59.0, s=-41.414496753502874)",214.447579,14.296505,-19.994837
69636,125469,,14.296638,55.42536,151.0574,-6.3,6.88,0.984,A2,0.034,UMa,35.188,123,260.4238489413245,HD125469_TypA2_Mag6.88,"hms_tuple(h=14.0, m=18.0, s=20.571303823186042)","dms_tuple(d=55.0, m=23.0, s=39.127368681478174)",214.585714,14.305714,55.394202
69680,125150,,14.306601,-33.22055,96.1538,-29.0,6.54,1.625,A9IV/V,0.284,Cen,19.498,95,192.9303832342453,HD125150_TypA9_Mag6.54,"hms_tuple(h=14.0, m=18.0, s=45.95344973571372)","dms_tuple(d=-33.0, m=-15.0, s=-5.753292240390806)",214.691473,14.312765,-33.251598
69693,125557,,14.308653,52.033323,97.371,0.0,6.91,1.968,A2,0.157,Boo,14.217,126,267.409023780344,HD125557_TypA2_Mag6.91,"hms_tuple(h=14.0, m=19.0, s=1.2933922208438275)","dms_tuple(d=52.0, m=0.0, s=7.825952130841074)",214.755389,14.317026,52.002174
69699,125335,,14.309917,10.510495,95.4198,-29.0,7.21,2.312,Am...,0.318,Boo,10.356,159,348.44088743422355,HD125335_TypAm_Mag7.21,"hms_tuple(h=14.0, m=18.0, s=54.5726923322367)","dms_tuple(d=10.0, m=28.0, s=45.850823719105165)",214.727386,14.315159,10.479403
69705,125248,,14.310627,-18.715968,102.0408,-9.0,5.86,0.816,Ap Si(Cr),0.013,Vir,41.077,56,105.88644663402476,HD125248_TypAp_Mag5.86,"hms_tuple(h=14.0, m=18.0, s=57.853573812363095)","dms_tuple(d=-18.0, m=-44.0, s=-49.317492905324514)",214.741057,14.31607,-18.747033
69709,125310,,14.31144,-7.013696,153.6098,0.0,7.44,1.508,A2,0.156,Vir,21.717,189,426.83476505925523,HD125310_TypA2_Mag7.44,"hms_tuple(h=14.0, m=18.0, s=59.881879874113935)","dms_tuple(d=-7.0, m=-2.0, s=-41.178826889926086)",214.749508,14.316634,-7.044772
69727,125558,,14.31456,48.592421,74.6269,0.0,7.1,2.736,A5,0.294,Boo,7.008,146,316.2129549015887,HD125558_TypA5_Mag7.1,"hms_tuple(h=14.0, m=19.0, s=20.454995109974874)","dms_tuple(d=48.0, m=33.0, s=40.606418926180936)",214.835229,14.322349,48.56128
69734,125632,,14.315532,54.863753,101.4199,-3.0,6.47,1.439,A5Vn,0.183,Boo,23.142,90,181.37534353960828,HD125632_TypA5_Mag6.47,"hms_tuple(h=14.0, m=19.0, s=28.133578694943964)","dms_tuple(d=54.0, m=49.0, s=57.34779653513499)",214.867223,14.324482,54.832597
69749,125299,,14.318263,-22.953519,248.7562,0.0,7.87,0.891,A0V,0.075,Hya,38.335,263,623.771929275639,HD125299_TypA0_Mag7.87,"hms_tuple(h=14.0, m=19.0, s=25.90378689620877)","dms_tuple(d=-22.0, m=-59.0, s=-4.485173569407266)",214.857932,14.323862,-22.984579
69750,125337,Khambalia,14.318498,-13.371095,57.1755,-11.0,4.52,0.734,A1V,0.128,Vir,44.3,20,32.462607889340894,HD125337_TypA1_Mag4.52,"hms_tuple(h=14.0, m=19.0, s=25.66902314472358)","dms_tuple(d=-13.0, m=-24.0, s=-7.793685317045487)",214.856954,14.323797,-13.402165
69771,125283,,14.323302,-37.002907,73.4754,0.3,5.93,1.599,A1V,0.082,Cen,19.971,60,112.63224829649297,HD125283_TypA1_Mag5.93,"hms_tuple(h=14.0, m=19.0, s=47.133121383909895)","dms_tuple(d=-37.0, m=-2.0, s=-2.219933315284379)",214.946388,14.329759,-37.03395
69774,125379,,14.323833,-18.523626,127.0648,0.0,7.27,1.75,A3:m...,0.34,Vir,17.378,166,367.38356293404297,HD125379_TypA3_Mag7.27,"hms_tuple(h=14.0, m=19.0, s=45.37298222491003)","dms_tuple(d=-18.0, m=-33.0, s=-16.88699522902766)",214.939054,14.32927,-18.554691
69798,125489,,14.328042,0.384333,63.2511,-22.0,6.18,2.175,A7V,0.201,Vir,11.749,72,140.42905193202526,HD125489_TypA7_Mag6.18,"hms_tuple(h=14.0, m=19.0, s=59.508275041606)","dms_tuple(d=0.0, m=21.0, s=11.701205373987733)",214.997951,14.333197,0.35325
69805,125642,,14.329926,38.794052,132.2751,-11.0,6.33,0.723,A2V,0.053,Boo,44.751,81,160.2999881121757,HD125642_TypA2_Mag6.33,"hms_tuple(h=14.0, m=20.0, s=11.532108470284896)","dms_tuple(d=38.0, m=45.0, s=46.539956140625804)",215.04805,14.336537,38.762928
69817,126028,,14.331916,67.782495,142.6534,0.0,6.95,1.179,A0,0.02,UMi,29.404,130,277.01490180011757,HD126028_TypA0_Mag6.95,"hms_tuple(h=14.0, m=20.0, s=43.908140631078396)","dms_tuple(d=67.0, m=45.0, s=4.6264517142219574)",215.182951,14.34553,67.751285
69826,125438,,14.335649,-28.049036,113.1222,0.0,7.2,1.932,A0V,0.059,Hya,14.696,158,345.3801253121633,HD125438_TypA0_Mag7.2,"hms_tuple(h=14.0, m=20.0, s=29.368842614930912)","dms_tuple(d=-28.0, m=-4.0, s=-48.32583663472349)",215.12237,14.341491,-28.080091
69827,125658,,14.335741,30.429128,92.9368,1.0,6.45,1.609,A5III,0.156,Boo,19.788,89,178.20287698386963,HD125658_TypA5_Mag6.45,"hms_tuple(h=14.0, m=20.0, s=30.181864403185443)","dms_tuple(d=30.0, m=23.0, s=52.85418166670411)",215.125758,14.341717,30.398015
69865,125709,,14.342489,26.572818,176.9912,-13.4,7.56,1.32,A2,0.199,Boo,25.823,208,474.5052325085976,HD125709_TypA2_Mag7.56,"hms_tuple(h=14.0, m=20.0, s=53.70322441386932)","dms_tuple(d=26.0, m=32.0, s=30.154551454978957)",215.223763,14.348251,26.54171
69866,125473,,14.342623,-37.885295,79.3651,-5.0,4.05,-0.448,A0IV,-0.03,Cen,131.583,14,21.443234265685387,HD125473_TypA0_Mag4.05,"hms_tuple(h=14.0, m=20.0, s=56.964813399194014)","dms_tuple(d=-37.0, m=-54.0, s=-58.81214061253729)",215.237353,14.349157,-37.916337
69873,125509,,14.34371,-34.677898,448.4305,0.0,7.7,-0.558,A0V,-0.022,Cen,145.613,231,536.8905548349917,HD125509_TypA0_Mag7.7,"hms_tuple(h=14.0, m=20.0, s=59.929576423575526)","dms_tuple(d=-34.0, m=-42.0, s=-32.19914398405763)",215.249707,14.34998,-34.708944
69896,125494,,14.347424,-42.424816,131.9261,0.0,7.19,1.588,A1V,0.136,Cen,20.174,156,342.3462494285041,HD125494_TypA1_Mag7.19,"hms_tuple(h=14.0, m=21.0, s=15.877911285413546)","dms_tuple(d=-42.0, m=-27.0, s=-21.062201912296814)",215.316158,14.354411,-42.455851
69897,125798,,14.347426,36.392387,136.4256,-4.7,7.35,1.676,A0,0.214,Boo,18.604,177,394.25196723909164,HD125798_TypA0_Mag7.35,"hms_tuple(h=14.0, m=21.0, s=13.776994525523776)","dms_tuple(d=36.0, m=21.0, s=40.55849003671824)",215.307404,14.353827,36.361266
69917,126228,,14.352154,67.802909,164.2036,0.0,7.29,1.213,A2,0.13,UMi,28.497,169,373.9239290957076,HD126228_TypA2_Mag7.29,"hms_tuple(h=14.0, m=21.0, s=56.807666507435215)","dms_tuple(d=67.0, m=46.0, s=18.116384528260596)",215.486699,14.36578,67.771699
69930,125676,,14.354485,-11.398513,260.4167,0.0,7.8,0.722,A3,0.211,Vir,44.792,249,586.4128089424291,HD125676_TypA3_Mag7.8,"hms_tuple(h=14.0, m=21.0, s=35.07816669407845)","dms_tuple(d=-11.0, m=-25.0, s=-46.505265582063515)",215.396159,14.359744,-11.429585
69959,125729,,14.359115,-10.371148,158.7302,0.0,7.58,1.577,A2,0.164,Vir,20.38,211,482.9526381068404,HD125729_TypA2_Mag7.58,"hms_tuple(h=14.0, m=21.0, s=51.680808473325044)","dms_tuple(d=-10.0, m=-24.0, s=-7.994758633199552)",215.465337,14.364356,-10.402221
69996,125817,,14.366271,-1.988084,107.0664,0.0,6.82,1.672,A2,0.198,Vir,18.672,118,246.99612663521023,HD125817_TypA2_Mag6.82,"hms_tuple(h=14.0, m=22.0, s=17.143851422550966)","dms_tuple(d=-2.0, m=-1.0, s=-8.99221511779512)",215.571433,14.371429,-2.019165
70058,125981,,14.379553,-0.637132,123.0012,0.0,6.74,1.29,A0,0.058,Vir,26.546,111,230.16325744576756,HD125981_TypA0_Mag6.74,"hms_tuple(h=14.0, m=23.0, s=4.948784412295453)","dms_tuple(d=-0.0, m=-40.0, s=-5.5694461630082515)",215.77062,14.384708,-0.668214
70063,126031,,14.380472,14.938925,124.533,0.0,7.54,2.064,A2,0.343,Boo,13.014,204,466.20558189854603,HD126031_TypA2_Mag7.54,"hms_tuple(h=14.0, m=23.0, s=8.902280455859994)","dms_tuple(d=14.0, m=54.0, s=28.183562151967436)",215.787093,14.385806,14.907829
70103,126128,,14.389638,8.446617,65.9196,-18.0,4.86,0.765,A0V,0.01,Boo,43.053,26,43.81910796782462,HD126128_TypA0_Mag4.86,"hms_tuple(h=14.0, m=23.0, s=41.45550288923275)","dms_tuple(d=8.0, m=24.0, s=55.896977225154956)",215.922731,14.394849,8.415527
70133,126083,,14.395177,-12.98036,260.4167,0.0,7.82,0.742,A1IV/V,0.2,Lib,43.974,253,596.8524553483364,HD126083_TypA1_Mag7.82,"hms_tuple(h=14.0, m=24.0, s=1.682918254680601)","dms_tuple(d=-13.0, m=-0.0, s=-41.14903668427701)",216.007012,14.400467,-13.01143
70151,126057,,14.398815,-29.676298,120.919,0.0,6.93,1.518,A4V,0.188,Hya,21.518,128,272.1695876893252,HD126057_TypA4_Mag6.93,"hms_tuple(h=14.0, m=24.0, s=17.098735261861577)","dms_tuple(d=-29.0, m=-42.0, s=-26.462076927090834)",216.071245,14.40475,-29.707351
70155,126131,,14.399363,-16.101911,157.4803,-19.0,6.69,0.704,A1V,0.091,Lib,45.541,107,220.23034203703895,HD126131_TypA1_Mag6.69,"hms_tuple(h=14.0, m=24.0, s=17.024256251625616)","dms_tuple(d=-16.0, m=-7.0, s=-58.72170951813615)",216.070934,14.404729,-16.132978
70160,126200,,14.400243,8.243969,135.5014,-7.0,5.94,0.28,A3V,0.066,Boo,67.298,60,113.63039640648289,HD126200_TypA3_Mag5.94,"hms_tuple(h=14.0, m=24.0, s=19.623809582422638)","dms_tuple(d=8.0, m=12.0, s=46.36485568983801)",216.081766,14.405451,8.212879
70168,126001,,14.401963,-41.2372,212.766,0.0,7.82,1.18,A5IV,0.254,Cen,29.376,253,596.8524553483364,HD126001_TypA5_Mag7.82,"hms_tuple(h=14.0, m=24.0, s=31.75544862786154)","dms_tuple(d=-41.0, m=-16.0, s=-5.651621490002299)",216.132314,14.408821,-41.268237
70175,126269,,14.403128,16.273674,471.6981,-20.1,6.9,-1.468,Am,0.672,Boo,336.667,125,265.0600588895962,HD126269_TypAm_Mag6.9,"hms_tuple(h=14.0, m=24.0, s=30.588986063894765)","dms_tuple(d=16.0, m=14.0, s=33.275246660061555)",216.127454,14.408497,16.242576
70176,126248,,14.403151,5.820131,48.7567,-10.0,5.1,1.66,A5V,0.124,Vir,18.88,31,54.15343062270252,HD126248_TypA5_Mag5.1,"hms_tuple(h=14.0, m=24.0, s=29.99544653229748)","dms_tuple(d=5.0, m=47.0, s=20.55612207395569)",216.124981,14.408332,5.789043
70217,126062,,14.410279,-47.177737,110.3753,0.0,7.45,2.236,A1V,0.079,Lup,11.107,191,430.6173790127683,HD126062_TypA1_Mag7.45,"hms_tuple(h=14.0, m=25.0, s=4.320658842248548)","dms_tuple(d=-47.0, m=-12.0, s=-31.54675257593624)",216.268003,14.417867,-47.208763
70219,126214,,14.410505,-14.713473,122.399,0.0,7.92,2.481,A2m...,0.304,Lib,8.863,273,651.9055358919003,HD126214_TypA2_Mag7.92,"hms_tuple(h=14.0, m=24.0, s=57.006599686199735)","dms_tuple(d=-14.0, m=-44.0, s=-40.349808229950526)",216.237527,14.415835,-14.744542
70259,126194,,14.416951,-37.447039,110.3753,0.0,6.7,1.486,A1V,0.114,Cen,22.162,108,222.1820255290352,HD126194_TypA1_Mag6.7,"hms_tuple(h=14.0, m=25.0, s=24.40697847010682)","dms_tuple(d=-37.0, m=-28.0, s=-41.0928352286345)",216.351696,14.423446,-37.478081
70289,126366,,14.424344,-19.96584,138.8889,0.0,6.98,1.267,A2V,0.137,Lib,27.114,133,284.4450873609016,HD126366_TypA2_Mag6.98,"hms_tuple(h=14.0, m=25.0, s=47.385663819320456)","dms_tuple(d=-19.0, m=-59.0, s=-48.85208908442195)",216.44744,14.429829,-19.996903
70294,126367,,14.42497,-19.969985,127.8772,-2.0,6.63,1.096,A1/A2V,0.136,Lib,31.739,102,208.87503841075554,HD126367_TypA1_Mag6.63,"hms_tuple(h=14.0, m=25.0, s=49.6397837627768)","dms_tuple(d=-20.0, m=-0.0, s=-3.7740736974129163)",216.456832,14.430455,-20.001048
70325,126514,,14.431891,4.857307,135.1351,0.0,7.72,2.066,A3,0.29,Vir,12.99,234,546.4485785781236,HD126514_TypA3_Mag7.72,"hms_tuple(h=14.0, m=26.0, s=13.430350066059447)","dms_tuple(d=4.0, m=49.0, s=34.392905514959864)",216.55596,14.437064,4.82622
70328,126515,,14.432188,0.992713,106.383,0.0,7.08,1.946,A2p,0.02,Vir,14.508,144,310.68202106935195,HD126515_TypA2_Mag7.08,"hms_tuple(h=14.0, m=26.0, s=14.436136272028364)","dms_tuple(d=0.0, m=57.0, s=41.86721083089836)",216.560151,14.437343,0.96163
70352,126354,,14.436336,-45.379276,97.8474,-1.0,4.33,-0.623,A7:+...,0.434,Lup,154.597,17,27.45236762280781,HD126354_TypA7_Mag4.33,"hms_tuple(h=14.0, m=26.0, s=37.24274529696757)","dms_tuple(d=-45.0, m=-24.0, s=-37.099512175067275)",216.655178,14.443679,-45.410305
70378,126459,,14.44094,-33.25021,300.3003,0.0,7.14,-0.248,A5:V+...,0.645,Cen,109.446,151,327.5719697549974,HD126459_TypA5_Mag7.14,"hms_tuple(h=14.0, m=26.0, s=49.58138686491523)","dms_tuple(d=-33.0, m=-16.0, s=-52.529153170885365)",216.706589,14.447106,-33.281258
70397,126676,,14.446498,8.381736,234.192,0.0,7.42,0.572,A0,0.007,Boo,51.428,187,419.36892659107707,HD126676_TypA0_Mag7.42,"hms_tuple(h=14.0, m=27.0, s=6.148372795801578)","dms_tuple(d=8.0, m=21.0, s=2.325594522932448)",216.775618,14.451708,8.350646
70406,126968,,14.447658,56.036318,341.2969,0.0,7.53,-0.136,A0,-0.048,UMa,98.719,203,462.11035531169057,HD126968_TypA0_Mag7.53,"hms_tuple(h=14.0, m=27.0, s=24.758083806974724)","dms_tuple(d=56.0, m=0.0, s=18.5698618016346)",216.853159,14.456877,56.005158
70428,126699,,14.450569,1.714943,133.6898,0.0,7.82,2.19,A0,0.144,Vir,11.588,253,596.8524553483364,HD126699_TypA0_Mag7.82,"hms_tuple(h=14.0, m=27.0, s=20.61313901914758)","dms_tuple(d=1.0, m=41.0, s=1.8928420766681597)",216.835888,14.455726,1.683859
70439,126504,,14.453392,-46.134254,67.8426,-26.0,5.83,1.672,Am,0.311,Lup,18.672,55,103.12051401004337,HD126504_TypAm_Mag5.83,"hms_tuple(h=14.0, m=27.0, s=39.004809314847506)","dms_tuple(d=-46.0, m=-9.0, s=-55.0152223083677)",216.91252,14.460835,-46.165282
70456,126722,,14.456774,-6.120332,78.8644,-15.0,6.18,1.696,A2IV,0.093,Vir,18.264,72,140.42905193202526,HD126722_TypA2_Mag6.18,"hms_tuple(h=14.0, m=27.0, s=43.05058710097313)","dms_tuple(d=-6.0, m=-9.0, s=-5.071394569349721)",216.929377,14.461958,-6.151409
70473,126561,,14.459333,-46.213515,126.7427,0.0,7.22,1.705,A0V,0.009,Lup,18.113,160,351.52877406079745,HD126561_TypA0_Mag7.22,"hms_tuple(h=14.0, m=28.0, s=0.43109523116740434)","dms_tuple(d=-46.0, m=-14.0, s=-40.35427986661148)",217.001796,14.466786,-46.244543
70485,127147,,14.461854,58.334508,207.4689,-17.0,7.78,1.195,A2,0.182,UMa,28.973,245,576.1557641428401,HD127147_TypA2_Mag7.78,"hms_tuple(h=14.0, m=28.0, s=17.992174780382157)","dms_tuple(d=58.0, m=18.0, s=12.02822491895688)",217.074967,14.471664,58.303341
70492,126606,,14.46263,-44.330258,118.4834,0.0,6.99,1.622,A1V,0.122,Lup,19.552,134,286.96584256768466,HD126606_TypA1_Mag6.99,"hms_tuple(h=14.0, m=28.0, s=11.423453615096406)","dms_tuple(d=-44.0, m=-21.0, s=-40.64156296688509)",217.047598,14.46984,-44.361289
70523,126846,,14.467982,-3.003937,215.0538,0.0,7.77,1.107,A0,0.082,Vir,31.42,244,571.094717053101,HD126846_TypA0_Mag7.77,"hms_tuple(h=14.0, m=28.0, s=23.317987270103373)","dms_tuple(d=-3.0, m=-2.0, s=-6.059678590609003)",217.097158,14.473144,-3.035017
70541,126818,,14.471657,-20.564614,137.931,0.0,7.96,2.262,A0V,0.068,Lib,10.844,282,675.323313533301,HD126818_TypA0_Mag7.96,"hms_tuple(h=14.0, m=28.0, s=37.78893577892333)","dms_tuple(d=-20.0, m=-35.0, s=-44.436257814362534)",217.157454,14.477164,-20.595677
70558,127043,,14.475385,28.289448,483.0918,-13.0,7.62,-0.8,A1V,0.0,Boo,181.97,217,500.3012827613783,HD127043_TypA1_Mag7.62,"hms_tuple(h=14.0, m=28.0, s=52.45351090857298)","dms_tuple(d=28.0, m=15.0, s=30.01541146644371)",217.218556,14.481237,28.258338
70562,127067,,14.475915,28.290528,349.6503,-12.0,7.12,-0.598,A1V,-0.006,Boo,151.078,148,321.8423534887257,HD127067_TypA1_Mag7.12,"hms_tuple(h=14.0, m=28.0, s=54.36172436551601)","dms_tuple(d=28.0, m=15.0, s=33.903406903354494)",217.226507,14.481767,28.259418
70595,127411,,14.48278,60.386411,118.9061,0.0,7.53,2.154,A2,0.135,Dra,11.978,203,462.11035531169057,HD127411_TypA2_Mag7.53,"hms_tuple(h=14.0, m=29.0, s=35.525086861248525)","dms_tuple(d=60.0, m=21.0, s=18.85314928872731)",217.398021,14.493201,60.355237
70667,127304,,14.497131,31.791188,110.1322,-9.0,6.06,0.85,A0Vs,-0.013,Boo,39.811,66,126.32105461095017,HD127304_TypA0_Mag6.06,"hms_tuple(h=14.0, m=30.0, s=11.496372576358738)","dms_tuple(d=31.0, m=45.0, s=36.264094205185415)",217.547902,14.503193,31.760073
70669,127167,,14.497366,0.828929,79.3021,-9.0,5.96,1.464,A5IV,0.159,Vir,22.615,61,115.65330781182224,HD127167_TypA5_Mag5.96,"hms_tuple(h=14.0, m=30.0, s=9.076121630219802)","dms_tuple(d=0.0, m=47.0, s=52.245347839682665)",217.537817,14.502521,0.797846
70693,126997,,14.502771,-43.863893,146.1988,0.0,6.91,1.085,A0/A1V,0.126,Lup,32.063,126,267.409023780344,HD126997_TypA0_Mag6.91,"hms_tuple(h=14.0, m=30.0, s=35.72692530433699)","dms_tuple(d=-43.0, m=-53.0, s=-41.7305302158735)",217.648862,14.509924,-43.894925
70723,127189,,14.512417,-26.835923,225.7336,0.0,7.83,1.062,A6V,0.244,Hya,32.749,255,602.141767772257,HD127189_TypA6_Mag7.83,"hms_tuple(h=14.0, m=31.0, s=5.5033463332223675)","dms_tuple(d=-26.0, m=-52.0, s=-1.1240887277782008)",217.772931,14.518195,-26.866979
70737,127945,,14.514898,68.081752,141.0437,0.0,7.43,1.683,A3,0.314,UMi,18.484,188,423.08537820947436,HD127945_TypA3_Mag7.43,"hms_tuple(h=14.0, m=31.0, s=43.277860730737814)","dms_tuple(d=68.0, m=3.0, s=1.9447204544985652)",217.930324,14.528688,68.05054
70746,127269,,14.516857,-25.314978,170.068,0.0,7.79,1.637,A3V,0.228,Hya,19.284,247,581.2616622824664,HD127269_TypA3_Mag7.79,"hms_tuple(h=14.0, m=31.0, s=21.21847999211056)","dms_tuple(d=-25.0, m=-20.0, s=-45.728272217667154)",217.83841,14.522561,-25.346036
70767,127254,,14.520302,-34.681128,259.7403,0.0,7.77,0.697,A0V,0.058,Cen,45.835,244,571.094717053101,HD127254_TypA0_Mag7.77,"hms_tuple(h=14.0, m=31.0, s=35.66165795378225)","dms_tuple(d=-34.0, m=-42.0, s=-43.827128315625714)",217.89859,14.526573,-34.712174
70773,127215,,14.520662,-40.655928,141.2429,0.0,7.48,1.73,A1V,0.151,Cen,17.701,195,442.16754115556887,HD127215_TypA1_Mag7.48,"hms_tuple(h=14.0, m=31.0, s=38.85524366921814)","dms_tuple(d=-40.0, m=-41.0, s=-13.075764549878386)",217.911897,14.52746,-40.686965
70777,127154,,14.521711,-47.072149,694.4444,-33.0,7.28,-1.928,Ap...,-0.016,Lup,514.28,168,370.63931974020056,HD127154_TypAp_Mag7.28,"hms_tuple(h=14.0, m=31.0, s=45.42163421901449)","dms_tuple(d=-47.0, m=-6.0, s=-11.430701087317061)",217.939257,14.529284,-47.103175
70782,127663,,14.522345,43.382339,109.1703,0.0,6.73,1.539,A2,0.095,Boo,21.106,110,228.14146549859603,HD127663_TypA2_Mag6.73,"hms_tuple(h=14.0, m=31.0, s=45.96147230543309)","dms_tuple(d=43.0, m=21.0, s=4.346658185286287)",217.941506,14.529434,43.351207
70850,127762,Seginus,14.534636,38.308253,26.6099,-37.0,3.04,0.915,A7IIIvar,0.191,Boo,37.497,6,8.79592828404973,HD127762_TypA7_Mag3.04,"hms_tuple(h=14.0, m=32.0, s=28.32802746928735)","dms_tuple(d=38.0, m=16.0, s=37.66615764397102)",218.118033,14.541202,38.277129
70851,127419,,14.534758,-27.709138,89.2857,-26.0,7.51,2.756,A6IV,0.292,Hya,6.88,200,454.02750557766933,HD127419_TypA6_Mag7.51,"hms_tuple(h=14.0, m=32.0, s=26.095254693186405)","dms_tuple(d=-27.0, m=-44.0, s=-24.694463442445738)",218.10873,14.540582,-27.740193
70868,127726,,14.538953,26.677284,73.6377,-4.0,6.0,1.664,A7Vn,0.23,Boo,18.81,63,119.80781072170208,HD127726_TypA7_Mag6.0,"hms_tuple(h=14.0, m=32.0, s=40.992566844861784)","dms_tuple(d=26.0, m=38.0, s=46.23172319094493)",218.170802,14.54472,26.646175
70914,127498,,14.549186,-42.405458,129.0323,0.0,7.78,2.227,A7/A8IV,0.281,Cen,11.2,245,576.1557641428401,HD127498_TypA7_Mag7.78,"hms_tuple(h=14.0, m=33.0, s=22.213340447368495)","dms_tuple(d=-42.0, m=-26.0, s=-11.373518448055506)",218.342556,14.55617,-42.436493
70973,127826,,14.561434,-6.870489,168.6341,0.0,7.84,1.705,A0,0.115,Vir,18.113,257,607.4779541357369,HD127826_TypA0_Mag7.84,"hms_tuple(h=14.0, m=33.0, s=59.85456473344939)","dms_tuple(d=-6.0, m=-54.0, s=-5.634103343352308)",218.499394,14.566626,-6.901565
70980,128092,,14.562397,43.007806,79.6178,-16.2,6.75,2.245,A2,0.16,Boo,11.015,112,232.20296653338022,HD128092_TypA2_Mag6.75,"hms_tuple(h=14.0, m=34.0, s=9.992696241449153)","dms_tuple(d=42.0, m=58.0, s=36.03016584851957)",218.541636,14.569442,42.976675
70996,128230,,14.564577,55.23601,152.207,0.0,7.62,1.708,A5,0.237,Dra,18.063,217,500.3012827613783,HD128230_TypA5_Mag7.62,"hms_tuple(h=14.0, m=34.0, s=24.996131895085085)","dms_tuple(d=55.0, m=12.0, s=17.46928388241315)",218.604151,14.57361,55.204853
71007,127844,,14.567709,-16.819581,154.5595,0.0,7.18,1.235,A2IV/V,0.136,Lib,27.925,155,339.33902361009757,HD127844_TypA2_Mag7.18,"hms_tuple(h=14.0, m=34.0, s=23.141625855836025)","dms_tuple(d=-16.0, m=-51.0, s=-2.3311507641787443)",218.596423,14.573095,-16.850648
71008,128184,,14.568064,46.78649,127.8772,6.0,6.51,0.976,A0,0.062,Boo,35.449,93,187.8907161370077,HD128184_TypA0_Mag6.51,"hms_tuple(h=14.0, m=34.0, s=32.115969762718635)","dms_tuple(d=46.0, m=45.0, s=19.267872645562534)",218.633817,14.575588,46.755352
71012,127716,,14.568881,-42.099256,252.5253,-56.0,6.59,-0.422,A2IV,0.078,Cen,128.469,99,201.63200517568157,HD127716_TypA2_Mag6.59,"hms_tuple(h=14.0, m=34.0, s=32.9934366946587)","dms_tuple(d=-42.0, m=-7.0, s=-49.04815228054986)",218.637473,14.575832,-42.130291
71044,127750,,14.575959,-46.304791,175.7469,0.0,7.61,1.386,A0V,0.053,Lup,24.3,216,495.90655392467346,HD127750_TypA0_Mag7.61,"hms_tuple(h=14.0, m=35.0, s=0.32944791083551195)","dms_tuple(d=-46.0, m=-20.0, s=-8.947253252179621)",218.751373,14.583425,-46.335819
71068,127964,,14.580758,-20.439381,149.7006,-0.4,6.49,0.614,A3V,0.139,Lib,49.477,92,184.60428810635165,HD127964_TypA3_Mag6.49,"hms_tuple(h=14.0, m=35.0, s=10.536313754856508)","dms_tuple(d=-20.0, m=-28.0, s=-13.59792591428402)",218.793901,14.58626,-20.470444
71089,128168,,14.583587,13.095818,94.518,0.0,7.21,2.332,A3,0.192,Boo,10.167,159,348.44088743422355,HD128168_TypA3_Mag7.21,"hms_tuple(h=14.0, m=35.0, s=19.963020987091085)","dms_tuple(d=13.0, m=3.0, s=53.004779301116116)",218.833179,14.588879,13.064724
71094,127879,,14.584821,-43.554526,109.2896,0.0,7.84,2.647,A9V,0.26,Lup,7.607,257,607.4779541357369,HD127879_TypA9_Mag7.84,"hms_tuple(h=14.0, m=35.0, s=30.974208045441287)","dms_tuple(d=-43.0, m=-35.0, s=-8.01127303166993)",218.879059,14.591937,-43.585559
71152,128202,,14.596757,-8.575284,110.742,0.0,7.18,1.958,A0,0.064,Lib,14.348,155,339.33902361009757,HD128202_TypA0_Mag7.18,"hms_tuple(h=14.0, m=36.0, s=7.09325490081568)","dms_tuple(d=-8.0, m=-36.0, s=-22.89041099283736)",219.029555,14.60197,-8.606358
71225,128481,,14.612127,12.878125,183.8235,-7.0,6.98,0.658,A0,0.087,Boo,47.512,133,284.4450873609016,HD128481_TypA0_Mag6.98,"hms_tuple(h=14.0, m=37.0, s=2.6903769306652237)","dms_tuple(d=12.0, m=50.0, s=49.310730664961966)",219.26121,14.617414,12.847031
71234,128547,,14.614968,24.463058,444.4444,-25.2,7.7,-0.539,A0,-0.005,Boo,143.087,231,536.8905548349917,HD128547_TypA0_Mag7.7,"hms_tuple(h=14.0, m=37.0, s=14.266654486885528)","dms_tuple(d=24.0, m=25.0, s=55.027040350167056)",219.309444,14.62063,24.431952
71261,128284,,14.619293,-37.531998,155.0388,0.0,7.51,1.558,A1V+...,,Cen,20.74,200,454.02750557766933,HD128284_TypA1_Mag7.51,"hms_tuple(h=14.0, m=37.0, s=32.864819091296766)","dms_tuple(d=-37.0, m=-33.0, s=-46.94479251501036)",219.386937,14.625796,-37.56304
71308,128594,,14.63137,-5.548667,161.5509,0.0,7.55,1.508,A0,0.088,Vir,21.717,206,470.3371004243402,HD128594_TypA0_Mag7.55,"hms_tuple(h=14.0, m=38.0, s=11.577065776312594)","dms_tuple(d=-5.0, m=-34.0, s=-47.07928827330704)",219.548238,14.636549,-5.579744
71346,128998,,14.63756,54.023339,110.2536,-3.0,5.83,0.618,A1V,0.007,Boo,49.295,55,103.12051401004337,HD128998_TypA1_Mag5.83,"hms_tuple(h=14.0, m=38.0, s=46.78067427295048)","dms_tuple(d=53.0, m=59.0, s=31.865532091558748)",219.694919,14.646328,53.992185
71358,128532,,14.640253,-35.27655,109.6491,0.0,6.78,1.58,A3V,0.159,Cen,20.324,114,238.4311915057409,HD128532_TypA3_Mag6.78,"hms_tuple(h=14.0, m=38.0, s=47.650185463173926)","dms_tuple(d=-35.0, m=-18.0, s=-27.34341881959324)",219.698542,14.646569,-35.307595
71391,129002,,14.647289,44.4045,57.0125,-13.0,5.39,1.61,A1V,0.03,Boo,19.77,39,69.94348354495335,HD129002_TypA1_Mag5.39,"hms_tuple(h=14.0, m=39.0, s=16.201205772878637)","dms_tuple(d=44.0, m=22.0, s=24.119812178436746)",219.817505,14.6545,44.373367
71394,128687,,14.648504,-22.328351,194.9318,0.0,7.37,0.921,A2V,0.198,Lib,37.291,180,401.2706596517492,HD128687_TypA2_Mag7.37,"hms_tuple(h=14.0, m=39.0, s=14.679719272000682)","dms_tuple(d=-22.0, m=-21.0, s=-33.88278050510621)",219.811165,14.654078,-22.359412
71500,128775,,14.672021,-45.79384,208.7683,3.0,6.61,0.012,A0p,-0.112,Lup,86.139,100,205.22157007953126,HD128775_TypA0_Mag6.61,"hms_tuple(h=14.0, m=40.0, s=45.90489650943752)","dms_tuple(d=-45.0, m=-49.0, s=-29.527134375235278)",220.19127,14.679418,-45.824869
71506,128928,,14.673639,-26.255709,174.216,0.0,7.04,0.835,A9V,0.099,Hya,40.365,140,299.90868873980725,HD128928_TypA9_Mag7.04,"hms_tuple(h=14.0, m=40.0, s=45.79742942750329)","dms_tuple(d=-26.0, m=-17.0, s=-12.356066671758299)",220.190823,14.679388,-26.286766
71515,128855,,14.675233,-40.60808,813.0081,0.0,7.35,-2.2,A1/A2IV,0.082,Cen,660.693,177,394.25196723909164,HD128855_TypA1_Mag7.35,"hms_tuple(h=14.0, m=40.0, s=55.29329453445442)","dms_tuple(d=-40.0, m=-38.0, s=-20.82323713193091)",220.230389,14.682026,-40.639118
71556,128974,,14.683721,-36.134858,189.7533,-23.0,5.67,-0.721,Ap Si,-0.081,Cen,169.2,49,89.5440584804197,HD128974_TypAp_Mag5.67,"hms_tuple(h=14.0, m=41.0, s=24.381426307874108)","dms_tuple(d=-36.0, m=-9.0, s=-57.24794840128652)",220.351589,14.690106,-36.165902
71565,129065,,14.685199,-22.61857,191.2046,0.0,7.23,0.823,A5V+...,0.393,Lib,40.813,161,354.6440255695144,HD129065_TypA5_Mag7.23,"hms_tuple(h=14.0, m=41.0, s=26.82387215037224)","dms_tuple(d=-22.0, m=-38.0, s=-58.67006587130817)",220.361766,14.690784,-22.649631
71568,129246,,14.68582,13.7283,53.8793,-6.0,3.78,0.123,A3IVn,0.044,Boo,77.768,11,16.897892499003238,HD129246_TypA3_Mag3.78,"hms_tuple(h=14.0, m=41.0, s=28.05191131486154)","dms_tuple(d=13.0, m=41.0, s=49.937788684958804)",220.366883,14.691126,13.697205
71593,129231,,14.691729,-2.041075,203.252,0.0,7.83,1.29,A2,0.116,Vir,26.546,255,602.141767772257,HD129231_TypA2_Mag7.83,"hms_tuple(h=14.0, m=41.0, s=48.79326483554266)","dms_tuple(d=-2.0, m=-4.0, s=-19.759641192356305)",220.453305,14.696887,-2.072155
71626,129161,,14.697566,-30.933156,353.3569,-11.0,6.38,-1.361,Asp...,-0.083,Cen,305.07,84,167.52990115327088,HD129161_TypAs_Mag6.38,"hms_tuple(h=14.0, m=42.0, s=12.878375527064918)","dms_tuple(d=-30.0, m=-57.0, s=-51.145345637620494)",220.55366,14.703577,-30.964207
71698,129653,,14.710988,36.756763,110.8647,0.0,7.27,2.046,A2,0.173,Boo,13.231,166,367.38356293404297,HD129653_TypA2_Mag7.27,"hms_tuple(h=14.0, m=43.0, s=2.7090617378374304)","dms_tuple(d=36.0, m=43.0, s=32.31023952700809)",220.761288,14.717419,36.725642
71746,129584,,14.720299,1.824715,155.7632,0.0,7.32,1.358,A0,0.027,Vir,24.934,173,383.9534407239423,HD129584_TypA0_Mag7.32,"hms_tuple(h=14.0, m=43.0, s=31.642218753833333)","dms_tuple(d=1.0, m=47.0, s=37.07168191378116)",220.881843,14.725456,1.793631
71788,129655,,14.729568,-2.505553,137.5516,0.0,7.21,1.518,A2,0.178,Vir,21.518,159,348.44088743422355,HD129655_TypA2_Mag7.21,"hms_tuple(h=14.0, m=44.0, s=5.019723394931077)","dms_tuple(d=-2.0, m=-32.0, s=-11.878916165580051)",221.020916,14.734728,-2.536633
71877,129685,,14.749778,-35.191826,65.703,-5.0,4.92,0.832,A0V,0.013,Cen,40.476,27,46.201294366895745,HD129685_TypA0_Mag4.92,"hms_tuple(h=14.0, m=45.0, s=21.916420672410197)","dms_tuple(d=-35.0, m=-13.0, s=-22.337435414781908)",221.341318,14.756088,-35.222872
71878,129988,Izar,14.749784,27.074222,62.1118,-23.0,2.35,-1.616,A0,0.966,Boo,385.834,3,4.785085021571927,HD129988_TypA0_Mag2.35,"hms_tuple(h=14.0, m=45.0, s=20.057091933903592)","dms_tuple(d=27.0, m=2.0, s=35.20688872727817)",221.333571,14.755571,27.043113
71913,129732,,14.755719,-36.147777,208.7683,0.0,7.37,0.772,A1IV/V,0.104,Cen,42.776,180,401.2706596517492,HD129732_TypA1_Mag7.37,"hms_tuple(h=14.0, m=45.0, s=43.57801603367051)","dms_tuple(d=-36.0, m=-10.0, s=-43.75628341441029)",221.431575,14.762105,-36.178821
71945,129908,,14.762306,-22.410443,128.3697,0.0,7.63,2.088,A1/A2V,0.153,Lib,12.729,219,504.73495772895257,HD129908_TypA1_Mag7.63,"hms_tuple(h=14.0, m=46.0, s=4.378772563244269)","dms_tuple(d=-22.0, m=-26.0, s=-29.41366569116269)",221.518245,14.767883,-22.441504
71954,130834,,14.764208,71.966155,216.4502,0.0,7.52,0.843,A5,0.154,UMi,40.068,201,458.0511018694067,HD130834_TypA5_Mag7.52,"hms_tuple(h=14.0, m=46.0, s=50.99060540473644)","dms_tuple(d=71.0, m=56.0, s=5.685752268223041)",221.712461,14.780831,71.934913
71965,129791,,14.766012,-44.867523,148.368,19.0,6.91,1.053,A0V,0.053,Lup,33.022,126,267.409023780344,HD129791_TypA0_Mag6.91,"hms_tuple(h=14.0, m=46.0, s=23.84003387700929)","dms_tuple(d=-44.0, m=-53.0, s=-54.79208549008774)",221.599333,14.773289,-44.898553
71993,130109,,14.770812,1.892885,41.2371,-6.0,3.73,0.654,A0V,-0.005,Vir,47.687,11,16.168647794000996,HD130109_TypA0_Mag3.73,"hms_tuple(h=14.0, m=46.0, s=33.48972365195891)","dms_tuple(d=1.0, m=51.0, s=42.48345822583488)",221.639541,14.775969,1.861801
72066,130684,,14.784028,59.710273,92.3361,0.0,7.32,2.493,A2,0.265,Dra,8.766,173,383.9534407239423,HD130684_TypA2_Mag7.32,"hms_tuple(h=14.0, m=47.0, s=39.25828051339508)","dms_tuple(d=59.0, m=40.0, s=44.76522502933733)",221.913576,14.794238,59.679101
72071,130256,,14.78482,0.970887,132.9787,6.0,6.62,1.001,A0...,0.012,Vir,34.642,101,207.04024568445064,HD130256_TypA0_Mag6.62,"hms_tuple(h=14.0, m=47.0, s=23.911218949651953)","dms_tuple(d=0.0, m=56.0, s=23.293682395945297)",221.84963,14.789975,0.939804
72072,130193,,14.784885,-11.369231,112.9944,0.0,8.0,2.735,A3,0.285,Lib,7.015,290,699.5823055523535,HD130193_TypA3_Mag8.0,"hms_tuple(h=14.0, m=47.0, s=24.51621322360708)","dms_tuple(d=-11.0, m=-24.0, s=-1.0901654810828632)",221.852151,14.790143,-11.400303
72080,131358,,14.786173,76.04226,111.6071,0.0,7.38,2.142,A2,0.215,UMi,12.112,181,404.82672424766696,HD131358_TypA2_Mag7.38,"hms_tuple(h=14.0, m=48.0, s=26.987543024034437)","dms_tuple(d=76.0, m=0.0, s=39.48565822525438)",222.112448,14.807497,76.010968
72091,130461,,14.789214,35.567802,151.0574,0.0,7.65,1.754,A2,0.091,Boo,17.314,222,513.7205296793568,HD130461_TypA2_Mag7.65,"hms_tuple(h=14.0, m=47.0, s=43.97454362627428)","dms_tuple(d=35.0, m=32.0, s=12.056614669772898)",221.933227,14.795548,35.536682
72103,130321,,14.790453,2.035715,126.5823,0.0,6.8,1.288,A2,0.098,Vir,26.595,116,242.67587595584382,HD130321_TypA2_Mag6.8,"hms_tuple(h=14.0, m=47.0, s=44.1988859660195)","dms_tuple(d=2.0, m=0.0, s=16.670989497282207)",221.934162,14.795611,2.004631
72123,130161,,14.794624,-34.733543,149.2537,0.0,7.84,1.97,A9V,0.371,Cen,14.191,257,607.4779541357369,HD130161_TypA9_Mag7.84,"hms_tuple(h=14.0, m=48.0, s=3.235182701709931)","dms_tuple(d=-34.0, m=-45.0, s=-52.52087388440998)",222.01348,14.800899,-34.764589
72124,130914,,14.794615,65.251899,387.5969,0.0,7.73,-0.212,A5,0.267,Dra,105.877,236,551.2912113423957,HD130914_TypA5_Mag7.73,"hms_tuple(h=14.0, m=48.0, s=24.88907690185343)","dms_tuple(d=65.0, m=13.0, s=14.533107546948258)",222.103704,14.806914,65.220704
72135,130163,,14.796374,-39.926406,141.4427,0.0,6.92,1.167,A0V,0.013,Cen,29.73,127,269.7788052214281,HD130163_TypA0_Mag6.92,"hms_tuple(h=14.0, m=48.0, s=11.15540478849482)","dms_tuple(d=-39.0, m=-57.0, s=-26.800678684283525)",222.046481,14.803099,-39.957445
72232,130388,,14.817148,-35.550294,232.0186,0.0,7.63,0.802,A2III,0.188,Cen,41.61,219,504.73495772895257,HD130388_TypA2_Mag7.63,"hms_tuple(h=14.0, m=49.0, s=24.54965265210646)","dms_tuple(d=-35.0, m=-34.0, s=-52.82046680280587)",222.35229,14.823486,-35.581339
72262,130559,,14.821959,-14.149022,72.9395,-4.0,5.32,1.005,Ap,0.066,Lib,34.514,37,65.75440914829991,HD130559_TypAp_Mag5.32,"hms_tuple(h=14.0, m=49.0, s=38.19230549279581)","dms_tuple(d=-14.0, m=-10.0, s=-48.328181592953)",222.409135,14.827276,-14.180091
72274,130563,,14.824347,-19.903583,168.0672,0.0,7.19,1.063,A6IV,0.251,Lib,32.719,156,342.3462494285041,HD130563_TypA6_Mag7.19,"hms_tuple(h=14.0, m=49.0, s=47.388670099608845)","dms_tuple(d=-19.0, m=-56.0, s=-4.727120096780766)",222.447453,14.82983,-19.934646
72307,130788,,14.830016,10.492855,167.7852,0.0,7.09,0.966,A2,0.102,Boo,35.777,145,313.4352882448582,HD130788_TypA2_Mag7.09,"hms_tuple(h=14.0, m=50.0, s=6.928018613439946)","dms_tuple(d=10.0, m=27.0, s=42.34688351770288)",222.528867,14.835258,10.461763
72325,130917,,14.832888,28.615832,98.4252,1.0,5.8,0.834,A4V,0.046,Boo,40.402,54,100.42683221252334,HD130917_TypA4_Mag5.8,"hms_tuple(h=14.0, m=50.0, s=19.529359082905984)","dms_tuple(d=28.0, m=35.0, s=4.996428229753747)",222.581372,14.838758,28.584721
72348,131710,,14.839046,73.02778,271.0027,0.0,7.64,0.475,A2,0.116,UMi,56.234,221,509.2079239683959,HD131710_TypA2_Mag7.64,"hms_tuple(h=14.0, m=51.0, s=24.022849655853094)","dms_tuple(d=72.0, m=59.0, s=47.49737834064604)",222.850095,14.856673,72.996527
72354,132610,,14.841564,80.749868,195.6947,0.0,7.2,0.742,A0,0.041,UMi,43.974,158,345.3801253121633,HD132610_TypA0_Mag7.2,"hms_tuple(h=14.0, m=52.0, s=24.686648407981266)","dms_tuple(d=80.0, m=43.0, s=6.4791035157225)",223.102861,14.873524,80.718466
72395,130841,Zubenelgenubi,14.847977,-16.041778,23.2396,-46.7,2.75,0.919,A3IV,0.147,Lib,37.359,5,6.810208298910537,HD130841_TypA3_Mag2.75,"hms_tuple(h=14.0, m=51.0, s=12.028804224075316)","dms_tuple(d=-16.0, m=-4.0, s=-22.2431230613401)",222.80012,14.853341,-16.072845
72399,130697,,14.849643,-42.822512,120.6273,0.0,6.84,1.433,A2V,0.129,Lup,23.27,120,251.39328881580803,HD130697_TypA2_Mag6.84,"hms_tuple(h=14.0, m=51.0, s=24.027669509092817)","dms_tuple(d=-42.0, m=-51.0, s=-12.765391685948089)",222.850115,14.856674,-42.853546
72497,131265,,14.868732,20.290683,109.1703,-1.7,6.91,1.719,A0,0.1,Boo,17.881,126,267.409023780344,HD131265_TypA0_Mag6.91,"hms_tuple(h=14.0, m=52.0, s=27.215672873252856)","dms_tuple(d=20.0, m=15.0, s=34.493039041873885)",223.113399,14.874227,20.259581
72540,131617,,14.875338,55.745173,157.2327,-3.0,7.15,1.167,A5,0.255,Dra,29.73,152,330.4749158245449,HD131617_TypA5_Mag7.15,"hms_tuple(h=14.0, m=53.0, s=4.1582960277406755)","dms_tuple(d=55.0, m=42.0, s=50.450891875489674)",223.267326,14.884488,55.714014
72577,131453,,14.881392,26.465028,162.0746,0.0,7.26,1.211,A0,0.105,Boo,28.55,165,364.156405231697,HD131453_TypA0_Mag7.26,"hms_tuple(h=14.0, m=53.0, s=13.734587599578134)","dms_tuple(d=26.0, m=26.0, s=2.1109925290312503)",223.307227,14.887148,26.43392
72585,131383,,14.882354,15.132357,101.0101,0.0,7.03,2.008,A2,0.172,Boo,13.703,138,297.27424144135534,HD131383_TypA2_Mag7.03,"hms_tuple(h=14.0, m=53.0, s=15.69486501282256)","dms_tuple(d=15.0, m=6.0, s=4.538082530697949)",223.315395,14.887693,15.101261
72595,131165,,14.885173,-38.257001,233.6449,0.0,6.58,-0.263,A0V,0.023,Cen,110.969,98,199.86083644579665,HD131165_TypA0_Mag6.58,"hms_tuple(h=14.0, m=53.0, s=30.26478116009173)","dms_tuple(d=-38.0, m=-17.0, s=-16.951772909620217)",223.376103,14.89174,-38.288042
72663,131429,,14.897614,-9.08595,191.2046,0.0,7.34,0.933,A0,0.148,Lib,36.881,175,390.78879304975095,HD131429_TypA0_Mag7.34,"hms_tuple(h=14.0, m=54.0, s=10.204553343910874)","dms_tuple(d=-9.0, m=-7.0, s=-1.2862963332440813)",223.542519,14.902835,-9.117024
72668,131368,,14.898125,-23.974216,124.0695,0.0,7.06,1.592,A3V,0.143,Lib,20.1,142,305.2478297284723,HD131368_TypA3_Mag7.06,"hms_tuple(h=14.0, m=54.0, s=13.563695485873097)","dms_tuple(d=-24.0, m=-0.0, s=-18.99039531001563)",223.556515,14.903768,-24.005275
72712,131399,,14.907031,-34.142788,98.0392,0.0,7.04,2.083,A1V,0.093,Cen,12.788,140,299.90868873980725,HD131399_TypA1_Mag7.04,"hms_tuple(h=14.0, m=54.0, s=47.741058694107465)","dms_tuple(d=-34.0, m=-10.0, s=-25.805723038891415)",223.698921,14.913261,-34.173835
72748,131714,,14.91388,15.325324,190.8397,0.0,7.14,0.737,A3,0.248,Boo,44.177,151,327.5719697549974,HD131714_TypA3_Mag7.14,"hms_tuple(h=14.0, m=55.0, s=9.20605784345625)","dms_tuple(d=15.0, m=17.0, s=39.218603308257656)",223.788359,14.919224,15.294227
72756,131461,,14.915134,-36.430356,160.0,0.0,7.23,1.209,A0/A1V,0.062,Cen,28.602,161,354.6440255695144,HD131461_TypA0_Mag7.23,"hms_tuple(h=14.0, m=55.0, s=17.555517109091312)","dms_tuple(d=-36.0, m=-27.0, s=-41.039256556412624)",223.823148,14.921543,-36.4614
72795,131503,,14.923835,-44.334047,270.2703,0.0,7.99,0.831,A4V,0.234,Lup,40.514,288,693.4370594020932,HD131503_TypA4_Mag7.99,"hms_tuple(h=14.0, m=55.0, s=51.76313237898782)","dms_tuple(d=-44.0, m=-21.0, s=-54.281938666442784)",223.96568,14.931045,-44.365078
72800,131826,,14.924608,12.430767,109.4092,0.0,6.78,1.585,A2,0.042,Boo,20.23,114,238.4311915057409,HD131826_TypA2_Mag6.78,"hms_tuple(h=14.0, m=55.0, s=47.58872429359258)","dms_tuple(d=12.0, m=23.0, s=58.82347065757088)",223.948286,14.929886,12.399673
72821,131625,,14.929085,-33.855785,77.821,0.0,5.32,0.865,A0V,0.046,Cen,39.264,37,65.75440914829991,HD131625_TypA0_Mag5.32,"hms_tuple(h=14.0, m=56.0, s=7.059717401729557)","dms_tuple(d=-33.0, m=-53.0, s=-12.596292840985939)",224.029415,14.935294,-33.886832
72840,132029,,14.932944,32.300063,95.7854,-12.0,6.12,1.214,A2V,0.109,Boo,28.471,69,133.18838514701395,HD132029_TypA2_Mag6.12,"hms_tuple(h=14.0, m=56.0, s=20.54470224382584)","dms_tuple(d=32.0, m=16.0, s=8.21177402804608)",224.085603,14.93904,32.268948
72842,132089,,14.933292,41.136607,102.6694,-0.2,7.18,2.123,A2,0.27,Boo,12.325,155,339.33902361009757,HD132089_TypA2_Mag7.18,"hms_tuple(h=14.0, m=56.0, s=24.478557282395172)","dms_tuple(d=41.0, m=6.0, s=19.724890190681208)",224.101994,14.940133,41.105479
72859,131951,,14.937008,14.446266,183.1502,-22.0,5.9,-0.414,A0V,-0.031,Boo,127.526,58,109.69010395244493,HD131951_TypA0_Mag5.9,"hms_tuple(h=14.0, m=56.0, s=32.388729385333335)","dms_tuple(d=14.0, m=24.0, s=54.61288763449005)",224.134953,14.94233,14.41517
72862,131627,,14.937441,-44.092126,174.5201,0.0,7.89,1.681,A3IV,0.158,Lup,18.518,267,634.876663483802,HD131627_TypA3_Mag7.89,"hms_tuple(h=14.0, m=56.0, s=40.638206368022765)","dms_tuple(d=-44.0, m=-7.0, s=-23.36788393634663)",224.169326,14.944622,-44.123158
72874,131637,,14.940226,-44.704244,139.2758,0.0,6.76,1.041,A1V,0.041,Lup,33.389,113,234.26075154331102,HD131637_TypA1_Mag6.76,"hms_tuple(h=14.0, m=56.0, s=50.93635974973921)","dms_tuple(d=-44.0, m=-44.0, s=-6.988749148653142)",224.212235,14.947482,-44.735275
72887,131678,,14.94289,-46.950459,246.3054,0.0,7.06,0.103,A2:V+...,0.605,Lup,79.214,142,305.2478297284723,HD131678_TypA2_Mag7.06,"hms_tuple(h=14.0, m=57.0, s=1.603921173640117)","dms_tuple(d=-46.0, m=-58.0, s=-53.34756007128874)",224.256683,14.950446,-46.981485
72888,131752,,14.943265,-39.416023,114.4165,-7.0,6.36,1.068,A0/A1V,0.061,Cen,32.569,83,164.59960755259254,HD131752_TypA0_Mag6.36,"hms_tuple(h=14.0, m=56.0, s=59.78461256123296)","dms_tuple(d=-39.0, m=-26.0, s=-49.424705105450926)",224.249103,14.94994,-39.447062
72897,131989,,14.945079,5.398907,143.2665,0.0,7.95,2.169,A2,0.121,Vir,11.814,280,669.391162362906,HD131989_TypA2_Mag7.95,"hms_tuple(h=14.0, m=57.0, s=0.9228583063215012)","dms_tuple(d=5.0, m=22.0, s=4.151116019172392)",224.253845,14.950256,5.36782
72917,131835,,14.948464,-35.695457,122.6994,0.0,7.88,2.436,A2IV,0.192,Cen,9.238,265,629.299802346522,HD131835_TypA2_Mag7.88,"hms_tuple(h=14.0, m=57.0, s=17.328759283748525)","dms_tuple(d=-35.0, m=-43.0, s=-35.406546092185636)",224.322203,14.954814,-35.726502
72922,131885,,14.949293,-26.285026,123.3046,0.0,6.91,1.455,A0V,0.015,Hya,22.803,126,267.409023780344,HD131885_TypA0_Mag6.91,"hms_tuple(h=14.0, m=57.0, s=18.15706442701341)","dms_tuple(d=-26.0, m=-18.0, s=-57.89714709408827)",224.325654,14.955044,-26.316083
72928,132145,,14.950999,21.555419,126.5823,-11.0,6.5,0.988,A1V,0.015,Boo,35.059,92,186.24025315238663,HD132145_TypA1_Mag6.5,"hms_tuple(h=14.0, m=57.0, s=23.54424734537119)","dms_tuple(d=21.0, m=31.0, s=27.537888950120646)",224.348101,14.95654,21.524316
72946,131901,,14.955514,-32.833713,131.5789,0.0,7.2,1.604,A1V,0.101,Cen,19.879,158,345.3801253121633,HD131901_TypA1_Mag7.2,"hms_tuple(h=14.0, m=57.0, s=41.94295475816176)","dms_tuple(d=-32.0, m=-51.0, s=-53.141897458484664)",224.424762,14.961651,-32.864762
72961,131992,,14.958876,-25.441783,119.9041,0.0,6.94,1.546,A2/A3V,0.205,Hya,20.97,129,274.581557295345,HD131992_TypA2_Mag6.94,"hms_tuple(h=14.0, m=57.0, s=52.50847869612684)","dms_tuple(d=-25.0, m=-28.0, s=-22.225762753148786)",224.468785,14.964586,-25.47284
72972,132072,,14.960182,-12.638021,157.2327,0.0,7.81,1.827,A0V,0.073,Lib,16.188,251,591.6096051155723,HD132072_TypA0_Mag7.81,"hms_tuple(h=14.0, m=57.0, s=55.674997670541444)","dms_tuple(d=-12.0, m=-40.0, s=-8.729817172685017)",224.481979,14.965465,-12.669092
72978,132445,,14.961932,44.466321,152.207,-11.0,7.39,1.478,A2,0.14,Boo,22.325,182,408.41430272357115,HD132445_TypA2_Mag7.39,"hms_tuple(h=14.0, m=58.0, s=8.943454943508726)","dms_tuple(d=44.0, m=26.0, s=6.675015137016658)",224.537264,14.969151,44.435188
72987,131903,,14.963206,-42.497196,87.108,0.0,7.41,2.71,A9/F0V,0.299,Cen,7.178,185,415.6851208955647,HD131903_TypA9_Mag7.41,"hms_tuple(h=14.0, m=58.0, s=12.722234717256669)","dms_tuple(d=-42.0, m=-31.0, s=-41.62976554333625)",224.553009,14.970201,-42.52823
73021,132230,,14.970392,-11.15476,109.4092,-17.0,6.61,1.415,A1V,0.012,Lib,23.659,100,205.22157007953126,HD132230_TypA1_Mag6.61,"hms_tuple(h=14.0, m=58.0, s=32.327268179134876)","dms_tuple(d=-11.0, m=-11.0, s=-8.995296550522767)",224.634697,14.975646,-11.185832
73055,132219,,14.977572,-27.657314,113.1222,-10.0,5.65,0.382,A6IV,0.262,Hya,61.263,48,87.97782833441168,HD132219_TypA6_Mag5.65,"hms_tuple(h=14.0, m=59.0, s=0.21569463278211742)","dms_tuple(d=-27.0, m=-41.0, s=-18.128280202457745)",224.750899,14.983393,-27.688369
73056,132890,,14.977595,61.666902,261.0966,1.0,7.22,0.136,A2,0.081,Dra,76.842,160,351.52877406079745,HD132890_TypA2_Mag7.22,"hms_tuple(h=14.0, m=59.0, s=18.402602050500718)","dms_tuple(d=61.0, m=38.0, s=8.60288799567968)",224.826678,14.988445,61.635723
73129,132347,,14.991454,-30.711532,102.2495,0.0,6.91,1.862,A3m...,0.231,Cen,15.675,126,267.409023780344,HD132347_TypA3_Mag6.91,"hms_tuple(h=14.0, m=59.0, s=50.825227419875176)","dms_tuple(d=-30.0, m=-44.0, s=-33.299931377870564)",224.961772,14.997451,-30.742583
73165,132302,,14.998512,-46.247935,177.6199,9.0,7.16,0.913,A0V,-0.017,Lup,37.566,153,333.40358783117154,HD132302_TypA0_Mag7.16,"hms_tuple(h=15.0, m=0.0, s=21.492345862204587)","dms_tuple(d=-46.0, m=-16.0, s=-44.26604381675304)",225.089551,15.00597,-46.278963
73222,133050,,15.009816,50.578013,190.1141,0.0,7.85,1.455,A2,0.137,Boo,22.803,259,612.8614298360975,HD133050_TypA2_Mag7.85,"hms_tuple(h=15.0, m=1.0, s=4.54024898637627)","dms_tuple(d=50.0, m=32.0, s=48.722145290203684)",225.268918,15.017928,50.546867
73279,133388,,15.024195,60.204453,105.7082,-9.0,5.91,0.789,A4V,0.107,Dra,42.111,59,110.66217874985526,HD133388_TypA4_Mag5.91,"hms_tuple(h=15.0, m=2.0, s=4.411083305719217)","dms_tuple(d=60.0, m=10.0, s=23.806773768743028)",225.51838,15.034559,60.17328
73306,132761,,15.030191,-31.544026,97.0874,0.0,7.72,2.784,A2/A3IV,0.249,Cen,6.705,234,546.4485785781236,HD132761_TypA2_Mag7.72,"hms_tuple(h=15.0, m=2.0, s=10.468948890370484)","dms_tuple(d=-31.0, m=-34.0, s=-30.274604676825447)",225.543621,15.036241,-31.575076
73330,132763,,15.032801,-34.358875,128.041,-3.0,6.21,0.673,A8/A9III/IV,0.242,Cen,46.86,74,144.19568653254458,HD132763_TypA8_Mag6.21,"hms_tuple(h=15.0, m=2.0, s=20.570797915879808)","dms_tuple(d=-34.0, m=-23.0, s=-23.717885542920385)",225.585712,15.039047,-34.389922
73337,132851,,15.035119,-28.060611,101.7294,8.0,5.83,0.793,A4IV,0.164,Hya,41.957,55,103.12051401004337,HD132851_TypA4_Mag5.83,"hms_tuple(h=15.0, m=2.0, s=27.463110152358468)","dms_tuple(d=-28.0, m=-5.0, s=-29.995787887312986)",225.61443,15.040962,-28.091665
73342,132953,,15.035715,-7.575299,203.666,0.0,6.38,-0.165,A3,0.18,Lib,101.391,84,167.52990115327088,HD132953_TypA3_Mag6.38,"hms_tuple(h=15.0, m=2.0, s=27.295455906672146)","dms_tuple(d=-7.0, m=-36.0, s=-22.947755522189368)",225.613731,15.040915,-7.606374
73358,133008,,15.04166,-7.840426,106.7236,0.0,6.59,1.449,A2,0.18,Lib,22.93,99,201.63200517568157,HD133008_TypA2_Mag6.59,"hms_tuple(h=15.0, m=2.0, s=48.709232488495786)","dms_tuple(d=-7.0, m=-52.0, s=-17.404070387329966)",225.702955,15.046864,-7.871501
73379,133112,,15.045797,-3.031388,97.1817,-22.0,6.6,1.662,A5m,0.201,Lib,18.845,100,203.41887002054995,HD133112_TypA5_Mag6.6,"hms_tuple(h=15.0, m=3.0, s=3.4524614684326593)","dms_tuple(d=-3.0, m=-3.0, s=-44.88318835132617)",225.764385,15.050959,-3.062468
73406,133330,,15.051771,28.267246,126.7427,9.0,7.04,1.525,A0,0.12,Boo,21.38,140,299.90868873980725,HD133330_TypA0_Mag7.04,"hms_tuple(h=15.0, m=3.0, s=27.43872540376671)","dms_tuple(d=28.0, m=14.0, s=10.08830525134016)",225.864328,15.057622,28.236136
73443,133077,,15.059626,-35.942761,103.0928,0.0,6.65,1.584,A4IV,0.224,Lup,20.249,104,212.59354781364726,HD133077_TypA4_Mag6.65,"hms_tuple(h=15.0, m=3.0, s=57.58335994843236)","dms_tuple(d=-35.0, m=-58.0, s=-25.699712194925155)",225.989931,15.065995,-35.973805
73477,133994,,15.066041,65.919714,151.0574,-5.0,6.22,0.324,A2Vs,0.055,UMi,64.625,74,145.4735501476104,HD133994_TypA2_Mag6.22,"hms_tuple(h=15.0, m=4.0, s=43.172668388690596)","dms_tuple(d=65.0, m=53.0, s=18.654322402961725)",226.179886,15.078659,65.888515
73497,133544,,15.071127,29.078518,177.6199,-18.1,7.85,1.603,A2,0.236,Boo,19.898,259,612.8614298360975,HD133544_TypA2_Mag7.85,"hms_tuple(h=15.0, m=4.0, s=37.28384855542032)","dms_tuple(d=29.0, m=2.0, s=50.664052535066446)",226.155349,15.077023,29.047407
73501,133909,,15.071562,59.535053,100.0,-9.0,7.4,2.4,A2,0.17,Dra,9.55,184,412.0336743557815,HD133909_TypA2_Mag7.4,"hms_tuple(h=15.0, m=4.0, s=54.18964446759972)","dms_tuple(d=59.0, m=30.0, s=13.975466927948332)",226.22579,15.081719,59.503882
73579,134584,,15.085359,73.891872,150.1502,-16.4,7.56,1.677,A0,0.131,UMi,18.587,208,474.5052325085976,HD134584_TypA0_Mag7.56,"hms_tuple(h=15.0, m=6.0, s=14.049416333566853)","dms_tuple(d=73.0, m=51.0, s=38.193734530963184)",226.558539,15.103903,73.860609
73591,133466,,15.088001,-23.013321,237.5297,0.0,7.53,0.651,A0V,0.074,Lib,47.819,203,462.11035531169057,HD133466_TypA0_Mag7.53,"hms_tuple(h=15.0, m=5.0, s=36.96952554501323)","dms_tuple(d=-23.0, m=-2.0, s=-39.772142169040876)",226.40404,15.093603,-23.044381
73612,133962,,15.090515,48.150972,84.1043,-13.0,5.59,0.966,A1V,-0.005,Boo,35.777,46,83.4416007470692,HD133962_TypA1_Mag5.59,"hms_tuple(h=15.0, m=5.0, s=53.651224854209545)","dms_tuple(d=48.0, m=7.0, s=11.39329417828094)",226.473547,15.098236,48.119831
73708,133652,,15.109222,-30.918483,121.3592,2.0,5.97,0.55,Ap Si,-0.076,Lup,52.481,61,116.67822858142785,HD133652_TypAp_Mag5.97,"hms_tuple(h=15.0, m=6.0, s=54.83665146971802)","dms_tuple(d=-30.0, m=-56.0, s=-58.32261104135995)",226.728486,15.115232,-30.949534
73710,133772,,15.10951,-12.907048,141.6431,0.0,7.48,1.724,A0V,0.056,Lib,17.799,195,442.16754115556887,HD133772_TypA0_Mag7.48,"hms_tuple(h=15.0, m=6.0, s=53.27610419975045)","dms_tuple(d=-12.0, m=-56.0, s=-17.226089757565575)",226.721984,15.114799,-12.938118
73724,133800,,15.113628,-16.484361,114.4165,-50.4,6.41,1.118,A1V,0.162,Lib,31.103,86,172.0234437188863,HD133800_TypA1_Mag6.41,"hms_tuple(h=15.0, m=7.0, s=8.416058401091249)","dms_tuple(d=-16.0, m=-30.0, s=-55.540348308413456)",226.785067,15.119004,-16.515428
73745,133716,,15.118392,-37.94566,174.8252,0.0,7.18,0.967,A1V,0.061,Lup,35.744,155,339.33902361009757,HD133716_TypA1_Mag7.18,"hms_tuple(h=15.0, m=7.0, s=29.7525459603537)","dms_tuple(d=-37.0, m=-58.0, s=-36.12582241593543)",226.873969,15.124931,-37.976702
73752,133802,,15.11895,-27.477345,184.5018,0.0,7.86,1.53,A9V,0.374,Lib,21.281,261,618.2926139519136,HD133802_TypA9_Mag7.86,"hms_tuple(h=15.0, m=7.0, s=29.1421125047367)","dms_tuple(d=-27.0, m=-30.0, s=-30.240631351016134)",226.871425,15.124762,-27.5084
73758,133750,,15.120473,-32.910157,129.5337,0.0,7.18,1.618,A0V,0.062,Lup,19.625,155,339.33902361009757,HD133750_TypA0_Mag7.18,"hms_tuple(h=15.0, m=7.0, s=35.81443396395969)","dms_tuple(d=-32.0, m=-56.0, s=-28.339941978853176)",226.899227,15.126615,-32.941206
73771,134064,,15.122324,18.441825,72.2022,-6.0,6.03,1.737,A3V,0.073,Boo,17.587,64,123.02133555198672,HD134064_TypA3_Mag6.03,"hms_tuple(h=15.0, m=7.0, s=39.92414903657135)","dms_tuple(d=18.0, m=24.0, s=38.611046553727704)",226.916351,15.127757,18.410725
73821,134013,,15.132919,-14.592448,230.4147,0.0,7.98,1.167,A0V,0.036,Lib,29.73,286,687.3457941057625,HD134013_TypA0_Mag7.98,"hms_tuple(h=15.0, m=8.0, s=17.686381384060184)","dms_tuple(d=-14.0, m=-37.0, s=-24.660232190671678)",227.073693,15.138246,-14.623517
73880,134305,,15.145794,12.488891,150.6024,-33.3,7.24,1.351,A7p,0.222,Boo,25.096,163,357.7868844682338,HD134305_TypA7_Mag7.24,"hms_tuple(h=15.0, m=9.0, s=3.8625726919724457)","dms_tuple(d=12.0, m=27.0, s=28.06967087345626)",227.266094,15.151073,12.457797
73914,134055,,15.150645,-38.534257,80.7103,0.0,7.24,2.705,A5m...,0.253,Lup,7.211,163,357.7868844682338,HD134055_TypA5_Mag7.24,"hms_tuple(h=15.0, m=9.0, s=26.05491828348775)","dms_tuple(d=-38.0, m=-33.0, s=-55.071892032814844)",227.358562,15.157237,-38.565298
73915,134214,,15.150668,-13.999633,102.6694,0.0,7.47,2.413,Ap,0.353,Lib,9.436,194,438.2834686761904,HD134214_TypAp_Mag7.47,"hms_tuple(h=15.0, m=9.0, s=21.532169568675954)","dms_tuple(d=-14.0, m=-1.0, s=-50.528302209350215)",227.339717,15.155981,-14.030702
73920,134141,,15.151296,-28.362647,99.7009,0.0,7.67,2.677,A9V,0.31,Lib,7.399,226,522.866067770482,HD134141_TypA9_Mag7.67,"hms_tuple(h=15.0, m=9.0, s=25.759957102548583)","dms_tuple(d=-28.0, m=-23.0, s=-37.32411214135681)",227.357333,15.157156,-28.393701
74043,135384,,15.179002,67.781035,152.439,-8.0,6.18,0.265,A8Vn,0.143,UMi,68.234,72,140.42905193202526,HD135384_TypA8_Mag6.18,"hms_tuple(h=15.0, m=11.0, s=33.41468798586021)","dms_tuple(d=67.0, m=44.0, s=59.3704850960512)",227.889228,15.192615,67.749825
74055,134811,,15.181272,30.672183,144.0922,0.0,7.86,2.067,A2,0.288,Boo,12.978,261,618.2926139519136,HD134811_TypA2_Mag7.86,"hms_tuple(h=15.0, m=11.0, s=14.147333466217447)","dms_tuple(d=30.0, m=38.0, s=27.851108055673706)",227.808947,15.187263,30.64107
74090,135420,,15.190692,65.639082,142.6534,0.0,7.78,2.009,A2,0.267,UMi,13.69,245,576.1557641428401,HD135420_TypA2_Mag7.78,"hms_tuple(h=15.0, m=12.0, s=11.425070820100132)","dms_tuple(d=65.0, m=36.0, s=28.384575073325777)",228.047604,15.203174,65.607885
74099,134754,,15.191634,2.828401,132.9787,0.0,7.59,1.971,A5,0.211,Ser,14.178,212,487.2325692121131,HD134754_TypA5_Mag7.59,"hms_tuple(h=15.0, m=11.0, s=48.46126047575595)","dms_tuple(d=2.0, m=47.0, s=50.33798647290297)",227.951922,15.196795,2.797316
74105,134793,,15.192879,8.517059,289.0173,0.0,7.55,0.245,A3p,0.135,Ser,69.502,206,470.3371004243402,HD134793_TypA3_Mag7.55,"hms_tuple(h=15.0, m=11.0, s=53.126529693435884)","dms_tuple(d=8.0, m=29.0, s=9.48794122015343)",227.971361,15.198091,8.485969
74113,134869,,15.193755,21.526477,188.6792,0.0,7.64,1.261,A2,0.257,Ser,27.265,221,509.2079239683959,HD134869_TypA2_Mag7.64,"hms_tuple(h=15.0, m=11.0, s=57.46187657380034)","dms_tuple(d=21.0, m=29.0, s=43.346798557251134)",227.989424,15.199295,21.495374
74116,134827,,15.193969,10.124925,225.7336,0.0,7.97,1.202,A5,0.276,Ser,28.787,284,681.3080354866522,HD134827_TypA5_Mag7.97,"hms_tuple(h=15.0, m=11.0, s=57.13685804260763)","dms_tuple(d=10.0, m=5.0, s=37.80012924868572)",227.98807,15.199205,10.093833
74130,134854,,15.196584,10.216576,112.7396,-13.0,6.89,1.63,A0,0.048,Ser,19.409,124,262.73172769318006,HD134854_TypA0_Mag6.89,"hms_tuple(h=15.0, m=12.0, s=6.556250918719826)","dms_tuple(d=10.0, m=11.0, s=7.7434192087645215)",228.027318,15.201821,10.185484
74143,135466,,15.198079,63.653288,262.4672,0.0,7.91,0.815,A0,0.042,Dra,41.115,271,646.179090335777,HD135466_TypA0_Mag7.91,"hms_tuple(h=15.0, m=12.0, s=34.851624089977236)","dms_tuple(d=63.0, m=37.0, s=19.56164506527955)",228.145215,15.209681,63.6221
74148,135295,,15.199147,56.025156,371.7472,0.0,7.93,0.079,A0,0.125,Dra,80.984,275,657.682729265769,HD135295_TypA0_Mag7.93,"hms_tuple(h=15.0, m=12.0, s=30.108899520500927)","dms_tuple(d=55.0, m=59.0, s=38.386778809993984)",228.125454,15.208364,55.993996
74158,134557,,15.201201,-45.012578,746.2687,0.0,7.89,-1.474,A0IV,0.04,Lup,338.532,267,634.876663483802,HD134557_TypA0_Mag7.89,"hms_tuple(h=15.0, m=12.0, s=30.586773038639876)","dms_tuple(d=-45.0, m=-2.0, s=-36.98913546981146)",228.127445,15.208496,-45.043608
74163,134759,,15.203692,-19.79171,116.4144,-12.0,4.54,-0.79,Asp...,-0.071,Lib,180.302,20,33.04052525848826,HD134759_TypAs_Mag4.54,"hms_tuple(h=15.0, m=12.0, s=33.01673907935083)","dms_tuple(d=-19.0, m=-49.0, s=-21.984734758586058)",228.13757,15.209171,-19.822774
74169,134685,,15.205428,-34.967694,153.6098,0.0,7.66,1.728,A0V,0.168,Lup,17.734,224,518.2731261472211,HD134685_TypA0_Mag7.66,"hms_tuple(h=15.0, m=12.0, s=42.1940295946672)","dms_tuple(d=-34.0, m=-59.0, s=-55.4633333131909)",228.175808,15.211721,-34.99874
74229,135501,,15.216087,56.046437,119.6172,0.0,7.5,2.111,A2,0.1,Dra,12.462,198,450.03925321819855,HD135501_TypA2_Mag7.5,"hms_tuple(h=15.0, m=13.0, s=31.11117839370621)","dms_tuple(d=56.0, m=0.0, s=54.99815566832922)",228.37963,15.225309,56.015277
74241,134799,,15.216965,-37.246669,116.6861,0.0,7.31,1.975,A3/4V + F/G,0.273,Lup,14.125,171,380.5807304870462,HD134799_TypA3_Mag7.31,"hms_tuple(h=15.0, m=13.0, s=24.394990503726603)","dms_tuple(d=-37.0, m=-16.0, s=-39.761875366084496)",228.351646,15.223443,-37.277712
74259,135027,,15.220765,-11.007079,74.2942,0.0,6.65,2.295,A2,0.238,Lib,10.52,104,212.59354781364726,HD135027_TypA2_Mag6.65,"hms_tuple(h=15.0, m=13.0, s=33.66049435012755)","dms_tuple(d=-11.0, m=-2.0, s=-17.34419932209292)",228.390252,15.226017,-11.038151
74264,134967,,15.221997,-19.647572,69.8812,-4.0,6.07,1.848,A2V,0.124,Lib,15.878,66,127.44051305929695,HD134967_TypA2_Mag6.07,"hms_tuple(h=15.0, m=13.0, s=38.896929882065194)","dms_tuple(d=-19.0, m=-40.0, s=-43.08846815269618)",228.412071,15.227471,-19.678636
74276,135263,,15.225519,22.983399,87.4126,-5.0,6.31,1.602,A2V,0.064,Ser,19.916,80,157.49615413316394,HD135263_TypA2_Mag6.31,"hms_tuple(h=15.0, m=13.0, s=52.0205736956261)","dms_tuple(d=22.0, m=57.0, s=8.26042508740727)",228.466752,15.231117,22.952295
74290,134874,,15.227579,-41.49384,505.0505,0.0,7.67,-0.847,Ap...,-0.051,Lup,190.02,226,522.866067770482,HD134874_TypAp_Mag7.67,"hms_tuple(h=15.0, m=14.0, s=4.070724184509658)","dms_tuple(d=-41.0, m=-31.0, s=-29.554126504506826)",228.516961,15.234464,-41.524876
74320,135558,,15.233035,47.969033,133.6898,0.0,7.47,1.84,A3,0.23,Boo,15.996,194,438.2834686761904,HD135558_TypA3_Mag7.47,"hms_tuple(h=15.0, m=14.0, s=26.625266537983663)","dms_tuple(d=47.0, m=56.0, s=16.414227697841852)",228.610939,15.240729,47.937893
74324,135517,,15.233121,43.048082,100.4016,0.0,6.66,1.651,A5,0.209,Boo,19.037,104,214.47755395891784,HD135517_TypA5_Mag6.66,"hms_tuple(h=15.0, m=14.0, s=24.61572586332025)","dms_tuple(d=43.0, m=1.0, s=1.023519043570218)",228.602566,15.240171,43.016951
74340,134990,,15.236078,-38.492027,149.925,0.0,7.06,1.181,A1/A2V,0.106,Lup,29.349,142,305.2478297284723,HD134990_TypA1_Mag7.06,"hms_tuple(h=15.0, m=14.0, s=33.59978625357115)","dms_tuple(d=-38.0, m=-31.0, s=-23.044118326793637)",228.639999,15.242667,-38.523068
74355,135297,,15.239169,0.369594,100000.0,0.0,7.99,-12.01,A0p,-0.002,Ser,5546257.13,288,693.4370594020932,HD135297_TypA0_Mag7.99,"hms_tuple(h=15.0, m=14.0, s=39.56544622362287)","dms_tuple(d=0.0, m=20.0, s=18.640853689999304)",228.664856,15.244324,0.338511
74363,134977,,15.241001,-47.037979,120.1923,0.0,7.24,1.841,A6III/IV,0.26,Lup,15.981,163,357.7868844682338,HD134977_TypA6_Mag7.24,"hms_tuple(h=15.0, m=14.0, s=54.8481521178941)","dms_tuple(d=-47.0, m=-4.0, s=-8.418942682030774)",228.728534,15.248569,-47.069005
74366,135298,,15.241288,-3.364425,149.0313,0.0,7.2,1.334,A0,0.086,Ser,25.492,158,345.3801253121633,HD135298_TypA0_Mag7.2,"hms_tuple(h=15.0, m=14.0, s=47.226156384551956)","dms_tuple(d=-3.0, m=-23.0, s=-43.81529318262814)",228.696776,15.246452,-3.395504
74367,135502,,15.241435,29.164295,77.3994,-16.0,5.28,0.836,A2V,0.062,Boo,40.327,36,63.47428331594824,HD135502_TypA2_Mag5.28,"hms_tuple(h=15.0, m=14.0, s=50.41033640232712)","dms_tuple(d=29.0, m=7.0, s=59.460884321358094)",228.710043,15.247336,29.133184
74396,136174,,15.247677,68.94573,234.7418,-11.0,6.52,-0.333,A1Vn,0.03,UMi,118.359,94,189.555805541093,HD136174_TypA1_Mag6.52,"hms_tuple(h=15.0, m=15.0, s=43.21807318962172)","dms_tuple(d=68.0, m=54.0, s=52.24446060667901)",228.930075,15.262005,68.914512
74449,135679,,15.261513,25.642537,252.5253,-4.0,6.97,-0.042,A0,-0.078,Boo,90.532,132,281.9464748828664,HD135679_TypA0_Mag6.97,"hms_tuple(h=15.0, m=16.0, s=2.0254520629757167)","dms_tuple(d=25.0, m=36.0, s=41.14673139196668)",229.008439,15.267229,25.61143
74460,135559,,15.263633,0.372139,46.1467,-12.0,5.62,2.299,A4V,0.181,Ser,10.481,47,85.67969903351784,HD135559_TypA4_Mag5.62,"hms_tuple(h=15.0, m=16.0, s=7.635851111943168)","dms_tuple(d=0.0, m=20.0, s=27.802845347229166)",229.031816,15.268788,0.341056
74519,135774,,15.276612,9.712992,102.0408,-21.7,6.74,1.696,A2,0.342,Ser,18.264,111,230.16325744576756,HD135774_TypA2_Mag6.74,"hms_tuple(h=15.0, m=16.0, s=54.62805156909894)","dms_tuple(d=9.0, m=40.0, s=54.84272059397313)",229.227617,15.281841,9.681901
74535,135681,,15.280168,-13.0392,116.0093,4.0,7.25,1.928,A3IV,0.221,Lib,14.75,164,360.95759541392204,HD135681_TypA3_Mag7.25,"hms_tuple(h=15.0, m=17.0, s=7.655049041841551)","dms_tuple(d=-13.0, m=-4.0, s=-12.972833460125912)",229.281896,15.28546,-13.07027
74568,135619,,15.286308,-34.577076,199.2032,0.0,7.99,1.494,A2IV,0.205,Lup,21.999,288,693.4370594020932,HD135619_TypA2_Mag7.99,"hms_tuple(h=15.0, m=17.0, s=33.25493069456542)","dms_tuple(d=-34.0, m=-36.0, s=-29.240432447545004)",229.388562,15.292571,-34.608122
74580,136115,,15.288575,42.565876,131.7523,0.0,7.48,1.881,A5,0.36,Boo,15.403,195,442.16754115556887,HD136115_TypA5_Mag7.48,"hms_tuple(h=15.0, m=17.0, s=44.05326155559479)","dms_tuple(d=42.0, m=32.0, s=5.084852893297693)",229.433555,15.29557,42.534746
74615,135895,,15.295067,-4.494462,147.0588,0.0,7.72,1.883,A0,0.124,Lib,15.374,234,546.4485785781236,HD135895_TypA0_Mag7.72,"hms_tuple(h=15.0, m=18.0, s=0.8559583463932086)","dms_tuple(d=-4.0, m=-31.0, s=-31.94477105763177)",229.503566,15.300238,-4.52554
74645,135730,,15.302614,-41.061159,78.5546,-6.0,6.3,1.824,Am,0.176,Lup,16.233,79,156.1126819853037,HD135730_TypAm_Mag6.3,"hms_tuple(h=15.0, m=18.0, s=34.03277723808358)","dms_tuple(d=-41.0, m=-5.0, s=-31.905040187123745)",229.641803,15.309454,-41.092196
74683,136728,,15.30919,65.42092,183.8235,0.0,7.82,1.498,A2,0.137,Dra,21.918,253,596.8524553483364,HD136728_TypA2_Mag7.82,"hms_tuple(h=15.0, m=19.0, s=17.64402581311927)","dms_tuple(d=65.0, m=23.0, s=23.00553323821191)",229.823517,15.321568,65.389724
74693,135951,,15.310447,-25.000437,116.2791,0.0,7.7,2.372,A1/A2V,0.175,Lib,9.799,231,536.8905548349917,HD135951_TypA1_Mag7.7,"hms_tuple(h=15.0, m=18.0, s=58.08953176019969)","dms_tuple(d=-25.0, m=-1.0, s=-53.38193136072192)",229.74204,15.316136,-25.031495
74754,136013,,15.32287,-34.032457,164.4737,0.0,7.76,1.68,A0V,0.079,Lup,18.535,242,566.0781270342421,HD136013_TypA0_Mag7.76,"hms_tuple(h=15.0, m=19.0, s=44.73221470947223)","dms_tuple(d=-34.0, m=-3.0, s=-48.61465072168983)",229.936384,15.329092,-34.063504
74755,135984,,15.3229,-36.697688,141.4427,0.0,7.87,2.117,A9V,0.372,Lup,12.394,263,623.771929275639,HD135984_TypA9_Mag7.87,"hms_tuple(h=15.0, m=19.0, s=45.59319327420951)","dms_tuple(d=-36.0, m=-43.0, s=-43.43309708148524)",229.939972,15.329331,-36.728731
74757,136562,,15.323385,50.21464,177.9359,-10.0,7.6,1.349,A0,0.1,Boo,25.142,214,491.5504291096121,HD136562_TypA0_Mag7.6,"hms_tuple(h=15.0, m=19.0, s=53.165903797219585)","dms_tuple(d=50.0, m=11.0, s=0.5822726326067595)",229.971525,15.331435,50.183495
74770,136403,,15.325014,32.514903,86.9565,-25.0,6.33,1.633,A2m,0.234,CrB,19.355,81,160.2999881121757,HD136403_TypA2_Mag6.33,"hms_tuple(h=15.0, m=19.0, s=52.048940420031045)","dms_tuple(d=32.0, m=29.0, s=1.6347866714517068)",229.966871,15.331125,32.483787
74801,137049,,15.331446,67.015608,157.7287,0.0,7.95,1.96,A5,0.0,UMi,14.322,280,669.391162362906,HD137049_TypA5_Mag7.95,"hms_tuple(h=15.0, m=20.0, s=40.66754969081643)","dms_tuple(d=66.0, m=59.0, s=3.850232500238917)",230.169448,15.34463,66.984403
74813,136729,,15.334763,51.958515,67.659,8.0,5.65,1.498,A4V,0.122,Boo,21.918,48,87.97782833441168,HD136729_TypA4_Mag5.65,"hms_tuple(h=15.0, m=20.0, s=35.239125185621845)","dms_tuple(d=51.0, m=55.0, s=38.51779806589377)",230.14683,15.343122,51.927366
74826,136164,,15.337055,-34.925436,142.2475,0.0,7.78,2.015,A2V,0.175,Lup,13.614,245,576.1557641428401,HD136164_TypA2_Mag7.78,"hms_tuple(h=15.0, m=20.0, s=36.03954349042269)","dms_tuple(d=-34.0, m=-57.0, s=-23.334739637145958)",230.150165,15.343344,-34.956482
74847,136246,,15.342061,-28.287106,131.5789,0.0,7.18,1.584,A1V,0.073,Lib,20.249,155,339.33902361009757,HD136246_TypA1_Mag7.18,"hms_tuple(h=15.0, m=20.0, s=52.49895238808193)","dms_tuple(d=-28.0, m=-19.0, s=-5.376831891556435)",230.218746,15.347916,-28.31816
74867,137422,Pherkad,15.345483,71.834016,149.2537,-4.0,3.0,-2.87,A3II-III,0.058,UMi,1224.616,6,8.490917204796602,HD137422_TypA3_Mag3.0,"hms_tuple(h=15.0, m=21.0, s=43.160617200885696)","dms_tuple(d=71.0, m=48.0, s=9.989825128492384)",230.429836,15.361989,71.802775
74891,136921,,15.351032,53.928525,190.4762,0.0,7.64,1.241,A2,0.237,Dra,27.772,221,509.2079239683959,HD136921_TypA2_Mag7.64,"hms_tuple(h=15.0, m=21.0, s=35.208207712256154)","dms_tuple(d=53.0, m=53.0, s=50.53602929778663)",230.396701,15.35978,53.897371
74921,136347,,15.35836,-38.218692,143.2665,7.0,6.57,0.789,A+...,-0.081,Lup,42.111,97,198.10522595363804,HD136347_TypA+_Mag6.57,"hms_tuple(h=15.0, m=21.0, s=53.725514406482375)","dms_tuple(d=-38.0, m=-14.0, s=-59.03957663448466)",230.473856,15.364924,-38.249733
74931,136300,,15.359524,-44.9382,179.8561,0.0,6.68,0.405,A0V,0.009,Lup,59.979,106,218.29580245415895,HD136300_TypA0_Mag6.68,"hms_tuple(h=15.0, m=22.0, s=0.5154942373972915)","dms_tuple(d=-44.0, m=-58.0, s=-9.228823199900376)",230.502148,15.36681,-44.96923
74933,136754,,15.359593,24.343368,138.6963,-15.4,7.25,1.54,A0,0.043,Ser,21.086,164,360.95759541392204,HD136754_TypA0_Mag7.25,"hms_tuple(h=15.0, m=21.0, s=54.89737464126506)","dms_tuple(d=24.0, m=18.0, s=44.14351321675667)",230.478739,15.365249,24.312262
74934,136334,,15.359807,-40.749482,109.1703,-4.0,6.21,1.019,A1V,0.068,Lup,34.072,74,144.19568653254458,HD136334_TypA1_Mag6.21,"hms_tuple(h=15.0, m=21.0, s=59.81167862628084)","dms_tuple(d=-40.0, m=-46.0, s=-49.869630455526135)",230.499215,15.366614,-40.780519
74986,136863,,15.37037,25.244138,151.7451,0.0,7.63,1.724,A0,0.279,Ser,17.799,219,504.73495772895257,HD136863_TypA0_Mag7.63,"hms_tuple(h=15.0, m=22.0, s=33.84278184986684)","dms_tuple(d=25.0, m=12.0, s=46.91193212368205)",230.641012,15.376067,25.213031
75000,136831,,15.373122,12.567521,137.5516,4.0,6.29,0.598,A0V,-0.008,Ser,50.211,79,154.74136248456367,HD136831_TypA0_Mag6.29,"hms_tuple(h=15.0, m=22.0, s=42.24915408149627)","dms_tuple(d=12.0, m=32.0, s=11.137400463395437)",230.676038,15.378403,12.536427
75016,136486,,15.37589,-44.292917,153.8462,0.0,6.74,0.805,A1/A2V,0.049,Lup,41.495,111,230.16325744576756,HD136486_TypA1_Mag6.74,"hms_tuple(h=15.0, m=22.0, s=59.1429268899023)","dms_tuple(d=-44.0, m=-19.0, s=-26.2142022825833)",230.746429,15.383095,-44.323948
75026,137389,,15.377014,62.047076,136.9863,-24.0,5.99,0.307,A0sp...,-0.033,Dra,65.645,62,118.75539918732655,HD137389_TypA0_Mag5.99,"hms_tuple(h=15.0, m=23.0, s=16.797907940609917)","dms_tuple(d=62.0, m=0.0, s=57.22369761037385)",230.819991,15.387999,62.015895
75152,137182,,15.404052,10.554913,139.6648,-19.3,7.36,1.635,A0,0.18,Ser,19.32,178,397.7458321127074,HD137182_TypA0_Mag7.36,"hms_tuple(h=15.0, m=24.0, s=33.46140445166043)","dms_tuple(d=10.0, m=31.0, s=25.7554731144063)",231.139423,15.409295,10.523821
75167,137128,,15.405845,-0.544117,163.3987,0.0,7.32,1.254,A2,0.174,Ser,27.441,173,383.9534407239423,HD137128_TypA2_Mag7.32,"hms_tuple(h=15.0, m=24.0, s=39.5996574956952)","dms_tuple(d=-0.0, m=-34.0, s=-30.715751100940878)",231.164999,15.411,-0.575199
75188,136857,,15.408727,-43.927377,377.3585,0.0,8.0,0.116,A0V,0.063,Lup,78.271,290,699.5823055523535,HD136857_TypA0_Mag8.0,"hms_tuple(h=15.0, m=24.0, s=57.19602308130035)","dms_tuple(d=-43.0, m=-57.0, s=-30.27252904310444)",231.238317,15.415888,-43.958409
75205,136961,,15.411631,-35.917085,144.3001,0.0,6.75,0.954,A0/A1V,0.076,Lup,36.174,112,232.20296653338022,HD136961_TypA0_Mag6.75,"hms_tuple(h=15.0, m=25.0, s=4.793906243707369)","dms_tuple(d=-35.0, m=-56.0, s=-53.266240661388906)",231.269975,15.417998,-35.94813
75208,136933,,15.412504,-39.710268,124.6883,-8.0,5.36,-0.119,Ap...,-0.093,Lup,97.185,38,68.11644175517128,HD136933_TypAp_Mag5.36,"hms_tuple(h=15.0, m=25.0, s=9.147302735937757)","dms_tuple(d=-39.0, m=-44.0, s=-28.705080730717327)",231.288114,15.419208,-39.741307
75246,137015,,15.418454,-38.169241,152.6718,3.0,7.04,1.121,A1/A2V,0.09,Lup,31.017,140,299.90868873980725,HD137015_TypA1_Mag7.04,"hms_tuple(h=15.0, m=25.0, s=30.047856778836746)","dms_tuple(d=-38.0, m=-12.0, s=-1.016239294581851)",231.375199,15.425013,-38.200282
75271,137058,,15.422285,-38.73362,120.3369,-3.0,4.6,-0.802,A0V,0.0,Lup,182.306,21,34.83674370151837,HD137058_TypA0_Mag4.6,"hms_tuple(h=15.0, m=25.0, s=44.025086376590394)","dms_tuple(d=-38.0, m=-45.0, s=-52.777620119306334)",231.433438,15.428896,-38.76466
75279,137119,,15.425048,-36.199429,107.1811,0.0,7.63,2.479,A2V,0.122,Lup,8.88,219,504.73495772895257,HD137119_TypA2_Mag7.63,"hms_tuple(h=15.0, m=25.0, s=53.17759208257229)","dms_tuple(d=-36.0, m=-13.0, s=-49.70322337347682)",231.471573,15.431438,-36.230473
75302,137318,,15.431139,-18.515931,429.1845,0.0,7.74,-0.423,A1V,0.151,Lib,128.588,238,556.1767595666211,HD137318_TypA1_Mag7.74,"hms_tuple(h=15.0, m=26.0, s=11.673700041698396)","dms_tuple(d=-18.0, m=-32.0, s=-49.18502329380374)",231.54864,15.436576,-18.546996
75328,137193,,15.435238,-39.88901,279.3296,0.0,7.38,0.149,Ap,-0.007,Lup,75.928,181,404.82672424766696,HD137193_TypAp_Mag7.38,"hms_tuple(h=15.0, m=26.0, s=31.05257871175496)","dms_tuple(d=-39.0, m=-55.0, s=-12.175287203612584)",231.629386,15.441959,-39.920049
75357,137928,,15.442273,54.020294,123.0012,-5.0,6.44,0.99,A2IV,0.079,Dra,34.995,88,176.63751357336122,HD137928_TypA2_Mag6.44,"hms_tuple(h=15.0, m=27.0, s=3.745166251469385)","dms_tuple(d=53.0, m=59.0, s=20.903560969296677)",231.765605,15.45104,53.98914
75377,137463,,15.447322,-20.005077,203.666,0.0,6.97,0.425,A4:V+...,0.742,Lib,58.884,132,281.9464748828664,HD137463_TypA4_Mag6.97,"hms_tuple(h=15.0, m=27.0, s=10.111390898315449)","dms_tuple(d=-20.0, m=-2.0, s=-10.10514339681265)",231.792131,15.452809,-20.03614
75383,137323,,15.449281,-44.107581,153.3742,0.0,7.77,1.841,A3m...,0.387,Lup,15.981,244,571.094717053101,HD137323_TypA3_Mag7.77,"hms_tuple(h=15.0, m=27.0, s=23.268971809028045)","dms_tuple(d=-44.0, m=-8.0, s=-19.005785596716578)",231.846954,15.456464,-44.138613
75448,138245,,15.461326,62.275682,85.1064,-5.0,6.53,1.88,A5IV,0.134,Dra,15.417,94,191.23565098411746,HD138245_TypA5_Mag6.53,"hms_tuple(h=15.0, m=28.0, s=20.620634760522165)","dms_tuple(d=62.0, m=14.0, s=40.20186830583782)",232.085919,15.472395,62.244501
75499,137779,,15.470492,-11.448869,89.3655,0.0,7.75,2.994,A0,0.261,Lib,5.526,240,561.1056035680328,HD137779_TypA0_Mag7.75,"hms_tuple(h=15.0, m=28.0, s=32.70673857067948)","dms_tuple(d=-11.0, m=-28.0, s=-47.786693738278956)",232.136278,15.475752,-11.479941
75526,137884,,15.475827,0.607054,111.6071,0.0,7.11,1.872,A3,0.374,Ser,15.531,147,319.0152372679894,HD137884_TypA3_Mag7.11,"hms_tuple(h=15.0, m=28.0, s=51.53486000871055)","dms_tuple(d=0.0, m=34.0, s=33.496075248510664)",232.214729,15.480982,0.575971
75531,137898,,15.477288,1.842081,39.7456,-10.0,5.15,2.154,A8IV,0.245,Ser,11.978,33,56.59587992597486,HD137898_TypA8_Mag5.15,"hms_tuple(h=15.0, m=28.0, s=56.802795823548706)","dms_tuple(d=1.0, m=48.0, s=39.58922493189334)",232.236678,15.482445,1.810997
75534,138406,,15.477573,61.726654,259.7403,-1.0,6.9,-0.173,A0,0.126,Dra,102.141,125,265.0600588895962,HD138406_TypA0_Mag6.9,"hms_tuple(h=15.0, m=29.0, s=18.39901966601886)","dms_tuple(d=61.0, m=41.0, s=43.709218485582255)",232.326663,15.488444,61.695475
75540,138213,,15.478999,47.201514,156.9859,-16.0,6.15,0.171,Amvar...,0.1,Boo,74.405,71,136.76080818184963,HD138213_TypAm_Mag6.15,"hms_tuple(h=15.0, m=29.0, s=11.692909215376659)","dms_tuple(d=47.0, m=10.0, s=13.351351729249927)",232.29872,15.486581,47.170375
75542,137728,,15.47946,-31.47568,289.0173,0.0,7.15,-0.155,A3V,0.28,Lup,100.462,152,330.4749158245449,HD137728_TypA3_Mag7.15,"hms_tuple(h=15.0, m=29.0, s=7.8214073180879495)","dms_tuple(d=-31.0, m=-30.0, s=-24.229313115763773)",232.282589,15.485506,-31.50673
75558,138338,,15.482451,55.194937,93.8967,-7.0,6.45,1.587,A3m,0.079,Dra,20.193,89,178.20287698386963,HD138338_TypA3_Mag6.45,"hms_tuple(h=15.0, m=29.0, s=29.30902793586)","dms_tuple(d=55.0, m=9.0, s=49.60689691645882)",232.372121,15.491475,55.16378
75595,138302,,15.489805,47.713448,125.4705,0.0,6.84,1.347,A0,0.071,Boo,25.188,120,251.39328881580803,HD138302_TypA0_Mag6.84,"hms_tuple(h=15.0, m=29.0, s=50.86128405886811)","dms_tuple(d=47.0, m=40.0, s=56.310085236054874)",232.461922,15.497461,47.682308
75618,137949,,15.492985,-17.44094,88.6525,-31.1,6.69,1.952,Ap,0.398,Lib,14.428,107,220.23034203703895,HD137949_TypAp_Mag6.69,"hms_tuple(h=15.0, m=29.0, s=54.200269796898795)","dms_tuple(d=-17.0, m=-28.0, s=-19.22131968917398)",232.475834,15.498389,-17.472006
75644,138214,,15.498371,23.817135,137.5516,0.0,7.59,1.898,A2,0.194,Ser,15.164,212,487.2325692121131,HD138214_TypA2_Mag7.59,"hms_tuple(h=15.0, m=30.0, s=14.414885796427512)","dms_tuple(d=23.0, m=47.0, s=9.706781747545108)",232.560062,15.504004,23.78603
75665,138354,,15.501985,40.385373,147.2754,-14.3,7.93,2.089,A2,0.305,Boo,12.717,275,657.682729265769,HD138354_TypA2_Mag7.93,"hms_tuple(h=15.0, m=30.0, s=31.496881840685376)","dms_tuple(d=40.0, m=21.0, s=15.286778636618124)",232.631237,15.508749,40.354246
75669,138266,,15.502921,23.755522,285.7143,0.0,7.61,0.33,A0,0.029,Ser,64.269,216,495.90655392467346,HD138266_TypA0_Mag7.61,"hms_tuple(h=15.0, m=30.0, s=30.78529024440755)","dms_tuple(d=23.0, m=43.0, s=27.900222836174464)",232.628272,15.508551,23.724417
75681,138305,,15.505654,27.658271,531.9149,0.0,7.89,-0.739,A0,0.129,CrB,172.028,267,634.876663483802,HD138305_TypA0_Mag7.89,"hms_tuple(h=15.0, m=30.0, s=41.29916536039815)","dms_tuple(d=27.0, m=37.0, s=37.78086262546367)",232.67208,15.511472,27.627161
75687,138341,,15.506325,31.285932,168.6341,-4.0,6.45,0.315,A4IV,0.205,CrB,65.163,89,178.20287698386963,HD138341_TypA4_Mag6.45,"hms_tuple(h=15.0, m=30.0, s=44.477116330885735)","dms_tuple(d=31.0, m=15.0, s=17.344772775237516)",232.685321,15.512355,31.254818
75707,138105,,15.51007,-20.728553,80.3213,-11.0,6.2,1.676,A3V,0.192,Lib,18.604,73,142.92904788185962,HD138105_TypA3_Mag6.2,"hms_tuple(h=15.0, m=30.0, s=56.09715520850145)","dms_tuple(d=-20.0, m=-45.0, s=-34.6160438737428)",232.733738,15.515583,-20.759616
75721,138422,,15.512798,34.465657,108.1081,-22.6,6.81,1.641,A0,0.037,Boo,19.213,117,244.8264719937363,HD138422_TypA0_Mag6.81,"hms_tuple(h=15.0, m=31.0, s=8.571996777454558)","dms_tuple(d=34.0, m=26.0, s=4.339997335298449)",232.785717,15.519048,34.434539
75725,137957,,15.513452,-45.424411,221.7295,0.0,7.45,0.721,A0V,0.078,Lup,44.833,191,430.6173790127683,HD137957_TypA0_Mag7.45,"hms_tuple(h=15.0, m=31.0, s=14.881493603594151)","dms_tuple(d=-45.0, m=-27.0, s=-19.585211731397862)",232.812006,15.5208,-45.45544
75753,138188,,15.517489,-18.836566,175.4386,0.0,7.65,1.429,A2III/IV,0.285,Lib,23.356,222,513.7205296793568,HD138188_TypA2_Mag7.65,"hms_tuple(h=15.0, m=31.0, s=22.570826390200835)","dms_tuple(d=-18.0, m=-52.0, s=-3.469851734068925)",232.844045,15.522936,-18.867631
75769,138138,,15.521447,-33.819844,102.7749,0.0,6.87,1.811,A2/A3V,,Lup,16.429,123,258.1362429763933,HD138138_TypA2_Mag6.87,"hms_tuple(h=15.0, m=31.0, s=39.553507892230186)","dms_tuple(d=-33.0, m=-51.0, s=-3.208863728976894)",232.914806,15.527654,-33.850891
75801,138268,,15.528725,-20.164922,87.108,-40.0,6.28,1.58,A5V,0.22,Lib,20.324,78,153.3820888800899,HD138268_TypA5_Mag6.28,"hms_tuple(h=15.0, m=32.0, s=3.1823843391481432)","dms_tuple(d=-20.0, m=-11.0, s=-45.54654913544539)",233.01326,15.534217,-20.195985
75810,138629,,15.529718,40.899332,119.0476,-17.0,4.98,-0.399,A5V,0.086,Boo,125.777,29,48.7129861873023,HD138629_TypA5_Mag4.98,"hms_tuple(h=15.0, m=32.0, s=11.523701034338103)","dms_tuple(d=40.0, m=52.0, s=5.536255176999134)",233.048015,15.536534,40.868205
75811,138483,,15.530134,16.234471,116.6861,0.0,7.46,2.125,A0,0.198,Ser,12.303,192,434.43351452893916,HD138483_TypA0_Mag7.46,"hms_tuple(h=15.0, m=32.0, s=7.80673854906226)","dms_tuple(d=16.0, m=12.0, s=12.14458604620063)",233.032528,15.535502,16.203373
75830,138204,,15.534498,-38.622543,53.6481,-1.0,6.23,2.582,A3III,0.212,Lup,8.076,75,146.76273820280338,HD138204_TypA3_Mag6.23,"hms_tuple(h=15.0, m=32.0, s=27.954939257244433)","dms_tuple(d=-38.0, m=-39.0, s=-12.901018082323503)",233.116479,15.541099,-38.653584
75835,138295,,15.535449,-28.166186,181.8182,11.6,7.96,1.662,A0V,0.314,Lib,18.845,282,675.323313533301,HD138295_TypA0_Mag7.96,"hms_tuple(h=15.0, m=32.0, s=28.67185452916658)","dms_tuple(d=-28.0, m=-11.0, s=-50.06534277796192)",233.119466,15.541298,-28.19724
75846,138410,,15.538299,-9.586443,166.9449,0.0,7.85,1.737,A0,0.18,Lib,17.587,259,612.8614298360975,HD138410_TypA0_Mag7.85,"hms_tuple(h=15.0, m=32.0, s=36.697655130624725)","dms_tuple(d=-9.0, m=-37.0, s=-3.0594110670026)",233.152907,15.543527,-9.617517
75865,138285,,15.541916,-38.071189,200.8032,0.0,7.5,0.986,A0V,0.022,Lup,35.124,198,450.03925321819855,HD138285_TypA0_Mag7.5,"hms_tuple(h=15.0, m=32.0, s=54.479333873043174)","dms_tuple(d=-38.0, m=-6.0, s=-8.029559046595978)",233.226997,15.548466,-38.10223
75873,138413,,15.543528,-19.67046,70.0771,-33.0,5.5,1.272,A2IV,0.197,Lib,26.99,43,77.07201459924187,HD138413_TypA2_Mag5.5,"hms_tuple(h=15.0, m=32.0, s=56.41134736720403)","dms_tuple(d=-19.0, m=-42.0, s=-5.485183518131294)",233.235047,15.549003,-19.701524
75905,138544,,15.551756,-8.081605,171.2329,0.0,7.97,1.802,A2,0.286,Lib,16.565,284,681.3080354866522,HD138544_TypA2_Mag7.97,"hms_tuple(h=15.0, m=33.0, s=25.065907029776184)","dms_tuple(d=-8.0, m=-6.0, s=-45.64766422034353)",233.354441,15.556963,-8.11268
75911,138488,,15.552644,-24.490433,96.7118,-8.0,6.26,1.333,A3/5V +A9/F2,0.33,Lib,25.515,77,150.69925703687835,HD138488_TypA3_Mag6.26,"hms_tuple(h=15.0, m=33.0, s=29.914759808941653)","dms_tuple(d=-24.0, m=-31.0, s=-17.369559333754978)",233.374645,15.55831,-24.521492
75963,139319,,15.564181,63.907141,138.6963,0.0,7.32,1.61,A5 comp SB,0.6,Dra,19.77,173,383.9534407239423,HD139319_TypA5_Mag7.32,"hms_tuple(h=15.0, m=34.0, s=33.1957508159482)","dms_tuple(d=63.0, m=52.0, s=33.42819144985924)",233.638316,15.575888,63.875952
75984,138575,,15.569473,-33.171348,102.145,0.0,6.98,1.934,A0V,0.011,Lup,14.669,133,284.4450873609016,HD138575_TypA0_Mag6.98,"hms_tuple(h=15.0, m=34.0, s=32.280171021305506)","dms_tuple(d=-33.0, m=-12.0, s=-8.626322730266907)",233.634501,15.575633,-33.202396
76006,140084,,15.573122,76.45075,347.2222,21.0,7.65,-0.053,A2,0.076,UMi,91.453,222,513.7205296793568,HD140084_TypA2_Mag7.65,"hms_tuple(h=15.0, m=35.0, s=42.267568094614205)","dms_tuple(d=76.0, m=25.0, s=10.026068321951698)",233.926115,15.595074,76.419452
76018,138833,,15.575446,4.730643,89.2857,0.0,7.04,2.286,A2,0.161,Ser,10.607,140,299.90868873980725,HD138833_TypA2_Mag7.04,"hms_tuple(h=15.0, m=34.0, s=50.224920144608944)","dms_tuple(d=4.0, m=41.0, s=58.40292360051663)",233.709271,15.580618,4.699556
76034,139006,Alphecca,15.578128,26.714693,23.0097,2.0,2.22,0.41,A0V,0.032,CrB,59.704,3,4.266548327429815,HD139006_TypA0_Mag2.22,"hms_tuple(h=15.0, m=35.0, s=2.0293752923770114)","dms_tuple(d=26.0, m=41.0, s=0.903969640250466)",233.758456,15.583897,26.683584
76068,138675,,15.58645,-43.838942,571.4286,0.0,7.91,-0.875,A5IV,0.342,Lup,194.984,271,646.179090335777,HD138675_TypA5_Mag7.91,"hms_tuple(h=15.0, m=35.0, s=36.96054260092225)","dms_tuple(d=-43.0, m=-52.0, s=-11.907087654013822)",233.904002,15.5936,-43.869974
76072,139607,,15.587244,65.277751,113.7656,-7.0,7.45,2.17,A2,0.128,Dra,11.803,191,430.6173790127683,HD139607_TypA2_Mag7.45,"hms_tuple(h=15.0, m=35.0, s=58.396798987362075)","dms_tuple(d=65.0, m=14.0, s=47.599824663993786)",233.99332,15.599555,65.246556
76077,138813,,15.587807,-25.73417,150.8296,4.4,7.31,1.418,A0V,0.06,Lib,23.594,171,380.5807304870462,HD138813_TypA0_Mag7.31,"hms_tuple(h=15.0, m=35.0, s=36.71044000702324)","dms_tuple(d=-25.0, m=-45.0, s=-54.81778391697674)",233.90296,15.593531,-25.765227
76084,138791,,15.589054,-29.050517,113.3787,0.0,7.7,2.427,A2m...,0.303,Lib,9.315,231,536.8905548349917,HD138791_TypA2_Mag7.7,"hms_tuple(h=15.0, m=35.0, s=41.82808412560206)","dms_tuple(d=-29.0, m=-4.0, s=-53.65317927514525)",233.924284,15.594952,-29.08157
76141,139493,,15.599182,54.630567,78.3085,-19.0,5.77,1.301,A2V,0.051,Dra,26.278,53,97.80351392798568,HD139493_TypA2_Mag5.77,"hms_tuple(h=15.0, m=36.0, s=29.088806601752424)","dms_tuple(d=54.0, m=35.0, s=57.880487483814136)",234.121203,15.60808,54.599411
76148,139088,,15.600963,6.183513,185.1852,0.0,7.33,0.992,A2,0.279,Ser,34.93,174,387.3560399526628,HD139088_TypA2_Mag7.33,"hms_tuple(h=15.0, m=36.0, s=22.1310227851356)","dms_tuple(d=6.0, m=9.0, s=8.730117878638168)",234.092213,15.606148,6.152425
76203,139268,,15.611826,14.924792,149.4768,-8.0,7.08,1.207,A0,0.06,Ser,28.655,144,310.68202106935195,HD139268_TypA0_Mag7.08,"hms_tuple(h=15.0, m=37.0, s=1.7754200721508084)","dms_tuple(d=14.0, m=53.0, s=37.30481176005725)",234.257398,15.61716,14.893696
76249,139095,,15.621374,-32.057322,118.3432,0.0,7.91,2.544,A9/F0V,0.366,Lup,8.364,271,646.179090335777,HD139095_TypA9_Mag7.91,"hms_tuple(h=15.0, m=37.0, s=38.849224464299965)","dms_tuple(d=-32.0, m=-5.0, s=-18.137873626568535)",234.411872,15.627458,-32.088372
76272,139202,,15.625363,-22.117018,125.3133,0.0,6.98,1.49,A1m...,0.282,Lib,22.08,133,284.4450873609016,HD139202_TypA1_Mag6.98,"hms_tuple(h=15.0, m=37.0, s=51.34185812124798)","dms_tuple(d=-22.0, m=-8.0, s=-53.08478924279825)",234.463924,15.630928,-22.148079
76342,139347,,15.639479,-24.654953,500.0,0.0,7.91,-0.585,A0V,0.231,Lib,149.279,271,646.179090335777,HD139347_TypA0_Mag7.91,"hms_tuple(h=15.0, m=38.0, s=42.547595903014184)","dms_tuple(d=-24.0, m=-41.0, s=-9.640906956004756)",234.677282,15.645152,-24.686011
76343,139780,,15.639653,43.604261,154.321,-4.0,6.8,0.858,A2,0.187,Boo,39.518,116,242.67587595584382,HD139780_TypA2_Mag6.8,"hms_tuple(h=15.0, m=38.0, s=48.364119911955754)","dms_tuple(d=43.0, m=34.0, s=23.264477351251003)",234.701517,15.646768,43.573129
76372,139271,,15.645049,-39.127734,146.8429,14.0,6.05,0.216,A4:m...,0.204,Lup,71.384,65,125.21142966991891,HD139271_TypA4_Mag6.05,"hms_tuple(h=15.0, m=39.0, s=6.108240003042766)","dms_tuple(d=-39.0, m=-9.0, s=-31.585883341006706)",234.775451,15.651697,-39.158774
76374,139724,,15.64514,31.551849,112.4859,-12.2,7.22,1.965,A3,0.245,CrB,14.256,160,351.52877406079745,HD139724_TypA3_Mag7.22,"hms_tuple(h=15.0, m=39.0, s=4.27266937304708)","dms_tuple(d=31.0, m=31.0, s=14.64477663187381)",234.767803,15.651187,31.520735
76396,143802,,15.649949,85.285937,117.3709,-10.0,6.88,1.532,A5,0.207,UMi,21.242,123,260.4238489413245,HD143802_TypA5_Mag6.88,"hms_tuple(h=15.0, m=42.0, s=44.11817106934379)","dms_tuple(d=85.0, m=15.0, s=15.214309303013351)",235.683826,15.712255,85.254226
76453,139519,,15.660117,-27.643244,159.7444,0.0,7.61,1.593,A2/A3IV/V,,Lib,20.082,216,495.90655392467346,HD139519_TypA2_Mag7.61,"hms_tuple(h=15.0, m=39.0, s=57.37499510917971)","dms_tuple(d=-27.0, m=-40.0, s=-27.476339016402562)",234.989062,15.665937,-27.674299
76462,139799,,15.661097,16.314009,112.7396,0.0,6.98,1.72,A2,0.343,Ser,17.865,133,284.4450873609016,HD139799_TypA2_Mag6.98,"hms_tuple(h=15.0, m=39.0, s=59.28135572465209)","dms_tuple(d=16.0, m=16.0, s=58.48110319102574)",234.997006,15.666467,16.282911
76525,139525,,15.673526,-44.28857,359.7122,0.0,6.98,-0.8,Ap Si,-0.072,Lup,181.97,133,284.4450873609016,HD139525_TypAp_Mag6.98,"hms_tuple(h=15.0, m=40.0, s=50.63060503766579)","dms_tuple(d=-44.0, m=-19.0, s=-10.565030122345433)",235.210961,15.680731,-44.319601
76532,139939,,15.674569,18.671472,309.5975,0.0,7.59,0.136,A2,0.242,Ser,76.842,212,487.2325692121131,HD139939_TypA2_Mag7.59,"hms_tuple(h=15.0, m=40.0, s=48.03243429459627)","dms_tuple(d=18.0, m=38.0, s=25.339409245559068)",235.200135,15.680009,18.640372
76536,140101,,15.675062,37.016987,165.0165,-13.0,7.16,1.072,A0,0.012,CrB,32.449,153,333.40358783117154,HD140101_TypA0_Mag7.16,"hms_tuple(h=15.0, m=40.0, s=53.454419802852016)","dms_tuple(d=36.0, m=59.0, s=9.11530718433994)",235.222727,15.681515,36.985865
76560,139676,,15.679771,-35.427674,90.3342,0.0,7.58,2.801,A9V,0.293,Lup,6.601,211,482.9526381068404,HD139676_TypA9_Mag7.58,"hms_tuple(h=15.0, m=41.0, s=9.957622780074047)","dms_tuple(d=-35.0, m=-27.0, s=-31.38907355824074)",235.29149,15.686099,-35.458719
76562,139598,,15.680951,-44.622852,88.2613,0.0,6.88,2.151,A5IV/V,0.183,Lup,12.012,123,260.4238489413245,HD139598_TypA5_Mag6.88,"hms_tuple(h=15.0, m=41.0, s=17.509670175625445)","dms_tuple(d=-44.0, m=-39.0, s=-13.97807712431586)",235.322957,15.688197,-44.653883
76615,140159,,15.692516,19.670401,58.2751,-17.0,4.51,0.683,A1V,0.062,Ser,46.43,20,32.1774509970409,HD140159_TypA1_Mag4.51,"hms_tuple(h=15.0, m=41.0, s=52.76049693126211)","dms_tuple(d=19.0, m=38.0, s=21.480140230043503)",235.469835,15.697989,19.6393
76629,140160,,15.696504,12.847528,67.3854,2.0,5.34,1.197,A0p Sr,0.033,Ser,28.92,38,66.92500564733533,HD140160_TypA0_Mag5.34,"hms_tuple(h=15.0, m=42.0, s=6.445261932379083)","dms_tuple(d=12.0, m=48.0, s=59.1616361651522)",235.526855,15.70179,12.816434
76633,140364,,15.696842,37.048406,234.7418,0.0,7.7,0.847,A2,0.157,CrB,39.921,231,536.8905548349917,HD140364_TypA2_Mag7.7,"hms_tuple(h=15.0, m=42.0, s=11.872021998107414)","dms_tuple(d=37.0, m=1.0, s=2.2235457037049855)",235.549467,15.703298,37.017284
76641,140232,,15.698532,18.464037,53.0786,-30.0,5.8,2.175,A2m,0.207,Ser,11.749,54,100.42683221252334,HD140232_TypA2_Mag5.8,"hms_tuple(h=15.0, m=42.0, s=14.27547460426652)","dms_tuple(d=18.0, m=25.0, s=58.57416566534255)",235.559481,15.703965,18.432937
76655,140122,,15.70039,0.457028,163.3987,3.0,7.23,1.164,A0,0.24,Ser,29.813,161,354.6440255695144,HD140122_TypA0_Mag7.23,"hms_tuple(h=15.0, m=42.0, s=19.96123514251977)","dms_tuple(d=0.0, m=25.0, s=33.402967069670595)",235.583172,15.705545,0.425945
76715,140436,,15.712381,26.295637,44.7828,-11.0,3.81,0.554,A1Vs,0.02,CrB,52.288,11,17.351133375352774,HD140436_TypA1_Mag3.81,"hms_tuple(h=15.0, m=43.0, s=5.264664103993937)","dms_tuple(d=26.0, m=15.0, s=52.304084009539054)",235.771936,15.718129,26.264529
76773,140194,,15.723988,-30.53499,240.9639,0.0,7.44,0.53,A2V,0.094,Lup,53.456,189,426.83476505925523,HD140194_TypA2_Mag7.44,"hms_tuple(h=15.0, m=43.0, s=47.90823454341762)","dms_tuple(d=-30.0, m=-33.0, s=-57.74951336118875)",235.949618,15.729975,-30.566042
76776,143173,,15.724185,82.947261,147.929,-8.0,7.45,1.6,A2,0.24,UMi,19.953,191,430.6173790127683,HD143173_TypA2_Mag7.45,"hms_tuple(h=15.0, m=45.0, s=57.534719120015154)","dms_tuple(d=82.0, m=54.0, s=56.731861152522924)",236.489728,15.765982,82.915759
76818,142105,,15.734299,77.794493,113.1222,-13.0,4.29,-0.978,A3Vn,0.038,UMi,214.388,17,26.50041849290528,HD142105_TypA3_Mag4.29,"hms_tuple(h=15.0, m=45.0, s=31.028068117732488)","dms_tuple(d=77.0, m=45.0, s=47.41237157871865)",236.379284,15.758619,77.76317
76823,140417,,15.734556,-15.672834,45.7457,-31.0,5.41,2.108,A6IV,0.238,Lib,12.497,40,71.18865627220592,HD140417_TypA6_Mag5.41,"hms_tuple(h=15.0, m=44.0, s=23.677840925274865)","dms_tuple(d=-15.0, m=-42.0, s=-14.046030444338982)",236.098658,15.739911,-15.703902
76826,140664,,15.734985,24.460396,438.5965,-41.4,7.32,-0.89,A2,0.214,Ser,197.697,173,383.9534407239423,HD140664_TypA2_Mag7.32,"hms_tuple(h=15.0, m=44.0, s=26.32742432359109)","dms_tuple(d=24.0, m=25.0, s=45.4438508768348)",236.109698,15.740647,24.42929
76840,140419,,15.738238,-24.39541,123.6094,0.0,7.59,2.13,A2m...,0.287,Lib,12.246,212,487.2325692121131,HD140419_TypA2_Mag7.59,"hms_tuple(h=15.0, m=44.0, s=38.037768484125536)","dms_tuple(d=-24.0, m=-25.0, s=-35.287135353542)",236.158491,15.743899,-24.426469
76849,140285,,15.739633,-41.819089,143.8849,19.0,5.93,0.14,A0V + B,-0.007,Lup,76.56,60,112.63224829649297,HD140285_TypA0_Mag5.93,"hms_tuple(h=15.0, m=44.0, s=47.590749358552245)","dms_tuple(d=-41.0, m=-51.0, s=-0.4486147236400484)",236.198295,15.746553,-41.850125
76874,140729,,15.745037,17.264226,113.6364,-5.0,6.15,0.872,A0V,0.002,Ser,39.012,71,136.76080818184963,HD140729_TypA0_Mag6.15,"hms_tuple(h=15.0, m=45.0, s=1.5621419312665807)","dms_tuple(d=17.0, m=13.0, s=59.25890586671699)",236.256509,15.750434,17.233127
76878,141506,,15.746038,68.680009,111.4827,0.0,7.23,1.994,A2,0.173,Dra,13.88,161,354.6440255695144,HD141506_TypA2_Mag7.23,"hms_tuple(h=15.0, m=45.0, s=36.70517893255223)","dms_tuple(d=68.0, m=38.0, s=55.65551055219771)",236.402938,15.760196,68.648793
76891,140813,,15.748818,20.881407,176.3668,0.1,7.77,1.538,A2,0.1,Ser,21.125,244,571.094717053101,HD140813_TypA2_Mag7.77,"hms_tuple(h=15.0, m=45.0, s=15.601893999139804)","dms_tuple(d=20.0, m=51.0, s=1.0972303559350394)",236.315008,15.754334,20.850305
76897,140833,,15.749251,24.708612,168.9189,-31.0,7.53,1.392,A3,0.247,Ser,24.166,203,462.11035531169057,HD140833_TypA3_Mag7.53,"hms_tuple(h=15.0, m=45.0, s=17.7254026163169)","dms_tuple(d=24.0, m=40.0, s=39.0204674055056)",236.323856,15.754924,24.677506
76913,140475,,15.751768,-35.101903,124.2236,0.0,7.72,2.249,A2V,0.082,Lup,10.975,234,546.4485785781236,HD140475_TypA2_Mag7.72,"hms_tuple(h=15.0, m=45.0, s=29.055306074383935)","dms_tuple(d=-35.0, m=-7.0, s=-58.61507662345559)",236.371064,15.758071,-35.132949
76926,140775,,15.756523,5.447315,113.3787,-10.0,5.57,0.297,A1V,0.035,Ser,66.252,45,81.98210971283382,HD140775_TypA1_Mag5.57,"hms_tuple(h=15.0, m=45.0, s=42.12274470606019)","dms_tuple(d=5.0, m=24.0, s=58.41975592467875)",236.425511,15.761701,5.416228
76928,140652,,15.756624,-19.107279,141.4427,0.0,7.53,1.777,A5IV,0.264,Lib,16.951,203,462.11035531169057,HD140652_TypA5_Mag7.53,"hms_tuple(h=15.0, m=45.0, s=43.48876184092987)","dms_tuple(d=-19.0, m=-8.0, s=-18.03565909143117)",236.431203,15.76208,-19.138343
76943,141068,,15.759374,40.177546,187.2659,-3.9,7.84,1.478,A2,0.122,Boo,22.325,257,607.4779541357369,HD141068_TypA2_Mag7.84,"hms_tuple(h=15.0, m=45.0, s=58.022621128806406)","dms_tuple(d=40.0, m=8.0, s=47.110748139890006)",236.491761,15.766117,40.14642
76996,141003,,15.769793,15.421826,47.5511,-1.0,3.65,0.264,A3V,0.073,Ser,68.297,10,15.06674900314044,HD141003_TypA3_Mag3.65,"hms_tuple(h=15.0, m=46.0, s=30.50174997011098)","dms_tuple(d=15.0, m=23.0, s=26.625463163356926)",236.627091,15.775139,15.390729
77012,141040,,15.773331,15.526702,232.5581,-48.0,6.7,-0.133,A3,0.223,Ser,98.446,108,222.1820255290352,HD141040_TypA3_Mag6.7,"hms_tuple(h=15.0, m=46.0, s=43.24828501389902)","dms_tuple(d=15.0, m=29.0, s=44.178693144381356)",236.680201,15.77868,15.495605
77040,141653,,15.777772,62.599557,87.7193,-6.0,5.19,0.475,A2IV,0.062,Dra,56.234,34,58.62891946706819,HD141653_TypA2_Mag5.19,"hms_tuple(h=15.0, m=47.0, s=20.259546101643906)","dms_tuple(d=62.0, m=34.0, s=6.1469198606295095)",236.834415,15.788961,62.568374
77046,141070,,15.778728,9.786285,122.399,-28.0,7.04,1.601,A2,0.202,Ser,19.934,140,299.90868873980725,HD141070_TypA2_Mag7.04,"hms_tuple(h=15.0, m=47.0, s=2.2497762550389666)","dms_tuple(d=9.0, m=45.0, s=18.6972732932702)",236.759374,15.783958,9.755194
77058,140757,,15.781012,-36.936844,171.8213,0.0,7.95,1.775,A2IV/V,0.14,Lup,16.982,280,669.391162362906,HD140757_TypA2_Mag7.95,"hms_tuple(h=15.0, m=47.0, s=14.86893202521486)","dms_tuple(d=-36.0, m=-58.0, s=-4.39347284598)",236.811954,15.787464,-36.967887
77072,141987,,15.783211,69.477475,236.4066,0.0,7.5,0.632,A2,0.141,Dra,48.663,198,450.03925321819855,HD141987_TypA2_Mag7.5,"hms_tuple(h=15.0, m=47.0, s=52.4149374406835)","dms_tuple(d=69.0, m=26.0, s=46.51266061080946)",236.968396,15.797893,69.446254
77077,141127,,15.784491,11.528059,190.4762,0.0,7.68,1.281,A2,0.218,Ser,26.767,227,527.4997120883073,HD141127_TypA2_Mag7.68,"hms_tuple(h=15.0, m=47.0, s=23.104282179544384)","dms_tuple(d=11.0, m=29.0, s=49.07776230366338)",236.846268,15.789751,11.496966
77078,140817,,15.784572,-35.510345,147.2754,0.0,6.82,0.979,A0V,0.024,Lup,35.351,118,246.99612663521023,HD140817_TypA0_Mag6.82,"hms_tuple(h=15.0, m=47.0, s=27.26468208506276)","dms_tuple(d=-35.0, m=-32.0, s=-29.00426468445289)",236.863603,15.790907,-35.54139
77086,141268,,15.786042,30.565645,311.5265,-37.7,7.8,0.333,A0,-0.057,CrB,64.091,249,586.4128089424291,HD141268_TypA0_Mag7.8,"hms_tuple(h=15.0, m=47.0, s=31.295640204465798)","dms_tuple(d=30.0, m=32.0, s=4.3147793114872)",236.880399,15.792027,30.534532
77099,141187,,15.788144,14.115348,76.6871,-34.0,5.71,1.286,A3V,0.094,Ser,26.644,50,92.76066385520623,HD141187_TypA3_Mag5.71,"hms_tuple(h=15.0, m=47.0, s=36.450246381303515)","dms_tuple(d=14.0, m=5.0, s=3.309242345880392)",236.901876,15.793458,14.084253
77110,140968,,15.789814,-25.867712,146.6276,0.0,7.8,1.969,A2V,0.167,Lib,14.204,249,586.4128089424291,HD140968_TypA2_Mag7.8,"hms_tuple(h=15.0, m=47.0, s=43.95890271934306)","dms_tuple(d=-25.0, m=-53.0, s=-55.56844357646298)",236.933162,15.795544,-25.898769
77134,141675,,15.793867,55.376627,73.8007,-2.0,5.85,1.51,A3m,0.249,Dra,21.677,56,104.95632265378961,HD141675_TypA3_Mag5.85,"hms_tuple(h=15.0, m=48.0, s=10.55548812024199)","dms_tuple(d=55.0, m=20.0, s=43.68906334601661)",237.043981,15.802932,55.345469
77157,141063,,15.799014,-25.986952,114.6789,0.0,6.98,1.683,A1IV,0.164,Sco,18.484,133,284.4450873609016,HD141063_TypA1_Mag6.98,"hms_tuple(h=15.0, m=48.0, s=17.099813387208656)","dms_tuple(d=-26.0, m=-1.0, s=-4.831960070573302)",237.071249,15.80475,-26.018009
77162,141091,,15.800916,-25.215615,151.5152,0.0,7.15,1.248,A0V,0.131,Sco,27.593,152,330.4749158245449,HD141091_TypA0_Mag7.15,"hms_tuple(h=15.0, m=48.0, s=23.814057339319987)","dms_tuple(d=-25.0, m=-14.0, s=-48.02187068236407)",237.099225,15.806615,-25.246673
77181,140977,,15.805346,-44.351788,787.4016,0.0,7.01,-2.471,A2III,0.153,Lup,848.008,136,292.07456782282145,HD140977_TypA2_Mag7.01,"hms_tuple(h=15.0, m=48.0, s=45.210597151813374)","dms_tuple(d=-44.0, m=-22.0, s=-58.14942484402252)",237.188377,15.812558,-44.382819
77198,141164,,15.807399,-23.834056,84.3882,0.0,6.71,2.079,A2IV/V,0.13,Sco,12.835,108,224.15100485964183,HD141164_TypA2_Mag6.71,"hms_tuple(h=15.0, m=48.0, s=46.92805026072662)","dms_tuple(d=-23.0, m=-51.0, s=-54.41494527451255)",237.195534,15.813036,-23.865115
77211,144463,,15.811812,83.619657,381.6794,0.0,7.0,-0.908,A3,0.53,UMi,201.002,135,289.50893673230235,HD144463_TypA3_Mag7.0,"hms_tuple(h=15.0, m=51.0, s=28.694174279546445)","dms_tuple(d=83.0, m=35.0, s=17.19742556742858)",237.869559,15.857971,83.58811
77218,141458,,15.814023,12.723616,186.9159,-22.0,6.79,0.432,A0,0.024,Ser,58.506,115,240.54417110761835,HD141458_TypA0_Mag6.79,"hms_tuple(h=15.0, m=49.0, s=9.504347834353979)","dms_tuple(d=12.0, m=41.0, s=33.078863159384895)",237.289601,15.819307,12.692522
77220,141190,,15.81448,-29.483444,116.5501,0.0,7.96,2.627,A7IV,0.259,Sco,7.748,282,675.323313533301,HD141190_TypA7_Mag7.96,"hms_tuple(h=15.0, m=49.0, s=13.451904251438265)","dms_tuple(d=-29.0, m=-30.0, s=-52.18851329380243)",237.30605,15.820403,-29.514497
77227,141378,,15.815777,-3.818513,54.0249,-16.0,5.53,1.867,A5IV,0.12,Lib,15.603,44,79.13926573372774,HD141378_TypA5_Mag5.53,"hms_tuple(h=15.0, m=49.0, s=15.395885997064198)","dms_tuple(d=-3.0, m=-50.0, s=-58.53059871406032)",237.31415,15.820943,-3.849592
77279,141513,,15.827002,-3.430208,52.0021,-9.0,3.54,-0.04,A0V,-0.036,Ser,90.365,9,13.673197936459072,HD141513_TypA0_Mag3.54,"hms_tuple(h=15.0, m=49.0, s=55.79783505113042)","dms_tuple(d=-3.0, m=-27.0, s=-40.63387677286485)",237.482491,15.832166,-3.461287
77284,141404,,15.827846,-20.777471,383.1418,7.0,7.71,-0.207,A0III/IV,0.115,Sco,105.39,233,541.648484297334,HD141404_TypA0_Mag7.71,"hms_tuple(h=15.0, m=50.0, s=0.09718705416972284)","dms_tuple(d=-20.0, m=-48.0, s=-30.72066042148947)",237.500405,15.83336,-20.808534
77292,141930,,15.830545,44.522082,411.5226,-16.0,7.69,-0.382,A0,0.111,Her,123.823,229,532.1744198083834,HD141930_TypA0_Mag7.69,"hms_tuple(h=15.0, m=50.0, s=15.97508925051585)","dms_tuple(d=44.0, m=29.0, s=27.414256294270558)",237.566563,15.837771,44.490948
77295,141610,,15.831002,2.500748,88.7311,0.0,7.15,2.41,A2,0.329,Ser,9.462,152,330.4749158245449,HD141610_TypA2_Mag7.15,"hms_tuple(h=15.0, m=50.0, s=10.181174295192363)","dms_tuple(d=2.0, m=28.0, s=10.78826279036143)",237.542422,15.836161,2.469663
77327,142342,,15.835561,64.799692,246.9136,-7.0,7.21,0.247,A0,0.037,Dra,69.375,159,348.44088743422355,HD142342_TypA0_Mag7.21,"hms_tuple(h=15.0, m=50.0, s=51.551765320218124)","dms_tuple(d=64.0, m=46.0, s=6.596204273116655)",237.714799,15.847653,64.768499
77333,141693,,15.836628,5.954772,102.9866,0.0,7.11,2.046,A0,0.148,Ser,13.231,147,319.0152372679894,HD141693_TypA0_Mag7.11,"hms_tuple(h=15.0, m=50.0, s=30.51714278258757)","dms_tuple(d=5.0, m=55.0, s=25.263276078984376)",237.627155,15.84181,5.923684
77385,141795,,15.846935,4.47773,21.5983,-9.1,3.71,2.038,A2m,0.147,Ser,13.329,11,15.885839263486547,HD141795_TypA2_Mag3.71,"hms_tuple(h=15.0, m=51.0, s=7.578747382430748)","dms_tuple(d=4.0, m=26.0, s=47.9169579514172)",237.781578,15.852105,4.446644
77415,142282,,15.8528,52.906991,127.0648,-9.4,6.74,1.22,A0...,0.138,Dra,28.314,111,230.16325744576756,HD142282_TypA0_Mag6.74,"hms_tuple(h=15.0, m=51.0, s=40.82626588690928)","dms_tuple(d=52.0, m=52.0, s=33.02304474404309)",237.920109,15.861341,52.87584
77423,141851,,15.854331,-3.090497,49.7512,-8.0,5.09,1.606,A3Vn,0.135,Ser,19.843,31,53.677737972364845,HD141851_TypA3_Mag5.09,"hms_tuple(h=15.0, m=51.0, s=34.17589710352985)","dms_tuple(d=-3.0, m=-7.0, s=-17.67539402738631)",237.8924,15.859493,-3.121576
77515,142070,,15.876407,-1.031348,248.139,0.0,7.97,0.997,A0,0.165,Ser,34.77,284,681.3080354866522,HD142070_TypA0_Mag7.97,"hms_tuple(h=15.0, m=52.0, s=53.625113067006254)","dms_tuple(d=-1.0, m=-3.0, s=-44.74575362817859)",238.223438,15.881563,-1.062429
77673,142500,,15.911188,8.580337,78.8644,-25.0,6.28,1.796,A7Vn,0.171,Ser,16.657,78,153.3820888800899,HD142500_TypA7_Mag6.28,"hms_tuple(h=15.0, m=54.0, s=59.04203324502632)","dms_tuple(d=8.0, m=32.0, s=57.28852914321962)",238.746008,15.916401,8.549247
77685,142553,,15.913622,11.515302,246.3054,0.0,7.69,0.733,A2,0.22,Ser,44.34,229,532.1744198083834,HD142553_TypA2_Mag7.69,"hms_tuple(h=15.0, m=55.0, s=7.975025107911904)","dms_tuple(d=11.0, m=29.0, s=3.152605848963077)",238.783229,15.918882,11.484209
77696,142742,,15.91579,34.362526,183.8235,-10.8,7.12,0.798,A2,0.159,CrB,41.764,148,321.8423534887257,HD142742_TypA2_Mag7.12,"hms_tuple(h=15.0, m=55.0, s=19.315501949881764)","dms_tuple(d=34.0, m=19.0, s=53.06889369069893)",238.830481,15.922032,34.331408
77727,142255,,15.922285,-43.391711,110.4972,0.0,6.92,1.703,A4IV/V,0.2,Nor,18.147,127,269.7788052214281,HD142255_TypA4_Mag6.92,"hms_tuple(h=15.0, m=55.0, s=45.7756070889495)","dms_tuple(d=-43.0, m=-25.0, s=-21.878287499328053)",238.940732,15.929382,-43.422744
77738,142796,,15.923837,29.537088,154.7988,-14.4,7.64,1.691,A0,0.062,CrB,18.348,221,509.2079239683959,HD142796_TypA0_Mag7.64,"hms_tuple(h=15.0, m=55.0, s=47.13530942141659)","dms_tuple(d=29.0, m=30.0, s=21.514076852018604)",238.946397,15.92976,29.505976
77747,142445,,15.925023,-26.265993,125.1564,-29.0,5.63,0.143,A3V,0.141,Sco,76.348,47,86.4389933825896,HD142445_TypA3_Mag5.63,"hms_tuple(h=15.0, m=55.0, s=50.781664874701704)","dms_tuple(d=-26.0, m=-17.0, s=-49.37842473245013)",238.96159,15.930773,-26.29705
77780,143187,,15.930455,58.911774,145.1379,-8.0,6.31,0.501,A0V,-0.028,Dra,54.903,80,157.49615413316394,HD143187_TypA0_Mag6.31,"hms_tuple(h=15.0, m=56.0, s=25.54339216608753)","dms_tuple(d=58.0, m=52.0, s=50.17885662997685)",239.106431,15.940429,58.880605
77804,142540,,15.934752,-25.935797,152.439,0.0,7.62,1.705,A2/A3III,0.211,Sco,18.113,217,500.3012827613783,HD142540_TypA2_Mag7.62,"hms_tuple(h=15.0, m=56.0, s=25.747626388504727)","dms_tuple(d=-25.0, m=-58.0, s=-0.674167618850845)",239.107282,15.940485,-25.966854
77805,142431,,15.934757,-40.704761,124.2236,0.0,7.05,1.579,A2V,0.117,Lup,20.342,141,302.5664825365462,HD142431_TypA2_Mag7.05,"hms_tuple(h=15.0, m=56.0, s=29.61519768347941)","dms_tuple(d=-40.0, m=-44.0, s=-8.874285952464902)",239.123397,15.94156,-40.735798
77841,142703,,15.942604,-14.829438,51.0986,12.0,6.11,2.568,A2Ib/II,0.243,Lib,8.181,68,132.01843644392628,HD142703_TypA2_Mag6.11,"hms_tuple(h=15.0, m=56.0, s=52.57326548514541)","dms_tuple(d=-14.0, m=-51.0, s=-37.823401552440004)",239.219055,15.947937,-14.860507
77862,142705,,15.946627,-23.184076,140.8451,-6.5,7.74,1.996,A0V,0.198,Sco,13.855,238,556.1767595666211,HD142705_TypA0_Mag7.74,"hms_tuple(h=15.0, m=57.0, s=8.048813303772135)","dms_tuple(d=-23.0, m=-12.0, s=-54.489480308227485)",239.283537,15.952236,-23.215136
77868,142629,,15.948193,-33.966134,42.3729,-10.0,5.14,2.005,A3V,0.129,Lup,13.74,32,56.098732398835686,HD142629_TypA3_Mag5.14,"hms_tuple(h=15.0, m=57.0, s=15.877511918530303)","dms_tuple(d=-33.0, m=-59.0, s=-49.85216726531746)",239.316156,15.95441,-33.997181
77881,142643,,15.951402,-35.9276,132.1004,0.0,6.91,1.305,A3V,0.115,Lup,26.182,126,267.409023780344,HD142643_TypA3_Mag6.91,"hms_tuple(h=15.0, m=57.0, s=27.972557590006204)","dms_tuple(d=-35.0, m=-57.0, s=-31.120188061051408)",239.366552,15.95777,-35.958644
77884,142865,,15.952076,-6.828217,128.3697,0.0,7.95,2.408,A5,0.32,Lib,9.48,280,669.391162362906,HD142865_TypA5_Mag7.95,"hms_tuple(h=15.0, m=57.0, s=26.164100716025303)","dms_tuple(d=-6.0, m=-51.0, s=-33.45504392803008)",239.359017,15.957268,-6.859293
77887,142864,,15.952396,-6.296632,116.0093,-24.8,7.19,1.868,A0,0.171,Lib,15.588,156,342.3462494285041,HD142864_TypA0_Mag7.19,"hms_tuple(h=15.0, m=57.0, s=27.296067176341694)","dms_tuple(d=-6.0, m=-19.0, s=-39.75080975155038)",239.363734,15.957582,-6.327709
77892,142805,,15.953521,-21.485682,212.766,-13.2,7.13,0.49,A0IV,0.152,Sco,55.463,149,324.6945236416619,HD142805_TypA0_Mag7.13,"hms_tuple(h=15.0, m=57.0, s=32.62240779823131)","dms_tuple(d=-21.0, m=-31.0, s=-0.27759095221796315)",239.385927,15.959062,-21.516744
77897,142930,,15.954144,3.405346,179.2115,-14.0,7.3,1.033,A0,0.264,Ser,33.636,170,377.23764669214916,HD142930_TypA0_Mag7.3,"hms_tuple(h=15.0, m=57.0, s=33.5073487290056)","dms_tuple(d=3.0, m=22.0, s=27.33808974222569)",239.389614,15.959308,3.374261
77959,142851,,15.966485,-31.728932,126.7427,0.0,7.03,1.515,A0V,-0.011,Lup,21.577,138,297.27424144135534,HD142851_TypA0_Mag7.03,"hms_tuple(h=15.0, m=58.0, s=21.170751043967044)","dms_tuple(d=-31.0, m=-45.0, s=-35.93536793978984)",239.588211,15.972547,-31.759982
77984,142808,,15.973333,-44.080823,111.2347,-25.0,6.72,1.489,A2V,0.169,Nor,22.1,109,226.137433304753,HD142808_TypA2_Mag6.72,"hms_tuple(h=15.0, m=58.0, s=49.84446190026446)","dms_tuple(d=-44.0, m=-6.0, s=-42.677155824397914)",239.707685,15.980512,-44.111855
77989,143418,,15.9738,43.213712,181.8182,0.0,7.42,1.122,A3,0.177,Her,30.988,187,419.36892659107707,HD143418_TypA3_Mag7.42,"hms_tuple(h=15.0, m=58.0, s=51.12887540500893)","dms_tuple(d=43.0, m=10.0, s=57.29050067402852)",239.713037,15.980869,43.182581
78096,143259,,15.994804,-7.302058,145.9854,0.0,6.64,0.818,A0,0.093,Lib,41.002,103,210.72609108853683,HD143259_TypA0_Mag6.64,"hms_tuple(h=16.0, m=0.0, s=0.0041533218848144315)","dms_tuple(d=-7.0, m=-19.0, s=-59.281066602349455)",240.000017,16.000001,-7.333134
78122,143149,,15.998626,-33.38533,105.042,0.0,6.83,1.723,A0V,0.035,Lup,17.816,119,249.18500877779775,HD143149_TypA0_Mag6.83,"hms_tuple(h=16.0, m=0.0, s=17.28546361362362)","dms_tuple(d=-33.0, m=-24.0, s=-58.96051842244162)",240.072023,16.004802,-33.416378
78139,143776,,16.000497,49.90014,126.9036,0.0,7.95,2.433,A5,0.328,Her,9.264,280,669.391162362906,HD143776_TypA5_Mag7.95,"hms_tuple(h=16.0, m=0.0, s=30.5799710427479)","dms_tuple(d=49.0, m=52.0, s=8.384770522569625)",240.127417,16.008494,49.868996
78166,143914,,16.005905,54.522562,134.7709,0.0,7.83,2.182,A0,0.2,Dra,11.673,255,602.141767772257,HD143914_TypA0_Mag7.83,"hms_tuple(h=16.0, m=0.0, s=53.20692040940713)","dms_tuple(d=54.0, m=29.0, s=29.063539712612965)",240.221696,16.01478,54.491407
78197,143232,,16.013027,-39.088508,125.3133,0.0,6.67,1.18,A5mA5-F2,0.249,Lup,29.376,105,216.3782561854747,HD143232_TypA5_Mag6.67,"hms_tuple(h=16.0, m=1.0, s=10.815709971087415)","dms_tuple(d=-39.0, m=-7.0, s=-10.372497082456107)",240.295065,16.019671,-39.119548
78198,143459,,16.013231,-8.411353,150.1502,-19.0,5.53,-0.353,A0Vs,0.043,Lib,120.559,44,79.13926573372774,HD143459_TypA0_Mag5.53,"hms_tuple(h=16.0, m=1.0, s=6.391608037189087)","dms_tuple(d=-8.0, m=-26.0, s=-32.73936042928952)",240.276632,16.018442,-8.442428
78207,143248,,16.014919,-40.43548,102.7749,-15.0,6.21,1.151,A0V,0.01,Lup,30.172,74,144.19568653254458,HD143248_TypA0_Mag6.21,"hms_tuple(h=16.0, m=1.0, s=18.099939996367596)","dms_tuple(d=-40.0, m=-27.0, s=-59.464217169424956)",240.325416,16.021694,-40.466518
78210,143806,,16.015262,39.177518,136.2398,0.0,6.74,1.068,A0,0.131,CrB,32.569,111,230.16325744576756,HD143806_TypA0_Mag6.74,"hms_tuple(h=16.0, m=1.0, s=18.870829902479045)","dms_tuple(d=39.0, m=8.0, s=47.015477508263075)",240.328628,16.021909,39.146393
78214,144283,,16.016075,64.950031,180.5054,-16.0,7.06,0.778,A2,0.111,Dra,42.54,142,305.2478297284723,HD144283_TypA2_Mag7.06,"hms_tuple(h=16.0, m=1.0, s=41.64606683095201)","dms_tuple(d=64.0, m=55.0, s=7.813877038137207)",240.423525,16.028235,64.918837
78255,143807,,16.024047,29.851061,95.6023,-19.0,4.98,0.078,A0p...,-0.05,CrB,81.059,29,48.7129861873023,HD143807_TypA0_Mag4.98,"hms_tuple(h=16.0, m=1.0, s=47.95795913220587)","dms_tuple(d=29.0, m=49.0, s=11.81551380591003)",240.449825,16.029988,29.819949
78256,143472,,16.024067,-25.1985,198.4127,0.0,7.76,1.272,A2m...,0.355,Sco,26.99,242,566.0781270342421,HD143472_TypA2_Mag7.76,"hms_tuple(h=16.0, m=1.0, s=47.1547686930046)","dms_tuple(d=-25.0, m=-13.0, s=-46.40793925095011)",240.446478,16.029765,-25.229558
78287,143762,,16.031278,13.472466,218.8184,0.0,7.51,0.81,A5,0.21,Ser,41.305,200,454.02750557766933,HD143762_TypA5_Mag7.51,"hms_tuple(h=16.0, m=2.0, s=11.680138413152292)","dms_tuple(d=13.0, m=26.0, s=28.93627616003741)",240.548667,16.036578,13.441371
78294,143473,,16.033018,-37.534367,116.144,0.0,7.39,2.065,Ap Si,0.097,Lup,13.002,182,408.41430272357115,HD143473_TypAp_Mag7.39,"hms_tuple(h=16.0, m=2.0, s=22.27556354730524)","dms_tuple(d=-37.0, m=-33.0, s=-55.47318015592964)",240.592815,16.039521,-37.565409
78302,143488,,16.034678,-36.743914,124.2236,0.0,6.99,1.519,A0V,0.006,Lup,21.498,134,286.96584256768466,HD143488_TypA0_Mag6.99,"hms_tuple(h=16.0, m=2.0, s=28.007947352687097)","dms_tuple(d=-36.0, m=-46.0, s=-29.846461047588377)",240.6167,16.041113,-36.774957
78306,143723,,16.035176,-0.821106,139.0821,0.0,7.27,1.554,A2,0.3,Ser,20.816,166,367.38356293404297,HD143723_TypA2_Mag7.27,"hms_tuple(h=16.0, m=2.0, s=25.192375100400284)","dms_tuple(d=-0.0, m=-51.0, s=-7.875242991928104)",240.604968,16.040331,-0.852188
78315,143894,,16.038248,22.804454,54.8847,-28.0,4.82,1.123,A3V,0.066,Ser,30.96,25,42.29961929288719,HD143894_TypA3_Mag4.82,"hms_tuple(h=16.0, m=2.0, s=37.81845284669487)","dms_tuple(d=22.0, m=46.0, s=24.059115955957964)",240.657577,16.043838,22.77335
78331,143936,,16.043706,18.11401,146.1988,0.0,7.54,1.715,A0,0.182,Her,17.947,204,466.20558189854603,HD143936_TypA0_Mag7.54,"hms_tuple(h=16.0, m=2.0, s=56.86249194129289)","dms_tuple(d=18.0, m=4.0, s=58.47823793197108)",240.736927,16.049128,18.082911
78344,143991,,16.045723,22.805936,99.8004,0.0,7.64,2.644,A3,0.317,Ser,7.628,221,509.2079239683959,HD143991_TypA3_Mag7.64,"hms_tuple(h=16.0, m=3.0, s=4.728671396530331)","dms_tuple(d=22.0, m=46.0, s=29.394310241716823)",240.769703,16.051314,22.774832
78347,143692,,16.045963,-23.181149,144.0922,0.0,7.97,2.177,A2IV/V,0.215,Sco,11.727,284,681.3080354866522,HD143692_TypA2_Mag7.97,"hms_tuple(h=16.0, m=3.0, s=5.6579709140092405)","dms_tuple(d=-23.0, m=-12.0, s=-43.952291667743566)",240.773575,16.051572,-23.212209
78351,143992,,16.046172,22.238464,119.7605,-35.0,7.03,1.638,A2,0.148,Ser,19.266,138,297.27424144135534,HD143992_TypA2_Mag7.03,"hms_tuple(h=16.0, m=3.0, s=6.26270999254757)","dms_tuple(d=22.0, m=12.0, s=26.497289308236134)",240.776095,16.05174,22.20736
78363,143715,,16.047763,-25.014308,265.9574,0.0,7.03,-0.094,A0V,0.177,Sco,94.973,138,297.27424144135534,HD143715_TypA0_Mag7.03,"hms_tuple(h=16.0, m=3.0, s=12.4294479768065)","dms_tuple(d=-25.0, m=-2.0, s=-43.31747597020723)",240.801789,16.053453,-25.045366
78388,143785,,16.051961,-19.840713,194.9318,0.0,7.31,0.861,A2/A3III,0.264,Sco,39.409,171,380.5807304870462,HD143785_TypA2_Mag7.31,"hms_tuple(h=16.0, m=3.0, s=26.791229513792985)","dms_tuple(d=-19.0, m=-52.0, s=-18.3953531990727)",240.86163,16.057442,-19.871776
78409,144208,,16.055379,36.631787,200.8032,-1.0,5.79,-0.724,A2V+...,0.586,CrB,169.668,54,99.54466638423023,HD144208_TypA2_Mag5.79,"hms_tuple(h=16.0, m=3.0, s=42.47910066671324)","dms_tuple(d=36.0, m=36.0, s=2.397276194442952)",240.926996,16.0618,36.600666
78421,145622,,16.058718,76.793939,157.4803,-16.0,5.73,-0.256,A3V,0.051,UMi,110.255,51,94.41204069462422,HD145622_TypA3_Mag5.73,"hms_tuple(h=16.0, m=4.0, s=52.424014442201496)","dms_tuple(d=76.0, m=45.0, s=45.48554587229319)",241.218433,16.081229,76.762635
78482,144359,,16.070413,34.178791,136.0544,-8.0,6.78,1.111,A0,0.065,CrB,31.304,114,238.4311915057409,HD144359_TypA0_Mag6.78,"hms_tuple(h=16.0, m=4.0, s=35.90930993433318)","dms_tuple(d=34.0, m=8.0, s=51.623774967067675)",241.149622,16.076641,34.147673
78515,143939,,16.079025,-39.434656,144.7178,1.6,6.95,1.147,Ap SiCr,-0.084,Lup,30.283,130,277.01490180011757,HD143939_TypAp_Mag6.95,"hms_tuple(h=16.0, m=5.0, s=8.527045562121316)","dms_tuple(d=-39.0, m=-27.0, s=-56.5034026504253)",241.285529,16.085702,-39.465695
78521,145309,,16.080264,70.261717,129.7017,0.0,6.85,1.285,A0,0.128,UMi,26.669,121,253.62113865358353,HD145309_TypA0_Mag6.85,"hms_tuple(h=16.0, m=5.0, s=43.81357442240983)","dms_tuple(d=70.0, m=13.0, s=49.76221297262782)",241.432557,16.095504,70.23049
78523,144304,,16.080378,9.64499,145.3488,0.0,7.78,1.968,A5,0.243,Ser,14.217,245,576.1557641428401,HD144304_TypA5_Mag7.78,"hms_tuple(h=16.0, m=5.0, s=8.181853796453709)","dms_tuple(d=9.0, m=36.0, s=50.035749945570416)",241.284091,16.085606,9.613899
78551,144271,,16.085691,-3.527611,367.6471,-29.0,6.87,-0.957,A0,0.176,Ser,210.281,123,258.1362429763933,HD144271_TypA0_Mag6.87,"hms_tuple(h=16.0, m=5.0, s=27.080173674224284)","dms_tuple(d=-3.0, m=-33.0, s=-31.284356285765256)",241.362834,16.090856,-3.55869
78576,144115,,16.089954,-31.456928,97.6562,0.0,7.07,2.122,A2m...,0.251,Lup,12.337,143,307.9529390460096,HD144115_TypA2_Mag7.07,"hms_tuple(h=16.0, m=5.0, s=45.595442940259545)","dms_tuple(d=-31.0, m=-29.0, s=-16.722197662855933)",241.439981,16.095999,-31.487978
78588,144600,,16.091762,31.583428,118.4834,0.0,7.69,2.322,A2,0.264,CrB,10.261,229,532.1744198083834,HD144600_TypA2_Mag7.69,"hms_tuple(h=16.0, m=5.0, s=52.119233503049145)","dms_tuple(d=31.0, m=33.0, s=8.329034132270579)",241.467163,16.097811,31.552314
78598,144426,,16.093872,8.096248,132.9787,-21.0,6.27,0.651,A3m,0.084,Ser,47.819,77,152.0347553587468,HD144426_TypA3_Mag6.27,"hms_tuple(h=16.0, m=5.0, s=56.68129760304197)","dms_tuple(d=8.0, m=3.0, s=54.569749821828566)",241.486172,16.099078,8.065158
78606,144254,,16.095387,-21.838803,162.3377,0.0,7.79,1.738,A0V,0.173,Sco,17.571,247,581.2616622824664,HD144254_TypA0_Mag7.79,"hms_tuple(h=16.0, m=6.0, s=3.388972960173362)","dms_tuple(d=-21.0, m=-52.0, s=-11.511850235335714)",241.514121,16.100941,-21.869864
78612,144118,,16.096189,-39.843311,129.0323,0.0,7.83,2.277,A5V,,Lup,10.695,255,602.141767772257,HD144118_TypA5_Mag7.83,"hms_tuple(h=16.0, m=6.0, s=10.460049644830747)","dms_tuple(d=-39.0, m=-52.0, s=-27.659141711275765)",241.543584,16.102906,-39.87435
78617,144516,,16.09785,9.935957,187.6173,0.0,6.93,0.564,A2,0.042,Ser,51.808,128,272.1695876893252,HD144516_TypA2_Mag6.93,"hms_tuple(h=16.0, m=6.0, s=11.097500696006932)","dms_tuple(d=9.0, m=54.0, s=17.51596794039955)",241.54624,16.103083,9.904866
78652,145454,,16.105475,67.810134,77.821,-18.0,5.44,0.985,A0Vn,-0.019,Dra,35.156,41,73.09810201858323,HD145454_TypA0_Mag5.44,"hms_tuple(h=16.0, m=7.0, s=8.778407557831542)","dms_tuple(d=67.0, m=46.0, s=44.12621898482257)",241.786577,16.119105,67.778924
78672,144197,,16.108176,-45.173185,37.5094,-15.5,4.73,1.859,Am,0.23,Nor,15.718,24,39.07064158040236,HD144197_TypAm_Mag4.73,"hms_tuple(h=16.0, m=6.0, s=55.770815233143765)","dms_tuple(d=-45.0, m=-12.0, s=-15.173277957176197)",241.732378,16.115492,-45.204215
78705,145082,,16.116547,47.505042,220.2643,-8.0,6.65,-0.065,A0,-0.025,Her,92.47,104,212.59354781364726,HD145082_TypA0_Mag6.65,"hms_tuple(h=16.0, m=7.0, s=27.022989753834565)","dms_tuple(d=47.0, m=28.0, s=26.049986465774282)",241.862596,16.124173,47.473903
78717,145145,,16.118936,49.08309,101.9368,-5.4,7.62,2.578,A2,0.28,Her,8.106,217,500.3012827613783,HD145145_TypA2_Mag7.62,"hms_tuple(h=16.0, m=7.0, s=36.48429623585116)","dms_tuple(d=49.0, m=3.0, s=7.0111107336839495)",241.902018,16.126801,49.051948
78732,144455,,16.121481,-33.708913,127.8772,0.0,7.94,2.406,A0IV/V,0.149,Lup,9.497,277,663.5111201850515,HD144455_TypA0_Mag7.94,"hms_tuple(h=16.0, m=7.0, s=39.646970888080375)","dms_tuple(d=-33.0, m=-44.0, s=-23.857790265305425)",241.915196,16.12768,-33.73996
78766,144874,,16.127094,9.891743,99.0099,-28.0,5.63,0.652,A7V,0.2,Ser,47.775,47,86.4389933825896,HD144874_TypA7_Mag5.63,"hms_tuple(h=16.0, m=7.0, s=56.37336834531396)","dms_tuple(d=9.0, m=51.0, s=38.34571727231207)",241.984889,16.132326,9.860652
78769,144999,,16.127294,28.995437,307.6923,-23.2,7.74,0.299,A3,0.23,CrB,66.13,238,556.1767595666211,HD144999_TypA3_Mag7.74,"hms_tuple(h=16.0, m=7.0, s=59.467989982300935)","dms_tuple(d=28.0, m=57.0, s=51.572808592407)",241.997783,16.133186,28.964326
78777,144399,,16.128905,-46.525343,143.6782,0.0,7.07,1.283,A0V,0.045,Nor,26.718,143,307.9529390460096,HD144399_TypA0_Mag7.07,"hms_tuple(h=16.0, m=8.0, s=11.044086942208935)","dms_tuple(d=-46.0, m=-33.0, s=-22.932930476180218)",242.046017,16.136401,-46.55637
78806,144937,,16.134921,10.080439,114.5475,-22.0,6.74,1.445,A3,0.169,Ser,23.014,111,230.16325744576756,HD144937_TypA3_Mag6.74,"hms_tuple(h=16.0, m=8.0, s=24.56145891499773)","dms_tuple(d=10.0, m=2.0, s=57.650679673609346)",242.102339,16.140156,10.049347
78839,144668,,16.142858,-39.105094,162.8664,8.0,7.0,0.941,A8/A9,0.19,Sco,36.61,135,289.50893673230235,HD144668_TypA8_Mag7.0,"hms_tuple(h=16.0, m=8.0, s=58.212943151765444)","dms_tuple(d=-39.0, m=-8.0, s=-10.082006734874653)",242.242554,16.149504,-39.136134
78840,144667,,16.142934,-39.092854,170.9402,-3.0,6.65,0.486,A1/A2III,-0.071,Sco,55.667,104,212.59354781364726,HD144667_TypA1_Mag6.65,"hms_tuple(h=16.0, m=8.0, s=58.482385573087186)","dms_tuple(d=-39.0, m=-7.0, s=-26.018073412986382)",242.243677,16.149578,-39.123894
78861,145122,,16.146286,17.205638,97.7517,-17.0,6.13,1.179,A0Vnn,-0.003,Her,29.404,70,134.36870194720012,HD145122_TypA0_Mag6.13,"hms_tuple(h=16.0, m=9.0, s=6.05239154487748)","dms_tuple(d=17.0, m=10.0, s=28.34231632891715)",242.275218,16.151681,17.17454
78863,145286,,16.146665,35.549897,199.2032,-37.3,7.57,1.074,A5,0.324,CrB,32.389,209,478.71030262103807,HD145286_TypA5_Mag7.57,"hms_tuple(h=16.0, m=9.0, s=10.793055834292034)","dms_tuple(d=35.0, m=31.0, s=7.598703285253237)",242.294971,16.152998,35.518777
78881,145005,,16.150594,-9.647802,72.8332,0.0,7.25,2.938,A5,0.349,Sco,5.818,164,360.95759541392204,HD145005_TypA5_Mag7.25,"hms_tuple(h=16.0, m=9.0, s=20.963082015351233)","dms_tuple(d=-9.0, m=-40.0, s=-43.95160412001644)",242.337346,16.155823,-9.678875
78882,144925,,16.150722,-18.995566,122.6994,0.0,7.76,2.316,A0V,0.249,Sco,10.318,242,566.0781270342421,HD144925_TypA0_Mag7.76,"hms_tuple(h=16.0, m=9.0, s=22.228317584708748)","dms_tuple(d=-19.0, m=-1.0, s=-35.86926910912155)",242.342618,16.156175,-19.02663
78884,145674,,16.150806,57.937883,123.6094,-10.0,6.33,0.87,A1V,0.032,Dra,39.084,81,160.2999881121757,HD145674_TypA1_Mag6.33,"hms_tuple(h=16.0, m=9.0, s=37.82868939527816)","dms_tuple(d=57.0, m=54.0, s=24.1828822473542)",242.40762,16.160508,57.906717
78889,145202,,16.151633,17.366477,196.0784,0.0,7.91,1.448,A2,0.149,Her,22.951,271,646.179090335777,HD145202_TypA2_Mag7.91,"hms_tuple(h=16.0, m=9.0, s=25.31853397700189)","dms_tuple(d=17.0, m=20.0, s=7.362138236243254)",242.355494,16.157033,17.335378
78920,145870,,16.156536,63.407638,202.8398,0.0,6.86,0.324,A3,0.117,Dra,64.625,122,255.86873171888556,HD145870_TypA3_Mag6.86,"hms_tuple(h=16.0, m=10.0, s=4.939208432733722)","dms_tuple(d=63.0, m=22.0, s=35.22568948850335)",242.52058,16.168039,63.376452
78963,145886,,16.165649,59.871764,162.6016,0.0,6.76,0.704,A0,0.069,Dra,45.541,113,234.26075154331102,HD145886_TypA0_Mag6.76,"hms_tuple(h=16.0, m=10.0, s=33.27203190036556)","dms_tuple(d=59.0, m=50.0, s=26.13073792812486)",242.638633,16.175909,59.840592
78977,147901,,16.167344,82.078954,154.0832,0.0,7.98,2.041,A2,0.224,UMi,13.292,286,687.3457941057625,HD147901_TypA2_Mag7.98,"hms_tuple(h=16.0, m=12.0, s=16.567250410598717)","dms_tuple(d=82.0, m=2.0, s=50.99347267685516)",243.06903,16.204602,82.047498
78988,145127,,16.169411,-24.58242,109.529,0.0,6.64,1.442,A0V,0.024,Sco,23.078,103,210.72609108853683,HD145127_TypA0_Mag6.64,"hms_tuple(h=16.0, m=10.0, s=30.290935057858803)","dms_tuple(d=-24.0, m=-36.0, s=-48.52239478550274)",242.626212,16.175081,-24.613478
78994,145102,,16.17109,-26.909126,167.7852,4.0,6.59,0.466,Ap...,0.073,Sco,56.702,99,201.63200517568157,HD145102_TypAp_Mag6.59,"hms_tuple(h=16.0, m=10.0, s=36.739636334537806)","dms_tuple(d=-26.0, m=-56.0, s=-24.654586988905578)",242.653082,16.176872,-26.940182
79003,145188,,16.172193,-22.157021,110.8647,-11.3,7.05,1.826,A0V,0.145,Sco,16.203,141,302.5664825365462,HD145188_TypA0_Mag7.05,"hms_tuple(h=16.0, m=10.0, s=39.93555830332127)","dms_tuple(d=-22.0, m=-11.0, s=-17.09543634477285)",242.666398,16.17776,-22.188082
79009,145189,,16.17371,-23.106496,110.3753,0.0,7.78,2.566,A3III/IV,0.227,Sco,8.196,245,576.1557641428401,HD145189_TypA3_Mag7.78,"hms_tuple(h=16.0, m=10.0, s=45.53591212612105)","dms_tuple(d=-23.0, m=-8.0, s=-15.201781223778426)",242.689733,16.179316,-23.137556
79021,146585,,16.177042,72.393235,218.3406,0.0,7.97,1.274,A0,0.054,UMi,26.94,284,681.3080354866522,HD146585_TypA0_Mag7.97,"hms_tuple(h=16.0, m=11.0, s=38.59424843827185)","dms_tuple(d=72.0, m=21.0, s=43.15885280046473)",242.910809,16.194054,72.361989
79048,145644,,16.182088,32.003076,132.626,-23.0,7.61,1.997,A2,0.156,CrB,13.842,216,495.90655392467346,HD145644_TypA2_Mag7.61,"hms_tuple(h=16.0, m=11.0, s=17.391802211660377)","dms_tuple(d=31.0, m=58.0, s=19.059931246033273)",242.822466,16.188164,31.971961
79091,145647,,16.191316,16.665692,124.2236,-17.0,6.09,0.619,A0V,0.02,Her,49.249,67,129.70927982877768,HD145647_TypA0_Mag6.09,"hms_tuple(h=16.0, m=11.0, s=48.10484380946974)","dms_tuple(d=16.0, m=38.0, s=4.538649757129747)",242.950437,16.196696,16.634594
79122,145408,,16.197413,-27.552721,95.9693,0.0,7.84,2.929,A6:III:+...,0.364,Sco,5.867,257,607.4779541357369,HD145408_TypA6_Mag7.84,"hms_tuple(h=16.0, m=12.0, s=11.623273814264508)","dms_tuple(d=-27.0, m=-35.0, s=-1.5939170493382449)",243.04843,16.203229,-27.583776
79134,145570,,16.199997,-10.064253,47.7099,-6.0,4.93,1.537,A3IV,0.087,Sco,21.145,28,46.61073069928609,HD145570_TypA3_Mag4.93,"hms_tuple(h=16.0, m=12.0, s=18.837745463445117)","dms_tuple(d=-10.0, m=-5.0, s=-43.17379752114192)",243.078491,16.205233,-10.095326
79146,145607,,16.202032,-8.547576,77.3994,5.0,5.43,0.986,A4V,0.118,Sco,35.124,41,72.45599625567901,HD145607_TypA4_Mag5.43,"hms_tuple(h=16.0, m=12.0, s=26.081883526706235)","dms_tuple(d=-8.0, m=-34.0, s=-43.141703893038255)",243.108675,16.207245,-8.57865
79195,146080,,16.212,40.781703,139.47,0.0,7.78,2.058,A0,0.236,Her,13.086,245,576.1557641428401,HD146080_TypA0_Mag7.78,"hms_tuple(h=16.0, m=13.0, s=7.695439434261857)","dms_tuple(d=40.0, m=45.0, s=2.072528245278704)",243.282064,16.218804,40.750576
79222,145788,,16.215718,-4.220809,164.4737,-16.0,6.26,0.18,A1V,0.133,Oph,73.79,77,150.69925703687835,HD145788_TypA1_Mag6.26,"hms_tuple(h=16.0, m=13.0, s=15.192736196710825)","dms_tuple(d=-4.0, m=-15.0, s=-6.794873374053623)",243.313303,16.220887,-4.251887
79224,145891,,16.216046,12.800702,137.3626,-24.0,7.01,1.321,A3,0.23,Her,25.799,136,292.07456782282145,HD145891_TypA3_Mag7.01,"hms_tuple(h=16.0, m=13.0, s=16.792930627458418)","dms_tuple(d=12.0, m=46.0, s=10.588197574248568)",243.319971,16.221331,12.769608
79231,146010,,16.218877,21.566191,95.2381,-22.5,6.69,1.796,A2,0.182,Her,16.657,107,220.23034203703895,HD146010_TypA2_Mag6.69,"hms_tuple(h=16.0, m=13.0, s=27.906526941214054)","dms_tuple(d=21.0, m=32.0, s=6.317048143975796)",243.366277,16.224418,21.535088
79248,148589,,16.221092,82.631899,220.7506,0.0,7.73,1.01,A3,0.201,UMi,34.356,236,551.2912113423957,HD148589_TypA3_Mag7.73,"hms_tuple(h=16.0, m=15.0, s=40.02068431363455)","dms_tuple(d=82.0, m=36.0, s=1.4937469596270603)",243.916753,16.261117,82.600415
79252,145913,,16.221872,6.037649,201.6129,0.0,7.75,1.227,A5,0.254,Her,28.132,240,561.1056035680328,HD145913_TypA5_Mag7.75,"hms_tuple(h=16.0, m=13.0, s=37.398362726808614)","dms_tuple(d=6.0, m=0.0, s=23.620201443133837)",243.405827,16.227055,6.006561
79262,145876,,16.223778,-4.051575,83.7521,0.0,6.96,2.345,A5,0.296,Oph,10.046,131,279.4698106282087,HD145876_TypA5_Mag6.96,"hms_tuple(h=16.0, m=13.0, s=44.20473202704443)","dms_tuple(d=-4.0, m=-4.0, s=-57.5530310663288)",243.434186,16.228946,-4.082654
79298,146026,,16.230696,6.993917,196.4637,0.0,7.41,0.944,A3,0.168,Her,36.509,185,415.6851208955647,HD146026_TypA3_Mag7.41,"hms_tuple(h=16.0, m=14.0, s=9.200194923469098)","dms_tuple(d=6.0, m=57.0, s=46.1818262338052)",243.538334,16.235889,6.962828
79311,145793,,16.232811,-28.252639,155.521,0.0,7.95,1.991,A2V+...,0.254,Sco,13.919,280,669.391162362906,HD145793_TypA2_Mag7.95,"hms_tuple(h=16.0, m=14.0, s=19.192125458559985)","dms_tuple(d=-28.0, m=-17.0, s=-1.2957776326035741)",243.579967,16.238664,-28.283693
79326,146013,,16.235136,-4.158479,176.0563,0.0,7.4,1.172,A0,0.126,Oph,29.594,184,412.0336743557815,HD146013_TypA0_Mag7.4,"hms_tuple(h=16.0, m=14.0, s=25.09604235037756)","dms_tuple(d=-4.0, m=-11.0, s=-22.407078803777267)",243.604567,16.240304,-4.189558
79359,147321,,16.242628,73.394891,203.252,-15.0,6.02,-0.52,A3V,0.063,UMi,140.605,64,121.94069588643114,HD147321_TypA3_Mag6.02,"hms_tuple(h=16.0, m=15.0, s=38.277454720036985)","dms_tuple(d=73.0, m=21.0, s=49.08260471746303)",243.909489,16.260633,73.363634
79425,146214,,16.25924,-12.680035,99.2063,0.0,7.48,2.497,A1V,0.155,Sco,8.734,195,442.16754115556887,HD146214_TypA1_Mag7.48,"hms_tuple(h=16.0, m=15.0, s=52.286938463269905)","dms_tuple(d=-12.0, m=-42.0, s=-39.98007246814865)",243.967862,16.264524,-12.711106
79450,146254,,16.264304,-14.849115,178.5714,-11.0,6.09,-0.169,A0III,0.098,Sco,101.765,67,129.70927982877768,HD146254_TypA0_Mag6.09,"hms_tuple(h=16.0, m=16.0, s=10.695016288468082)","dms_tuple(d=-14.0, m=-52.0, s=-48.6605325039217)",244.044563,16.269638,-14.880183
79515,146738,,16.279107,29.150261,204.499,7.0,5.8,-0.753,A3V,0.063,CrB,174.261,54,100.42683221252334,HD146738_TypA3_Mag5.8,"hms_tuple(h=16.0, m=17.0, s=6.026637213907122)","dms_tuple(d=29.0, m=7.0, s=8.938544606899086)",244.275111,16.285007,29.11915
79525,146490,,16.280074,-5.49679,153.8462,0.0,7.2,1.265,A2,0.261,Oph,27.164,158,345.3801253121633,HD146490_TypA2_Mag7.2,"hms_tuple(h=16.0, m=17.0, s=6.9098243244371815)","dms_tuple(d=-5.0, m=-31.0, s=-40.32225993330144)",244.278791,16.285253,-5.527867
79537,146514,,16.282028,-3.953349,44.405,-8.0,6.18,2.943,A9Vn,0.326,Oph,5.792,72,140.42905193202526,HD146514_TypA9_Mag6.18,"hms_tuple(h=16.0, m=17.0, s=13.902483156914798)","dms_tuple(d=-3.0, m=-59.0, s=-3.9397546509903236)",244.307927,16.287195,-3.984428
79568,146830,,16.288639,27.644832,146.4129,0.0,7.63,1.802,A0,0.138,CrB,16.565,219,504.73495772895257,HD146830_TypA0_Mag7.63,"hms_tuple(h=16.0, m=17.0, s=40.04259499192983)","dms_tuple(d=27.0, m=36.0, s=49.40051873922698)",244.416844,16.294456,27.613722
79598,146790,,16.296889,10.284761,139.8601,0.0,8.0,2.272,A2,0.294,Her,10.745,290,699.5823055523535,HD146790_TypA2_Mag8.0,"hms_tuple(h=16.0, m=18.0, s=7.658296334218733)","dms_tuple(d=10.0, m=15.0, s=13.209188434841934)",244.53191,16.302127,10.253669
79601,147005,,16.297568,35.699578,238.6635,-25.0,7.46,0.571,A0,0.135,CrB,51.475,192,434.43351452893916,HD147005_TypA0_Mag7.46,"hms_tuple(h=16.0, m=18.0, s=14.086527081971383)","dms_tuple(d=35.0, m=40.0, s=6.449561263517012)",244.558694,16.303913,35.668458
79635,146606,,16.304489,-28.041707,129.3661,0.0,7.07,1.511,A0V,-0.016,Sco,21.657,143,307.9529390460096,HD146606_TypA0_Mag7.07,"hms_tuple(h=16.0, m=18.0, s=37.1914075635641)","dms_tuple(d=-28.0, m=-4.0, s=-21.941467494958147)",244.654964,16.310331,-28.072762
79638,146624,,16.304973,-28.61402,41.2882,-13.0,4.8,1.721,A0V:,0.008,Sco,17.848,25,41.55974955696644,HD146624_TypA0_Mag4.8,"hms_tuple(h=16.0, m=18.0, s=39.047506650471746)","dms_tuple(d=-28.0, m=-38.0, s=-42.26584483309608)",244.662698,16.310847,-28.645074
79699,146931,,16.318355,-7.319372,236.4066,0.0,7.82,0.952,A0,0.273,Oph,36.241,253,596.8524553483364,HD146931_TypA0_Mag7.82,"hms_tuple(h=16.0, m=19.0, s=24.788481800212594)","dms_tuple(d=-7.0, m=-21.0, s=-1.6114089051002622)",244.853285,16.323552,-7.350448
79720,146667,,16.321568,-42.673965,106.9519,-15.0,5.44,0.294,A3Vn,0.099,Nor,66.435,41,73.09810201858323,HD146667_TypA3_Mag5.44,"hms_tuple(h=16.0, m=19.0, s=42.89701507116831)","dms_tuple(d=-42.0, m=-42.0, s=-17.99709556201094)",244.928738,16.328583,-42.704999
79741,146952,,16.326423,-18.828028,193.4236,0.0,7.06,0.627,A1IV,0.255,Sco,48.888,142,305.2478297284723,HD146952_TypA1_Mag7.06,"hms_tuple(h=16.0, m=19.0, s=54.732227986072814)","dms_tuple(d=-18.0, m=-51.0, s=-32.73308298857614)",244.978051,16.33187,-18.859093
79755,148432,,16.330359,76.143136,111.7318,-4.5,7.05,1.809,A3,0.204,UMi,16.459,141,302.5664825365462,HD148432_TypA3_Mag7.05,"hms_tuple(h=16.0, m=21.0, s=6.603635008640083)","dms_tuple(d=76.0, m=6.0, s=42.6335592645637)",245.277515,16.351834,76.111843
79762,150075,,16.331217,83.697267,128.5347,0.0,7.13,1.585,A2,0.184,UMi,20.23,149,324.6945236416619,HD150075_TypA2_Mag7.13,"hms_tuple(h=16.0, m=22.0, s=40.579658415981896)","dms_tuple(d=83.0, m=39.0, s=56.57277679979188)",245.669082,16.377939,83.665715
79783,147308,,16.335895,27.333345,234.7418,0.0,7.79,0.937,A5,0.222,CrB,36.745,247,581.2616622824664,HD147308_TypA5_Mag7.79,"hms_tuple(h=16.0, m=20.0, s=30.105116962756995)","dms_tuple(d=27.0, m=18.0, s=8.048615500352412)",245.125438,16.341696,27.302236
79808,147608,,16.340159,52.039035,108.1081,8.0,6.63,1.461,A2,0.085,Dra,22.678,102,208.87503841075554,HD147608_TypA2_Mag6.63,"hms_tuple(h=16.0, m=20.0, s=54.7188393988705)","dms_tuple(d=52.0, m=0.0, s=28.389102721465065)",245.227995,16.348533,52.007886
79827,147046,,16.34273,-29.51485,221.7295,0.0,7.75,1.021,A1V,0.189,Sco,34.009,240,561.1056035680328,HD147046_TypA1_Mag7.75,"hms_tuple(h=16.0, m=20.0, s=55.15852641604653)","dms_tuple(d=-29.0, m=-32.0, s=-45.249977310521956)",245.229827,16.348655,-29.545903
79836,147084,,16.343939,-24.16932,269.5418,-8.0,4.55,-2.603,A4II/III,0.758,Sco,957.635,21,33.333330723518245,HD147084_TypA4_Mag4.55,"hms_tuple(h=16.0, m=20.0, s=58.52506547454084)","dms_tuple(d=-24.0, m=-12.0, s=-1.3640277549998814)",245.243854,16.34959,-24.200379
79848,147733,,16.347568,54.386209,165.2893,-21.0,7.76,1.669,A3,0.188,Dra,18.724,242,566.0781270342421,HD147733_TypA3_Mag7.76,"hms_tuple(h=16.0, m=21.0, s=23.087605128443442)","dms_tuple(d=54.0, m=21.0, s=18.194060206357108)",245.346198,16.356413,54.355054
79917,147123,,16.362712,-42.003727,93.1099,-22.0,7.44,2.595,A5m...,0.321,Sco,7.98,189,426.83476505925523,HD147123_TypA5_Mag7.44,"hms_tuple(h=16.0, m=22.0, s=10.74739232263255)","dms_tuple(d=-42.0, m=-2.0, s=-5.14432077226445)",245.544781,16.369652,-42.034762
79927,147547,,16.365338,19.15313,59.0667,-35.0,3.74,-0.117,A9III,0.299,Her,97.006,11,16.311934512332236,HD147547_TypA9_Mag3.74,"hms_tuple(h=16.0, m=22.0, s=14.857221983416764)","dms_tuple(d=19.0, m=7.0, s=19.306445681158664)",245.561905,16.370794,19.12203
79941,147470,,16.370254,0.498229,139.0821,0.0,7.7,1.984,A0,0.097,Ser,14.009,231,536.8905548349917,HD147470_TypA0_Mag7.7,"hms_tuple(h=16.0, m=22.0, s=31.471739146910522)","dms_tuple(d=0.0, m=28.0, s=1.7264320051170756)",245.631132,16.375409,0.467146
79950,147431,,16.371497,-8.741636,179.5332,-26.0,7.34,1.069,A2,0.313,Sco,32.539,175,390.78879304975095,HD147431_TypA2_Mag7.34,"hms_tuple(h=16.0, m=22.0, s=36.16558485859997)","dms_tuple(d=-8.0, m=-46.0, s=-21.75705295537412)",245.65069,16.376713,-8.77271
79988,147924,,16.379422,44.083612,150.1502,0.0,7.7,1.817,A0,0.117,Her,16.338,231,536.8905548349917,HD147924_TypA0_Mag7.7,"hms_tuple(h=16.0, m=23.0, s=11.738935686920797)","dms_tuple(d=44.0, m=3.0, s=8.925059687338148)",245.798912,16.386594,44.052479
79995,147432,,16.381049,-23.118756,131.406,0.0,7.54,1.947,A1III/IV,0.271,Sco,14.494,204,466.20558189854603,HD147432_TypA1_Mag7.54,"hms_tuple(h=16.0, m=23.0, s=11.958157904515758)","dms_tuple(d=-23.0, m=-8.0, s=-59.33773369316356)",245.799826,16.386655,-23.149816
80004,147835,,16.38236,32.333013,179.5332,-1.0,6.41,0.139,A4Vn,0.083,CrB,76.63,86,172.0234437188863,HD147835_TypA4_Mag6.41,"hms_tuple(h=16.0, m=23.0, s=18.450277867901548)","dms_tuple(d=32.0, m=18.0, s=6.831622901573269)",245.826876,16.388458,32.301898
80014,147769,,16.384605,19.505983,135.318,0.0,7.39,1.733,A0,0.197,Her,17.652,182,408.41430272357115,HD147769_TypA0_Mag7.39,"hms_tuple(h=16.0, m=23.0, s=24.26082182071923)","dms_tuple(d=19.0, m=28.0, s=29.575947205155444)",245.851087,16.390072,19.474882
80018,147645,,16.384977,-0.856162,131.7523,0.0,7.46,1.861,A5,0.358,Oph,15.689,192,434.43351452893916,HD147645_TypA5_Mag7.46,"hms_tuple(h=16.0, m=23.0, s=24.47614747723719)","dms_tuple(d=-0.0, m=-53.0, s=-14.076728052329912)",245.851984,16.390132,-0.887244
80081,147553,,16.399089,-33.199396,110.1322,-2.0,6.45,1.24,A0V+...,0.013,Sco,27.797,89,178.20287698386963,HD147553_TypA0_Mag6.45,"hms_tuple(h=16.0, m=24.0, s=18.90488088853374)","dms_tuple(d=-33.0, m=-13.0, s=-49.5989913693802)",246.07877,16.405251,-33.230444
80092,148005,,16.400269,29.615972,115.4734,0.0,7.86,2.548,A5,0.26,CrB,8.333,261,618.2926139519136,HD148005_TypA5_Mag7.86,"hms_tuple(h=16.0, m=24.0, s=22.30715545514869)","dms_tuple(d=29.0, m=35.0, s=5.496135193126861)",246.092946,16.406196,29.58486
80108,147869,,16.403008,6.948207,112.3596,-33.0,5.83,0.577,A2sp...,0.018,Her,51.192,55,103.12051401004337,HD147869_TypA2_Mag5.83,"hms_tuple(h=16.0, m=24.0, s=29.521579617578766)","dms_tuple(d=6.0, m=55.0, s=1.62597829059564)",246.123007,16.4082,6.917118
80132,148330,,16.407037,55.205096,119.9041,-4.0,5.75,0.356,A2svar...,0.001,Dra,62.748,52,96.09281626139521,HD148330_TypA2_Mag5.75,"hms_tuple(h=16.0, m=24.0, s=57.82690682678208)","dms_tuple(d=55.0, m=10.0, s=26.17919483579101)",246.240945,16.416063,55.173939
80136,148281,,16.407334,52.289406,146.4129,-9.5,6.84,1.012,A0,0.015,Dra,34.293,120,251.39328881580803,HD148281_TypA0_Mag6.84,"hms_tuple(h=16.0, m=24.0, s=56.71873819010699)","dms_tuple(d=52.0, m=15.0, s=29.722524510245307)",246.236328,16.415755,52.258256
80144,147703,,16.408451,-27.151147,142.8571,0.0,7.47,1.695,A0IV,0.171,Sco,18.281,194,438.2834686761904,HD147703_TypA0_Mag7.47,"hms_tuple(h=16.0, m=24.0, s=51.28420407623423)","dms_tuple(d=-27.0, m=-10.0, s=-55.92918659047683)",246.213684,16.414246,-27.182203
80163,148052,,16.412561,22.382977,131.0616,-25.7,7.59,2.003,A2,0.212,Her,13.766,212,487.2325692121131,HD148052_TypA2_Mag7.59,"hms_tuple(h=16.0, m=25.0, s=5.283833524499926)","dms_tuple(d=22.0, m=21.0, s=6.7435360759853324)",246.272016,16.418134,22.351873
80178,147614,,16.415042,-45.349499,90.0901,1.0,6.32,1.547,A2/A3V,0.187,Nor,20.951,80,158.89188662502437,HD147614_TypA2_Mag6.32,"hms_tuple(h=16.0, m=25.0, s=20.570420556953195)","dms_tuple(d=-45.0, m=-22.0, s=-49.902510124566675)",246.33571,16.422381,-45.380528
80184,148364,,16.41674,51.716611,116.8224,-11.0,7.35,2.012,A3,0.238,Dra,13.652,177,394.25196723909164,HD148364_TypA3_Mag7.35,"hms_tuple(h=16.0, m=25.0, s=30.19526772484653)","dms_tuple(d=51.0, m=41.0, s=7.6654721540018045)",246.375814,16.425054,51.685463
80188,147724,,16.417628,-36.144159,214.5923,0.0,7.98,1.322,A5IV,0.429,Sco,25.775,286,687.3457941057625,HD147724_TypA5_Mag7.98,"hms_tuple(h=16.0, m=25.0, s=26.4493544671609)","dms_tuple(d=-36.0, m=-10.0, s=-30.73150161633862)",246.360206,16.424014,-36.175203
80214,148331,,16.423109,42.520016,127.0648,0.0,7.78,2.26,A5,0.216,Her,10.864,245,576.1557641428401,HD148331_TypA5_Mag7.78,"hms_tuple(h=16.0, m=25.0, s=48.35719031175927)","dms_tuple(d=42.0, m=29.0, s=19.98912955177218)",246.451488,16.430099,42.488886
80216,148283,,16.42338,37.394079,74.4602,-1.0,5.53,1.17,A5V,0.174,Her,29.648,44,79.13926573372774,HD148283_TypA5_Mag5.53,"hms_tuple(h=16.0, m=25.0, s=47.51545718115153)","dms_tuple(d=37.0, m=21.0, s=46.64456020898854)",246.447981,16.429865,37.362957
80230,147932,,16.426412,-23.405213,135.1351,-11.0,7.27,1.616,A,0.32,Oph,19.661,166,367.38356293404297,HD147932_TypA_Mag7.27,"hms_tuple(h=16.0, m=25.0, s=55.30844512999096)","dms_tuple(d=-23.0, m=-26.0, s=-10.581820642092907)",246.480452,16.43203,-23.436273
80235,147890,,16.427539,-29.400447,409.8361,-9.0,7.66,-0.403,Ap Si,0.204,Sco,126.241,224,518.2731261472211,HD147890_TypAp_Mag7.66,"hms_tuple(h=16.0, m=26.0, s=0.44685434832786086)","dms_tuple(d=-29.0, m=-25.0, s=-53.39967225281299)",246.501862,16.433457,-29.4315
80284,148207,,16.439221,2.507839,115.0748,0.0,6.66,1.355,A0,0.091,Oph,25.003,104,214.47755395891784,HD148207_TypA0_Mag6.66,"hms_tuple(h=16.0, m=26.0, s=39.769673583648455)","dms_tuple(d=2.0, m=28.0, s=36.31583950279101)",246.665707,16.44438,2.476754
80363,148199,,16.458245,-29.288274,158.2278,-21.7,7.01,1.014,Ap...,0.083,Sco,34.229,136,292.07456782282145,HD148199_TypAp_Mag7.01,"hms_tuple(h=16.0, m=27.0, s=50.964986495944515)","dms_tuple(d=-29.0, m=-19.0, s=-9.577356465859168)",246.962354,16.464157,-29.319327
80384,148367,,16.463385,-8.371731,40.95,-31.0,4.62,1.559,A3m,0.185,Oph,20.72,22,35.45692675453344,HD148367_TypA3_Mag4.62,"hms_tuple(h=16.0, m=28.0, s=6.944087189073116)","dms_tuple(d=-8.0, m=-24.0, s=-10.100293157321119)",247.028934,16.468596,-8.402806
80396,148554,,16.465177,25.984353,132.8021,-45.0,6.88,1.264,A3,0.1,Her,27.189,123,260.4238489413245,HD148554_TypA3_Mag6.88,"hms_tuple(h=16.0, m=28.0, s=15.275239677826562)","dms_tuple(d=25.0, m=57.0, s=11.682949481641742)",247.063647,16.47091,25.953245
80405,149212,,16.4664,68.768137,149.2537,-7.0,4.94,-0.93,A0III,-0.051,Dra,205.116,28,47.023795460545855,HD149212_TypA0_Mag4.94,"hms_tuple(h=16.0, m=28.0, s=50.209776089103)","dms_tuple(d=68.0, m=44.0, s=12.91412262764652)",247.209207,16.480614,68.736921
80428,148321,,16.470858,-25.454009,94.2507,5.0,6.97,2.099,A1m...,0.189,Sco,12.601,132,281.9464748828664,HD148321_TypA1_Mag6.97,"hms_tuple(h=16.0, m=28.0, s=35.645768877766386)","dms_tuple(d=-25.0, m=-29.0, s=-6.239313576032259)",247.148524,16.476568,-25.485066
80445,148667,,16.475507,29.075705,188.6792,0.0,7.24,0.861,A2,0.119,Her,39.409,163,357.7868844682338,HD148667_TypA2_Mag7.24,"hms_tuple(h=16.0, m=28.0, s=53.0512697983707)","dms_tuple(d=29.0, m=2.0, s=40.53726460000206)",247.221047,16.481403,29.044594
80467,148438,,16.479312,-17.984991,162.8664,0.0,7.18,1.121,A0IV/V,0.269,Oph,31.017,155,339.33902361009757,HD148438_TypA0_Mag7.18,"hms_tuple(h=16.0, m=29.0, s=5.036670733951212)","dms_tuple(d=-18.0, m=-0.0, s=-57.80295367235766)",247.270986,16.484732,-18.016056
80553,148562,,16.498499,-24.979468,115.6069,0.0,7.82,2.505,A2V,0.169,Sco,8.67,253,596.8524553483364,HD148562_TypA2_Mag7.82,"hms_tuple(h=16.0, m=30.0, s=15.073233573073708)","dms_tuple(d=-25.0, m=-0.0, s=-37.893615071651254)",247.562805,16.504187,-25.010526
80563,149081,,16.501681,48.96109,101.4199,-8.0,6.44,1.409,A1V,0.026,Her,23.79,88,176.63751357336122,HD149081_TypA1_Mag6.44,"hms_tuple(h=16.0, m=30.0, s=34.29704684947836)","dms_tuple(d=48.0, m=55.0, s=47.81203953846784)",247.642904,16.509527,48.929948
80568,148832,,16.502813,15.128289,89.5255,0.0,7.47,2.71,A3,0.349,Her,7.178,194,438.2834686761904,HD148832_TypA3_Mag7.47,"hms_tuple(h=16.0, m=30.0, s=29.346896824617374)","dms_tuple(d=15.0, m=5.0, s=49.89329683625883)",247.622279,16.508152,15.097193
80594,148743,,16.508338,-7.514451,100000.0,2.0,6.46,-13.54,A7Ib,0.371,Oph,22698648.519,90,179.78211266056408,HD148743_TypA7_Mag6.46,"hms_tuple(h=16.0, m=30.0, s=48.735611742611695)","dms_tuple(d=-7.0, m=-32.0, s=-43.89515850946111)",247.703065,16.513538,-7.545526
80613,148655,,16.511667,-29.483066,125.1564,0.0,7.78,2.293,A2/A3m...,0.307,Sco,10.539,245,576.1557641428401,HD148655_TypA2_Mag7.78,"hms_tuple(h=16.0, m=31.0, s=3.3250246116730864)","dms_tuple(d=-29.0, m=-30.0, s=-50.82771493000564)",247.763854,16.51759,-29.514119
80636,148857,Marfik,16.515229,1.983923,53.0786,-14.0,3.82,0.195,A2V,0.022,Oph,72.778,12,17.504899292723056,HD148857_TypA2_Mag3.82,"hms_tuple(h=16.0, m=31.0, s=13.391906086222036)","dms_tuple(d=1.0, m=57.0, s=10.219959473444789)",247.8058,16.520387,1.952839
80644,148833,,16.518196,-7.540897,130.039,0.0,7.88,2.31,A0,0.14,Oph,10.375,265,629.299802346522,HD148833_TypA0_Mag7.88,"hms_tuple(h=16.0, m=31.0, s=24.225558273959678)","dms_tuple(d=-7.0, m=-34.0, s=-19.1006702933646)",247.85094,16.523396,-7.571972
80679,149141,,16.525159,33.513674,125.9446,-30.0,7.09,1.589,A0,0.103,Her,20.156,145,313.4352882448582,HD149141_TypA0_Mag7.09,"hms_tuple(h=16.0, m=31.0, s=52.821233989207315)","dms_tuple(d=33.0, m=28.0, s=57.20573349296785)",247.970088,16.531339,33.482557
80692,148980,,16.527373,5.433707,118.3432,-13.9,7.5,2.134,A3...,0.357,Her,12.201,198,450.03925321819855,HD148980_TypA3_Mag7.5,"hms_tuple(h=16.0, m=31.0, s=57.18232549502403)","dms_tuple(d=5.0, m=24.0, s=9.431000931516778)",247.98826,16.532551,5.40262
80696,148689,,16.527818,-43.217759,109.6491,0.0,7.76,2.56,A5III/IV,0.255,Nor,8.241,242,566.0781270342421,HD148689_TypA5_Mag7.76,"hms_tuple(h=16.0, m=32.0, s=5.621322469554286)","dms_tuple(d=-43.0, m=-14.0, s=-55.652165347974005)",248.023422,16.534895,-43.248792
80706,149303,,16.529786,45.598281,69.3001,-16.0,5.61,1.406,A4Vn,0.125,Her,23.856,47,84.92707445101695,HD149303_TypA4_Mag5.61,"hms_tuple(h=16.0, m=32.0, s=13.736450523679196)","dms_tuple(d=45.0, m=34.0, s=1.723592765305284)",248.057235,16.537149,45.567145
80707,148931,,16.529986,-7.023266,163.3987,0.0,7.41,1.344,A0,0.18,Oph,25.258,185,415.6851208955647,HD148931_TypA0_Mag7.41,"hms_tuple(h=16.0, m=32.0, s=6.647866084978489)","dms_tuple(d=-7.0, m=-3.0, s=-15.630795039858185)",248.027699,16.53518,-7.054342
80724,149029,,16.534417,3.362077,169.4915,0.0,7.29,1.144,A2,0.236,Oph,30.367,169,373.9239290957076,HD149029_TypA2_Mag7.29,"hms_tuple(h=16.0, m=32.0, s=22.48932637677143)","dms_tuple(d=3.0, m=19.0, s=51.56983206419909)",248.093706,16.53958,3.330992
80727,148968,,16.535579,-12.431642,136.9863,-27.7,6.98,1.297,A0V,0.14,Oph,26.375,133,284.4450873609016,HD148968_TypA0_Mag6.98,"hms_tuple(h=16.0, m=32.0, s=27.088932973453268)","dms_tuple(d=-12.0, m=-27.0, s=-45.7661272936771)",248.112871,16.540858,-12.462713
80728,148898,,16.535611,-21.46639,51.7063,3.0,4.45,0.882,Ap,0.13,Oph,38.654,19,30.518348429194894,HD148898_TypAp_Mag4.45,"hms_tuple(h=16.0, m=32.0, s=28.143761405184193)","dms_tuple(d=-21.0, m=-29.0, s=-50.82646401078165)",248.117266,16.541151,-21.497452
80738,149213,,16.538869,24.849082,119.6172,0.0,7.76,2.371,A0,0.134,Her,9.808,242,566.0781270342421,HD149213_TypA0_Mag7.76,"hms_tuple(h=16.0, m=32.0, s=40.373294660551835)","dms_tuple(d=24.0, m=49.0, s=4.711909106615622)",248.168222,16.544548,24.817976
80743,149650,,16.540463,60.823323,113.7656,-9.0,5.92,0.64,A2V,0.039,Dra,48.306,59,111.64286808383503,HD149650_TypA2_Mag5.92,"hms_tuple(h=16.0, m=33.0, s=3.694520939165784)","dms_tuple(d=60.0, m=47.0, s=31.730415615128322)",248.265394,16.551026,60.792147
80747,149178,,16.541518,16.847648,115.4734,0.0,7.51,2.198,A5,0.251,Her,11.503,200,454.02750557766933,HD149178_TypA5_Mag7.51,"hms_tuple(h=16.0, m=32.0, s=48.85053500053573)","dms_tuple(d=16.0, m=48.0, s=59.57959944712712)",248.203544,16.546903,16.81655
80759,148825,,16.543215,-43.734071,133.8688,0.0,7.78,2.147,A0V,0.142,Nor,12.056,245,576.1557641428401,HD148825_TypA0_Mag7.78,"hms_tuple(h=16.0, m=33.0, s=1.2693738336832894)","dms_tuple(d=-43.0, m=-45.0, s=-54.37214794052352)",248.255289,16.550353,-43.765103
80769,149748,,16.54497,62.854905,94.9668,-20.7,7.36,2.472,Am,0.332,Dra,8.937,178,397.7458321127074,HD149748_TypAm_Mag7.36,"hms_tuple(h=16.0, m=33.0, s=22.521600667361668)","dms_tuple(d=62.0, m=49.0, s=25.39574180167733)",248.34384,16.556256,62.823721
80780,149108,,16.548817,-10.562485,85.4701,8.7,6.84,2.181,A5,0.279,Oph,11.684,120,251.39328881580803,HD149108_TypA5_Mag6.84,"hms_tuple(h=16.0, m=33.0, s=14.619686972889383)","dms_tuple(d=-10.0, m=-35.0, s=-36.80730989650911)",248.310915,16.554061,-10.593558
80813,149801,,16.555674,61.233737,207.0393,0.0,7.71,1.13,A0,0.056,Dra,30.761,233,541.648484297334,HD149801_TypA0_Mag7.71,"hms_tuple(h=16.0, m=33.0, s=58.94867838998124)","dms_tuple(d=61.0, m=12.0, s=9.215092464238523)",248.495619,16.566375,61.20256
80826,149305,,16.559456,10.369023,89.6861,4.0,6.74,1.976,A3,0.243,Her,14.112,111,230.16325744576756,HD149305_TypA3_Mag6.74,"hms_tuple(h=16.0, m=33.0, s=52.90453491095775)","dms_tuple(d=10.0, m=20.0, s=16.552103110523575)",248.470436,16.564696,10.337931
80835,149070,,16.561299,-31.289072,255.102,0.0,7.97,0.936,A0V,0.106,Sco,36.779,284,681.3080354866522,HD149070_TypA0_Mag7.97,"hms_tuple(h=16.0, m=34.0, s=2.398557118156077)","dms_tuple(d=-31.0, m=-19.0, s=-12.44135296999275)",248.509994,16.567333,-31.320123
80836,149036,,16.561403,-37.38288,134.9528,0.0,7.47,1.819,A5IV,0.213,Sco,16.308,194,438.2834686761904,HD149036_TypA5_Mag7.47,"hms_tuple(h=16.0, m=34.0, s=4.414134273446848)","dms_tuple(d=-37.0, m=-24.0, s=-50.12076888870979)",248.518392,16.567893,-37.413922
80869,149348,,16.567099,1.431958,119.1895,0.0,7.71,2.329,A2,0.259,Oph,10.195,233,541.648484297334,HD149348_TypA2_Mag7.71,"hms_tuple(h=16.0, m=34.0, s=20.118670301338284)","dms_tuple(d=1.0, m=24.0, s=3.1477703722443096)",248.583828,16.572255,1.400874
80889,149090,,16.56957,-38.390292,284.9003,0.0,7.47,0.197,A7/A8+...,0.746,Sco,72.644,194,438.2834686761904,HD149090_TypA7_Mag7.47,"hms_tuple(h=16.0, m=34.0, s=34.137542876491125)","dms_tuple(d=-38.0, m=-25.0, s=-16.79866239616672)",248.64224,16.576149,-38.421333
80983,149631,,16.590593,17.100767,145.7726,0.0,7.27,1.452,A5,0.088,Her,22.867,166,367.38356293404297,HD149631_TypA5_Mag7.27,"hms_tuple(h=16.0, m=35.0, s=45.546642888017175)","dms_tuple(d=17.0, m=4.0, s=10.807092719064428)",248.939778,16.595985,17.069669
80984,149632,,16.590636,17.057342,159.7444,-9.0,6.42,0.403,A2V,0.062,Her,60.09,87,173.54791719623321,HD149632_TypA2_Mag6.42,"hms_tuple(h=16.0, m=35.0, s=45.69693190824751)","dms_tuple(d=17.0, m=1.0, s=34.477248450789375)",248.940404,16.596027,17.026244
81001,150116,,16.594792,57.781123,111.1111,0.0,7.43,2.201,A3,0.208,Dra,11.471,188,423.08537820947436,HD150116_TypA3_Mag7.43,"hms_tuple(h=16.0, m=36.0, s=16.02670622722769)","dms_tuple(d=57.0, m=44.0, s=59.848694735158006)",249.066778,16.604452,57.749958
81153,150203,,16.625047,43.564735,171.5266,-16.0,7.28,1.108,A2,0.09,Her,31.391,168,370.63931974020056,HD150203_TypA2_Mag7.28,"hms_tuple(h=16.0, m=37.0, s=55.76572632143552)","dms_tuple(d=43.0, m=32.0, s=0.9711240314618408)",249.482357,16.632157,43.533603
81191,149911,,16.633765,-6.538014,113.2503,-22.0,6.05,0.78,A0pe...,0.165,Oph,42.462,65,125.21142966991891,HD149911_TypA0_Mag6.05,"hms_tuple(h=16.0, m=38.0, s=20.233359387392795)","dms_tuple(d=-6.0, m=-34.0, s=-8.72520839563009)",249.584306,16.638954,-6.56909
81209,149641,,16.637417,-46.931602,100000.0,0.0,7.46,-12.54,A6III,0.622,Ara,9036494.737,192,434.43351452893916,HD149641_TypA6_Mag7.46,"hms_tuple(h=16.0, m=38.0, s=41.891532461482655)","dms_tuple(d=-46.0, m=-57.0, s=-45.4624928288996)",249.674548,16.64497,-46.962628
81219,150121,,16.639472,14.793782,357.1429,0.0,7.89,0.126,A2,0.111,Her,77.553,267,634.876663483802,HD150121_TypA2_Mag7.89,"hms_tuple(h=16.0, m=38.0, s=41.289399999473346)","dms_tuple(d=14.0, m=45.0, s=45.66927130781124)",249.672039,16.644803,14.762686
81228,149764,,16.641929,-39.152328,132.626,0.0,6.93,1.317,Ap Si,-0.02,Sco,25.894,128,272.1695876893252,HD149764_TypAp_Mag6.93,"hms_tuple(h=16.0, m=38.0, s=54.88461100095037)","dms_tuple(d=-39.0, m=-11.0, s=-0.12414920728019752)",249.728686,16.648579,-39.183368
81280,150391,,16.652488,38.344981,150.3759,0.0,7.41,1.524,A2,0.158,Her,21.399,185,415.6851208955647,HD150391_TypA2_Mag7.41,"hms_tuple(h=16.0, m=39.0, s=32.60719552735537)","dms_tuple(d=38.0, m=18.0, s=49.886762183491555)",249.885863,16.659058,38.313857
81292,149980,,16.654557,-29.924236,242.1308,0.0,7.14,0.22,A5III,0.26,Sco,71.121,151,327.5719697549974,HD149980_TypA5_Mag7.14,"hms_tuple(h=16.0, m=39.0, s=37.823016278159685)","dms_tuple(d=-29.0, m=-57.0, s=-19.0377969386833)",249.907596,16.660506,-29.955288
81310,150361,,16.657242,29.218226,91.9118,-25.0,7.26,2.443,A0,0.188,Her,9.179,165,364.156405231697,HD150361_TypA0_Mag7.26,"hms_tuple(h=16.0, m=39.0, s=47.326696879340204)","dms_tuple(d=29.0, m=11.0, s=13.612252497845532)",249.947195,16.663146,29.187115
81340,150462,,16.662547,35.515509,173.0104,-51.0,7.64,1.45,A0,0.098,Her,22.909,221,509.2079239683959,HD150462_TypA0_Mag7.64,"hms_tuple(h=16.0, m=40.0, s=7.9584969224484325)","dms_tuple(d=35.0, m=29.0, s=3.802073367646699)",250.03316,16.668877,35.484389
81377,151234,,16.672598,70.237574,123.7624,0.0,7.93,2.467,A2,0.34,Dra,8.978,275,657.682729265769,HD151234_TypA2_Mag7.93,"hms_tuple(h=16.0, m=41.0, s=16.151734791595516)","dms_tuple(d=70.0, m=12.0, s=22.848103925553005)",250.317299,16.68782,70.206347
81384,150379,,16.676431,4.207203,93.1099,-28.0,6.92,2.075,A3IV,0.136,Her,12.882,127,269.7788052214281,HD150379_TypA3_Mag6.92,"hms_tuple(h=16.0, m=40.0, s=53.75772313843186)","dms_tuple(d=4.0, m=10.0, s=34.02064977728649)",250.223991,16.681599,4.176117
81391,150378,,16.677413,4.219789,90.009,-34.0,5.77,0.999,A1V,-0.004,Her,34.706,53,97.80351392798568,HD150378_TypA1_Mag5.77,"hms_tuple(h=16.0, m=40.0, s=57.29322202102907)","dms_tuple(d=4.0, m=11.0, s=19.330208299916904)",250.238722,16.682581,4.188703
81409,150483,,16.680928,12.395043,95.8773,-32.0,6.08,1.171,A3Vn,0.046,Her,29.621,67,128.56989215960064,HD150483_TypA3_Mag6.08,"hms_tuple(h=16.0, m=41.0, s=10.338123797040453)","dms_tuple(d=12.0, m=21.0, s=50.21719340404914)",250.293076,16.686205,12.363949
81423,150679,,16.684605,36.201194,114.0251,-8.0,7.29,2.005,A2,0.263,Her,13.74,169,373.9239290957076,HD150679_TypA2_Mag7.29,"hms_tuple(h=16.0, m=41.0, s=27.565049677910167)","dms_tuple(d=36.0, m=10.0, s=12.26465409998525)",250.364854,16.69099,36.170074
81437,150451,,16.68654,-1.000312,48.8998,-12.0,6.25,2.803,A7III,0.313,Oph,6.589,76,149.37548995214374,HD150451_TypA7_Mag6.25,"hms_tuple(h=16.0, m=41.0, s=30.103729348693662)","dms_tuple(d=-1.0, m=-1.0, s=-53.01625539776072)",250.375432,16.691695,-1.031393
81444,150365,,16.688521,-18.059463,105.5966,-2.3,6.68,1.562,A3III,0.171,Oph,20.663,106,218.29580245415895,HD150365_TypA3_Mag6.68,"hms_tuple(h=16.0, m=41.0, s=38.1973395930126)","dms_tuple(d=-18.0, m=-5.0, s=-25.90188361836283)",250.409156,16.693944,-18.090528
81466,150525,,16.691722,4.871843,136.7989,2.0,6.96,1.28,A0,0.159,Her,26.792,131,279.4698106282087,HD150525_TypA0_Mag6.96,"hms_tuple(h=16.0, m=41.0, s=48.82234958797312)","dms_tuple(d=4.0, m=50.0, s=26.72245752542267)",250.453426,16.696895,4.840756
81477,150366,,16.693384,-24.467962,87.5657,-47.0,6.07,1.358,A7III,0.214,Oph,24.934,66,127.44051305929695,HD150366_TypA7_Mag6.07,"hms_tuple(h=16.0, m=41.0, s=56.57511291205509)","dms_tuple(d=-24.0, m=-29.0, s=-56.47404830604245)",250.48573,16.699049,-24.499021
81506,151746,,16.699225,73.887381,107.8749,-10.0,6.82,1.655,A2,0.223,Dra,18.967,118,246.99612663521023,HD151746_TypA2_Mag6.82,"hms_tuple(h=16.0, m=43.0, s=3.9489394130808364)","dms_tuple(d=73.0, m=51.0, s=22.026324999475264)",250.766454,16.717764,73.856118
81519,150616,,16.702201,2.272408,209.6436,0.0,7.88,1.273,A2,0.206,Oph,26.965,265,629.299802346522,HD150616_TypA2_Mag7.88,"hms_tuple(h=16.0, m=42.0, s=26.494529675189256)","dms_tuple(d=2.0, m=14.0, s=28.765012553393134)",250.610394,16.70736,2.241324
81548,150781,,16.707244,21.592885,190.4762,-24.0,7.21,0.811,A0...,0.145,Her,41.267,159,348.44088743422355,HD150781_TypA0_Mag7.21,"hms_tuple(h=16.0, m=42.0, s=46.031397500725575)","dms_tuple(d=21.0, m=33.0, s=42.41534699659411)",250.691797,16.712786,21.561782
81561,150620,,16.709836,-11.174639,94.0734,-12.7,7.38,2.513,A2,0.231,Oph,8.606,181,404.82672424766696,HD150620_TypA2_Mag7.38,"hms_tuple(h=16.0, m=42.0, s=54.32696723010963)","dms_tuple(d=-11.0, m=-12.0, s=-20.559628834601824)",250.726362,16.715091,-11.205711
81589,151199,,16.716232,55.690119,88.574,-45.0,6.18,1.443,A2p...,0.088,Dra,23.057,72,140.42905193202526,HD151199_TypA2_Mag6.18,"hms_tuple(h=16.0, m=43.0, s=31.330351196441768)","dms_tuple(d=55.0, m=39.0, s=32.2570597711524)",250.880543,16.72537,55.65896
81591,150486,,16.716844,-38.672416,288.1844,-86.4,7.68,0.382,Ap Si,0.125,Sco,61.263,227,527.4997120883073,HD150486_TypAp_Mag7.68,"hms_tuple(h=16.0, m=43.0, s=24.417103068459483)","dms_tuple(d=-38.0, m=-42.0, s=-12.443549829798712)",250.851738,16.723449,-38.703457
81595,150764,,16.717466,3.454365,106.2699,0.0,7.41,2.278,A5,0.317,Oph,10.686,185,415.6851208955647,HD150764_TypA5_Mag7.41,"hms_tuple(h=16.0, m=43.0, s=21.467493260743424)","dms_tuple(d=3.0, m=25.0, s=23.80632849181879)",250.839448,16.72263,3.42328
81636,150713,,16.727138,-20.696707,223.2143,0.0,7.82,1.076,A1/A2IV,0.302,Oph,32.33,253,596.8524553483364,HD150713_TypA1_Mag7.82,"hms_tuple(h=16.0, m=43.0, s=57.53777803663638)","dms_tuple(d=-20.0, m=-43.0, s=-39.9705632387861)",250.989741,16.732649,-20.72777
81642,150714,,16.727693,-22.736483,181.1594,0.0,7.57,1.28,Ap Si,0.11,Oph,26.792,209,478.71030262103807,HD150714_TypAp_Mag7.57,"hms_tuple(h=16.0, m=43.0, s=59.81959676791291)","dms_tuple(d=-22.0, m=-46.0, s=-3.156411663032941)",250.999248,16.733283,-22.767543
81652,150573,,16.729357,-41.119204,145.7726,-26.0,6.21,0.392,A4V,0.143,Sco,60.702,74,144.19568653254458,HD150573_TypA4_Mag6.21,"hms_tuple(h=16.0, m=44.0, s=10.329363477226252)","dms_tuple(d=-41.0, m=-9.0, s=-0.8667049026831819)",251.043039,16.736203,-41.150241
81688,150768,,16.738166,-27.456244,95.9693,-26.0,6.58,1.669,A2V,0.097,Sco,18.724,98,199.86083644579665,HD150768_TypA2_Mag6.58,"hms_tuple(h=16.0, m=44.0, s=38.31570216626176)","dms_tuple(d=-27.0, m=-29.0, s=-14.277119260478912)",251.159649,16.743977,-27.487299
81689,151554,,16.738211,60.970698,173.913,0.0,7.88,1.678,A0,0.145,Dra,18.569,265,629.299802346522,HD151554_TypA0_Mag7.88,"hms_tuple(h=16.0, m=44.0, s=55.76321760043669)","dms_tuple(d=60.0, m=56.0, s=22.278377481716802)",251.232347,16.748823,60.939522
81691,150935,,16.73826,-0.556706,246.9136,0.0,7.41,0.447,A0,0.181,Oph,57.703,185,415.6851208955647,HD150935_TypA0_Mag7.41,"hms_tuple(h=16.0, m=44.0, s=36.29369887939532)","dms_tuple(d=-0.0, m=-35.0, s=-16.03610983011052)",251.151224,16.743415,-0.587788
81698,150645,,16.739193,-44.378741,147.0588,0.0,7.95,2.113,A3V,0.267,Sco,12.439,280,669.391162362906,HD150645_TypA3_Mag7.95,"hms_tuple(h=16.0, m=44.0, s=47.071759594344655)","dms_tuple(d=-44.0, m=-24.0, s=-35.18005178733915)",251.196132,16.746409,-44.409772
81720,151029,,16.745114,2.332854,92.1659,0.0,7.46,2.637,A2,0.189,Oph,7.677,192,434.43351452893916,HD151029_TypA2_Mag7.46,"hms_tuple(h=16.0, m=45.0, s=0.9821068419441303)","dms_tuple(d=2.0, m=18.0, s=6.370414100405384)",251.254092,16.750273,2.30177
81741,150894,,16.750053,-28.509657,216.9197,-55.0,5.99,-0.691,A3IV,0.103,Sco,164.589,62,118.75539918732655,HD150894_TypA3_Mag5.99,"hms_tuple(h=16.0, m=45.0, s=21.31452441519741)","dms_tuple(d=-28.0, m=-32.0, s=-26.559488567542928)",251.338811,16.755921,-28.540711
81839,150897,,16.768437,-46.531996,128.041,0.0,6.47,0.933,A1V,0.087,Ara,36.881,90,181.37534353960828,HD150897_TypA1_Mag6.47,"hms_tuple(h=16.0, m=46.0, s=33.362596099710515)","dms_tuple(d=-46.0, m=-33.0, s=-46.883684349110126)",251.639011,16.775934,-46.563023
81871,151604,,16.776524,41.792291,253.1646,-17.0,7.97,0.953,A0,0.373,Her,36.208,284,681.3080354866522,HD151604_TypA0_Mag7.97,"hms_tuple(h=16.0, m=47.0, s=0.36378208386082633)","dms_tuple(d=41.0, m=45.0, s=40.183466240426924)",251.751516,16.783434,41.761162
81886,152139,,16.780508,66.041561,208.3333,0.0,7.88,1.286,A2,0.158,Dra,26.644,265,629.299802346522,HD152139_TypA2_Mag7.88,"hms_tuple(h=16.0, m=47.0, s=35.47084323763585)","dms_tuple(d=66.0, m=0.0, s=37.301117599855615)",251.897795,16.793186,66.010361
81910,151431,,16.786043,2.064526,166.113,-6.0,6.07,-0.032,A3V,0.14,Oph,89.702,66,127.44051305929695,HD151431_TypA3_Mag6.07,"hms_tuple(h=16.0, m=47.0, s=28.323215126634977)","dms_tuple(d=2.0, m=2.0, s=0.3904949378216571)",251.868013,16.791201,2.033442
81930,152375,,16.789652,69.098848,218.3406,0.0,7.49,0.794,A0,0.034,Dra,41.918,197,446.0860343240754,HD152375_TypA0_Mag7.49,"hms_tuple(h=16.0, m=48.0, s=14.688258113245638)","dms_tuple(d=69.0, m=4.0, s=3.465355530963734)",252.061201,16.80408,69.067629
81986,151196,,16.801538,-45.944921,97.1817,0.0,6.69,1.752,A7IV,0.377,Ara,17.346,107,220.23034203703895,HD151196_TypA7_Mag6.69,"hms_tuple(h=16.0, m=48.0, s=32.23865535726958)","dms_tuple(d=-45.0, m=-58.0, s=-33.41771175331701)",252.134328,16.808955,-45.975949
81994,151591,,16.80383,1.090461,176.9912,0.0,7.18,0.94,A3,0.263,Oph,36.644,155,339.33902361009757,HD151591_TypA3_Mag7.18,"hms_tuple(h=16.0, m=48.0, s=32.34789476090441)","dms_tuple(d=1.0, m=3.0, s=33.75969031445629)",252.134783,16.808986,1.059378
82001,151701,,16.806717,17.13323,111.4827,0.0,7.37,2.134,A2,0.277,Her,12.201,180,401.2706596517492,HD151701_TypA2_Mag7.37,"hms_tuple(h=16.0, m=48.0, s=43.59642379403226)","dms_tuple(d=17.0, m=6.0, s=7.6737762522023445)",252.181652,16.81211,17.102132
82007,151527,,16.807493,-14.909421,151.2859,-26.0,6.03,0.131,A0IV/V,0.192,Oph,77.197,64,123.02133555198672,HD151527_TypA0_Mag6.03,"hms_tuple(h=16.0, m=48.0, s=46.180798246700476)","dms_tuple(d=-14.0, m=-56.0, s=-25.761920805693848)",252.19242,16.812828,-14.940489
82056,152031,,16.817219,41.663354,115.6069,-24.0,7.51,2.195,A3,0.164,Her,11.535,200,454.02750557766933,HD152031_TypA3_Mag7.51,"hms_tuple(h=16.0, m=49.0, s=26.81595839913541)","dms_tuple(d=41.0, m=37.0, s=56.01102432997777)",252.361733,16.824116,41.632225
82060,152106,,16.818169,48.235478,104.8218,0.0,7.48,2.378,A5,0.224,Her,9.745,195,442.16754115556887,HD152106_TypA5_Mag7.48,"hms_tuple(h=16.0, m=49.0, s=33.251455714932945)","dms_tuple(d=48.0, m=12.0, s=15.61427157655146)",252.388548,16.825903,48.204337
82069,152107,,16.820615,45.983323,55.2486,-1.0,4.82,1.108,A2p...,0.087,Her,31.391,25,42.29961929288719,HD152107_TypA2_Mag4.82,"hms_tuple(h=16.0, m=49.0, s=40.90440448066829)","dms_tuple(d=45.0, m=57.0, s=7.8721996444971865)",252.420435,16.828029,45.952187
82087,151676,,16.824353,-15.66797,74.0741,-2.0,6.18,1.832,A3V,0.234,Oph,16.114,72,140.42905193202526,HD151676_TypA3_Mag6.18,"hms_tuple(h=16.0, m=49.0, s=46.94658091028202)","dms_tuple(d=-15.0, m=-41.0, s=-56.53564764845399)",252.445611,16.829707,-15.699038
82098,151862,,16.826294,13.261141,100.1001,-23.0,5.91,0.908,A1V,0.015,Her,37.74,59,110.66217874985526,HD151862_TypA1_Mag5.91,"hms_tuple(h=16.0, m=49.0, s=53.72106445704986)","dms_tuple(d=13.0, m=13.0, s=48.16700780686219)",252.473838,16.831589,13.230046
82138,151972,,16.83511,16.495641,276.2431,0.0,7.86,0.654,A0,0.137,Her,47.687,261,618.2926139519136,HD151972_TypA0_Mag7.86,"hms_tuple(h=16.0, m=50.0, s=25.746170574879557)","dms_tuple(d=16.0, m=27.0, s=52.355656403853175)",252.607276,16.840485,16.464543
82145,151721,,16.836308,-26.742546,106.6098,0.0,7.5,2.361,A3V,0.108,Sco,9.899,198,450.03925321819855,HD151721_TypA3_Mag7.5,"hms_tuple(h=16.0, m=50.0, s=31.49381318555271)","dms_tuple(d=-26.0, m=-46.0, s=-24.967273056518877)",252.631224,16.842082,-26.773602
82150,151956,,16.838717,7.247683,54.407,-4.0,5.48,1.802,A3m,0.108,Her,16.565,42,75.72393506468185,HD151956_TypA3_Mag5.48,"hms_tuple(h=16.0, m=50.0, s=38.086095878018966)","dms_tuple(d=7.0, m=12.0, s=59.73858152297808)",252.658692,16.843913,7.216594
82163,152207,,16.842484,33.797579,146.6276,0.0,7.9,2.069,A2,0.233,Her,12.954,269,640.5029468202126,HD152207_TypA2_Mag7.9,"hms_tuple(h=16.0, m=50.0, s=55.26466949003748)","dms_tuple(d=33.0, m=45.0, s=59.262391279654025)",252.730269,16.848685,33.766462
82198,152067,,16.849707,5.488996,110.2536,0.0,7.4,2.188,A2,0.142,Her,11.609,184,412.0336743557815,HD152067_TypA2_Mag7.4,"hms_tuple(h=16.0, m=51.0, s=17.58643540080783)","dms_tuple(d=5.0, m=27.0, s=28.47121805712007)",252.823277,16.854885,5.457909
82216,152155,,16.853307,15.794709,303.9514,-23.0,7.24,-0.174,A0,0.069,Her,102.235,163,357.7868844682338,HD152155_TypA0_Mag7.24,"hms_tuple(h=16.0, m=51.0, s=31.18710117048039)","dms_tuple(d=15.0, m=45.0, s=49.00294585949041)",252.879946,16.858663,15.763612
82228,152127,,16.856925,1.215947,116.144,-26.0,5.51,0.185,A2Vs,0.055,Oph,73.451,43,77.75502756283679,HD152127_TypA2_Mag5.51,"hms_tuple(h=16.0, m=51.0, s=43.49069097515695)","dms_tuple(d=1.0, m=11.0, s=5.508878814997686)",252.931211,16.862081,1.184864
82266,153058,,16.865285,67.915032,163.9344,0.0,7.41,1.337,A0,0.111,Dra,25.421,185,415.6851208955647,HD153058_TypA0_Mag7.41,"hms_tuple(h=16.0, m=52.0, s=44.31538305858311)","dms_tuple(d=67.0, m=53.0, s=1.7566039321604876)",253.184647,16.878976,67.883821
82275,152210,,16.86882,-2.798325,133.1558,2.0,6.96,1.338,A0,0.224,Oph,25.398,131,279.4698106282087,HD152210_TypA0_Mag6.96,"hms_tuple(h=16.0, m=52.0, s=26.33137181157707)","dms_tuple(d=-2.0, m=-49.0, s=-45.85715435312409)",253.109714,16.873981,-2.829405
82286,152071,,16.871132,-25.600608,153.8462,0.0,6.91,0.975,A0V,0.058,Sco,35.481,126,267.409023780344,HD152071_TypA0_Mag6.91,"hms_tuple(h=16.0, m=52.0, s=36.657337938993635)","dms_tuple(d=-25.0, m=-37.0, s=-53.99512312380807)",253.152739,16.876849,-25.631665
82308,151966,,16.875525,-42.991791,155.7632,0.0,7.04,1.078,A0V,0.125,Sco,32.27,140,299.90868873980725,HD151966_TypA0_Mag7.04,"hms_tuple(h=16.0, m=52.0, s=57.27255392971131)","dms_tuple(d=-43.0, m=-1.0, s=-22.16875634406051)",253.238636,16.882576,-43.022825
82346,152192,,16.885295,-30.429598,170.068,0.0,7.02,0.867,A3III,0.168,Sco,39.192,137,294.66293556170405,HD152192_TypA3_Mag7.02,"hms_tuple(h=16.0, m=53.0, s=28.590083538565807)","dms_tuple(d=-30.0, m=-27.0, s=-38.338778833271476)",253.369125,16.891275,-30.46065
82363,152531,,16.889217,15.408099,302.1148,0.0,7.59,0.189,A0,0.034,Her,73.181,212,487.2325692121131,HD152531_TypA0_Mag7.59,"hms_tuple(h=16.0, m=53.0, s=40.426881270343245)","dms_tuple(d=15.0, m=22.0, s=37.20831156673967)",253.418445,16.894563,15.377002
82375,156401,,16.891382,84.764374,187.2659,0.0,7.9,1.538,A0,0.179,UMi,21.125,269,640.5029468202126,HD156401_TypA0_Mag7.9,"hms_tuple(h=16.0, m=56.0, s=51.121306888315985)","dms_tuple(d=84.0, m=43.0, s=57.81261943090044)",254.213005,16.947534,84.732726
82449,152951,,16.905219,46.538999,132.8021,-2.0,6.86,1.244,A2,0.117,Her,27.695,122,255.86873171888556,HD152951_TypA2_Mag6.86,"hms_tuple(h=16.0, m=54.0, s=45.750394534751706)","dms_tuple(d=46.0, m=30.0, s=28.301993137611703)",253.690627,16.912708,46.507862
82461,152384,,16.907332,-33.475355,135.8696,0.0,7.03,1.364,A0V,0.035,Sco,24.797,138,297.27424144135534,HD152384_TypA0_Mag7.03,"hms_tuple(h=16.0, m=54.0, s=48.65016237479466)","dms_tuple(d=-33.0, m=-30.0, s=-23.050094418098865)",253.702709,16.913514,-33.506403
82467,153596,,16.907919,70.46401,229.8851,0.0,6.99,0.182,A2,0.092,Dra,73.655,134,286.96584256768466,HD153596_TypA2_Mag6.99,"hms_tuple(h=16.0, m=55.0, s=23.916201085819466)","dms_tuple(d=70.0, m=25.0, s=58.01115919826998)",253.849651,16.92331,70.432781
82478,152431,,16.909988,-30.58734,208.7683,1.0,6.34,-0.258,A5IIIm...,0.214,Sco,110.459,82,161.720568208778,HD152431_TypA5_Mag6.34,"hms_tuple(h=16.0, m=54.0, s=57.51987936535613)","dms_tuple(d=-30.0, m=-37.0, s=-6.209281777363458)",253.739666,16.915978,-30.618391
82484,152585,,16.911174,-11.792463,94.3396,-5.0,6.57,1.697,A2IV,0.144,Oph,18.247,97,198.10522595363804,HD152585_TypA2_Mag6.57,"hms_tuple(h=16.0, m=54.0, s=59.18536918918335)","dms_tuple(d=-11.0, m=-49.0, s=-24.72391954378196)",253.746606,16.91644,-11.823534
82526,152896,,16.917035,29.038869,84.317,1.6,7.55,2.92,A5,0.314,Her,5.916,206,470.3371004243402,HD152896_TypA5_Mag7.55,"hms_tuple(h=16.0, m=55.0, s=22.544498653488176)","dms_tuple(d=29.0, m=0.0, s=27.927822528836543)",253.843935,16.922929,29.007758
82539,152521,,16.919079,-31.402605,166.6667,0.0,6.72,0.611,A0/A1V,0.063,Sco,49.614,109,226.137433304753,HD152521_TypA0_Mag6.72,"hms_tuple(h=16.0, m=55.0, s=30.43282271420935)","dms_tuple(d=-31.0, m=-26.0, s=-1.1596423977246673)",253.876803,16.92512,-31.433655
82576,152491,,16.926472,-43.315986,158.4786,0.0,6.77,0.77,A1V,0.029,Sco,42.855,113,236.33677266456448,HD152491_TypA1_Mag6.77,"hms_tuple(h=16.0, m=56.0, s=0.81691141604324)","dms_tuple(d=-43.0, m=-20.0, s=-49.268757468919944)",254.003404,16.93356,-43.347019
82588,153680,,16.929515,67.478475,221.2389,0.0,6.78,0.056,A0,-0.026,Dra,82.718,114,238.4311915057409,HD153680_TypA0_Mag6.78,"hms_tuple(h=16.0, m=56.0, s=34.637651882054286)","dms_tuple(d=67.0, m=26.0, s=50.16131437546619)",254.144324,16.942955,67.447267
82610,153286,,16.934603,47.370786,116.4144,-18.3,7.03,1.7,Am,0.311,Her,18.197,138,297.27424144135534,HD153286_TypAm_Mag7.03,"hms_tuple(h=16.0, m=56.0, s=31.954703905872748)","dms_tuple(d=47.0, m=20.0, s=22.72934727142797)",254.133145,16.94221,47.339647
82618,154528,,16.936152,77.652745,176.3668,-4.0,6.72,0.488,A0,-0.004,UMi,55.565,109,226.137433304753,HD154528_TypA0_Mag6.72,"hms_tuple(h=16.0, m=57.0, s=36.71169443997286)","dms_tuple(d=77.0, m=37.0, s=17.12979800816356)",254.402965,16.960198,77.621425
82630,153345,,16.938376,52.69843,153.1394,-1.3,7.09,1.165,A0V,0.054,Dra,29.785,145,313.4352882448582,HD153345_TypA0_Mag7.09,"hms_tuple(h=16.0, m=56.0, s=48.75292219973147)","dms_tuple(d=52.0, m=40.0, s=2.2053125893535253)",254.203137,16.946876,52.667279
82637,153598,,16.939423,62.36989,145.5604,0.0,6.9,1.085,A0,0.127,Dra,32.063,125,265.0600588895962,HD153598_TypA0_Mag6.9,"hms_tuple(h=16.0, m=57.0, s=1.8947793292741721)","dms_tuple(d=62.0, m=20.0, s=19.349239925998063)",254.257895,16.950526,62.338708
82638,153015,,16.939454,16.285255,92.1659,0.0,7.24,2.417,A5,0.252,Her,9.402,163,357.7868844682338,HD153015_TypA5_Mag7.24,"hms_tuple(h=16.0, m=56.0, s=41.36372468717951)","dms_tuple(d=16.0, m=15.0, s=14.966805473191869)",254.172349,16.944823,16.254157
82668,152849,,16.946677,-23.150346,93.1099,-26.0,5.57,0.725,A0V,-0.018,Oph,44.668,45,81.98210971283382,HD152849_TypA0_Mag5.57,"hms_tuple(h=16.0, m=57.0, s=8.223719686282323)","dms_tuple(d=-23.0, m=-10.0, s=-53.06161118224537)",254.284265,16.952284,-23.181406
82742,153116,,16.96066,-3.016684,153.8462,0.0,7.46,1.525,A2,0.379,Oph,21.38,192,434.43351452893916,HD153116_TypA2_Mag7.46,"hms_tuple(h=16.0, m=57.0, s=56.95900693281601)","dms_tuple(d=-3.0, m=-2.0, s=-51.94883668814693)",254.487329,16.965822,-3.047764
82844,153072,,16.981183,-37.620508,96.7118,-27.0,6.05,1.123,A3III,0.179,Sco,30.96,65,125.21142966991891,HD153072_TypA3_Mag6.05,"hms_tuple(h=16.0, m=59.0, s=15.696692713212315)","dms_tuple(d=-37.0, m=-39.0, s=-5.58033022217387)",254.815403,16.987694,-37.65155
82859,153454,,16.984696,17.688326,229.3578,0.0,7.63,0.827,A0,0.092,Her,40.663,219,504.73495772895257,HD153454_TypA0_Mag7.63,"hms_tuple(h=16.0, m=59.0, s=24.37978721953641)","dms_tuple(d=17.0, m=39.0, s=26.017378379854108)",254.851582,16.990105,17.657227
82872,154320,,16.988261,68.678893,117.9245,0.0,7.51,2.152,A5,0.333,Dra,12.001,200,454.02750557766933,HD154320_TypA5_Mag7.51,"hms_tuple(h=17.0, m=0.0, s=8.705439496630163)","dms_tuple(d=68.0, m=38.0, s=51.63793814833866)",255.036273,17.002418,68.647677
82896,153650,,16.993023,29.549475,245.098,3.0,7.84,0.893,A0,0.077,Her,38.265,257,607.4779541357369,HD153650_TypA0_Mag7.84,"hms_tuple(h=16.0, m=59.0, s=56.20751892158523)","dms_tuple(d=29.0, m=31.0, s=6.107223237294477)",254.984198,16.998947,29.518363
82908,153778,,16.996229,36.921402,174.8252,0.0,7.79,1.577,A2,0.0,Her,20.38,247,581.2616622824664,HD153778_TypA2_Mag7.79,"hms_tuple(h=17.0, m=0.0, s=9.626498941970851)","dms_tuple(d=36.0, m=53.0, s=25.009797632905588)",255.04011,17.002674,36.89028
82912,154081,,16.997245,58.462582,157.7287,-8.5,6.87,0.88,A3,0.122,Dra,38.726,123,258.1362429763933,HD154081_TypA3_Mag6.87,"hms_tuple(h=17.0, m=0.0, s=25.52816943945544)","dms_tuple(d=58.0, m=25.0, s=53.09309866155729)",255.106367,17.007091,58.431415
82922,153562,,17.000176,9.797976,285.7143,0.0,7.59,0.31,A0,0.091,Oph,65.464,212,487.2325692121131,HD153562_TypA0_Mag7.59,"hms_tuple(h=17.0, m=0.0, s=19.463237202427308)","dms_tuple(d=9.0, m=46.0, s=0.7848338361890228)",255.081097,17.005406,9.766885
82951,153808,,17.004827,30.926405,47.5285,-25.0,3.92,0.535,A0V,-0.018,Her,53.211,13,19.119533901383292,HD153808_TypA0_Mag3.92,"hms_tuple(h=17.0, m=0.0, s=39.002384365808496)","dms_tuple(d=30.0, m=53.0, s=43.04917932906534)",255.16251,17.010834,30.895291
82967,153653,,17.008166,6.583706,75.4148,-10.0,6.57,2.183,A7V,0.233,Oph,11.663,97,198.10522595363804,HD153653_TypA7_Mag6.57,"hms_tuple(h=17.0, m=0.0, s=48.07634174339199)","dms_tuple(d=6.0, m=33.0, s=9.42358978660451)",255.200318,17.013355,6.552618
83004,153809,,17.017414,16.59349,125.0,-0.2,7.27,1.785,A0,0.11,Her,16.827,166,367.38356293404297,HD153809_TypA0_Mag7.27,"hms_tuple(h=17.0, m=1.0, s=22.05037016804937)","dms_tuple(d=16.0, m=33.0, s=44.61170746418588)",255.341877,17.022792,16.562392
83029,154199,,17.020609,52.604508,120.4819,-21.0,6.89,1.485,A0,0.091,Dra,22.182,124,262.73172769318006,HD154199_TypA0_Mag6.89,"hms_tuple(h=17.0, m=1.0, s=44.72613795621868)","dms_tuple(d=52.0, m=34.0, s=24.086947929729376)",255.436359,17.029091,52.573357
83043,153835,,17.024179,11.160429,297.619,0.0,7.65,0.282,A0,0.077,Oph,67.174,222,513.7205296793568,HD153835_TypA0_Mag7.65,"hms_tuple(h=17.0, m=1.0, s=45.956789705378185)","dms_tuple(d=11.0, m=7.0, s=45.61101562649725)",255.441487,17.029432,11.129336
83057,154029,,17.026767,33.56827,98.8142,-12.0,5.27,0.296,A3IV,0.028,Her,66.313,36,62.91671476098047,HD154029_TypA3_Mag5.27,"hms_tuple(h=17.0, m=1.0, s=58.624075942270224)","dms_tuple(d=33.0, m=32.0, s=13.751076066030805)",255.494267,17.032951,33.537153
83069,153612,,17.030289,-30.779008,373.1343,0.0,7.68,-0.179,A2V,0.195,Sco,102.707,227,527.4997120883073,HD153612_TypA2_Mag7.68,"hms_tuple(h=17.0, m=2.0, s=10.646376052983726)","dms_tuple(d=-30.0, m=-48.0, s=-36.213231739754974)",255.54436,17.036291,-30.810059
83086,153914,,17.033049,8.450669,121.2121,6.0,6.33,0.912,A4V,0.091,Oph,37.601,81,160.2999881121757,HD153914_TypA4_Mag6.33,"hms_tuple(h=17.0, m=2.0, s=17.73529920507457)","dms_tuple(d=8.0, m=25.0, s=10.484163651896239)",255.573897,17.03826,8.419579
83098,154344,,17.035629,51.94232,156.0062,0.0,7.85,1.884,A2,0.225,Dra,15.36,259,612.8614298360975,HD154344_TypA2_Mag7.85,"hms_tuple(h=17.0, m=2.0, s=38.34587181410029)","dms_tuple(d=51.0, m=54.0, s=40.21593761927477)",255.659774,17.043985,51.911171
83114,154225,,17.039221,40.073009,189.0359,0.0,7.99,1.607,A5,0.439,Her,19.824,288,693.4370594020932,HD154225_TypA5_Mag7.99,"hms_tuple(h=17.0, m=2.0, s=45.43455988094706)","dms_tuple(d=40.0, m=2.0, s=30.778133697295402)",255.689311,17.045954,40.041883
83127,154127,,17.041924,29.297052,122.1001,-27.0,7.73,2.296,A2,0.246,Her,10.51,236,551.2912113423957,HD154127_TypA2_Mag7.73,"hms_tuple(h=17.0, m=2.0, s=52.198264164332215)","dms_tuple(d=29.0, m=15.0, s=57.38551322362184)",255.717493,17.047833,29.26594
83128,154085,,17.042091,19.386135,114.9425,0.0,7.24,1.938,A2,0.14,Her,14.615,163,357.7868844682338,HD154085_TypA2_Mag7.24,"hms_tuple(h=17.0, m=2.0, s=51.1959163497653)","dms_tuple(d=19.0, m=21.0, s=18.123588866834837)",255.713316,17.047554,19.355034
83132,154015,,17.042551,9.820191,103.5197,-9.0,7.02,1.945,A2,0.234,Oph,14.521,137,294.66293556170405,HD154015_TypA2_Mag7.02,"hms_tuple(h=17.0, m=2.0, s=52.01449540948204)","dms_tuple(d=9.0, m=47.0, s=20.758758853004906)",255.716727,17.047782,9.7891
83152,154226,,17.048127,31.690197,205.3388,0.0,7.93,1.368,A2,0.208,Her,24.706,275,657.682729265769,HD154226_TypA2_Mag7.93,"hms_tuple(h=17.0, m=3.0, s=15.058217753589247)","dms_tuple(d=31.0, m=39.0, s=32.696951623632344)",255.812743,17.054183,31.659082
83154,153747,,17.048285,-38.460227,180.5054,-6.3,7.41,1.128,A0III,0.14,Sco,30.818,185,415.6851208955647,HD153747_TypA0_Mag7.41,"hms_tuple(h=17.0, m=3.0, s=17.53451445592418)","dms_tuple(d=-38.0, m=-29.0, s=-28.56428855528236)",255.82306,17.054871,-38.491268
83158,153974,,17.049346,-6.352341,123.6094,0.0,7.52,2.06,A3,0.308,Oph,13.062,201,458.0511018694067,HD153974_TypA3_Mag7.52,"hms_tuple(h=17.0, m=3.0, s=16.31808925998655)","dms_tuple(d=-6.0, m=-23.0, s=-0.3030248726358309)",255.817992,17.054533,-6.383418
83200,153805,,17.056165,-40.0879,151.7451,0.0,7.36,1.454,A9V,0.328,Sco,22.824,178,397.7458321127074,HD153805_TypA9_Mag7.36,"hms_tuple(h=17.0, m=3.0, s=46.46040674523107)","dms_tuple(d=-40.0, m=-7.0, s=-8.178175569635755)",255.943585,17.062906,-40.118938
83220,154228,,17.060917,13.605346,76.746,-32.0,5.91,1.485,A1V,0.01,Her,22.182,59,110.66217874985526,HD154228_TypA1_Mag5.91,"hms_tuple(h=17.0, m=3.0, s=58.39117092430371)","dms_tuple(d=13.0, m=34.0, s=27.303815444891768)",255.993297,17.06622,13.574251
83222,154145,,17.061512,-0.145952,91.659,0.0,6.7,1.889,A2,0.19,Oph,15.29,108,222.1820255290352,HD154145_TypA2_Mag6.7,"hms_tuple(h=17.0, m=4.0, s=1.0928754647920869e-05)","dms_tuple(d=-0.0, m=-10.0, s=-37.323056342143204)",256.0,17.066667,-0.177034
83223,153791,,17.061579,-47.160571,151.2859,0.4,6.07,0.171,A2/A3V,0.072,Ara,74.405,66,127.44051305929695,HD153791_TypA2_Mag6.07,"hms_tuple(h=17.0, m=4.0, s=8.991822263538154)","dms_tuple(d=-47.0, m=-11.0, s=-29.749274468002227)",256.037466,17.069164,-47.191597
83235,154301,,17.064628,19.690513,229.8851,-39.0,6.35,-0.458,A...,1.518,Her,132.801,82,163.15373750039242,HD154301_TypA._Mag6.35,"hms_tuple(h=17.0, m=4.0, s=12.36616652105397)","dms_tuple(d=19.0, m=39.0, s=33.88326589823606)",256.051526,17.070102,19.659412
83236,154431,,17.064885,34.790222,54.9753,-20.0,6.08,2.379,A5V,0.2,Her,9.736,67,128.56989215960064,HD154431_TypA5_Mag6.08,"hms_tuple(h=17.0, m=4.0, s=16.173281754361426)","dms_tuple(d=34.0, m=45.0, s=32.772427207461874)",256.067389,17.071159,34.759103
83308,154132,,17.078756,-25.645354,82.6446,0.0,6.6,2.014,A9III/IV,0.264,Oph,13.627,100,203.41887002054995,HD154132_TypA9_Mag6.6,"hms_tuple(h=17.0, m=5.0, s=4.111459369960357)","dms_tuple(d=-25.0, m=-40.0, s=-35.08054261318705)",256.267131,17.084475,-25.676411
83314,154214,,17.080075,-17.957531,151.9757,0.0,7.82,1.911,A4IV,0.367,Oph,14.983,253,596.8524553483364,HD154214_TypA4_Mag7.82,"hms_tuple(h=17.0, m=5.0, s=7.780431847307057)","dms_tuple(d=-17.0, m=-59.0, s=-18.94705319150404)",256.282418,17.085495,-17.988596
83335,154713,,17.084706,43.812238,156.7398,-9.0,6.45,0.474,A3IV,0.099,Her,56.286,89,178.20287698386963,HD154713_TypA3_Mag6.45,"hms_tuple(h=17.0, m=5.0, s=30.643850339654932)","dms_tuple(d=43.0, m=46.0, s=51.98037401641443)",256.377683,17.091846,43.781106
83336,154025,,17.084826,-45.502127,98.6193,-5.0,6.28,1.31,A2V,0.074,Sco,26.062,78,153.3820888800899,HD154025_TypA2_Mag6.28,"hms_tuple(h=17.0, m=5.0, s=31.86442593148513)","dms_tuple(d=-45.0, m=-31.0, s=-59.362293281739085)",256.382768,17.092185,-45.533156
83357,154494,,17.089636,12.740828,40.8664,-4.0,4.89,1.833,A4IV,0.125,Her,16.099,27,44.994438613191406,HD154494_TypA4_Mag4.89,"hms_tuple(h=17.0, m=5.0, s=41.71243574371033)","dms_tuple(d=12.0, m=42.0, s=35.04200387272533)",256.423802,17.09492,12.709734
83382,154651,,17.093775,29.623204,185.8736,-10.1,7.36,1.014,A2,0.177,Her,34.229,178,397.7458321127074,HD154651_TypA2_Mag7.36,"hms_tuple(h=17.0, m=5.0, s=58.93028487117675)","dms_tuple(d=29.0, m=35.0, s=31.5313038435292)",256.495543,17.099703,29.592092
83392,154153,,17.096798,-44.105042,69.6864,-33.0,6.18,1.964,A4III,0.281,Sco,14.269,72,140.42905193202526,HD154153_TypA4_Mag6.18,"hms_tuple(h=17.0, m=6.0, s=14.32905998713153)","dms_tuple(d=-44.0, m=-8.0, s=-9.8654017558016)",256.559704,17.10398,-44.136074
83407,154581,,17.100103,7.854695,135.5014,0.0,7.49,1.83,A3,0.269,Oph,16.144,197,446.0860343240754,HD154581_TypA3_Mag7.49,"hms_tuple(h=17.0, m=6.0, s=19.101874243752945)","dms_tuple(d=7.0, m=49.0, s=24.979757050763)",256.579591,17.105306,7.823605
83426,154418,,17.103278,-21.564583,106.8376,-45.0,6.29,1.146,A1m...,0.128,Oph,30.311,79,154.74136248456367,HD154418_TypA1_Mag6.29,"hms_tuple(h=17.0, m=6.0, s=31.758461969435245)","dms_tuple(d=-21.0, m=-35.0, s=-44.320891952935426)",256.632327,17.108822,-21.595645
83435,154310,,17.105608,-37.22759,142.2475,-21.0,5.98,0.215,A2IV,0.076,Sco,71.45,62,117.71223220913615,HD154310_TypA2_Mag5.98,"hms_tuple(h=17.0, m=6.0, s=43.503882200114106)","dms_tuple(d=-37.0, m=-15.0, s=-31.077574117691142)",256.681266,17.112084,-37.258633
83453,154545,,17.108208,-10.806378,99.108,0.0,7.69,2.709,A0,0.274,Oph,7.185,229,532.1744198083834,HD154545_TypA0_Mag7.69,"hms_tuple(h=17.0, m=6.0, s=48.4424999590297)","dms_tuple(d=-10.0, m=-50.0, s=-14.821281788628937)",256.701844,17.113456,-10.83745
83466,154888,,17.111556,35.323409,151.7451,-18.7,7.36,1.454,A0,0.036,Her,22.824,178,397.7458321127074,HD154888_TypA0_Mag7.36,"hms_tuple(h=17.0, m=7.0, s=4.3366849112362615)","dms_tuple(d=35.0, m=17.0, s=32.24302082291956)",256.76807,17.117871,35.29229
83480,154660,,17.114711,-1.656186,90.4977,7.0,6.34,1.557,A9V,0.209,Oph,20.759,82,161.720568208778,HD154660_TypA9_Mag6.34,"hms_tuple(h=17.0, m=7.0, s=11.524371510974447)","dms_tuple(d=-1.0, m=-41.0, s=-14.16050421718154)",256.798018,17.119868,-1.687267
83544,154426,,17.126439,-46.679683,89.7666,0.0,6.89,2.124,A7III,0.255,Ara,12.314,124,262.73172769318006,HD154426_TypA7_Mag6.89,"hms_tuple(h=17.0, m=8.0, s=2.2435582900723716)","dms_tuple(d=-46.0, m=-42.0, s=-38.55585747300722)",257.009348,17.133957,-46.71071
83558,155102,,17.129635,40.516054,135.318,-7.0,6.34,0.683,A2IV,0.032,Her,46.43,82,161.720568208778,HD155102_TypA2_Mag6.34,"hms_tuple(h=17.0, m=8.0, s=11.084228665843625)","dms_tuple(d=40.0, m=29.0, s=5.737639559578724)",257.046184,17.136412,40.484927
83580,155103,,17.133907,35.935174,54.2594,-30.0,5.41,1.738,A5m,0.309,Her,17.571,40,71.18865627220592,HD155103_TypA5_Mag5.41,"hms_tuple(h=17.0, m=8.0, s=24.97473315215302)","dms_tuple(d=35.0, m=54.0, s=14.593987673194988)",257.104061,17.140271,35.904054
83587,154569,,17.134895,-41.614746,137.1742,0.0,7.0,1.314,A5IV,0.223,Sco,25.966,135,289.50893673230235,HD154569_TypA5_Mag7.0,"hms_tuple(h=17.0, m=8.0, s=30.454781654827627)","dms_tuple(d=-41.0, m=-38.0, s=-44.81501808636892)",257.126895,17.141793,-41.645782
83595,154895,,17.137125,-1.079476,89.5255,-21.0,6.06,1.3,A3V,0.074,Oph,26.303,66,126.32105461095017,HD154895_TypA3_Mag6.06,"hms_tuple(h=17.0, m=8.0, s=32.210208739519146)","dms_tuple(d=-1.0, m=-6.0, s=-38.00639580846591)",257.134209,17.142281,-1.110557
83599,155328,,17.138077,50.842272,191.5709,-15.0,6.46,0.048,A1V,-0.017,Dra,83.33,90,179.78211266056408,HD155328_TypA1_Mag6.46,"hms_tuple(h=17.0, m=8.0, s=46.444747156094195)","dms_tuple(d=50.0, m=48.0, s=40.052387929484894)",257.19352,17.146235,50.811126
83615,154831,,17.142354,-20.217531,163.6661,0.0,7.79,1.72,A0IV,0.177,Oph,17.865,247,581.2616622824664,HD154831_TypA0_Mag7.79,"hms_tuple(h=17.0, m=8.0, s=52.25347323112118)","dms_tuple(d=-20.0, m=-14.0, s=-54.938753282704624)",257.217723,17.147848,-20.248594
83618,155104,,17.142652,24.486487,110.9878,21.0,6.84,1.614,A0,0.128,Her,19.697,120,251.39328881580803,HD155104_TypA0_Mag6.84,"hms_tuple(h=17.0, m=8.0, s=53.93284315482106)","dms_tuple(d=24.0, m=27.0, s=19.371347682866542)",257.22472,17.148315,24.455381
83628,154685,,17.145259,-39.338024,248.139,0.0,7.66,0.687,A2IV/V,0.314,Sco,46.259,224,518.2731261472211,HD154685_TypA2_Mag7.66,"hms_tuple(h=17.0, m=9.0, s=6.936148450575388)","dms_tuple(d=-39.0, m=-22.0, s=-8.628733395001404)",257.278901,17.151927,-39.369064
83647,155227,,17.148332,33.300769,253.8071,0.0,7.56,0.537,A0,-0.021,Her,53.113,208,474.5052325085976,HD155227_TypA0_Mag7.56,"hms_tuple(h=17.0, m=9.0, s=16.18963633710763)","dms_tuple(d=33.0, m=16.0, s=10.748734278242864)",257.317457,17.154497,33.269652
83732,155195,,17.169543,-0.760169,187.9699,0.0,7.59,1.22,A0,0.266,Oph,28.314,212,487.2325692121131,HD155195_TypA0_Mag7.59,"hms_tuple(h=17.0, m=10.0, s=28.913292003683466)","dms_tuple(d=-0.0, m=-47.0, s=-28.502242783734175)",257.620472,17.174698,-0.791251
83754,155125,Sabik,17.172968,-15.72491,27.0929,-2.4,2.43,0.266,A2.5Va,0.059,Oph,68.171,4,5.135039706443631,HD155125_TypA2_Mag2.43,"hms_tuple(h=17.0, m=10.0, s=41.96597612206858)","dms_tuple(d=-15.0, m=-45.0, s=-21.519446198304593)",257.674858,17.178324,-15.755978
83778,155375,,17.179375,12.466978,98.7167,5.0,6.58,1.608,A1m,0.086,Oph,19.806,98,199.86083644579665,HD155375_TypA1_Mag6.58,"hms_tuple(h=17.0, m=11.0, s=4.752568507647368)","dms_tuple(d=12.0, m=26.0, s=9.18294620343346)",257.769802,17.184653,12.435884
83788,156142,,17.182455,66.257323,709.2199,0.0,7.62,-1.634,A2,0.161,Dra,392.283,217,500.3012827613783,HD156142_TypA2_Mag7.62,"hms_tuple(h=17.0, m=11.0, s=42.86989667350497)","dms_tuple(d=66.0, m=13.0, s=34.04000238685512)",257.928625,17.195242,66.226122
83795,155514,,17.184212,24.237694,82.3045,-2.0,6.2,1.623,A8V,0.227,Her,19.534,73,142.92904788185962,HD155514_TypA8_Mag6.2,"hms_tuple(h=17.0, m=11.0, s=23.508856541071452)","dms_tuple(d=24.0, m=12.0, s=23.717529968034796)",257.847954,17.189864,24.206588
83813,155838,,17.188236,51.754352,160.2564,0.0,7.13,1.106,A0,0.124,Dra,31.449,149,324.6945236416619,HD155838_TypA0_Mag7.13,"hms_tuple(h=17.0, m=11.0, s=47.6058466244703)","dms_tuple(d=51.0, m=43.0, s=23.532750024518805)",257.948358,17.196557,51.723204
83833,155317,,17.191547,-16.491898,120.6273,0.0,7.51,2.103,A7V,0.287,Oph,12.555,200,454.02750557766933,HD155317_TypA7_Mag7.51,"hms_tuple(h=17.0, m=11.0, s=48.925213531691156)","dms_tuple(d=-16.0, m=-31.0, s=-22.67352142911193)",257.953855,17.196924,-16.522965
83844,155270,,17.193545,-26.702512,552.4862,0.0,7.63,-1.082,A6:V+...,0.775,Oph,235.939,219,504.73495772895257,HD155270_TypA6_Mag7.63,"hms_tuple(h=17.0, m=11.0, s=57.53969313764259)","dms_tuple(d=-26.0, m=-44.0, s=-0.8450376381011893)",257.989749,17.199317,-26.733568
83848,155860,,17.194519,49.746357,94.8767,-11.0,6.12,1.234,A5III,0.185,Her,27.951,69,133.18838514701395,HD155860_TypA5_Mag6.12,"hms_tuple(h=17.0, m=12.0, s=8.967898905688116)","dms_tuple(d=49.0, m=42.0, s=54.76718011771766)",258.037366,17.202491,49.715213
83851,155424,,17.195374,-4.640599,194.1748,0.0,7.72,1.279,A2,0.458,Oph,26.816,234,546.4485785781236,HD155424_TypA2_Mag7.72,"hms_tuple(h=17.0, m=12.0, s=1.9649775901999078)","dms_tuple(d=-4.0, m=-40.0, s=-18.037488923013)",258.008187,17.200546,-4.671677
83871,156192,,17.198824,63.126722,392.1569,0.0,7.98,0.013,A2,0.077,Dra,86.06,286,687.3457941057625,HD156192_TypA2_Mag7.98,"hms_tuple(h=17.0, m=12.0, s=36.77540102446699)","dms_tuple(d=63.0, m=5.0, s=43.93263057192485)",258.153231,17.210215,63.095537
83888,155379,,17.203782,-25.255154,128.7001,-3.0,6.52,0.972,A0V,-0.037,Oph,35.58,94,189.555805541093,HD155379_TypA0_Mag6.52,"hms_tuple(h=17.0, m=12.0, s=34.13834079321731)","dms_tuple(d=-25.0, m=-17.0, s=-10.362112201601121)",258.142243,17.209483,-25.286212
83890,155427,,17.204257,-17.246534,155.521,0.0,7.56,1.601,A1V,0.053,Oph,19.934,208,474.5052325085976,HD155427_TypA1_Mag7.56,"hms_tuple(h=17.0, m=12.0, s=34.75882670704095)","dms_tuple(d=-17.0, m=-16.0, s=-39.36041934153934)",258.144828,17.209655,-17.2776
83891,155259,,17.204502,-39.506949,62.9327,12.0,5.66,1.666,A0/A1V,0.042,Sco,18.776,48,88.75748872831454,HD155259_TypA0_Mag5.66,"hms_tuple(h=17.0, m=12.0, s=40.26926130367656)","dms_tuple(d=-39.0, m=-32.0, s=-16.757804621456103)",258.167789,17.211186,-39.537988
83913,155414,,17.206516,-22.925232,234.192,0.0,7.86,1.012,A5V,0.376,Oph,34.293,261,618.2926139519136,HD155414_TypA5_Mag7.86,"hms_tuple(h=17.0, m=12.0, s=43.61036922373415)","dms_tuple(d=-22.0, m=-57.0, s=-22.652082952902504)",258.18171,17.212114,-22.956292
84003,155904,,17.225038,22.745702,243.9024,0.0,7.67,0.734,A2,0.279,Her,44.3,226,522.866067770482,HD155904_TypA2_Mag7.67,"hms_tuple(h=17.0, m=13.0, s=50.253803379434885)","dms_tuple(d=22.0, m=42.0, s=52.55214238938947)",258.459391,17.230626,22.714598
84008,155389,,17.225633,-47.31941,150.6024,0.0,7.1,1.211,A0V,0.028,Ara,28.55,146,316.2129549015887,HD155389_TypA0_Mag7.1,"hms_tuple(h=17.0, m=13.0, s=59.66830116483351)","dms_tuple(d=-47.0, m=-21.0, s=-1.5685435632769895)",258.498618,17.233241,-47.350436
84010,155663,,17.226866,-15.560343,106.4963,0.0,6.7,1.563,A3V,0.168,Oph,20.644,108,222.1820255290352,HD155663_TypA3_Mag6.7,"hms_tuple(h=17.0, m=13.0, s=55.9832431666419)","dms_tuple(d=-15.0, m=-35.0, s=-29.07882811912046)",258.483264,17.232218,-15.591411
84012,155718,,17.227043,-9.283851,96.2464,0.0,7.54,2.623,A0,,Oph,7.777,204,466.20558189854603,HD155718_TypA0_Mag7.54,"hms_tuple(h=17.0, m=13.0, s=56.159488887558666)","dms_tuple(d=-9.0, m=-18.0, s=-53.729230537933574)",258.483998,17.232267,-9.314925
84069,155864,,17.239786,-4.162021,199.2032,0.0,7.99,1.494,A0,0.294,Oph,21.999,288,693.4370594020932,HD155864_TypA0_Mag7.99,"hms_tuple(h=17.0, m=14.0, s=41.83612664401778)","dms_tuple(d=-4.0, m=-11.0, s=-35.15826713079605)",258.674317,17.244954,-4.1931
84120,156164,Sarin,17.250531,24.839204,23.0362,-40.0,3.12,1.308,A3IVv SB,0.08,Her,26.11,7,9.439213888573331,HD156164_TypA3_Mag3.12,"hms_tuple(h=17.0, m=15.0, s=22.354865078567343)","dms_tuple(d=24.0, m=48.0, s=29.151148408091103)",258.843145,17.25621,24.808098
84174,156166,,17.262063,6.380051,93.0233,0.0,7.68,2.837,A2,0.304,Oph,6.386,227,527.4997120883073,HD156166_TypA2_Mag7.68,"hms_tuple(h=17.0, m=16.0, s=2.098036515318711)","dms_tuple(d=6.0, m=20.0, s=56.266265900014645)",259.008742,17.267249,6.348963
84190,155778,,17.265104,-46.337135,323.6246,-25.6,7.77,0.22,Ap...,0.084,Ara,71.121,244,571.094717053101,HD155778_TypAp_Mag7.77,"hms_tuple(h=17.0, m=16.0, s=21.267358430258696)","dms_tuple(d=-46.0, m=-22.0, s=-5.385430706876377)",259.088614,17.272574,-46.368163
84220,156208,,17.270628,2.186202,219.7802,4.0,6.17,-0.54,A2V,0.235,Oph,143.219,72,139.1955000198045,HD156208_TypA2_Mag6.17,"hms_tuple(h=17.0, m=16.0, s=32.830657174098974)","dms_tuple(d=2.0, m=9.0, s=18.4236955519577)",259.136794,17.275786,2.155118
84229,156341,,17.272326,16.660805,215.5172,-14.0,7.77,1.103,A0,0.002,Her,31.536,244,571.094717053101,HD156341_TypA0_Mag7.77,"hms_tuple(h=17.0, m=16.0, s=39.740350349371454)","dms_tuple(d=16.0, m=37.0, s=46.94546720617325)",259.165585,17.277706,16.629707
84236,156286,,17.274702,5.128274,156.7398,0.0,7.91,1.934,A2,0.348,Oph,14.669,271,646.179090335777,HD156286_TypA2_Mag7.91,"hms_tuple(h=17.0, m=16.0, s=47.557597630430735)","dms_tuple(d=5.0, m=5.0, s=49.87321059248657)",259.198157,17.279877,5.097187
84325,156497,,17.290028,13.310189,193.0502,0.0,7.85,1.422,A2,0.221,Her,23.507,259,612.8614298360975,HD156497_TypA2_Mag7.85,"hms_tuple(h=17.0, m=17.0, s=43.16730873226675)","dms_tuple(d=13.0, m=16.0, s=44.73963810730211)",259.429864,17.295324,13.279094
84347,156729,,17.294517,37.291498,53.7924,-10.0,4.64,0.986,A2V,0.043,Her,35.124,22,36.0881506505888,HD156729_TypA2_Mag4.64,"hms_tuple(h=17.0, m=18.0, s=3.5768218302618493)","dms_tuple(d=37.0, m=15.0, s=37.35349177594287)",259.514903,17.300994,37.260376
84356,156757,,17.29691,36.0941,293.2551,0.0,7.57,0.234,A5,0.273,Her,70.21,209,478.71030262103807,HD156757_TypA5_Mag7.57,"hms_tuple(h=17.0, m=18.0, s=11.831720654550963)","dms_tuple(d=36.0, m=3.0, s=46.72679205217037)",259.549299,17.303287,36.06298
84372,156653,,17.301372,17.317886,139.6648,4.0,6.0,0.275,A1V,0.015,Her,67.608,63,119.80781072170208,HD156653_TypA1_Mag6.0,"hms_tuple(h=17.0, m=18.0, s=24.37379624438279)","dms_tuple(d=17.0, m=17.0, s=12.434712989939385)",259.601557,17.30677,17.286787
84375,156232,,17.301518,-38.164025,184.1621,0.0,6.92,0.594,A0IV,0.039,Sco,50.396,127,269.7788052214281,HD156232_TypA0_Mag6.92,"hms_tuple(h=17.0, m=18.0, s=29.076565347442056)","dms_tuple(d=-38.0, m=-11.0, s=-42.238666978661286)",259.621152,17.308077,-38.195066
84416,156519,,17.310894,-16.029757,172.117,0.0,7.61,1.431,A3III,0.201,Ser,23.313,216,495.90655392467346,HD156519_TypA3_Mag7.61,"hms_tuple(h=17.0, m=18.0, s=58.52883733944168)","dms_tuple(d=-16.0, m=-3.0, s=-38.967565734607206)",259.74387,17.316258,-16.060824
84419,156567,,17.311225,-10.219295,105.9322,0.0,7.81,2.685,A0,0.346,Ser,7.345,251,591.6096051155723,HD156567_TypA0_Mag7.81,"hms_tuple(h=17.0, m=18.0, s=59.26769981208622)","dms_tuple(d=-10.0, m=-15.0, s=-1.3244729310549985)",259.746949,17.316463,-10.250368
84425,156382,,17.312191,-33.441659,142.8571,0.0,7.69,1.915,A9V,0.288,Sco,14.928,229,532.1744198083834,HD156382_TypA9_Mag7.69,"hms_tuple(h=17.0, m=19.0, s=6.133904549995464)","dms_tuple(d=-33.0, m=-28.0, s=-21.744653224369586)",259.775558,17.318371,-33.472707
84446,157462,,17.315205,63.72273,305.8104,0.0,7.34,-0.087,A0,0.043,Dra,94.363,175,390.78879304975095,HD157462_TypA0_Mag7.34,"hms_tuple(h=17.0, m=19.0, s=36.607580044469614)","dms_tuple(d=63.0, m=41.0, s=29.551689057492467)",259.902532,17.326835,63.691542
84452,157774,,17.315974,70.787845,140.056,0.0,7.13,1.398,A0,0.056,Dra,24.033,149,324.6945236416619,HD157774_TypA0_Mag7.13,"hms_tuple(h=17.0, m=19.0, s=53.81040601274577)","dms_tuple(d=70.0, m=45.0, s=23.807542281838323)",259.97421,17.331614,70.756613
84473,158731,,17.32081,79.305354,126.9036,0.0,7.31,1.793,A5,0.163,UMi,16.703,171,380.5807304870462,HD158731_TypA5_Mag7.31,"hms_tuple(h=17.0, m=20.0, s=54.623831009593005)","dms_tuple(d=79.0, m=16.0, s=26.386434797640277)",260.227599,17.348507,79.273996
84475,156506,,17.321283,-31.361699,94.7867,0.0,7.01,2.126,A2V,0.119,Sco,12.291,136,292.07456782282145,HD156506_TypA2_Mag7.01,"hms_tuple(h=17.0, m=19.0, s=38.357742051443324)","dms_tuple(d=-31.0, m=-23.0, s=-33.89822649945813)",259.909824,17.327322,-31.39275
84477,156822,,17.321435,11.172366,211.8644,0.0,7.7,1.07,A0,0.056,Oph,32.509,231,536.8905548349917,HD156822_TypA0_Mag7.7,"hms_tuple(h=17.0, m=19.0, s=36.07916528045422)","dms_tuple(d=11.0, m=8.0, s=28.584174981172055)",259.90033,17.326689,11.141273
84484,156987,,17.323297,28.02593,152.439,-11.0,7.05,1.135,A0,0.035,Her,30.62,141,302.5664825365462,HD156987_TypA0_Mag7.05,"hms_tuple(h=17.0, m=19.0, s=44.88497959743739)","dms_tuple(d=27.0, m=59.0, s=41.351722103487134)",259.937021,17.329135,27.99482
84533,156717,,17.331486,-17.756543,115.2074,-4.0,6.03,0.723,A0V,0.04,Oph,44.751,64,123.02133555198672,HD156717_TypA0_Mag6.03,"hms_tuple(h=17.0, m=20.0, s=12.83795428317518)","dms_tuple(d=-17.0, m=-47.0, s=-15.390980662980098)",260.053491,17.336899,-17.787609
84545,156926,,17.333361,7.96969,141.6431,0.0,7.85,2.094,A0,0.275,Oph,12.659,259,612.8614298360975,HD156926_TypA0_Mag7.85,"hms_tuple(h=17.0, m=20.0, s=18.83587893389489)","dms_tuple(d=7.0, m=56.0, s=18.961372875509426)",260.078483,17.338566,7.9386
84559,157440,,17.334913,55.935444,166.113,0.0,7.95,1.848,A2,0.121,Dra,15.878,280,669.391162362906,HD157440_TypA2_Mag7.95,"hms_tuple(h=17.0, m=20.0, s=38.78971414806074)","dms_tuple(d=55.0, m=54.0, s=15.424516790009193)",260.161624,17.344108,55.904285
84562,157087,,17.336065,25.537603,136.9863,-5.0,5.36,-0.323,A3III,0.063,Her,117.274,38,68.11644175517128,HD157087_TypA3_Mag5.36,"hms_tuple(h=17.0, m=20.0, s=30.394635760889344)","dms_tuple(d=25.0, m=30.0, s=23.384754035390642)",260.126644,17.341776,25.506496
84587,156721,,17.341002,-29.36502,213.2196,0.0,6.97,0.326,A1V,0.058,Oph,64.506,132,281.9464748828664,HD156721_TypA1_Mag6.97,"hms_tuple(h=17.0, m=20.0, s=48.90622821088897)","dms_tuple(d=-29.0, m=-23.0, s=-45.8626252945831)",260.203776,17.346918,-29.396073
84588,157213,,17.341089,35.370995,214.5923,0.0,7.47,0.812,A0,-0.055,Her,41.229,194,438.2834686761904,HD157213_TypA0_Mag7.47,"hms_tuple(h=17.0, m=20.0, s=50.668866161392145)","dms_tuple(d=35.0, m=20.0, s=23.55238654438665)",260.21112,17.347408,35.339876
84612,157255,,17.345962,32.674398,193.7984,-28.0,7.02,0.583,A0,0.026,Her,50.91,137,294.66293556170405,HD157255_TypA0_Mag7.02,"hms_tuple(h=17.0, m=21.0, s=7.500883422626146)","dms_tuple(d=32.0, m=38.0, s=35.816050615268296)",260.281254,17.352084,32.643282
84619,157293,,17.346344,36.691203,148.1481,0.0,7.67,1.817,A0,0.18,Her,16.338,226,522.866067770482,HD157293_TypA0_Mag7.67,"hms_tuple(h=17.0, m=21.0, s=9.970928991001813)","dms_tuple(d=36.0, m=39.0, s=36.294573768271334)",260.291546,17.35277,36.660082
84621,156928,,17.347128,-12.846875,62.3053,5.0,4.32,0.347,A0/A1V,0.037,Ser,63.27,17,27.2112215058883,HD156928_TypA0_Mag4.32,"hms_tuple(h=17.0, m=21.0, s=8.696322051532377)","dms_tuple(d=-12.0, m=-52.0, s=-40.603497363796066)",260.286235,17.352416,-12.877945
84622,156623,,17.347394,-45.420832,118.3432,0.0,7.26,1.894,A0V,0.082,Sco,15.219,165,364.156405231697,HD156623_TypA0_Mag7.26,"hms_tuple(h=17.0, m=21.0, s=17.071014804620575)","dms_tuple(d=-45.0, m=-27.0, s=-6.7008355727995195)",260.321129,17.354742,-45.451861
84628,157198,,17.348391,24.499435,131.0616,-18.0,5.13,-0.457,A2V,0.0,Her,132.678,32,55.60595189742462,HD157198_TypA2_Mag5.13,"hms_tuple(h=17.0, m=21.0, s=14.595339023353802)","dms_tuple(d=24.0, m=28.0, s=5.984096455612757)",260.310814,17.354054,24.468329
84636,156954,,17.350099,-13.085451,90.009,0.0,7.67,2.899,A9V,0.297,Ser,6.031,226,522.866067770482,HD156954_TypA9_Mag7.67,"hms_tuple(h=17.0, m=21.0, s=19.410226075066248)","dms_tuple(d=-13.0, m=-6.0, s=-59.47627364842219)",260.330876,17.355392,-13.116521
84671,156955,,17.357217,-26.501242,147.4926,0.0,7.53,1.686,A2V,0.106,Oph,18.433,203,462.11035531169057,HD156955_TypA2_Mag7.53,"hms_tuple(h=17.0, m=21.0, s=46.72232297706614)","dms_tuple(d=-26.0, m=-31.0, s=-56.27386331936833)",260.444676,17.362978,-26.532298
84694,157359,,17.363789,23.686312,196.8504,0.0,7.41,0.939,A0,-0.019,Her,36.678,185,415.6851208955647,HD157359_TypA0_Mag7.41,"hms_tuple(h=17.0, m=22.0, s=9.89935028963231)","dms_tuple(d=23.0, m=39.0, s=18.74449337993468)",260.541247,17.369416,23.655207
84705,157297,,17.36587,11.672289,361.0108,10.0,7.07,-0.718,A0,0.086,Oph,168.733,143,307.9529390460096,HD157297_TypA0_Mag7.07,"hms_tuple(h=17.0, m=22.0, s=16.078442950405076)","dms_tuple(d=11.0, m=38.0, s=28.305269707064156)",260.566994,17.371133,11.641196
84761,158692,,17.37798,74.662912,127.2265,0.0,7.57,2.047,A3,0.213,Dra,13.219,209,478.71030262103807,HD158692_TypA3_Mag7.57,"hms_tuple(h=17.0, m=23.0, s=50.74739059310048)","dms_tuple(d=74.0, m=37.0, s=53.903427517768705)",260.961447,17.39743,74.63164
84767,157605,,17.378676,34.175598,284.0909,0.0,7.89,0.623,A0,0.014,Her,49.068,267,634.876663483802,HD157605_TypA0_Mag7.89,"hms_tuple(h=17.0, m=23.0, s=5.655262462059056)","dms_tuple(d=34.0, m=8.0, s=40.12899024824719)",260.773564,17.384904,34.14448
84811,157234,,17.386028,-25.09753,126.2626,0.0,7.28,1.774,A2/A3IV,0.15,Oph,16.998,168,370.63931974020056,HD157234_TypA2_Mag7.28,"hms_tuple(h=17.0, m=23.0, s=30.197380854377514)","dms_tuple(d=-25.0, m=-7.0, s=-42.91634337943037)",260.875822,17.391721,-25.128588
84823,157495,,17.388848,9.46677,129.8701,-4.6,7.19,1.622,A2,0.155,Oph,19.552,156,342.3462494285041,HD157495_TypA2_Mag7.19,"hms_tuple(h=17.0, m=23.0, s=38.66403351352375)","dms_tuple(d=9.0, m=26.0, s=8.444350595789416)",260.9111,17.394073,9.435679
84826,158013,,17.389629,57.011719,91.659,-8.4,6.53,1.719,A2,0.293,Dra,17.881,94,191.23565098411746,HD158013_TypA2_Mag6.53,"hms_tuple(h=17.0, m=23.0, s=56.718229404904434)","dms_tuple(d=56.0, m=58.0, s=50.00296805444407)",260.986326,17.399088,56.980556
84836,157582,,17.391695,16.902963,178.5714,-21.0,7.62,1.361,A0,0.2,Her,24.866,217,500.3012827613783,HD157582_TypA0_Mag7.62,"hms_tuple(h=17.0, m=23.0, s=49.49340214472471)","dms_tuple(d=16.0, m=52.0, s=18.713401504652722)",260.956223,17.397082,16.871865
84886,157702,,17.400026,18.850878,163.6661,0.0,7.63,1.56,A0,0.083,Her,20.701,219,504.73495772895257,HD157702_TypA0_Mag7.63,"hms_tuple(h=17.0, m=24.0, s=19.698437590982678)","dms_tuple(d=18.0, m=49.0, s=11.200353543814003)",261.082077,17.405472,18.819778
84925,157740,,17.40876,16.301006,125.0,11.0,5.75,0.265,A3V,0.074,Her,68.234,52,96.09281626139521,HD157740_TypA3_Mag5.75,"hms_tuple(h=17.0, m=24.0, s=50.86687478033895)","dms_tuple(d=16.0, m=16.0, s=11.670349448316983)",261.211945,17.41413,16.269908
84977,157486,,17.417408,-34.696055,172.117,-18.0,6.14,-0.039,Ap...,0.046,Sco,90.282,70,135.5594787266646,HD157486_TypAp_Mag6.14,"hms_tuple(h=17.0, m=25.0, s=25.247333650749226)","dms_tuple(d=-34.0, m=-43.0, s=-37.564255890334834)",261.355197,17.42368,-34.727101
85013,157744,,17.423974,-8.828515,119.9041,0.0,7.23,1.836,A2,0.477,Oph,16.055,161,354.6440255695144,HD157744_TypA2_Mag7.23,"hms_tuple(h=17.0, m=25.0, s=45.087201153371836)","dms_tuple(d=-8.0, m=-51.0, s=-34.52116131649362)",261.437863,17.429191,-8.859589
85018,157611,,17.4249,-29.670674,209.205,0.0,6.82,0.217,A2/A3IV,0.194,Oph,71.318,118,246.99612663521023,HD157611_TypA2_Mag6.82,"hms_tuple(h=17.0, m=25.0, s=51.003538908042856)","dms_tuple(d=-29.0, m=-42.0, s=-6.2157013626065805)",261.462515,17.430834,-29.701727
85019,157824,,17.424948,3.31114,150.3759,0.0,7.54,1.654,A2,0.157,Oph,18.985,204,466.20558189854603,HD157824_TypA2_Mag7.54,"hms_tuple(h=17.0, m=25.0, s=48.39997196699528)","dms_tuple(d=3.0, m=16.0, s=48.19679959201238)",261.451667,17.430111,3.280055
85030,158460,,17.428155,60.048398,96.8992,7.0,5.65,0.718,A1Vn,0.024,Dra,44.957,48,87.97782833441168,HD158460_TypA1_Mag5.65,"hms_tuple(h=17.0, m=26.0, s=18.49081595958438)","dms_tuple(d=60.0, m=1.0, s=2.0108318100761835)",261.577045,17.43847,60.017225
85053,158067,,17.433574,26.878734,194.5525,-27.0,6.38,-0.065,A5IV,0.124,Her,92.47,84,167.52990115327088,HD158067_TypA5_Mag6.38,"hms_tuple(h=17.0, m=26.0, s=21.66498839006948)","dms_tuple(d=26.0, m=50.0, s=51.45089511680254)",261.590271,17.439351,26.847625
85057,158485,,17.434678,58.651895,120.6273,-30.0,6.49,1.083,A4V,0.139,Dra,32.122,92,184.60428810635165,HD158485_TypA4_Mag6.49,"hms_tuple(h=17.0, m=26.0, s=40.47880318086726)","dms_tuple(d=58.0, m=37.0, s=14.617622165887951)",261.668662,17.444577,58.620727
85067,158116,,17.437155,29.455667,231.4815,-24.7,7.55,0.727,Am,0.287,Her,44.586,206,470.3371004243402,HD158116_TypAm_Mag7.55,"hms_tuple(h=17.0, m=26.0, s=35.06299756689742)","dms_tuple(d=29.0, m=25.0, s=28.398828941132592)",261.646096,17.443073,29.424555
85070,158867,,17.438114,67.765891,152.9052,0.0,7.57,1.648,A5,0.241,Dra,19.09,209,478.71030262103807,HD158867_TypA5_Mag7.57,"hms_tuple(h=17.0, m=27.0, s=6.186248399018552)","dms_tuple(d=67.0, m=44.0, s=4.852431106505719)",261.775776,17.451718,67.734681
85073,157978,,17.438614,7.59565,204.499,-11.0,6.01,-0.543,A0...,0.592,Oph,143.615,63,120.86954873761292,HD157978_TypA0_Mag6.01,"hms_tuple(h=17.0, m=26.0, s=37.730036533673115)","dms_tuple(d=7.0, m=33.0, s=52.418621697129026)",261.657208,17.443814,7.564561
85080,157792,,17.439504,-24.175309,25.4972,-37.2,4.16,2.128,A3IV:m,0.283,Oph,12.269,15,23.62869534969157,HD157792_TypA3_Mag4.16,"hms_tuple(h=17.0, m=26.0, s=42.56002137122948)","dms_tuple(d=-24.0, m=-12.0, s=-22.92440415672303)",261.677333,17.445156,-24.206368
85101,158166,,17.44325,27.231022,167.2241,0.0,7.69,1.574,A5,0.299,Her,20.436,229,532.1744198083834,HD158166_TypA5_Mag7.69,"hms_tuple(h=17.0, m=26.0, s=56.56391692944368)","dms_tuple(d=27.0, m=11.0, s=59.68623989399845)",261.735683,17.449046,27.199913
85108,157984,,17.444433,-1.001669,141.844,0.0,7.64,1.881,A0,0.359,Oph,15.403,221,509.2079239683959,HD157984_TypA0_Mag7.64,"hms_tuple(h=17.0, m=26.0, s=58.51853726757895)","dms_tuple(d=-1.0, m=-1.0, s=-57.90145094808828)",261.743827,17.449588,-1.03275
85112,157751,,17.444776,-34.092358,161.5509,-15.6,7.63,1.588,Ap,-0.031,Sco,20.174,219,504.73495772895257,HD157751_TypAp_Mag7.63,"hms_tuple(h=17.0, m=27.0, s=3.6096720958173023)","dms_tuple(d=-34.0, m=-7.0, s=-24.257964402561356)",261.76504,17.451003,-34.123405
85119,158414,,17.445623,48.260065,115.2074,-9.0,5.83,0.523,A4V,0.121,Her,53.802,55,103.12051401004337,HD158414_TypA4_Mag5.83,"hms_tuple(h=17.0, m=27.0, s=12.099229978281585)","dms_tuple(d=48.0, m=13.0, s=44.12729004479672)",261.800413,17.453361,48.228924
85122,158261,,17.446153,34.695802,88.4173,-22.0,5.94,1.207,A0V,-0.017,Her,28.655,60,113.63039640648289,HD158261_TypA0_Mag5.94,"hms_tuple(h=17.0, m=27.0, s=8.7123109682625)","dms_tuple(d=34.0, m=39.0, s=52.860885244527935)",261.786301,17.45242,34.664684
85172,158404,,17.45815,35.720505,166.6667,0.0,7.87,1.761,A3,0.336,Her,17.203,263,623.771929275639,HD158404_TypA3_Mag7.87,"hms_tuple(h=17.0, m=27.0, s=52.187718142028245)","dms_tuple(d=35.0, m=41.0, s=21.786657299423382)",261.967449,17.464497,35.689385
85203,158263,,17.464513,11.390507,115.0748,-26.0,7.11,1.805,A3,0.137,Oph,16.52,147,319.0152372679894,HD158263_TypA3_Mag7.11,"hms_tuple(h=17.0, m=28.0, s=11.174294388655142)","dms_tuple(d=11.0, m=21.0, s=33.89103162273216)",262.04656,17.469771,11.359414
85271,158123,,17.479318,-30.931571,390.625,0.0,7.8,-0.159,A0III,0.184,Sco,100.832,249,586.4128089424291,HD158123_TypA0_Mag7.8,"hms_tuple(h=17.0, m=29.0, s=7.1852163397002755)","dms_tuple(d=-30.0, m=-57.0, s=-45.43935270358929)",262.279938,17.485329,-30.962622
85274,158418,,17.479935,10.534028,226.7574,0.0,7.06,0.282,A2,0.185,Oph,67.174,142,305.2478297284723,HD158418_TypA2_Mag7.06,"hms_tuple(h=17.0, m=29.0, s=6.638927724217183)","dms_tuple(d=10.0, m=30.0, s=10.56954393294518)",262.277662,17.485177,10.502936
85277,158352,,17.48046,0.330625,59.6303,-36.0,5.41,1.533,A8V,0.237,Oph,21.223,40,71.18865627220592,HD158352_TypA8_Mag5.41,"hms_tuple(h=17.0, m=29.0, s=8.212975946553627)","dms_tuple(d=0.0, m=17.0, s=58.35258143384131)",262.284221,17.485615,0.299542
85309,158490,,17.487022,10.899322,176.0563,0.0,7.72,1.492,A0,0.105,Oph,22.039,234,546.4485785781236,HD158490_TypA0_Mag7.72,"hms_tuple(h=17.0, m=29.0, s=32.1748459206367)","dms_tuple(d=10.0, m=52.0, s=5.626703865518863)",262.384062,17.492271,10.86823
85311,158639,,17.487239,27.881886,134.0483,0.0,7.84,2.204,A2,0.125,Her,11.439,257,607.4779541357369,HD158639_TypA2_Mag7.84,"hms_tuple(h=17.0, m=29.0, s=35.048196857147786)","dms_tuple(d=27.0, m=51.0, s=2.7939269034442304)",262.396034,17.493069,27.850776
85328,158156,,17.490447,-38.51692,117.5088,8.0,6.38,1.03,A1V,0.091,Sco,33.729,84,167.52990115327088,HD158156_TypA1_Mag6.38,"hms_tuple(h=17.0, m=29.0, s=49.33639512274141)","dms_tuple(d=-38.0, m=-32.0, s=-52.658784967148904)",262.455568,17.497038,-38.547961
85367,158175,,17.497825,-44.741655,425.5319,0.0,7.53,-0.615,Ap...,-0.043,Sco,153.462,203,462.11035531169057,HD158175_TypAp_Mag7.53,"hms_tuple(h=17.0, m=30.0, s=18.30967609138412)","dms_tuple(d=-44.0, m=-46.0, s=-21.668105971240834)",262.57629,17.505086,-44.772686
85404,158716,,17.506293,11.924015,83.682,-25.0,6.47,1.857,A1V,0.056,Oph,15.747,90,181.37534353960828,HD158716_TypA1_Mag6.47,"hms_tuple(h=17.0, m=30.0, s=41.61859075534551)","dms_tuple(d=11.0, m=53.0, s=34.51800874461284)",262.673411,17.511561,11.892922
85438,166926,,17.513056,86.968047,46.8823,1.0,5.78,2.425,A2m,0.239,UMi,9.333,53,98.67024964581141,HD166926_TypA2_Mag5.78,"hms_tuple(h=17.0, m=36.0, s=34.20721341735998)","dms_tuple(d=86.0, m=56.0, s=9.563488023760556)",264.14253,17.609502,86.93599
85439,158409,,17.513323,-37.436972,142.6534,0.0,6.89,1.119,A0/A1V:,0.106,Sco,31.074,124,262.73172769318006,HD158409_TypA0_Mag6.89,"hms_tuple(h=17.0, m=31.0, s=11.343029180070516)","dms_tuple(d=-37.0, m=-28.0, s=-4.851687620161442)",262.797263,17.519818,-37.468014
85493,158643,,17.523598,-23.962643,124.3781,-12.0,4.78,-0.694,A0V,0.016,Oph,165.044,25,40.83282100669428,HD158643_TypA0_Mag4.78,"hms_tuple(h=17.0, m=31.0, s=45.26466879407508)","dms_tuple(d=-23.0, m=-59.0, s=-37.32764076583294)",262.938603,17.52924,-23.993702
85497,159387,,17.524134,54.35578,108.9325,0.0,7.22,2.034,A0,0.138,Dra,13.378,160,351.52877406079745,HD159387_TypA0_Mag7.22,"hms_tuple(h=17.0, m=31.0, s=58.70164477233658)","dms_tuple(d=54.0, m=19.0, s=28.649953696422017)",262.99459,17.532973,54.324625
85526,159005,,17.530368,11.931844,144.9275,0.0,7.99,2.184,A0,0.208,Oph,11.652,288,693.4370594020932,HD159005_TypA0_Mag7.99,"hms_tuple(h=17.0, m=32.0, s=8.289136674993642)","dms_tuple(d=11.0, m=54.0, s=2.7023819422032602)",263.034538,17.535636,11.900751
85527,159139,,17.530439,28.407499,82.0345,-26.0,5.66,1.09,A1V,-0.001,Her,31.915,48,88.75748872831454,HD159139_TypA1_Mag5.66,"hms_tuple(h=17.0, m=32.0, s=10.671313157000668)","dms_tuple(d=28.0, m=22.0, s=34.9985121422182)",263.044464,17.536298,28.376388
85556,159541,,17.536251,55.184243,30.248,-15.0,4.89,2.487,Am...,0.251,Dra,8.815,27,44.994438613191406,HD159541_TypAm_Mag4.89,"hms_tuple(h=17.0, m=32.0, s=42.98031871581031)","dms_tuple(d=55.0, m=9.0, s=11.108604316752348)",263.179085,17.545272,55.153086
85559,166205,Yildun,17.536918,86.58646,52.7704,-8.0,4.35,0.738,A1Vn,0.021,UMi,44.137,18,27.941089913004564,HD166205_TypA1_Mag4.35,"hms_tuple(h=17.0, m=37.0, s=21.700462897945556)","dms_tuple(d=86.0, m=33.0, s=16.239721077182594)",264.340419,17.622695,86.554511
85566,159560,,17.537767,55.172958,30.4878,-16.0,4.86,2.439,Am,0.279,Dra,9.213,26,43.81910796782462,HD159560_TypAm_Mag4.86,"hms_tuple(h=17.0, m=32.0, s=48.428734472705344)","dms_tuple(d=55.0, m=8.0, s=30.482717590031143)",263.201786,17.546786,55.141801
85570,158623,,17.538708,-42.181739,145.7726,0.0,7.86,2.042,A1/A2m...,0.235,Sco,13.28,261,618.2926139519136,HD158623_TypA1_Mag7.86,"hms_tuple(h=17.0, m=32.0, s=44.403287616063665)","dms_tuple(d=-42.0, m=-12.0, s=-45.986460044243245)",263.185014,17.545668,-42.212774
85577,159223,,17.540323,26.439463,71.4796,-29.0,6.84,2.569,A7V,0.206,Her,8.173,120,251.39328881580803,HD159223_TypA7_Mag6.84,"hms_tuple(h=17.0, m=32.0, s=45.88159378627694)","dms_tuple(d=26.0, m=24.0, s=30.077097019296275)",263.191173,17.546078,26.408355
85605,159543,,17.547144,47.888714,213.2196,0.0,7.82,1.176,A0,0.125,Her,29.485,253,596.8524553483364,HD159543_TypA0_Mag7.82,"hms_tuple(h=17.0, m=33.0, s=17.37472961158602)","dms_tuple(d=47.0, m=51.0, s=27.266413411785493)",263.322395,17.554826,47.857574
85608,159008,,17.547419,-13.482096,168.6341,0.0,7.25,1.115,A0V,0.121,Ser,31.189,164,360.95759541392204,HD159008_TypA0_Mag7.25,"hms_tuple(h=17.0, m=33.0, s=9.793468909118701)","dms_tuple(d=-13.0, m=-30.0, s=-47.39690062124993)",263.290806,17.55272,-13.513166
85617,159607,,17.550653,49.345224,218.8184,0.0,7.36,0.66,A0,0.022,Her,47.424,178,397.7458321127074,HD159607_TypA0_Mag7.36,"hms_tuple(h=17.0, m=33.0, s=30.815881332811728)","dms_tuple(d=49.0, m=18.0, s=50.69149955442754)",263.3784,17.55856,49.314081
85659,159170,,17.55829,-5.744803,48.1,-26.0,5.61,2.199,A5V,0.187,Oph,11.492,47,84.92707445101695,HD159170_TypA5_Mag5.61,"hms_tuple(h=17.0, m=33.0, s=48.495412594618585)","dms_tuple(d=-5.0, m=-46.0, s=-33.16823898616832)",263.452064,17.563471,-5.77588
85660,159870,,17.558779,57.558721,250.0,-1.0,6.15,-0.84,A5V+...,0.602,Dra,188.799,71,136.76080818184963,HD159870_TypA5_Mag6.15,"hms_tuple(h=17.0, m=34.0, s=6.167533985858711)","dms_tuple(d=57.0, m=31.0, s=39.204039388916954)",263.525698,17.56838,57.527557
85718,159520,,17.57297,19.241954,107.5269,0.0,7.46,2.302,A5,0.261,Her,10.452,192,434.43351452893916,HD159520_TypA5_Mag7.46,"hms_tuple(h=17.0, m=34.0, s=42.343007950912295)","dms_tuple(d=19.0, m=12.0, s=39.07251934103499)",263.676429,17.578429,19.210853
85724,159503,,17.574232,16.504375,168.6341,-41.0,6.59,0.455,A8Vn,0.224,Her,57.28,99,201.63200517568157,HD159503_TypA8_Mag6.59,"hms_tuple(h=17.0, m=34.0, s=46.586242589449114)","dms_tuple(d=16.0, m=28.0, s=23.798025271842675)",263.694109,17.579607,16.473277
85733,159626,,17.575793,28.208557,170.9402,0.0,7.8,1.636,A0,0.009,Her,19.302,249,586.4128089424291,HD159626_TypA0_Mag7.8,"hms_tuple(h=17.0, m=34.0, s=53.90635671678069)","dms_tuple(d=28.0, m=10.0, s=38.80815297544302)",263.72461,17.581641,28.177447
85735,159480,,17.57686,9.5867,103.5197,-14.0,5.8,0.725,A2V,0.04,Oph,44.668,54,100.42683221252334,HD159480_TypA2_Mag5.8,"hms_tuple(h=17.0, m=34.0, s=55.5138207338436)","dms_tuple(d=9.0, m=33.0, s=20.191946467909787)",263.731308,17.582087,9.555609
85745,159796,,17.578161,40.909268,117.5088,0.0,7.18,1.83,A0,0.084,Her,16.144,155,339.33902361009757,HD159796_TypA0_Mag7.18,"hms_tuple(h=17.0, m=35.0, s=5.922183996838726)","dms_tuple(d=40.0, m=52.0, s=41.305798214166884)",263.774676,17.584978,40.87814
85752,159695,,17.578945,32.417199,207.4689,-21.0,7.73,1.145,A2,0.226,Her,30.339,236,551.2912113423957,HD159695_TypA2_Mag7.73,"hms_tuple(h=17.0, m=35.0, s=6.176714664741212)","dms_tuple(d=32.0, m=23.0, s=9.900836279340979)",263.775736,17.585049,32.386084
85764,159447,,17.581309,-1.605188,317.4603,0.0,7.95,0.442,A0,0.351,Oph,57.97,280,669.391162362906,HD159447_TypA0_Mag7.95,"hms_tuple(h=17.0, m=35.0, s=11.276692126523358)","dms_tuple(d=-1.0, m=-38.0, s=-10.567871528677415)",263.796986,17.586466,-1.636269
85765,159609,,17.581432,17.808772,164.4737,0.0,7.72,1.64,A0,-0.002,Her,19.231,234,546.4485785781236,HD159609_TypA0_Mag7.72,"hms_tuple(h=17.0, m=35.0, s=12.642470409286943)","dms_tuple(d=17.0, m=46.0, s=39.62254326180471)",263.802677,17.586845,17.777673
85768,159561,Rasalhague,17.582241,12.560035,14.8965,12.6,2.08,1.215,A5III,0.155,Oph,28.445,3,3.770786220551904,HD159561_TypA5_Mag2.08,"hms_tuple(h=17.0, m=35.0, s=15.077001968431603)","dms_tuple(d=12.0, m=31.0, s=44.18782621496874)",263.812821,17.587521,12.528941
85777,159610,,17.583924,13.137761,140.2525,0.0,7.27,1.535,A0,0.091,Oph,21.184,166,367.38356293404297,HD159610_TypA0_Mag7.27,"hms_tuple(h=17.0, m=35.0, s=21.17946276415239)","dms_tuple(d=13.0, m=6.0, s=23.99943438394928)",263.838248,17.589217,13.106667
85785,159415,,17.585406,-13.637858,116.2791,0.0,6.87,1.542,A0V,0.04,Ser,21.047,123,258.1362429763933,HD159415_TypA0_Mag6.87,"hms_tuple(h=17.0, m=35.0, s=26.559216490861104)","dms_tuple(d=-13.0, m=-40.0, s=-8.139560192342543)",263.860663,17.590711,-13.668928
85796,159376,,17.588472,-22.043822,258.3979,-12.0,6.47,-0.591,Ap Si,0.011,Oph,150.107,90,181.37534353960828,HD159376_TypAp_Mag6.47,"hms_tuple(h=17.0, m=35.0, s=38.52386179031981)","dms_tuple(d=-22.0, m=-4.0, s=-29.579468785231313)",263.910516,17.594034,-22.074883
85828,159217,,17.594332,-46.505684,116.0093,4.0,4.56,-0.762,A0V,-0.02,Ara,175.711,21,33.62873103350546,HD159217_TypA0_Mag4.56,"hms_tuple(h=17.0, m=36.0, s=6.571515552271876)","dms_tuple(d=-46.0, m=-32.0, s=-12.160666711124009)",264.027381,17.601825,-46.536711
85834,159312,,17.595297,-37.439878,103.4126,-8.0,6.48,1.407,A0V,0.006,Sco,23.834,91,182.98269364662428,HD159312_TypA0_Mag6.48,"hms_tuple(h=17.0, m=36.0, s=6.4503381116333)","dms_tuple(d=-37.0, m=-28.0, s=-15.313272497958224)",264.026876,17.601792,-37.47092
85838,161000,,17.596607,73.077588,172.4138,0.0,7.72,1.537,A0,0.22,Dra,21.145,234,546.4485785781236,HD161000_TypA0_Mag7.72,"hms_tuple(h=17.0, m=36.0, s=51.42338240663463)","dms_tuple(d=73.0, m=2.0, s=46.804263634833205)",264.214264,17.614284,73.046335
85854,159834,,17.59988,20.996242,112.8668,-17.0,6.11,0.847,A7IV,0.184,Her,39.921,68,132.01843644392628,HD159834_TypA7_Mag6.11,"hms_tuple(h=17.0, m=36.0, s=19.44030355944136)","dms_tuple(d=20.0, m=57.0, s=54.50279899323675)",264.081001,17.6054,20.96514
85885,160229,,17.604873,49.445686,153.3742,0.0,7.53,1.601,A2,0.141,Her,19.934,203,462.11035531169057,HD160229_TypA2_Mag7.53,"hms_tuple(h=17.0, m=36.0, s=46.066098965411015)","dms_tuple(d=49.0, m=24.0, s=52.35392309569761)",264.191942,17.612796,49.414543
85900,160606,,17.607694,63.336504,319.4888,0.0,7.96,0.438,A3,0.188,Dra,58.184,282,675.323313533301,HD160606_TypA3_Mag7.96,"hms_tuple(h=17.0, m=37.0, s=9.005733741961137)","dms_tuple(d=63.0, m=18.0, s=19.144447758550314)",264.287524,17.619168,63.305318
85912,159907,,17.609994,16.397988,316.4557,0.0,7.69,0.188,A0,0.196,Her,73.249,229,532.1744198083834,HD159907_TypA0_Mag7.69,"hms_tuple(h=17.0, m=36.0, s=55.31885670632249)","dms_tuple(d=16.0, m=22.0, s=0.8052042935790382)",264.230495,17.615366,16.36689
85914,160054,,17.610206,30.785179,69.6379,-17.0,6.04,1.826,A5V,0.158,Her,16.203,65,124.11155185705773,HD160054_TypA5_Mag6.04,"hms_tuple(h=17.0, m=36.0, s=58.335001631076864)","dms_tuple(d=30.0, m=45.0, s=14.636207097892395)",264.243063,17.616204,30.754066
85915,159908,,17.610219,13.813295,85.8369,0.0,6.84,2.172,A3,0.209,Oph,11.781,120,251.39328881580803,HD159908_TypA3_Mag6.84,"hms_tuple(h=17.0, m=36.0, s=55.895240366751295)","dms_tuple(d=13.0, m=46.0, s=55.91949341577106)",264.232897,17.615526,13.7822
85928,161095,,17.613482,72.054708,471.6981,0.0,7.64,-0.728,A0,-0.014,Dra,170.294,221,509.2079239683959,HD161095_TypA0_Mag7.64,"hms_tuple(h=17.0, m=37.0, s=48.661978838397886)","dms_tuple(d=72.0, m=1.0, s=24.473519216618342)",264.452758,17.630184,72.023465
85934,159927,,17.615264,10.03983,260.4167,0.0,7.97,0.892,A0,0.041,Oph,38.3,284,681.3080354866522,HD159927_TypA0_Mag7.97,"hms_tuple(h=17.0, m=37.0, s=13.793896846177063)","dms_tuple(d=10.0, m=0.0, s=31.45841695268743)",264.307475,17.620498,10.008738
85951,160056,,17.617888,20.258866,106.2699,0.0,7.8,2.668,A5,0.271,Her,7.461,249,586.4128089424291,HD160056_TypA5_Mag7.8,"hms_tuple(h=17.0, m=37.0, s=24.17322233692147)","dms_tuple(d=20.0, m=13.0, s=39.95195752276544)",264.350722,17.623381,20.227764
85952,160862,,17.617953,67.119257,151.5152,0.0,7.93,2.028,A2,0.24,Dra,13.452,275,657.682729265769,HD160862_TypA2_Mag7.93,"hms_tuple(h=17.0, m=37.0, s=52.29581108673955)","dms_tuple(d=67.0, m=5.0, s=16.984400396012234)",264.467899,17.631193,67.088051
85976,159874,,17.623314,-8.036835,190.1141,0.0,7.83,1.435,A0,0.113,Oph,23.227,255,602.141767772257,HD159874_TypA0_Mag7.83,"hms_tuple(h=17.0, m=37.0, s=42.672625171421714)","dms_tuple(d=-8.0, m=-4.0, s=-4.475813941194531)",264.427803,17.62852,-8.06791
85990,160181,,17.625304,24.309991,76.6871,-4.0,5.76,1.336,A2Vn,0.114,Her,25.445,52,96.94439175940381,HD160181_TypA2_Mag5.76,"hms_tuple(h=17.0, m=37.0, s=51.45162055883816)","dms_tuple(d=24.0, m=16.0, s=43.986444921996224)",264.464382,17.630959,24.278885
86006,160419,,17.628054,42.833702,210.5263,0.0,7.87,1.253,A0,0.059,Her,27.466,263,623.771929275639,HD160419_TypA0_Mag7.87,"hms_tuple(h=17.0, m=38.0, s=6.286403643015319)","dms_tuple(d=42.0, m=48.0, s=9.25682902428207)",264.526193,17.63508,42.802571
86010,160779,,17.628571,61.953832,234.7418,0.0,7.89,1.037,A0,0.08,Dra,33.512,267,634.876663483802,HD160779_TypA0_Mag7.89,"hms_tuple(h=17.0, m=38.0, s=22.282405069065874)","dms_tuple(d=61.0, m=55.0, s=21.546681609700613)",264.592843,17.639523,61.922652
86035,160486,,17.634287,43.598898,281.6901,13.9,7.05,-0.199,A2,0.068,Her,104.616,141,302.5664825365462,HD160486_TypA2_Mag7.05,"hms_tuple(h=17.0, m=38.0, s=29.04423930306848)","dms_tuple(d=43.0, m=34.0, s=3.9577108404591854)",264.621018,17.641401,43.567766
86050,160141,,17.636448,4.491271,364.9635,0.0,7.92,0.109,A0,0.184,Oph,78.777,273,651.9055358919003,HD160141_TypA0_Mag7.92,"hms_tuple(h=17.0, m=38.0, s=29.82588998349314)","dms_tuple(d=4.0, m=27.0, s=36.664513294943575)",264.624275,17.641618,4.460185
86056,159846,,17.637899,-32.873496,418.41,0.0,7.81,-0.298,Ap,0.023,Sco,114.604,251,591.6096051155723,HD159846_TypAp_Mag7.81,"hms_tuple(h=17.0, m=38.0, s=38.538874941300776)","dms_tuple(d=-32.0, m=-54.0, s=-16.360512536275564)",264.660579,17.644039,-32.904545
86099,160425,,17.647814,22.274695,198.8072,0.0,7.96,1.468,A5,0.341,Her,22.532,282,675.323313533301,HD160425_TypA5_Mag7.96,"hms_tuple(h=17.0, m=39.0, s=12.179089610491758)","dms_tuple(d=22.0, m=14.0, s=36.92875071414278)",264.800746,17.653383,22.243591
86154,160740,,17.658482,44.001255,119.4743,-30.0,6.88,1.494,A2,0.086,Her,21.999,123,260.4238489413245,HD160740_TypA2_Mag6.88,"hms_tuple(h=17.0, m=39.0, s=56.3191065234426)","dms_tuple(d=43.0, m=58.0, s=12.440381609242195)",264.984663,17.665644,43.970122
86168,160557,,17.661332,24.413932,257.732,0.0,7.7,0.644,A0,0.099,Her,48.128,231,536.8905548349917,HD160557_TypA0_Mag7.7,"hms_tuple(h=17.0, m=40.0, s=1.1691260235551226)","dms_tuple(d=24.0, m=22.0, s=58.17363454356041)",265.004871,17.666991,24.382826
86178,160883,,17.663321,49.779855,123.3046,0.0,6.6,1.145,A0,0.014,Her,30.339,100,203.41887002054995,HD160883_TypA0_Mag6.6,"hms_tuple(h=17.0, m=40.0, s=16.674913441032402)","dms_tuple(d=49.0, m=44.0, s=55.35971728955133)",265.069479,17.671299,49.748711
86195,160438,,17.666028,-0.639246,245.7002,0.0,6.51,-0.442,A0,0.122,Oph,130.858,93,187.8907161370077,HD160438_TypA0_Mag6.51,"hms_tuple(h=17.0, m=40.0, s=16.258792410854994)","dms_tuple(d=-0.0, m=-40.0, s=-13.17983923239737)",265.067745,17.671183,-0.670328
86247,160848,,17.680543,31.278853,165.5629,0.0,7.9,1.805,A0,0.155,Her,16.52,269,640.5029468202126,HD160848_TypA0_Mag7.9,"hms_tuple(h=17.0, m=41.0, s=11.660288860707055)","dms_tuple(d=31.0, m=14.0, s=51.860404525567674)",265.298585,17.686572,31.247739
86278,160765,,17.686387,15.178376,170.3578,-23.0,6.34,0.183,A1V,0.04,Her,73.587,82,161.720568208778,HD160765_TypA1_Mag6.34,"hms_tuple(h=17.0, m=41.0, s=30.2178378519352)","dms_tuple(d=15.0, m=8.0, s=50.206320661630315)",265.375908,17.691727,15.14728
86282,161016,,17.687169,41.654942,158.2278,-38.0,7.0,1.004,A2,0.184,Her,34.546,135,289.50893673230235,HD161016_TypA2_Mag7.0,"hms_tuple(h=17.0, m=41.0, s=38.63271914299929)","dms_tuple(d=41.0, m=37.0, s=25.72787368319098)",265.41097,17.694065,41.623813
86284,160263,,17.687844,-46.92183,245.7002,-12.0,5.78,-1.172,A0V,-0.004,Ara,256.33,53,98.67024964581141,HD160263_TypA0_Mag5.78,"hms_tuple(h=17.0, m=41.0, s=43.42376725404705)","dms_tuple(d=-46.0, m=-57.0, s=-10.283361589212632)",265.430932,17.695395,-46.952856
86285,160725,,17.687956,5.932639,226.2443,0.0,7.65,0.877,A3,0.365,Oph,38.833,222,513.7205296793568,HD160725_TypA3_Mag7.65,"hms_tuple(h=17.0, m=41.0, s=35.29719644041421)","dms_tuple(d=5.0, m=54.0, s=5.584549408802957)",265.397072,17.693138,5.901551
86297,160613,,17.690243,-12.875307,53.1067,-30.0,4.24,0.614,A2Va,0.086,Ser,49.477,16,25.356767598722243,HD160613_TypA2_Mag4.24,"hms_tuple(h=17.0, m=41.0, s=43.91248424453323)","dms_tuple(d=-12.0, m=-54.0, s=-22.958599281417094)",265.432969,17.695531,-12.906377
86304,160461,,17.691861,-34.073515,195.3125,0.0,7.51,1.056,A1V,0.149,Sco,32.931,200,454.02750557766933,HD160461_TypA1_Mag7.51,"hms_tuple(h=17.0, m=41.0, s=53.11067879212118)","dms_tuple(d=-34.0, m=-6.0, s=-16.42325451337797)",265.471294,17.698086,-34.104562
86307,160865,,17.692302,19.147351,225.7336,0.0,7.82,1.052,A0,-0.035,Her,33.052,253,596.8524553483364,HD160865_TypA0_Mag7.82,"hms_tuple(h=17.0, m=41.0, s=51.92693527737845)","dms_tuple(d=19.0, m=6.0, s=58.502066901098146)",265.466362,17.697757,19.116251
86341,161129,,17.698685,41.024954,226.2443,0.0,7.9,1.127,A0,0.106,Her,30.846,269,640.5029468202126,HD161129_TypA0_Mag7.9,"hms_tuple(h=17.0, m=42.0, s=19.851601153560523)","dms_tuple(d=40.0, m=59.0, s=37.77473372752581)",265.582715,17.705514,40.993826
86356,160529,,17.69973,-33.503808,100000.0,-35.0,6.66,-13.34,A9Ia,1.047,Sco,18879913.491,104,214.47755395891784,HD160529_TypA9_Mag6.66,"hms_tuple(h=17.0, m=42.0, s=21.290284314503367)","dms_tuple(d=-33.0, m=-32.0, s=-5.480760225252652)",265.58871,17.705914,-33.534856
86359,161019,,17.700444,27.645191,104.4932,-18.0,6.73,1.635,A3,0.183,Her,19.32,110,228.14146549859603,HD161019_TypA3_Mag6.73,"hms_tuple(h=17.0, m=42.0, s=22.540663631773157)","dms_tuple(d=27.0, m=36.0, s=50.69291724044348)",265.593919,17.706261,27.614081
86362,162130,,17.701063,73.461688,166.6667,0.0,7.78,1.671,A0,0.048,Dra,18.69,245,576.1557641428401,HD162130_TypA0_Mag7.78,"hms_tuple(h=17.0, m=43.0, s=8.897380173851559)","dms_tuple(d=73.0, m=25.0, s=49.54912288214359)",265.787072,17.719138,73.43043
86380,160966,,17.704192,17.228339,152.439,0.0,7.2,1.285,A0,0.025,Her,26.669,158,345.3801253121633,HD160966_TypA0_Mag7.2,"hms_tuple(h=17.0, m=42.0, s=34.51637175302011)","dms_tuple(d=17.0, m=11.0, s=50.06583479725123)",265.643818,17.709588,17.197241
86382,160589,,17.704668,-32.523233,170.6485,-5.0,7.85,1.689,A9V,0.4,Sco,18.382,259,612.8614298360975,HD160589_TypA9_Mag7.85,"hms_tuple(h=17.0, m=42.0, s=38.82060291363018)","dms_tuple(d=-32.0, m=-33.0, s=-15.415334987524147)",265.661753,17.710784,-32.554282
86390,160480,,17.705882,-46.29888,210.5263,0.0,7.47,0.853,A0/A1V,0.098,Ara,39.701,194,438.2834686761904,HD160480_TypA0_Mag7.47,"hms_tuple(h=17.0, m=42.0, s=48.049343157238695)","dms_tuple(d=-46.0, m=-19.0, s=-47.66769389477531)",265.700206,17.713347,-46.329908
86392,160936,,17.706251,9.449553,167.7852,0.0,7.39,1.266,A0,0.127,Oph,27.139,182,408.41430272357115,HD160936_TypA0_Mag7.39,"hms_tuple(h=17.0, m=42.0, s=41.31389500293807)","dms_tuple(d=9.0, m=25.0, s=6.463208588700553)",265.672141,17.711476,9.418462
86411,161130,,17.710207,29.418904,116.6861,-34.0,6.64,1.305,A5,0.297,Her,26.182,103,210.72609108853683,HD161130_TypA5_Mag6.64,"hms_tuple(h=17.0, m=42.0, s=58.042494349863034)","dms_tuple(d=29.0, m=23.0, s=16.05218773054105)",265.741844,17.716123,29.387792
86455,161288,,17.721096,32.984416,193.4236,0.0,7.74,1.307,A2,0.13,Her,26.134,238,556.1767595666211,HD161288_TypA2_Mag7.74,"hms_tuple(h=17.0, m=43.0, s=38.06025913978999)","dms_tuple(d=32.0, m=57.0, s=11.879412361104187)",265.908584,17.727239,32.9533
86456,161164,,17.721133,17.689698,295.858,0.0,7.99,0.635,A0,0.133,Her,48.529,288,693.4370594020932,HD161164_TypA0_Mag7.99,"hms_tuple(h=17.0, m=43.0, s=35.55313566673817)","dms_tuple(d=17.0, m=39.0, s=30.956573426708758)",265.898138,17.726543,17.658599
86514,161693,Alruba,17.733103,53.801715,163.3987,-2.0,5.75,-0.316,A2V,0.017,Dra,116.52,52,96.09281626139521,HD161693_TypA2_Mag5.75,"hms_tuple(h=17.0, m=44.0, s=30.568597681912593)","dms_tuple(d=53.0, m=46.0, s=14.021222931423836)",266.127369,17.741825,53.770561
86517,161151,,17.733558,-1.807078,166.9449,0.0,7.7,1.587,A0,0.173,Oph,20.193,231,536.8905548349917,HD161151_TypA0_Mag7.7,"hms_tuple(h=17.0, m=44.0, s=19.375076200399235)","dms_tuple(d=-1.0, m=-50.0, s=-17.371209126423963)",266.080729,17.738715,-1.838159
86534,160940,,17.737543,-34.771268,478.4689,0.0,7.94,-0.459,A3V+...,0.748,Sco,132.923,277,663.5111201850515,HD160940_TypA3_Mag7.94,"hms_tuple(h=17.0, m=44.0, s=37.753915715724986)","dms_tuple(d=-34.0, m=-48.0, s=-8.330690560928815)",266.157308,17.743821,-34.802314
86541,161321,,17.738124,14.410067,146.4129,-31.0,6.18,0.352,A3m,0.211,Her,62.98,72,140.42905193202526,HD161321_TypA3_Mag6.18,"hms_tuple(h=17.0, m=44.0, s=36.40322224027187)","dms_tuple(d=14.0, m=22.0, s=44.29661411355454)",266.15168,17.743445,14.378971
86545,161322,,17.738437,13.78397,210.9705,-48.0,6.91,0.289,A3,0.28,Oph,66.742,126,267.409023780344,HD161322_TypA3_Mag6.91,"hms_tuple(h=17.0, m=44.0, s=37.477644384779865)","dms_tuple(d=13.0, m=45.0, s=10.349595313844873)",266.156157,17.743744,13.752875
86563,161270,,17.742804,2.579441,84.8176,-31.0,6.16,1.518,A1IV-V,0.131,Oph,21.518,71,137.97278383067092,HD161270_TypA1_Mag6.16,"hms_tuple(h=17.0, m=44.0, s=52.66949215870852)","dms_tuple(d=2.0, m=32.0, s=54.082804340401935)",266.219456,17.747964,2.548356
86567,161289,,17.743186,2.579128,100000.0,-30.0,6.67,-13.33,A0V,0.061,Oph,18706821.404,105,216.3782561854747,HD161289_TypA0_Mag6.67,"hms_tuple(h=17.0, m=44.0, s=54.04468764276288)","dms_tuple(d=2.0, m=32.0, s=52.95600536844148)",266.225186,17.748346,2.548043
86579,160928,,17.745002,-42.729302,72.0981,-9.0,5.87,1.58,A2/A3IV/V,0.163,Sco,20.324,57,106.82481338226793,HD160928_TypA2_Mag5.87,"hms_tuple(h=17.0, m=45.0, s=7.281956318092853)","dms_tuple(d=-42.0, m=-45.0, s=-37.20995935507574)",266.280341,17.752023,-42.760336
86595,161619,,17.747753,38.323574,256.4103,0.0,7.89,0.845,A2,0.034,Her,39.994,267,634.876663483802,HD161619_TypA2_Mag7.89,"hms_tuple(h=17.0, m=45.0, s=15.554217263083103)","dms_tuple(d=38.0, m=17.0, s=32.82167613211186)",266.314809,17.754321,38.29245
86622,161355,,17.753777,-2.762171,179.2115,0.0,7.4,1.133,A0,0.205,Oph,30.676,184,412.0336743557815,HD161355_TypA0_Mag7.4,"hms_tuple(h=17.0, m=45.0, s=32.17599611256219)","dms_tuple(d=-2.0, m=-47.0, s=-35.702873151256256)",266.384067,17.758938,-2.793251
86655,161695,,17.761176,31.504678,100000.0,2.0,6.22,-13.78,A0Ib,0.008,Her,28313919.958,74,145.4735501476104,HD161695_TypA0_Mag6.22,"hms_tuple(h=17.0, m=46.0, s=1.9912908110109129)","dms_tuple(d=31.0, m=28.0, s=24.829389310802412)",266.508297,17.76722,31.473564
86667,161404,,17.764094,-10.353988,129.7017,0.0,7.76,2.195,A2,0.289,Oph,11.535,242,566.0781270342421,HD161404_TypA2_Mag7.76,"hms_tuple(h=17.0, m=46.0, s=9.604172074738813)","dms_tuple(d=-10.0, m=-23.0, s=-6.218816775859608)",266.540017,17.769334,-10.385061
86680,161327,,17.767106,-26.9723,432.9004,0.0,7.41,-0.772,A0Iab-Ib,0.604,Sgr,177.337,185,415.6851208955647,HD161327_TypA0_Mag7.41,"hms_tuple(h=17.0, m=46.0, s=22.4089195895624)","dms_tuple(d=-27.0, m=-0.0, s=-12.080726273885034)",266.59337,17.772891,-27.003356
86713,162131,,17.775086,53.57891,144.9275,0.0,7.6,1.794,A2,0.158,Dra,16.688,214,491.5504291096121,HD162131_TypA2_Mag7.6,"hms_tuple(h=17.0, m=47.0, s=1.5418695948358163)","dms_tuple(d=53.0, m=32.0, s=51.92530277724529)",266.756424,17.783762,53.547757
86714,161277,,17.775207,-39.264817,283.2861,0.0,7.07,-0.191,Ap,0.02,Sco,103.848,143,307.9529390460096,HD161277_TypAp_Mag7.07,"hms_tuple(h=17.0, m=46.0, s=54.723829749672745)","dms_tuple(d=-39.0, m=-17.0, s=-45.08393450230869)",266.728016,17.781868,-39.295857
86734,161466,,17.778267,-23.684698,132.9787,0.0,7.9,2.281,A7/A8V,0.327,Sgr,10.656,269,640.5029468202126,HD161466_TypA7_Mag7.9,"hms_tuple(h=17.0, m=47.0, s=2.029544256845668)","dms_tuple(d=-23.0, m=-42.0, s=-56.726730021907485)",266.758456,17.783897,-23.715757
86771,161390,,17.785359,-38.112164,149.0313,1.0,6.41,0.544,A0V,-0.02,Sco,52.772,86,172.0234437188863,HD161390_TypA0_Mag6.41,"hms_tuple(h=17.0, m=47.0, s=30.887371797294634)","dms_tuple(d=-38.0, m=-8.0, s=-35.53934201711513)",266.878697,17.791913,-38.143205
86774,161833,,17.785568,17.697014,143.0615,3.0,5.61,-0.168,A1V,0.036,Her,101.672,47,84.92707445101695,HD161833_TypA1_Mag5.61,"hms_tuple(h=17.0, m=47.0, s=27.51992746760152)","dms_tuple(d=17.0, m=39.0, s=57.294147013492704)",266.864666,17.790978,17.665915
86775,162132,,17.785566,47.612239,116.8224,-26.0,6.47,1.132,A2Vs,0.095,Her,30.704,90,181.37534353960828,HD162132_TypA2_Mag6.47,"hms_tuple(h=17.0, m=47.0, s=35.54755558866731)","dms_tuple(d=47.0, m=34.0, s=51.95841577668489)",266.898115,17.793208,47.5811
86777,161819,,17.785876,15.037199,311.5265,0.0,7.99,0.523,A0,0.054,Her,53.802,288,693.4370594020932,HD161819_TypA0_Mag7.99,"hms_tuple(h=17.0, m=47.0, s=28.365481462576554)","dms_tuple(d=15.0, m=0.0, s=21.96961702102911)",266.86819,17.791213,15.006103
86780,162554,,17.786649,63.122545,213.2196,0.0,7.94,1.296,A2,0.08,Dra,26.4,277,663.5111201850515,HD162554_TypA2_Mag7.94,"hms_tuple(h=17.0, m=47.0, s=52.93951019468636)","dms_tuple(d=63.0, m=5.0, s=28.89549743170221)",266.970581,17.798039,63.09136
86782,161959,,17.787126,28.910189,195.6947,-39.0,7.57,1.112,A0,-0.009,Her,31.275,209,478.71030262103807,HD161959_TypA0_Mag7.57,"hms_tuple(h=17.0, m=47.0, s=34.84576122654943)","dms_tuple(d=28.0, m=52.0, s=44.68037334317103)",266.895191,17.793013,28.879078
86791,161643,,17.790859,-18.107119,153.8462,0.0,7.45,1.515,A7V,0.317,Sgr,21.577,191,430.6173790127683,HD161643_TypA7_Mag7.45,"hms_tuple(h=17.0, m=47.0, s=46.619451981236466)","dms_tuple(d=-18.0, m=-8.0, s=-17.463310685552074)",266.944248,17.796283,-18.138184
86798,161644,,17.792055,-20.83734,119.3317,0.0,7.19,1.806,A3II/III,0.401,Sgr,16.504,156,342.3462494285041,HD161644_TypA3_Mag7.19,"hms_tuple(h=17.0, m=47.0, s=51.25748414469797)","dms_tuple(d=-20.0, m=-52.0, s=-6.248835738698517)",266.963573,17.797572,-20.868402
86799,161921,,17.792186,18.889358,152.207,-23.0,6.67,0.758,A0,0.08,Her,43.331,105,216.3782561854747,HD161921_TypA0_Mag6.67,"hms_tuple(h=17.0, m=47.0, s=51.478930409492136)","dms_tuple(d=18.0, m=51.0, s=29.728212723363754)",266.964496,17.797633,18.858258
86805,161900,,17.793636,15.035027,321.5434,0.0,7.7,0.164,A0,0.161,Her,74.886,231,536.8905548349917,HD161900_TypA0_Mag7.7,"hms_tuple(h=17.0, m=47.0, s=56.30128624932695)","dms_tuple(d=15.0, m=0.0, s=14.150424652365245)",266.984589,17.798973,15.003931
86828,162093,,17.795975,34.923247,204.918,0.0,8.0,1.442,A2,0.124,Her,23.078,290,699.5823055523535,HD162093_TypA2_Mag8.0,"hms_tuple(h=17.0, m=48.0, s=8.133793772762203)","dms_tuple(d=34.0, m=53.0, s=31.661780114138764)",267.033891,17.802259,34.892128
86838,161868,,17.798211,2.707276,31.5159,-7.0,3.75,1.257,A0V,0.043,Oph,27.365,11,16.45649103899324,HD161868_TypA0_Mag3.75,"hms_tuple(h=17.0, m=48.0, s=12.136583097169478)","dms_tuple(d=2.0, m=40.0, s=34.28838442648143)",267.050569,17.803371,2.676191
86840,162133,,17.798447,36.00156,210.5263,0.0,7.58,0.963,A2,0.17,Her,35.876,211,482.9526381068404,HD162133_TypA2_Mag7.58,"hms_tuple(h=17.0, m=48.0, s=17.337982356184227)","dms_tuple(d=35.0, m=58.0, s=13.583255718908731)",267.072242,17.804816,35.97044
86848,162208,,17.7996,39.98081,166.113,0.0,7.61,1.508,A0,0.194,Her,21.717,216,495.90655392467346,HD162208_TypA0_Mag7.61,"hms_tuple(h=17.0, m=48.0, s=22.7662579809828)","dms_tuple(d=39.0, m=56.0, s=58.86224865591544)",267.094859,17.806324,39.949684
86850,161922,,17.800037,9.782072,558.6592,0.0,7.28,-1.456,A2,0.188,Oph,332.966,168,370.63931974020056,HD161922_TypA2_Mag7.28,"hms_tuple(h=17.0, m=48.0, s=18.961938277793138)","dms_tuple(d=9.0, m=45.0, s=3.5304875114583467)",267.079008,17.805267,9.750981
86859,162230,,17.802111,40.592158,216.9197,0.0,7.93,1.249,A3,0.249,Her,27.568,275,657.682729265769,HD162230_TypA3_Mag7.93,"hms_tuple(h=17.0, m=48.0, s=32.025545343652766)","dms_tuple(d=40.0, m=33.0, s=39.71160782020149)",267.13344,17.808896,40.561031
86873,161665,,17.804667,-32.671157,101.833,0.0,7.36,2.321,A3V,0.135,Sco,10.271,178,397.7458321127074,HD161665_TypA3_Mag7.36,"hms_tuple(h=17.0, m=48.0, s=38.85342290967458)","dms_tuple(d=-32.0, m=-42.0, s=-7.941051343981371)",267.161889,17.810793,-32.702206
86875,161516,,17.8048,-47.255108,144.0922,0.0,7.11,1.317,A2III/IV,0.147,Ara,25.894,147,319.0152372679894,HD161516_TypA2_Mag7.11,"hms_tuple(h=17.0, m=48.0, s=44.636188869747855)","dms_tuple(d=-47.0, m=-17.0, s=-10.081802199856611)",267.185984,17.812399,-47.286134
86878,161903,,17.80534,-1.808256,161.0306,0.0,7.74,1.705,A2,0.309,Oph,18.113,238,556.1767595666211,HD161903_TypA2_Mag7.74,"hms_tuple(h=17.0, m=48.0, s=37.790288454912684)","dms_tuple(d=-1.0, m=-50.0, s=-21.61200526097474)",267.15746,17.810497,-1.839337
86908,162897,,17.811239,64.766673,223.7136,0.0,7.61,0.862,A0,0.064,Dra,39.373,216,495.90655392467346,HD162897_TypA0_Mag7.61,"hms_tuple(h=17.0, m=49.0, s=23.93940070676507)","dms_tuple(d=64.0, m=44.0, s=7.728399192470761)",267.349748,17.823317,64.73548
86921,162161,,17.813298,19.255017,165.5629,-25.0,6.13,0.035,A1V,0.024,Her,84.333,70,134.36870194720012,HD162161_TypA1_Mag6.13,"hms_tuple(h=17.0, m=49.0, s=7.525369735348022)","dms_tuple(d=19.0, m=13.0, s=26.0992713177626)",267.281356,17.818757,19.223916
86938,163148,,17.817233,68.341827,362.3188,0.0,7.7,-0.095,A2,0.116,Dra,95.06,231,536.8905548349917,HD163148_TypA2_Mag7.7,"hms_tuple(h=17.0, m=49.0, s=52.249923912970644)","dms_tuple(d=68.0, m=18.0, s=38.20854914420238)",267.467708,17.831181,68.310613
86939,162643,,17.817302,54.194385,113.1222,0.0,6.6,1.332,A2,0.224,Dra,25.539,100,203.41887002054995,HD162643_TypA2_Mag6.6,"hms_tuple(h=17.0, m=49.0, s=33.98221058144543)","dms_tuple(d=54.0, m=9.0, s=47.629503136682274)",267.391593,17.826106,54.16323
86941,162579,,17.817862,50.781075,66.5336,-55.0,5.02,0.905,A2V,0.043,Dra,37.844,30,50.462856093257514,HD162579_TypA2_Mag5.02,"hms_tuple(h=17.0, m=49.0, s=33.632339054341855)","dms_tuple(d=50.0, m=44.0, s=59.74368969594707)",267.390135,17.826009,50.749929
86954,162280,,17.822051,24.176386,242.1308,0.0,7.88,0.96,A2,0.173,Her,35.975,265,629.299802346522,HD162280_TypA2_Mag7.88,"hms_tuple(h=17.0, m=49.0, s=39.719485877751595)","dms_tuple(d=24.0, m=8.0, s=43.008971434362024)",267.415498,17.8277,24.14528
86956,161945,,17.822401,-23.369221,102.9866,0.0,7.8,2.736,A9V,0.331,Sgr,7.008,249,586.4128089424291,HD161945_TypA9_Mag7.8,"hms_tuple(h=17.0, m=49.0, s=40.86334309215175)","dms_tuple(d=-23.0, m=-24.0, s=-1.0107607556128073)",267.420264,17.828018,-23.400281
86966,163214,,17.82447,68.689026,101.833,-11.4,6.92,1.881,Am,0.261,Dra,15.403,127,269.7788052214281,HD163214_TypAm_Mag6.92,"hms_tuple(h=17.0, m=50.0, s=19.080906933858444)","dms_tuple(d=68.0, m=39.0, s=28.116487481381682)",267.579504,17.838634,68.65781
86975,162010,,17.826559,-20.006722,119.0476,0.0,7.59,2.211,A3V,0.196,Sgr,11.366,212,487.2325692121131,HD162010_TypA3_Mag7.59,"hms_tuple(h=17.0, m=49.0, s=55.3647977207396)","dms_tuple(d=-20.0, m=-2.0, s=-16.027137287305777)",267.480687,17.832046,-20.037785
86976,162178,,17.826618,4.376657,88.3392,0.0,7.51,2.779,A5,0.36,Oph,6.736,200,454.02750557766933,HD162178_TypA5_Mag7.51,"hms_tuple(h=17.0, m=49.0, s=54.43502336368823)","dms_tuple(d=4.0, m=20.0, s=44.054491225614356)",267.476813,17.831788,4.345571
86986,161841,,17.829693,-41.442351,358.4229,0.0,7.57,-0.202,Ap Si,-0.078,Sco,104.906,209,478.71030262103807,HD161841_TypAp_Mag7.57,"hms_tuple(h=17.0, m=50.0, s=11.661425995235675)","dms_tuple(d=-41.0, m=-28.0, s=-24.194027387754318)",267.548589,17.836573,-41.473387
87007,162428,,17.833676,24.468073,278.5515,-14.0,7.11,-0.115,A0,-0.085,Her,96.828,147,319.0152372679894,HD162428_TypA0_Mag7.11,"hms_tuple(h=17.0, m=50.0, s=21.61626504977079)","dms_tuple(d=24.0, m=26.0, s=13.081020517520301)",267.590068,17.839338,24.436967
87023,161912,,17.83642,-40.090435,781.25,-10.0,4.78,-4.684,A6Ib,0.259,Sco,6510.285,25,40.83282100669428,HD161912_TypA6_Mag4.78,"hms_tuple(h=17.0, m=50.0, s=35.379311502167354)","dms_tuple(d=-40.0, m=-7.0, s=-17.304161359159593)",267.647414,17.843161,-40.121473
87026,162485,,17.837501,25.290999,147.4926,-35.2,6.58,0.736,A2...,0.125,Her,44.218,98,199.86083644579665,HD162485_TypA2_Mag6.58,"hms_tuple(h=17.0, m=50.0, s=35.52229028712617)","dms_tuple(d=25.0, m=15.0, s=35.611344387493205)",267.64801,17.843201,25.259892
87035,162083,,17.839207,-27.06167,119.7605,0.0,6.96,1.568,A3V,0.2,Sgr,20.549,131,279.4698106282087,HD162083_TypA3_Mag6.96,"hms_tuple(h=17.0, m=50.0, s=41.98911320199841)","dms_tuple(d=-27.0, m=-5.0, s=-33.812356948740785)",267.674955,17.844997,-27.092726
87044,162751,,17.841258,44.489442,252.5253,-1.0,7.83,0.818,A2,0.119,Her,41.002,255,602.141767772257,HD162751_TypA2_Mag7.83,"hms_tuple(h=17.0, m=50.0, s=54.52734361095253)","dms_tuple(d=44.0, m=27.0, s=29.910466427951405)",267.727197,17.84848,44.458308
87055,162404,,17.843664,9.542064,257.732,0.0,7.8,0.744,A0,0.116,Oph,43.893,249,586.4128089424291,HD162404_TypA0_Mag7.8,"hms_tuple(h=17.0, m=50.0, s=56.005758906879066)","dms_tuple(d=9.0, m=30.0, s=39.502496910829876)",267.733357,17.84889,9.510973
87070,162570,,17.846773,22.31633,93.7207,4.0,6.14,1.281,A9V,0.242,Her,26.767,70,135.5594787266646,HD162570_TypA9_Mag6.14,"hms_tuple(h=17.0, m=51.0, s=8.437455001432568)","dms_tuple(d=22.0, m=17.0, s=6.814591359627116)",267.785156,17.852344,22.285226
87080,162668,,17.849241,29.995815,144.5087,-21.0,6.78,0.981,A2,0.087,Her,35.286,114,238.4311915057409,HD162668_TypA2_Mag6.78,"hms_tuple(h=17.0, m=51.0, s=18.687444896708314)","dms_tuple(d=29.0, m=57.0, s=52.92928250458459)",267.827864,17.855191,29.964703
87088,162144,,17.85059,-35.070543,392.1569,0.0,7.6,-0.367,A0III/IV,0.007,Sco,122.124,214,491.5504291096121,HD162144_TypA0_Mag7.6,"hms_tuple(h=17.0, m=51.0, s=24.80577372557576)","dms_tuple(d=-35.0, m=-6.0, s=-5.719230262632777)",267.853357,17.85689,-35.101589
87113,164056,,17.856906,74.569083,174.5201,0.0,6.75,0.541,A3,0.282,Dra,52.918,112,232.20296653338022,HD164056_TypA3_Mag6.75,"hms_tuple(h=17.0, m=52.0, s=34.46636610444244)","dms_tuple(d=74.0, m=32.0, s=16.123380611502398)",268.14361,17.876241,74.537812
87133,163203,,17.862427,56.120193,128.7001,0.0,7.04,1.492,A3,0.246,Dra,22.039,140,299.90868873980725,HD163203_TypA3_Mag7.04,"hms_tuple(h=17.0, m=52.0, s=17.998721298104954)","dms_tuple(d=56.0, m=5.0, s=20.51898039376283)",268.074995,17.871666,56.089033
87138,162434,,17.863476,-19.525194,62.2278,0.0,6.8,2.83,A9V,0.308,Sgr,6.427,116,242.67587595584382,HD162434_TypA9_Mag6.8,"hms_tuple(h=17.0, m=52.0, s=8.206332245922283)","dms_tuple(d=-19.0, m=-33.0, s=-22.52812026911613)",268.034193,17.868946,-19.556258
87160,162651,,17.866868,1.099246,265.252,-29.0,7.22,0.102,A0,0.347,Oph,79.287,160,351.52877406079745,HD162651_TypA0_Mag7.22,"hms_tuple(h=17.0, m=52.0, s=19.284747601793413)","dms_tuple(d=1.0, m=4.0, s=5.385661507411701)",268.080353,17.872024,1.068163
87167,162772,,17.867359,16.632554,157.7287,0.0,7.55,1.56,A2,0.045,Her,20.701,206,470.3371004243402,HD162772_TypA2_Mag7.55,"hms_tuple(h=17.0, m=52.0, s=21.856300985506323)","dms_tuple(d=16.0, m=36.0, s=5.241968059000044)",268.091068,17.872738,16.601456
87177,162864,,17.868277,26.290548,260.4167,0.0,7.95,0.872,A0,0.067,Her,39.012,280,669.391162362906,HD162864_TypA0_Mag7.95,"hms_tuple(h=17.0, m=52.0, s=26.48935726765444)","dms_tuple(d=26.0, m=15.0, s=33.983704752338895)",268.110372,17.874025,26.25944
87187,162936,,17.87037,32.013937,212.3142,-21.0,7.2,0.565,A0,0.123,Her,51.761,158,345.3801253121633,HD162936_TypA0_Mag7.2,"hms_tuple(h=17.0, m=52.0, s=35.209591191241714)","dms_tuple(d=31.0, m=58.0, s=58.159481766938086)",268.146707,17.876447,31.982822
87203,162692,,17.872885,-1.43024,239.8082,0.0,7.71,0.811,A2,0.354,Oph,41.267,233,541.648484297334,HD162692_TypA2_Mag7.71,"hms_tuple(h=17.0, m=52.0, s=40.94875954316734)","dms_tuple(d=-1.0, m=-27.0, s=-40.75564542564507)",268.17062,17.878041,-1.461321
87204,162562,,17.873183,-18.090084,115.4734,0.0,7.57,2.258,A9V,0.402,Sgr,10.884,209,478.71030262103807,HD162562_TypA9_Mag7.57,"hms_tuple(h=17.0, m=52.0, s=42.98395114432083)","dms_tuple(d=-18.0, m=-7.0, s=-16.137372512511945)",268.1791,17.878607,-18.121149
87206,163466,,17.873715,60.396373,175.7469,-16.2,6.86,0.636,A2,0.199,Dra,48.484,122,255.86873171888556,HD163466_TypA2_Mag6.86,"hms_tuple(h=17.0, m=53.0, s=2.902552763373194)","dms_tuple(d=60.0, m=21.0, s=54.7162157700393)",268.262094,17.88414,60.365199
87208,162736,,17.874087,2.99421,143.0615,0.0,7.57,1.792,A2,0.308,Oph,16.719,209,478.71030262103807,HD162736_TypA2_Mag7.57,"hms_tuple(h=17.0, m=52.0, s=45.2947657137247)","dms_tuple(d=2.0, m=57.0, s=47.249841576967526)",268.188728,17.879249,2.963125
87214,162950,,17.875599,27.193678,87.5657,0.0,7.3,2.588,Am,0.309,Her,8.032,170,377.23764669214916,HD162950_TypAm_Mag7.3,"hms_tuple(h=17.0, m=52.0, s=53.013334998961454)","dms_tuple(d=27.0, m=9.0, s=45.24799458741796)",268.220889,17.881393,27.162569
87252,163032,,17.881276,29.680462,625.0,0.0,7.93,-1.049,A5,0.225,Her,228.876,275,657.682729265769,HD163032_TypA5_Mag7.93,"hms_tuple(h=17.0, m=53.0, s=13.94601349209637)","dms_tuple(d=29.0, m=38.0, s=57.65985547992443)",268.308108,17.887207,29.64935
87259,163204,,17.882434,42.212465,126.5823,0.0,7.46,1.948,A2,0.256,Her,14.481,192,434.43351452893916,HD163204_TypA2_Mag7.46,"hms_tuple(h=17.0, m=53.0, s=21.804426435829498)","dms_tuple(d=42.0, m=10.0, s=52.8073744927525)",268.340852,17.88939,42.181335
87308,162613,,17.891666,-36.508558,374.5318,0.0,7.98,0.113,Ap Si,-0.013,Sco,78.487,286,687.3457941057625,HD162613_TypAp_Mag7.98,"hms_tuple(h=17.0, m=53.0, s=53.094032223092995)","dms_tuple(d=-36.0, m=-32.0, s=-22.56605984605244)",268.471225,17.898082,-36.539602
87317,162719,,17.892839,-27.282645,145.5604,0.0,6.88,1.065,A3III/IV,0.177,Sgr,32.659,123,260.4238489413245,HD162719_TypA3_Mag6.88,"hms_tuple(h=17.0, m=53.0, s=55.10567456595908)","dms_tuple(d=-27.0, m=-18.0, s=-49.321441221378564)",268.479607,17.89864,-27.3137
87338,163219,,17.897138,30.370376,147.7105,-38.4,7.45,1.603,A3,0.229,Her,19.898,191,430.6173790127683,HD163219_TypA3_Mag7.45,"hms_tuple(h=17.0, m=54.0, s=11.198141364659477)","dms_tuple(d=30.0, m=20.0, s=21.34724038034932)",268.546659,17.903111,30.339263
87352,162725,,17.899482,-34.831053,261.7801,-17.0,6.41,-0.68,Ap...,0.0,Sco,162.93,86,172.0234437188863,HD162725_TypAp_Mag6.41,"hms_tuple(h=17.0, m=54.0, s=20.750730512441464)","dms_tuple(d=-34.0, m=-51.0, s=-43.55639969353376)",268.586461,17.905764,-34.862099
87361,163015,,17.901024,-1.619312,183.1502,0.0,6.72,0.406,A0,0.075,Oph,59.924,109,226.137433304753,HD163015_TypA0_Mag6.72,"hms_tuple(h=17.0, m=54.0, s=22.250823417963375)","dms_tuple(d=-1.0, m=-39.0, s=-1.4142251922817195)",268.592712,17.906181,-1.650393
87384,162780,,17.903994,-34.727649,320.5128,-16.0,6.88,-0.649,A0IV:,0.036,Sco,158.343,123,260.4238489413245,HD162780_TypA0_Mag6.88,"hms_tuple(h=17.0, m=54.0, s=36.965570051473264)","dms_tuple(d=-34.0, m=-45.0, s=-31.302502511016428)",268.654023,17.910268,-34.758695
87420,163285,,17.911264,18.185668,100000.0,0.0,7.76,-12.24,A0,-0.069,Her,6854882.265,242,566.0781270342421,HD163285_TypA0_Mag7.76,"hms_tuple(h=17.0, m=55.0, s=0.07928218975195023)","dms_tuple(d=18.0, m=9.0, s=16.446777888282895)",268.75033,17.916689,18.154569
87477,163590,,17.923713,32.43836,543.4783,-13.0,7.44,-1.236,A0,0.029,Her,271.894,189,426.83476505925523,HD163590_TypA0_Mag7.44,"hms_tuple(h=17.0, m=55.0, s=47.346665111396646)","dms_tuple(d=32.0, m=24.0, s=26.080338984673404)",268.947278,17.929819,32.407245
87489,163346,,17.927086,2.074934,226.7574,0.0,6.77,-0.008,A3,0.574,Oph,87.74,113,236.33677266456448,HD163346_TypA3_Mag6.77,"hms_tuple(h=17.0, m=55.0, s=56.078135193521916)","dms_tuple(d=2.0, m=2.0, s=37.859260777302346)",268.983659,17.932244,2.04385
87494,164135,,17.928611,61.395947,127.3885,0.0,7.36,1.834,A3,0.193,Dra,16.084,178,397.7458321127074,HD164135_TypA3_Mag7.36,"hms_tuple(h=17.0, m=56.0, s=21.721462021498326)","dms_tuple(d=61.0, m=21.0, s=53.16878916846349)",269.090506,17.939367,61.364769
87510,163245,,17.931936,-18.802154,98.5222,4.0,6.48,1.512,A1V,0.056,Sgr,21.637,91,182.98269364662428,HD163245_TypA1_Mag6.48,"hms_tuple(h=17.0, m=56.0, s=14.57600564952287)","dms_tuple(d=-18.0, m=-49.0, s=-59.58677768448183)",269.060733,17.937382,-18.833219
87522,163025,,17.93457,-42.323327,141.0437,0.0,6.78,1.033,A9/F0IV,0.27,Sco,33.636,114,238.4311915057409,HD163025_TypA9_Mag6.78,"hms_tuple(h=17.0, m=56.0, s=29.562855968996757)","dms_tuple(d=-42.0, m=-21.0, s=-15.702412079724013)",269.123179,17.941545,-42.354362
87541,163336,,17.938621,-15.812521,73.9645,-24.0,5.93,1.585,A0V,0.024,Ser,20.23,60,112.63224829649297,HD163336_TypA0_Mag5.93,"hms_tuple(h=17.0, m=56.0, s=38.3251206125189)","dms_tuple(d=-15.0, m=-50.0, s=-36.91873601524094)",269.159688,17.943979,-15.843589
87545,163296,,17.939247,-21.956078,118.624,-4.0,6.86,1.489,A1V,0.092,Sgr,22.1,122,255.86873171888556,HD163296_TypA1_Mag6.86,"hms_tuple(h=17.0, m=56.0, s=41.30145637474044)","dms_tuple(d=-21.0, m=-59.0, s=-13.70140350642032)",269.172089,17.944806,-21.987139
87550,163640,,17.940114,18.326998,240.9639,0.0,6.66,-0.25,A0III,0.4,Her,109.648,104,214.47755395891784,HD163640_TypA0_Mag6.66,"hms_tuple(h=17.0, m=56.0, s=43.9551500929619)","dms_tuple(d=18.0, m=17.0, s=45.234264381592766)",269.183146,17.945543,18.295898
87552,163639,,17.940167,19.888834,105.2632,0.0,7.19,2.079,A3,0.189,Her,12.835,156,342.3462494285041,HD163639_TypA3_Mag7.19,"hms_tuple(h=17.0, m=56.0, s=44.331082206624615)","dms_tuple(d=19.0, m=51.0, s=27.838131922821105)",269.184713,17.945648,19.857733
87554,164329,,17.940621,62.619582,310.559,0.0,7.61,0.149,A2,0.1,Dra,75.928,216,495.90655392467346,HD164329_TypA2_Mag7.61,"hms_tuple(h=17.0, m=57.0, s=6.543089496233563)","dms_tuple(d=62.0, m=35.0, s=18.23661036398505)",269.277263,17.951818,62.588399
87563,163318,,17.944955,-28.065394,51.3084,7.0,5.76,2.209,A7III/IV,0.207,Sgr,11.387,52,96.94439175940381,HD163318_TypA7_Mag5.76,"hms_tuple(h=17.0, m=57.0, s=2.8736475334187617)","dms_tuple(d=-28.0, m=-5.0, s=-47.21456774086761)",269.261974,17.950798,-28.096448
87602,163624,,17.951199,0.066665,118.4834,-11.0,5.95,0.582,A3V,0.11,Oph,50.957,61,114.63739011499842,HD163624_TypA3_Mag5.95,"hms_tuple(h=17.0, m=57.0, s=22.873125925909505)","dms_tuple(d=0.0, m=2.0, s=8.097446700227442)",269.345305,17.956354,0.035583
87606,163512,,17.951954,-13.653238,118.0638,0.0,7.54,2.179,A8IIIm...,0.316,Ser,11.706,204,466.20558189854603,HD163512_TypA8_Mag7.54,"hms_tuple(h=17.0, m=57.0, s=26.133263997732854)","dms_tuple(d=-13.0, m=-41.0, s=-3.507506791559365)",269.358889,17.957259,-13.684308
87623,163790,,17.953992,20.639058,88.8099,0.0,7.47,2.728,A2,0.306,Her,7.06,194,438.2834686761904,HD163790_TypA2_Mag7.47,"hms_tuple(h=17.0, m=57.0, s=34.196532907423034)","dms_tuple(d=20.0, m=36.0, s=28.641738554478877)",269.392486,17.959499,20.607956
87637,163772,,17.957496,11.044543,114.9425,-16.0,6.33,1.028,A1V,0.13,Oph,33.791,81,160.2999881121757,HD163772_TypA1_Mag6.33,"hms_tuple(h=17.0, m=57.0, s=45.89050626320727)","dms_tuple(d=11.0, m=0.0, s=48.42181004410406)",269.44121,17.962747,11.013451
87651,163375,,17.961367,-39.101804,132.1004,0.0,6.65,1.045,A0IV/V,0.007,Sco,33.266,104,212.59354781364726,HD163375_TypA0_Mag6.65,"hms_tuple(h=17.0, m=58.0, s=4.8442253833297855)","dms_tuple(d=-39.0, m=-7.0, s=-58.238024659609096)",269.520184,17.968012,-39.132844
87666,163792,,17.964167,2.253556,219.7802,0.0,6.95,0.24,A0,0.087,Oph,69.823,130,277.01490180011757,HD163792_TypA0_Mag6.95,"hms_tuple(h=17.0, m=58.0, s=9.571891532682457)","dms_tuple(d=2.0, m=13.0, s=20.89787444387195)",269.539883,17.969326,2.222472
87672,163482,,17.965765,-36.007934,151.5152,0.0,6.76,0.858,A0III/IV,0.12,Sco,39.518,113,234.26075154331102,HD163482_TypA0_Mag6.76,"hms_tuple(h=17.0, m=58.0, s=19.702722068573735)","dms_tuple(d=-36.0, m=-2.0, s=-20.322185734663663)",269.582095,17.97214,-36.038978
87675,163433,,17.966053,-39.136523,126.7427,-1.0,6.28,0.765,A0IV/V,0.007,Sco,43.053,78,153.3820888800899,HD163433_TypA0_Mag6.28,"hms_tuple(h=17.0, m=58.0, s=21.72563031418491)","dms_tuple(d=-39.0, m=-10.0, s=-3.2262354172814867)",269.590523,17.972702,-39.167563
87684,163378,,17.968062,-45.456419,248.139,0.0,7.78,0.807,A6III,0.33,Sco,41.419,245,576.1557641428401,HD163378_TypA6_Mag7.78,"hms_tuple(h=17.0, m=58.0, s=31.49252164738499)","dms_tuple(d=-45.0, m=-29.0, s=-14.81379837678162)",269.631219,17.975415,-45.487448
87688,164394,,17.968161,52.218286,113.6364,-1.0,7.43,2.152,A2+...,0.27,Dra,12.001,188,423.08537820947436,HD164394_TypA2_Mag7.43,"hms_tuple(h=17.0, m=58.0, s=35.64742376648525)","dms_tuple(d=52.0, m=11.0, s=13.691145742742492)",269.648531,17.976569,52.187136
87710,163973,,17.972371,14.510586,123.0012,0.0,7.38,1.93,A0,0.089,Her,14.723,181,404.82672424766696,HD163973_TypA0_Mag7.38,"hms_tuple(h=17.0, m=58.0, s=39.70107166423247)","dms_tuple(d=14.0, m=28.0, s=46.16466279941605)",269.665421,17.977695,14.47949
87746,163797,,17.978378,-16.857523,91.3242,0.0,7.32,2.517,A8/A9V,0.292,Sgr,8.574,173,383.9534407239423,HD163797_TypA8_Mag7.32,"hms_tuple(h=17.0, m=59.0, s=1.5539198377103958)","dms_tuple(d=-16.0, m=-53.0, s=-18.92221495376674)",269.756475,17.983765,-16.88859
87782,164252,,17.98434,30.04891,446.4286,0.0,7.17,-1.079,A1V...,0.958,Her,235.288,154,336.35821375838816,HD164252_TypA1_Mag7.17,"hms_tuple(h=17.0, m=59.0, s=25.055303970437706)","dms_tuple(d=30.0, m=1.0, s=4.071050485799219)",269.854397,17.990293,30.017798
87796,163708,,17.987074,-36.938844,122.6994,-16.0,6.92,1.476,A3III,0.125,Sgr,22.367,127,269.7788052214281,HD163708_TypA3_Mag6.92,"hms_tuple(h=17.0, m=59.0, s=36.692742272616954)","dms_tuple(d=-36.0, m=-58.0, s=-11.59346257559946)",269.902886,17.993526,-36.969887
87803,164215,,17.988104,20.457089,261.0966,0.0,7.91,0.826,A0,0.08,Her,40.701,271,646.179090335777,HD164215_TypA0_Mag7.91,"hms_tuple(h=17.0, m=59.0, s=36.976184194364805)","dms_tuple(d=20.0, m=25.0, s=33.5540185815006)",269.904067,17.993604,20.425987
87838,164235,,17.995158,14.463498,129.199,0.0,7.96,2.404,A0,0.097,Her,9.515,282,675.323313533301,HD164235_TypA0_Mag7.96,"hms_tuple(h=18.0, m=0.0, s=1.7302115374093319)","dms_tuple(d=14.0, m=25.0, s=56.64802741157828)",270.007209,18.000481,14.432402
87840,164631,,17.995703,46.821371,283.2861,0.0,7.97,0.709,A3,0.265,Her,45.331,284,681.3080354866522,HD164631_TypA3_Mag7.97,"hms_tuple(h=18.0, m=0.0, s=11.633918137718524)","dms_tuple(d=46.0, m=47.0, s=24.839228892149663)",270.048475,18.003232,46.790233
118882,116657,,13.398996,54.920471,24.1546,-9.3,3.95,2.035,A1 m,0.13,UMa,13.366,13,19.632364380176362,HD116657_TypA1_Mag3.95,"hms_tuple(h=13.0, m=24.0, s=28.649324711822146)","dms_tuple(d=54.0, m=53.0, s=21.532035301656265)",201.119372,13.407958,54.889314
119621,124953,,14.26783333,18.91194444,100000.0,4.0,5.98,-14.02,A8III,,Boo,35318316.979,62,117.71223220913615,HD124953_TypA8_Mag5.98,"hms_tuple(h=14.0, m=16.0, s=23.811960619703285)","dms_tuple(d=18.0, m=52.0, s=51.039314036474366)",214.099217,14.273281,18.880844
