,hd,proper,ra,dec,dist,rv,mag,absmag,spect,ci,con,lum,exp,modexp,tgtfn,adjra_hms,adjdec_dms,adjra_deg,adjra_hour,adjdec_deg
58411,104337,,12.014211,-19.658982,970.8738,2.0,5.28,-4.656,B2IV,-0.192,Crv,6344.538,36,63.47428331594824,HD104337_TypB2_Mag5.28,"hms_tuple(h=12.0, m=1.0, s=10.868733945450657)","dms_tuple(d=-19.0, m=-41.0, s=-24.164425964176814)",180.295286,12.019686,-19.690046
58831,105078,,12.099075,-35.693926,232.5581,-18.0,6.23,-0.603,B7V,-0.073,Hya,151.775,75,146.76273820280338,HD105078_TypB7_Mag6.23,"hms_tuple(h=12.0, m=6.0, s=19.527919969114436)","dms_tuple(d=-35.0, m=-43.0, s=-29.89495370706095)",181.581366,12.105424,-35.724971
58921,105262,,12.119674,12.985465,100000.0,41.4,7.1,-12.9,B9,0.016,Vir,12589254.118,146,316.2129549015887,HD105262_TypB9_Mag7.1,"hms_tuple(h=12.0, m=7.0, s=29.86774578754165)","dms_tuple(d=12.0, m=57.0, s=15.734360346845762)",181.874449,12.124963,12.954371
58954,105313,,12.125762,-45.581158,291.5452,0.0,7.31,-0.014,B9V,0.015,Cen,88.227,171,380.5807304870462,HD105313_TypB9_Mag7.31,"hms_tuple(h=12.0, m=7.0, s=59.27133015038734)","dms_tuple(d=-45.0, m=-36.0, s=-43.873364588108075)",181.996964,12.133131,-45.612187
59051,105521,,12.148497,-41.231605,487.8049,0.0,5.51,-2.931,B3IV,-0.097,Cen,1295.388,43,77.75502756283679,HD105521_TypB3_Mag5.51,"hms_tuple(h=12.0, m=9.0, s=19.27573328904714)","dms_tuple(d=-41.0, m=-15.0, s=-45.50965395102651)",182.330316,12.155354,-41.262642
59424,106231,,12.223623,-38.929188,436.6812,-43.0,5.77,-2.431,B4III,-0.144,Cen,817.335,53,97.80351392798568,HD106231_TypB4_Mag5.77,"hms_tuple(h=12.0, m=13.0, s=48.9074359007202)","dms_tuple(d=-38.0, m=-57.0, s=-36.82136277435461)",183.453781,12.230252,-38.960228
59479,106337,,12.235262,-36.556453,500.0,0.0,7.86,-0.635,B7III:,-0.099,Cen,156.315,261,618.2926139519136,HD106337_TypB7_Mag7.86,"hms_tuple(h=12.0, m=14.0, s=30.053956175043197)","dms_tuple(d=-36.0, m=-35.0, s=-14.987816483412075)",183.625225,12.241682,-36.587497
59620,106625,Gienah,12.263437,-17.541929,47.1032,-4.0,2.58,-0.785,B8III,-0.107,Crv,179.473,4,5.861656064564964,HD106625_TypB8_Mag2.58,"hms_tuple(h=12.0, m=16.0, s=7.838299183549111)","dms_tuple(d=-17.0, m=-34.0, s=-22.781355648338888)",184.03266,12.268844,-17.572995
59767,106902,,12.296527,-45.392873,100000.0,0.0,7.95,-12.05,B4II/III,-0.088,Cen,5754399.373,280,669.391162362906,HD106902_TypB4_Mag7.95,"hms_tuple(h=12.0, m=18.0, s=13.936710976075943)","dms_tuple(d=-45.0, m=-25.0, s=-26.048621716472553)",184.55807,12.303871,-45.423902
59781,106955,,12.298756,-24.01341,141.0437,0.0,6.95,1.203,B9V,0.1,Crv,28.761,130,277.01490180011757,HD106955_TypB9_Mag6.95,"hms_tuple(h=12.0, m=18.0, s=15.841490499785209)","dms_tuple(d=-24.0, m=-2.0, s=-40.08864130512421)",184.566006,12.3044,-24.044469
60002,107348,,12.34268,-22.215901,127.3885,-6.0,5.2,-0.326,B8V,-0.09,Crv,117.598,34,59.14848953729135,HD107348_TypB8_Mag5.2,"hms_tuple(h=12.0, m=20.0, s=53.69717203086495)","dms_tuple(d=-22.0, m=-14.0, s=-49.063211137190024)",185.223738,12.348249,-22.246962
60263,107832,,12.393174,-35.412677,136.2398,-10.0,5.32,-0.352,B8/B9V,-0.066,Cen,120.448,37,65.75440914829991,HD107832_TypB8_Mag5.32,"hms_tuple(h=12.0, m=23.0, s=58.20417737571802)","dms_tuple(d=-35.0, m=-26.0, s=-37.39994764023834)",185.992517,12.399501,-35.443722
60276,107860,,12.395765,-38.911381,102.7749,-8.0,5.79,0.731,B8/B9V,-0.064,Cen,44.422,54,99.54466638423023,HD107860_TypB8_Mag5.79,"hms_tuple(h=12.0, m=24.0, s=8.612640988137912)","dms_tuple(d=-38.0, m=-56.0, s=-32.71625928959395)",186.035886,12.402392,-38.942421
60330,107931,,12.405946,-47.372937,162.6016,0.0,6.61,0.554,B9V,-0.049,Cen,52.288,100,205.22157007953126,HD107931_TypB9_Mag6.61,"hms_tuple(h=12.0, m=24.0, s=48.822919668973555)","dms_tuple(d=-47.0, m=-24.0, s=-14.26536092664378)",186.203429,12.413562,-47.403963
60422,108114,,12.422706,-35.186417,134.5895,-11.0,5.71,0.065,B9IV/V,-0.066,Cen,82.035,50,92.76066385520623,HD108114_TypB9_Mag5.71,"hms_tuple(h=12.0, m=25.0, s=44.4557068392065)","dms_tuple(d=-35.0, m=-13.0, s=-2.8650619817409506)",186.435232,12.429015,-35.217463
60546,108323,,12.447692,-32.830121,155.521,-15.0,5.56,-0.399,B9V,0.007,Hya,125.777,45,81.26196536369221,HD108323_TypB9_Mag5.56,"hms_tuple(h=12.0, m=27.0, s=13.782860029016604)","dms_tuple(d=-32.0, m=-51.0, s=-40.2107141468656)",186.807429,12.453829,-32.86117
60666,108541,,12.472908,-39.041172,133.8688,5.0,5.45,-0.183,B8/B9V,-0.073,Cen,103.086,41,73.74589812917522,HD108541_TypB8_Mag5.45,"hms_tuple(h=12.0, m=28.0, s=46.371258613369974)","dms_tuple(d=-39.0, m=-4.0, s=-19.963154698510834)",187.193214,12.479548,-39.072212
60775,108767,Algorab,12.497739,-16.515432,26.6312,9.0,2.94,0.813,B9.5V,-0.012,Crv,41.191,6,8.053116754439568,HD108767_TypB9_Mag2.94,"hms_tuple(h=12.0, m=30.0, s=11.218773934147919)","dms_tuple(d=-16.0, m=-32.0, s=-47.3958374859609)",187.546745,12.503116,-16.546499
61087,109387,,12.558058,69.788238,150.3759,-11.0,3.85,-2.036,B6IIIp,-0.116,Dra,568.068,12,17.974421506591604,HD109387_TypB6_Mag3.85,"hms_tuple(h=12.0, m=34.0, s=22.64072412163344)","dms_tuple(d=69.0, m=45.0, s=25.25107482786666)",188.594336,12.572956,69.757014
61595,110073,,12.664594,-39.987302,111.8568,15.0,4.63,-0.613,B8II/III,-0.082,Cen,153.179,22,35.7711463937696,HD110073_TypB8_Mag4.63,"hms_tuple(h=12.0, m=40.0, s=16.768995335761616)","dms_tuple(d=-40.0, m=-1.0, s=-6.025938640871118)",190.069871,12.671325,-40.018341
61690,110225,,12.680961,-27.713241,215.0538,0.0,7.56,0.897,B9IV/V,-0.021,Hya,38.124,208,474.5052325085976,HD110225_TypB9_Mag7.56,"hms_tuple(h=12.0, m=41.0, s=12.426844386622946)","dms_tuple(d=-27.0, m=-44.0, s=-39.46524627236187)",190.301779,12.686785,-27.744296
61934,110653,,12.732963,-36.349153,242.7184,-1.0,6.38,-0.546,B8/B9V,-0.06,Cen,144.012,84,167.52990115327088,HD110653_TypB8_Mag6.38,"hms_tuple(h=12.0, m=44.0, s=21.715802436073375)","dms_tuple(d=-36.0, m=-22.0, s=-48.70886764457964)",191.090483,12.739366,-36.380197
62252,111226,,12.798236,-24.851659,226.7574,49.0,6.43,-0.348,B8V,-0.058,Hya,120.005,87,175.0859005727711,HD111226_TypB8_Mag6.43,"hms_tuple(h=12.0, m=48.0, s=14.105196642863831)","dms_tuple(d=-24.0, m=-52.0, s=-57.781724684921016)",192.058772,12.803918,-24.882717
62286,111235,,12.804577,-44.718768,214.1328,0.0,6.88,0.227,B9V,-0.018,Cen,70.664,123,260.4238489413245,HD111235_TypB9_Mag6.88,"hms_tuple(h=12.0, m=48.0, s=42.60652322468388)","dms_tuple(d=-44.0, m=-44.0, s=-59.275054777709215)",192.177527,12.811835,-44.749799
62486,111597,,12.844769,-33.999302,122.6994,4.0,4.9,-0.544,B9V,-0.031,Cen,143.747,27,45.39317977783182,HD111597_TypB9_Mag4.9,"hms_tuple(h=12.0, m=51.0, s=3.5598578586353824)","dms_tuple(d=-34.0, m=-1.0, s=-49.25680902431907)",192.764833,12.850989,-34.030349
62575,111748,,12.864055,-31.201919,301.2048,0.0,6.97,-0.424,B8Vp (Si),-0.055,Cen,128.706,132,281.9464748828664,HD111748_TypB8_Mag6.97,"hms_tuple(h=12.0, m=52.0, s=12.30009523088313)","dms_tuple(d=-31.0, m=-13.0, s=-58.690944073242406)",193.05125,12.870083,-31.23297
62588,111774,,12.865815,-39.680431,142.8571,5.0,5.99,0.215,B7/B8V,-0.098,Cen,71.45,62,118.75539918732655,HD111774_TypB7_Mag5.99,"hms_tuple(h=12.0, m=52.0, s=21.056461643004383)","dms_tuple(d=-39.0, m=-42.0, s=-41.292046075675444)",193.087735,12.872516,-39.71147
62844,112192,,12.918606,-42.290883,392.1569,14.0,6.82,-1.147,B5Vn,-0.13,Cen,250.496,118,246.99612663521023,HD112192_TypB5_Mag6.82,"hms_tuple(h=12.0, m=55.0, s=32.07950358426288)","dms_tuple(d=-42.0, m=-19.0, s=-18.904206722317554)",193.883665,12.925578,-42.321918
63022,112504,,12.955286,-8.910819,194.9318,0.0,6.93,0.481,B9,0.086,Vir,55.924,128,272.1695876893252,HD112504_TypB9_Mag6.93,"hms_tuple(h=12.0, m=57.0, s=37.81462665368551)","dms_tuple(d=-8.0, m=-56.0, s=-30.815284907993288)",194.407561,12.960504,-8.941893
63337,113009,,13.020864,-44.751867,229.8851,-7.0,7.66,0.852,B6V,-0.081,Cen,39.737,224,518.2731261472211,HD113009_TypB6_Mag7.66,"hms_tuple(h=13.0, m=1.0, s=41.25469945303536)","dms_tuple(d=-44.0, m=-46.0, s=-58.43123953689201)",195.421895,13.028126,-44.782898
63697,113797,,13.095678,35.798899,104.3841,-13.0,5.2,0.107,B9V,-0.059,CVn,78.922,34,59.14848953729135,HD113797_TypB9_Mag5.2,"hms_tuple(h=13.0, m=6.0, s=7.31101617741686)","dms_tuple(d=35.0, m=46.0, s=4.0046673570196845)",196.530463,13.102031,35.767779
64013,114376,,13.161676,38.533885,370.3704,-6.0,6.25,-1.593,B7III,-0.098,CVn,377.746,76,149.37548995214374,HD114376_TypB7_Mag6.25,"hms_tuple(h=13.0, m=10.0, s=5.745897314641724)","dms_tuple(d=38.0, m=30.0, s=9.94015372727688)",197.523941,13.168263,38.502761
64416,114981,,13.244635,-38.651568,552.4862,0.0,7.16,-1.552,B4V:ne,-0.098,Cen,363.747,153,333.40358783117154,HD114981_TypB4_Mag7.16,"hms_tuple(h=13.0, m=15.0, s=4.457774035606832)","dms_tuple(d=-38.0, m=-40.0, s=-57.39086201070336)",198.768574,13.251238,-38.682609
64516,115301,,13.266032,21.381804,142.4501,-7.0,7.39,1.622,B9,0.026,Com,19.552,182,408.41430272357115,HD115301_TypB9_Mag7.39,"hms_tuple(h=13.0, m=16.0, s=17.639327635954203)","dms_tuple(d=21.0, m=21.0, s=2.5245458007398724)",199.073497,13.271566,21.350701
64568,115612,,13.274624,68.408001,131.0616,-7.0,6.2,0.613,B9.5V,-0.052,Dra,49.522,73,142.92904788185962,HD115612_TypB9_Mag6.2,"hms_tuple(h=13.0, m=17.0, s=19.00378679966039)","dms_tuple(d=68.0, m=22.0, s=36.43335636825668)",199.329182,13.288612,68.376787
64686,115470,,13.30142,-44.055379,125.3133,0.0,6.8,1.31,B9V,-0.018,Cen,26.062,116,242.67587595584382,HD115470_TypB9_Mag6.8,"hms_tuple(h=13.0, m=18.0, s=30.94654208511585)","dms_tuple(d=-44.0, m=-5.0, s=-11.078917549878042)",199.628944,13.308596,-44.086411
64967,115987,,13.356342,-39.989957,335.5705,0.0,7.47,-0.159,B9.5V,0.002,Cen,100.832,194,438.2834686761904,HD115987_TypB9_Mag7.47,"hms_tuple(h=13.0, m=21.0, s=47.06273815942566)","dms_tuple(d=-40.0, m=-1.0, s=-15.583923801556807)",200.446095,13.363073,-40.020996
64972,115988,,13.357198,-43.634325,123.9157,13.0,6.67,1.204,B9V,-0.024,Cen,28.734,105,216.3782561854747,HD115988_TypB9_Mag6.67,"hms_tuple(h=13.0, m=21.0, s=51.56543889772976)","dms_tuple(d=-43.0, m=-39.0, s=-55.28717381449496)",200.464856,13.364324,-43.665358
65268,116658,Spica,13.419883,-11.161322,76.5697,1.0,0.98,-3.44,B1V,-0.235,Vir,2070.141,1,1.428687961011859,HD116658_TypB1_Mag0.98,"hms_tuple(h=13.0, m=25.0, s=30.49529672058071)","dms_tuple(d=-11.0, m=-11.0, s=-32.618474198727796)",201.377064,13.425138,-11.192394
65592,117145,,13.487797,-45.537773,200.8032,-13.0,6.61,0.096,B9IV/V,-0.042,Cen,79.726,100,205.22157007953126,HD117145_TypB9_Mag6.61,"hms_tuple(h=13.0, m=29.0, s=42.57683231888038)","dms_tuple(d=-45.0, m=-34.0, s=-7.687655004935436)",202.427403,13.49516,-45.568802
65756,117484,,13.52527,-46.735235,147.2754,0.0,7.55,1.709,B9V,0.006,Cen,18.047,206,470.3371004243402,HD117484_TypB9_Mag7.55,"hms_tuple(h=13.0, m=31.0, s=58.063054824484226)","dms_tuple(d=-46.0, m=-45.0, s=-58.54266976158442)",202.991929,13.532795,-46.766262
66227,118320,,13.619893,-47.015584,100000.0,0.0,7.75,-12.25,B5III,-0.053,Cen,6918309.709,240,561.1056035680328,HD118320_TypB5_Mag7.75,"hms_tuple(h=13.0, m=37.0, s=38.84791176758384)","dms_tuple(d=-47.0, m=-2.0, s=-47.79710085516797)",204.411866,13.627458,-47.04661
66244,118354,,13.623189,-46.427879,126.4223,3.0,5.91,0.401,B8V,-0.11,Cen,60.2,59,110.66217874985526,HD118354_TypB8_Mag5.91,"hms_tuple(h=13.0, m=37.0, s=50.418143438590874)","dms_tuple(d=-46.0, m=-27.0, s=-32.06320492613372)",204.460076,13.630672,-46.458906
66366,118648,,13.647322,-33.111276,338.9831,0.0,7.0,-0.651,B9.5V,-0.042,Cen,158.635,135,289.50893673230235,HD118648_TypB9_Mag7.0,"hms_tuple(h=13.0, m=39.0, s=12.52137659374796)","dms_tuple(d=-33.0, m=-8.0, s=-32.36740379028731)",204.802172,13.653478,-33.142324
66637,119103,,13.700403,-43.147012,384.6154,-11.0,7.14,-0.785,B8III,-0.056,Cen,179.473,151,327.5719697549974,HD119103_TypB8_Mag7.14,"hms_tuple(h=13.0, m=42.0, s=26.89778509818865)","dms_tuple(d=-43.0, m=-10.0, s=-40.96340195325752)",205.612074,13.707472,-43.178045
66703,119222,,13.713875,-44.190899,448.4305,2.0,7.02,-1.238,B6III,-0.102,Cen,272.396,137,294.66293556170405,HD119222_TypB6_Mag7.02,"hms_tuple(h=13.0, m=43.0, s=15.843937923250166)","dms_tuple(d=-44.0, m=-13.0, s=-18.950054558483203)",205.816016,13.721068,-44.221931
66771,119361,,13.727802,-42.067521,613.4969,-21.0,5.96,-2.979,B8III,-0.075,Cen,1353.942,61,115.65330781182224,HD119361_TypB8_Mag5.96,"hms_tuple(h=13.0, m=44.0, s=5.0965108398392545)","dms_tuple(d=-42.0, m=-5.0, s=-54.80234132503767)",206.021235,13.734749,-42.098556
66847,119608,,13.742031,-17.937006,970.8738,26.0,7.5,-2.436,B1Ib,-0.049,Vir,821.107,198,450.03925321819855,HD119608_TypB1_Mag7.5,"hms_tuple(h=13.0, m=44.0, s=50.81976397298348)","dms_tuple(d=-17.0, m=-58.0, s=-5.057127556929402)",206.211749,13.74745,-17.968071
67018,120198,,13.776573,54.432679,89.0472,-2.0,5.68,0.932,B9p EuCr,-0.039,UMa,36.915,49,90.33759882152823,HD120198_TypB9_Mag5.68,"hms_tuple(h=13.0, m=47.0, s=7.541670370992932)","dms_tuple(d=54.0, m=24.0, s=5.485611159705286)",206.781424,13.785428,54.401524
67066,120086,,13.788666,-2.443507,471.6981,1.0,7.87,-0.498,B2V,-0.183,Vir,137.784,263,623.771929275639,HD120086_TypB2_Mag7.87,"hms_tuple(h=13.0, m=47.0, s=37.771643206543644)","dms_tuple(d=-2.0, m=-28.0, s=-28.513519941038794)",206.907382,13.793825,-2.474587
67087,120315,Alkaid,13.792354,49.313265,31.8674,-11.0,1.85,-0.667,B3V SB,-0.099,UMa,160.99,2,3.0782312139721,HD120315_TypB3_Mag1.85,"hms_tuple(h=13.0, m=48.0, s=0.9210292321161262)","dms_tuple(d=49.0, m=16.0, s=55.63934589788971)",207.003838,13.800256,49.282122
67133,120095,,13.80341,-42.184749,359.7122,0.0,7.99,0.21,B9.5V,0.024,Cen,71.779,288,693.4370594020932,HD120095_TypB9_Mag7.99,"hms_tuple(h=13.0, m=48.0, s=37.331681719618075)","dms_tuple(d=-42.0, m=-12.0, s=-56.82244205703057)",207.155549,13.81037,-42.215784
67250,120307,,13.825078,-41.687709,133.8688,9.0,3.41,-2.223,B2IV,-0.225,Cen,674.839,8,12.191499110971325,HD120307_TypB2_Mag3.41,"hms_tuple(h=13.0, m=49.0, s=55.141755278540785)","dms_tuple(d=-41.0, m=-43.0, s=-7.481389290738321)",207.479757,13.831984,-41.718745
67258,120324,,13.826943,-42.473732,155.0388,9.0,3.47,-2.482,B2IV-Ve,-0.17,Cen,856.643,9,12.854278996581225,HD120324_TypB2_Mag3.47,"hms_tuple(h=13.0, m=50.0, s=2.1659817565719663)","dms_tuple(d=-42.0, m=-30.0, s=-17.159507115195538)",207.509025,13.833935,-42.504767
67448,120640,,13.863117,-46.898666,487.8049,-5.0,5.77,-2.671,B2Vp,-0.153,Cen,1019.53,53,97.80351392798568,HD120640_TypB2_Mag5.77,"hms_tuple(h=13.0, m=52.0, s=14.394807894470603)","dms_tuple(d=-46.0, m=-55.0, s=-46.893124481550785)",208.059978,13.870665,-46.929693
67454,120709,,13.863779,-32.994089,105.3741,10.0,4.32,-0.794,B5,-0.146,Cen,180.967,17,27.2112215058883,HD120709_TypB5_Mag4.32,"hms_tuple(h=13.0, m=52.0, s=11.737065462769465)","dms_tuple(d=-33.0, m=-1.0, s=-30.49475096994115)",208.048904,13.869927,-33.025137
67571,120955,,13.886817,-31.927612,195.3125,5.0,4.75,-1.704,B4IV,-0.111,Cen,418.408,24,39.766198834151524,HD120955_TypB4_Mag4.75,"hms_tuple(h=13.0, m=53.0, s=34.413033906427586)","dms_tuple(d=-31.0, m=-57.0, s=-31.18246513793565)",208.393388,13.892893,-31.958662
67594,120958,,13.891175,-39.057199,100000.0,-19.0,7.61,-12.39,B3Vnne,-0.109,Cen,7870457.897,216,495.90655392467346,HD120958_TypB3_Mag7.61,"hms_tuple(h=13.0, m=53.0, s=52.13788903441781)","dms_tuple(d=-39.0, m=-5.0, s=-17.66026751370191)",208.467241,13.897816,-39.088239
67646,120991,,13.899234,-47.128164,100000.0,-21.0,5.83,-14.17,B2IIIe,-0.053,Cen,40550853.545,55,103.12051401004337,HD120991_TypB2_Mag5.83,"hms_tuple(h=13.0, m=54.0, s=24.53316229168422)","dms_tuple(d=-47.0, m=-9.0, s=-33.08430436848141)",208.602222,13.906815,-47.15919
67785,121263,,13.925667,-47.288375,117.096,7.0,2.55,-2.793,B2.5IV,-0.176,Cen,1140.775,4,5.708539719131468,HD121263_TypB2_Mag2.55,"hms_tuple(h=13.0, m=55.0, s=59.77460874463887)","dms_tuple(d=-47.0, m=-19.0, s=-9.842765061043792)",208.999061,13.933271,-47.319401
67905,121483,,13.946663,-46.386012,552.4862,-22.0,6.95,-1.762,B2V,-0.126,Cen,441.367,130,277.01490180011757,HD121483_TypB2_Mag6.95,"hms_tuple(h=13.0, m=57.0, s=14.903853852415523)","dms_tuple(d=-46.0, m=-25.0, s=-1.3422939044090754)",209.312099,13.95414,-46.41704
67917,121611,,13.94981,-23.103619,204.0816,0.0,7.6,1.051,B9.5V,-0.028,Hya,33.083,214,491.5504291096121,HD121611_TypB9_Mag7.6,"hms_tuple(h=13.0, m=57.0, s=19.495479168213166)","dms_tuple(d=-23.0, m=-8.0, s=-4.844592376298067)",209.331231,13.955415,-23.134679
68026,121743,,13.971186,-42.100753,161.0306,6.0,3.83,-2.205,B2IV,-0.224,Cen,663.743,12,17.660027885189756,HD121743_TypB2_Mag3.83,"hms_tuple(h=13.0, m=58.0, s=41.29202806246511)","dms_tuple(d=-42.0, m=-7.0, s=-54.43734335828083)",209.67205,13.978137,-42.131788
68050,121847,,13.975319,-24.972249,102.0408,5.0,5.2,0.156,B8V,-0.086,Hya,75.44,34,59.14848953729135,HD121847_TypB8_Mag5.2,"hms_tuple(h=13.0, m=58.0, s=51.62403016285751)","dms_tuple(d=-25.0, m=-0.0, s=-11.905243884228867)",209.7151,13.981007,-25.003307
68063,121790,,13.977987,-44.803584,131.0616,5.0,3.87,-1.717,B2IV-V,-0.208,Cen,423.448,12,18.29441213779549,HD121790_TypB2_Mag3.87,"hms_tuple(h=13.0, m=59.0, s=6.920951620261775)","dms_tuple(d=-44.0, m=-50.0, s=-4.612102729765866)",209.778837,13.985256,-44.834614
68433,122511,,14.053175,-39.702758,265.9574,0.0,8.0,0.876,B9IV,-0.016,Cen,38.869,290,699.5823055523535,HD122511_TypB9_Mag8.0,"hms_tuple(h=14.0, m=3.0, s=35.56027323597036)","dms_tuple(d=-39.0, m=-44.0, s=-1.6691223616595607)",210.898168,14.059878,-39.733797
68453,122532,,14.057632,-41.423345,219.7802,4.0,6.08,-0.63,B8 Si,-0.112,Cen,155.597,67,128.56989215960064,HD122532_TypB8_Mag6.08,"hms_tuple(h=14.0, m=3.0, s=52.234567813567594)","dms_tuple(d=-41.0, m=-27.0, s=-15.772538331235637)",210.967644,14.06451,-41.454381
68641,122980,,14.10077,-41.179633,156.4945,12.0,4.36,-1.612,B2V,-0.198,Cen,384.415,18,28.188704131041902,HD122980_TypB2_Mag4.36,"hms_tuple(h=14.0, m=6.0, s=27.438912432331506)","dms_tuple(d=-41.0, m=-12.0, s=-38.410755216166876)",211.614329,14.107622,-41.21067
68749,123307,,14.120513,-16.190467,211.8644,0.0,7.28,0.65,B9IV/V,-0.006,Vir,47.863,168,370.63931974020056,HD123307_TypB9_Mag7.28,"hms_tuple(h=14.0, m=7.0, s=33.17291958493939)","dms_tuple(d=-16.0, m=-13.0, s=-17.52299480340696)",211.88822,14.125881,-16.221534
68892,123445,,14.147748,-43.470779,161.0306,-2.0,6.19,0.155,B9V,-0.056,Cen,75.509,73,141.67353559361956,HD123445_TypB9_Mag6.19,"hms_tuple(h=14.0, m=9.0, s=17.475843802723148)","dms_tuple(d=-43.0, m=-30.0, s=-6.5225955258625845)",212.322816,14.154854,-43.501812
68939,124290,,14.15737,69.590444,187.6173,0.0,7.33,0.964,B9,-0.03,UMi,35.843,174,387.3560399526628,HD124290_TypB9_Mag7.33,"hms_tuple(h=14.0, m=10.0, s=19.66684719142222)","dms_tuple(d=69.0, m=33.0, s=33.19804044004513)",212.581945,14.17213,69.559222
69166,124224,,14.20439,2.409433,79.1766,-2.0,4.99,0.497,B9p Si,-0.118,Vir,55.106,29,49.144681157705676,HD124224_TypB9_Mag4.99,"hms_tuple(h=14.0, m=12.0, s=34.376721211988155)","dms_tuple(d=2.0, m=22.0, s=42.05456265621095)",213.143236,14.209549,2.378348
69207,124176,,14.215306,-40.833484,265.9574,0.0,6.75,-0.374,B9V,-0.012,Cen,122.914,112,232.20296653338022,HD124176_TypB9_Mag6.75,"hms_tuple(h=14.0, m=13.0, s=19.63913621441094)","dms_tuple(d=-40.0, m=-51.0, s=-52.27634960956436)",213.33183,14.222122,-40.864521
69621,124961,,14.294228,-40.861724,370.3704,0.0,7.87,0.027,B9V,-0.012,Cen,84.957,263,623.771929275639,HD124961_TypB9_Mag7.87,"hms_tuple(h=14.0, m=18.0, s=3.7688067787382806)","dms_tuple(d=-40.0, m=-53.0, s=-33.940187683630256)",214.515703,14.301047,-40.892761
69647,125007,,14.298076,-42.591232,291.5452,18.0,7.03,-0.294,B9V,-0.038,Lup,114.183,138,297.27424144135534,HD125007_TypB9_Mag7.03,"hms_tuple(h=14.0, m=18.0, s=18.292232918138467)","dms_tuple(d=-42.0, m=-37.0, s=-20.158797100491483)",214.576218,14.305081,-42.622266
69772,125238,,14.323396,-46.058093,103.6269,22.0,3.55,-1.527,B2.5IV,-0.184,Lup,355.468,9,13.794369953214591,HD125238_TypB2_Mag3.55,"hms_tuple(h=14.0, m=19.0, s=50.982189573686156)","dms_tuple(d=-46.0, m=-5.0, s=-20.836142063873808)",214.962426,14.330828,-46.089121
69997,126138,,14.366629,53.521187,318.4713,-12.0,7.55,0.035,B9,-0.125,Boo,84.333,206,470.3371004243402,HD126138_TypB9_Mag7.55,"hms_tuple(h=14.0, m=22.0, s=31.054146543751244)","dms_tuple(d=53.0, m=29.0, s=24.123038042149005)",215.629392,14.375293,53.490034
70019,125745,,14.372145,-34.786792,420.1681,-37.0,5.57,-2.547,B8V,-0.088,Cen,909.494,45,81.98210971283382,HD125745_TypB8_Mag5.57,"hms_tuple(h=14.0, m=22.0, s=42.32537338811284)","dms_tuple(d=-34.0, m=-49.0, s=-4.217015073789412)",215.676356,14.378424,-34.817838
70076,125823,,14.383956,-39.511819,140.2525,8.0,4.41,-1.325,B2V,-0.185,Cen,295.121,18,29.46008213929217,HD125823_TypB2_Mag4.41,"hms_tuple(h=14.0, m=23.0, s=26.305349732803478)","dms_tuple(d=-39.0, m=-32.0, s=-34.289777778558346)",215.859606,14.39064,-39.542858
70231,126135,,14.4122,-40.755161,165.0165,12.0,6.97,0.882,B8V,-0.053,Cen,38.654,132,281.9464748828664,HD126135_TypB8_Mag6.97,"hms_tuple(h=14.0, m=25.0, s=8.428574153189317)","dms_tuple(d=-40.0, m=-47.0, s=-10.313997986064578)",216.285119,14.419008,-40.786198
70241,126110,,14.413144,-45.203954,257.732,-11.6,7.9,0.844,B9V,0.028,Lup,40.031,269,640.5029468202126,HD126110_TypB9_Mag7.9,"hms_tuple(h=14.0, m=25.0, s=13.669871537980072)","dms_tuple(d=-45.0, m=-14.0, s=-5.9414746781163785)",216.306958,14.420464,-45.234984
70350,126341,,14.435619,-45.221424,334.4482,-22.0,4.56,-3.062,B2IV,-0.147,Lup,1461.504,21,33.62873103350546,HD126341_TypB2_Mag4.56,"hms_tuple(h=14.0, m=26.0, s=34.587976228191906)","dms_tuple(d=-45.0, m=-15.0, s=-8.833359162440502)",216.644117,14.442941,-45.252454
70402,126475,,14.447188,-39.873989,147.2754,8.0,6.36,0.519,B9V,-0.088,Cen,54.001,83,164.59960755259254,HD126475_TypB9_Mag6.36,"hms_tuple(h=14.0, m=27.0, s=14.067273108235696)","dms_tuple(d=-39.0, m=-54.0, s=-18.099770896291147)",216.808614,14.453908,-39.905028
70466,126548,,14.458531,-47.099048,206.6116,-14.0,7.66,1.084,B9V,-0.031,Lup,32.092,224,518.2731261472211,HD126548_TypB9_Mag7.66,"hms_tuple(h=14.0, m=27.0, s=57.98741893987042)","dms_tuple(d=-47.0, m=-7.0, s=-48.26691068300477)",216.991614,14.466108,-47.130074
70479,126575,,14.460953,-46.201872,295.858,0.0,7.68,0.325,B9V,-0.022,Lup,64.565,227,527.4997120883073,HD126575_TypB9_Mag7.68,"hms_tuple(h=14.0, m=28.0, s=6.257402269151839)","dms_tuple(d=-46.0, m=-13.0, s=-58.439559646431576)",217.026073,14.468405,-46.2329
70529,126769,,14.469564,-29.491638,120.6273,16.0,4.97,-0.437,B7/B8V,-0.074,Hya,130.257,28,48.285083296592646,HD126769_TypB7_Mag4.97,"hms_tuple(h=14.0, m=28.0, s=31.756030996772182)","dms_tuple(d=-29.0, m=-31.0, s=-21.686877823166526)",217.132317,14.475488,-29.522691
70690,126981,,14.502399,-45.321355,146.1988,10.0,5.51,-0.315,B8Vn,-0.087,Lup,116.413,43,77.75502756283679,HD126981_TypB8_Mag5.51,"hms_tuple(h=14.0, m=30.0, s=35.042479495565004)","dms_tuple(d=-45.0, m=-21.0, s=-8.584297026717422)",217.64601,14.509734,-45.352385
70720,127208,,14.511241,-22.460915,389.1051,-22.9,6.92,-1.03,B8Ve,0.167,Lib,224.905,127,269.7788052214281,HD127208_TypB8_Mag6.92,"hms_tuple(h=14.0, m=31.0, s=0.5520876629235261)","dms_tuple(d=-22.0, m=-29.0, s=-31.112671951530615)",217.7523,14.51682,-22.491976
71100,127864,,14.586308,-46.461967,335.5705,-15.0,6.89,-0.739,B9V,-0.01,Lup,172.028,124,262.73172769318006,HD127864_TypB9_Mag6.89,"hms_tuple(h=14.0, m=35.0, s=37.66342298638179)","dms_tuple(d=-46.0, m=-29.0, s=-34.7797693124312)",218.906931,14.593795,-46.492994
71124,127972,,14.591786,-42.157824,93.7207,0.0,2.33,-2.529,B1Vn + A,-0.157,Cen,894.54,3,4.701388296862538,HD127972_TypB1_Mag2.33,"hms_tuple(h=14.0, m=35.0, s=55.47460674380105)","dms_tuple(d=-42.0, m=-11.0, s=-19.892602894676656)",218.981144,14.598743,-42.188859
71126,127971,,14.592079,-41.517436,112.4859,10.0,5.88,0.625,B6V,-0.085,Cen,48.978,57,107.77149594601158,HD127971_TypB6_Mag5.88,"hms_tuple(h=14.0, m=35.0, s=56.27976849389924)","dms_tuple(d=-41.0, m=-32.0, s=-54.499588457868526)",218.984499,14.598967,-41.548472
71226,128207,,14.61226,-40.21158,147.4926,2.0,5.74,-0.104,B8V,-0.112,Cen,95.852,52,95.24872114276333,HD128207_TypB8_Mag5.74,"hms_tuple(h=14.0, m=37.0, s=8.446683228219882)","dms_tuple(d=-40.0, m=-14.0, s=-33.42548101500199)",219.285195,14.619013,-40.242618
71230,128224,,14.612967,-36.665343,757.5758,0.0,7.68,-1.717,B8,-0.061,Cen,423.448,227,527.4997120883073,HD128224_TypB8_Mag7.68,"hms_tuple(h=14.0, m=37.0, s=9.82464834960652)","dms_tuple(d=-36.0, m=-41.0, s=-46.99126206889673)",219.290936,14.619396,-36.696386
71497,128819,,14.671569,-40.841696,157.2327,2.0,6.65,0.667,B8/B9V,-0.069,Cen,47.119,104,212.59354781364726,HD128819_TypB8_Mag6.65,"hms_tuple(h=14.0, m=40.0, s=42.188979447461605)","dms_tuple(d=-40.0, m=-52.0, s=-21.83950253681985)",220.175787,14.678386,-40.872733
71535,129174,,14.678768,16.418324,93.7207,-1.0,4.49,-0.369,B9p MnHg,-0.002,Boo,122.349,20,31.614629804563066,HD129174_TypB9_Mag4.49,"hms_tuple(h=14.0, m=41.0, s=2.9072741600957386)","dms_tuple(d=16.0, m=23.0, s=14.014731875157054)",220.262114,14.684141,16.387226
71633,129056,,14.698823,-47.3882,142.4501,5.0,2.3,-3.468,B1.5III,-0.154,Lup,2124.222,3,4.578580102974966,HD129056_TypB1_Mag2.3,"hms_tuple(h=14.0, m=42.0, s=23.188066743891085)","dms_tuple(d=-47.0, m=-25.0, s=-9.212051676911415)",220.596617,14.706441,-47.419226
71638,129116,,14.699332,-37.793498,103.9501,1.0,4.01,-1.074,B2.5V,-0.157,Cen,234.207,13,20.69966021473337,HD129116_TypB2_Mag4.01,"hms_tuple(h=14.0, m=42.0, s=21.087925096704936)","dms_tuple(d=-37.0, m=-49.0, s=-28.34342349431779)",220.587866,14.705858,-37.82454
71747,129433,,14.720431,-24.997753,152.439,-4.0,5.7,-0.215,B9.5V,0.006,Lib,106.17,50,91.94583891191142,HD129433_TypB9_Mag5.7,"hms_tuple(h=14.0, m=43.0, s=34.03148377779857)","dms_tuple(d=-25.0, m=-1.0, s=-43.71954207718517)",220.891798,14.72612,-25.028811
71927,129956,,14.75839,0.717271,151.2859,-20.0,5.68,-0.219,B9.5V,-0.021,Vir,106.561,49,90.33759882152823,HD129956_TypB9_Mag5.68,"hms_tuple(h=14.0, m=45.0, s=48.76205322621914)","dms_tuple(d=0.0, m=41.0, s=10.276913914668171)",221.453175,14.763545,0.686188
72096,130158,,14.789599,-25.624267,227.7904,-18.0,5.61,-1.178,B9IV/V,-0.043,Hya,257.751,47,84.92707445101695,HD130158_TypB9_Mag5.61,"hms_tuple(h=14.0, m=47.0, s=43.142618282454066)","dms_tuple(d=-25.0, m=-39.0, s=-19.16742769750556)",221.929761,14.795317,-25.655324
72151,130274,,14.799322,-26.646155,137.1742,6.0,5.76,0.074,B9.5V,-0.007,Hya,81.358,52,96.94439175940381,HD130274_TypB9_Mag5.76,"hms_tuple(h=14.0, m=48.0, s=18.326614406540358)","dms_tuple(d=-26.0, m=-40.0, s=-37.9600691280956)",222.076361,14.805091,-26.677211
72222,130557,,14.815026,-0.847655,134.5895,-16.0,6.15,0.505,B9Vsvar...,-0.025,Lib,54.702,71,136.76080818184963,HD130557_TypB9_Mag6.15,"hms_tuple(h=14.0, m=49.0, s=12.652505008042283)","dms_tuple(d=-0.0, m=-52.0, s=-43.451555944789675)",222.302719,14.820181,-0.878737
72278,130767,,14.824642,19.510367,125.6281,-14.0,6.91,1.415,B9,0.042,Boo,23.659,126,267.409023780344,HD130767_TypB9_Mag6.91,"hms_tuple(h=14.0, m=49.0, s=48.39455446488245)","dms_tuple(d=19.0, m=28.0, s=45.358331036962056)",222.451644,14.83011,19.479266
72323,130870,,14.832293,24.720485,137.1742,-12.5,6.77,1.084,B9,0.027,Boo,32.092,113,236.33677266456448,HD130870_TypB9_Mag6.77,"hms_tuple(h=14.0, m=50.0, s=16.67854766762673)","dms_tuple(d=24.0, m=41.0, s=21.763220264978997)",222.569494,14.837966,24.689379
72455,130807,,14.860641,-43.575359,123.9157,7.0,4.32,-1.146,B5IV,-0.154,Lup,250.265,17,27.2112215058883,HD130807_TypB5_Mag4.32,"hms_tuple(h=14.0, m=52.0, s=3.9350789207634307)","dms_tuple(d=-43.0, m=-36.0, s=-23.009942829605166)",223.016396,14.86776,-43.606392
72482,130903,,14.866002,-40.80584,757.5758,0.0,7.94,-1.457,B2:p,-0.074,Cen,333.273,277,663.5111201850515,HD130903_TypB2_Mag7.94,"hms_tuple(h=14.0, m=52.0, s=22.13450104584524)","dms_tuple(d=-40.0, m=-50.0, s=-12.758107984450362)",223.092227,14.872815,-40.836877
72553,131162,,14.87723,-24.117919,225.2252,0.0,7.57,0.807,B9IV,-0.018,Lib,41.419,209,478.71030262103807,HD131162_TypB9_Mag7.57,"hms_tuple(h=14.0, m=52.0, s=58.36447425291411)","dms_tuple(d=-24.0, m=-8.0, s=-56.32063019782947)",223.243185,14.882879,-24.148978
72572,131120,,14.880855,-37.80316,150.8296,6.0,5.02,-0.872,B7II/III,-0.155,Cen,194.446,30,50.462856093257514,HD131120_TypB7_Mag5.02,"hms_tuple(h=14.0, m=53.0, s=14.57380153336672)","dms_tuple(d=-37.0, m=-50.0, s=-3.1265727257334675)",223.310724,14.887382,-37.834202
72616,131168,,14.889477,-45.855746,282.4859,1.0,7.11,-0.145,B3Ve,-0.104,Lup,99.541,147,319.0152372679894,HD131168_TypB3_Mag7.11,"hms_tuple(h=14.0, m=53.0, s=48.77615761524055)","dms_tuple(d=-45.0, m=-53.0, s=-12.388316024877781)",223.453234,14.896882,-45.886775
72943,131919,,14.953808,-29.157678,151.5152,8.0,6.28,0.378,B8/B9V,-0.011,Hya,61.489,78,153.3820888800899,HD131919_TypB8_Mag6.28,"hms_tuple(h=14.0, m=57.0, s=34.96463190824201)","dms_tuple(d=-29.0, m=-11.0, s=-19.43231886523847)",224.395686,14.959712,-29.188731
73022,132041,,14.970576,-36.064336,270.2703,0.0,7.8,0.641,B8II/III,-0.067,Cen,48.261,249,586.4128089424291,HD132041_TypB8_Mag7.8,"hms_tuple(h=14.0, m=58.0, s=37.038781597187835)","dms_tuple(d=-36.0, m=-5.0, s=-43.36910277308732)",224.654328,14.976955,-36.09538
73038,132094,,14.973408,-37.362476,139.2758,0.0,7.26,1.541,B9V,-0.026,Cen,21.067,165,364.156405231697,HD132094_TypB9_Mag7.26,"hms_tuple(h=14.0, m=58.0, s=47.62577310488439)","dms_tuple(d=-37.0, m=-23.0, s=-36.66647488031856)",224.698441,14.979896,-37.393518
73045,132058,,14.975537,-43.13396,117.3709,-0.8,2.68,-2.668,B2III,-0.184,Lup,1016.717,5,6.40232942621315,HD132058_TypB2_Mag2.68,"hms_tuple(h=14.0, m=58.0, s=57.37474751400569)","dms_tuple(d=-43.0, m=-9.0, s=-53.97628239133269)",224.739061,14.982604,-43.164993
73106,132200,,14.986025,-42.104194,117.5088,8.0,3.13,-2.22,B2IV,-0.208,Cen,672.977,7,9.522864296384315,HD132200_TypB2_Mag3.13,"hms_tuple(h=14.0, m=59.0, s=34.71378754959375)","dms_tuple(d=-42.0, m=-8.0, s=-6.8249228480010515)",224.894641,14.992976,-42.135229
73113,132238,,14.987202,-37.881234,162.6016,15.0,6.45,0.394,B8V,-0.08,Cen,60.59,89,178.20287698386963,HD132238_TypB8_Mag6.45,"hms_tuple(h=14.0, m=59.0, s=37.44791489571412)","dms_tuple(d=-37.0, m=-54.0, s=-44.19256200015184)",224.906033,14.993736,-37.912276
73226,133029,,15.010756,47.277441,169.7793,-14.0,6.35,0.201,B9p SiSrCr,-0.099,Boo,72.377,82,163.15373750039242,HD133029_TypB9_Mag6.35,"hms_tuple(h=15.0, m=1.0, s=6.05721153221964)","dms_tuple(d=47.0, m=14.0, s=46.68801242151574)",225.275238,15.018349,47.246302
73245,132742,,15.016208,-8.518943,90.009,-39.0,4.91,0.139,B9.5V,0.0,Lib,76.63,27,45.795454590658096,HD132742_TypB9_Mag4.91,"hms_tuple(h=15.0, m=1.0, s=17.114071191790856)","dms_tuple(d=-8.0, m=-33.0, s=-0.06299988036786885)",225.321309,15.021421,-8.550017
73395,132955,,15.049799,-32.643294,118.9061,6.0,5.45,0.074,B3V,-0.127,Lup,81.358,41,73.74589812917522,HD132955_TypB3_Mag5.45,"hms_tuple(h=15.0, m=3.0, s=21.321742386361535)","dms_tuple(d=-32.0, m=-40.0, s=-27.6343802881712)",225.838841,15.055923,-32.674343
73409,133130,,15.052247,-12.857629,165.2893,0.0,7.69,1.599,B9.5IV/V,0.056,Lib,19.971,229,532.1744198083834,HD133130_TypB9_Mag7.69,"hms_tuple(h=15.0, m=3.0, s=27.125539261338787)","dms_tuple(d=-12.0, m=-53.0, s=-19.317860268152458)",225.863023,15.057535,-12.888699
73424,132960,,15.055798,-41.271528,100000.0,-29.0,7.4,-12.6,B1IV,-0.151,Lup,9549925.86,184,412.0336743557815,HD132960_TypB1_Mag7.4,"hms_tuple(h=15.0, m=3.0, s=45.5744403405366)","dms_tuple(d=-41.0, m=-18.0, s=-9.232222204225309)",225.939894,15.06266,-41.302565
73578,133242,,15.085303,-47.051245,135.8696,5.0,3.91,-1.756,B5,-0.144,Lup,438.935,12,18.95158476777924,HD133242_TypB5_Mag3.91,"hms_tuple(h=15.0, m=5.0, s=34.34213547231906)","dms_tuple(d=-47.0, m=-4.0, s=-56.17644892325643)",226.393092,15.092873,-47.082271
73636,133529,,15.096591,-25.789486,164.7446,-32.0,6.65,0.566,B7Vn...,-0.02,Lib,51.713,104,212.59354781364726,HD133529_TypB7_Mag6.65,"hms_tuple(h=15.0, m=6.0, s=8.342455974406846)","dms_tuple(d=-25.0, m=-49.0, s=-13.955160244099432)",226.53476,15.102317,-25.820543
73803,134225,,15.129204,32.259202,295.858,-13.0,7.87,0.515,B9,-0.066,Boo,54.2,263,623.771929275639,HD134225_TypB9_Mag7.87,"hms_tuple(h=15.0, m=8.0, s=7.070829861434618)","dms_tuple(d=32.0, m=13.0, s=41.11236128623091)",227.029462,15.135297,32.228087
73837,133880,,15.136703,-40.58393,110.742,3.0,5.75,0.528,B8IV Si,-0.113,Lup,53.555,52,96.09281626139521,HD133880_TypB8_Mag5.75,"hms_tuple(h=15.0, m=8.0, s=36.57645310233136)","dms_tuple(d=-40.0, m=-36.0, s=-53.88337456212412)",227.152402,15.143493,-40.614968
73871,133937,,15.144223,-42.867921,118.7648,1.0,5.85,0.477,B7V,-0.123,Lup,56.131,56,104.95632265378961,HD133937_TypB7_Mag5.85,"hms_tuple(h=15.0, m=9.0, s=4.534303044626)","dms_tuple(d=-42.0, m=-53.0, s=-56.23751451427779)",227.268893,15.15126,-42.898955
73888,133955,,15.147394,-45.279857,238.0952,10.0,4.07,-2.814,B3V,-0.162,Lup,1163.054,14,21.824978627539473,HD133955_TypB3_Mag4.07,"hms_tuple(h=15.0, m=9.0, s=17.005138592150928)","dms_tuple(d=-45.0, m=-18.0, s=-39.191772272998264)",227.320855,15.154724,-45.310887
73991,134218,,15.166837,-41.179404,327.8689,0.0,7.5,-0.079,B9V,-0.047,Lup,93.67,198,450.03925321819855,HD134218_TypB9_Mag7.5,"hms_tuple(h=15.0, m=10.0, s=25.280026092463004)","dms_tuple(d=-41.0, m=-12.0, s=-37.58635654260331)",227.605333,15.173689,-41.210441
74172,134796,,15.20582,-16.411074,185.5288,0.0,7.39,1.048,B9V,-0.008,Lib,33.174,182,408.41430272357115,HD134796_TypB9_Mag7.39,"hms_tuple(h=15.0, m=12.0, s=40.299936311720614)","dms_tuple(d=-16.0, m=-26.0, s=-31.707409563736064)",228.167916,15.211194,-16.442141
74220,134687,,15.213776,-44.500414,154.5595,14.0,4.83,-1.115,B3IV,-0.177,Lup,243.22,26,42.674478941780485,HD134687_TypB3_Mag4.83,"hms_tuple(h=15.0, m=13.0, s=15.624770522280045)","dms_tuple(d=-44.0, m=-31.0, s=-53.20206857321011)",228.315103,15.221007,-44.531445
74250,134837,,15.218796,-36.091425,120.7729,-3.0,6.09,0.68,B8V,-0.081,Lup,46.559,67,129.70927982877768,HD134837_TypB8_Mag6.09,"hms_tuple(h=15.0, m=13.0, s=30.63870316508826)","dms_tuple(d=-36.0, m=-7.0, s=-20.889366726636922)",228.377661,15.225177,-36.122469
74261,134946,,15.221503,-24.008322,151.5152,3.0,6.47,0.568,B8III,-0.026,Lib,51.618,90,181.37534353960828,HD134946_TypB8_Mag6.47,"hms_tuple(h=15.0, m=13.0, s=37.72988553868018)","dms_tuple(d=-24.0, m=-2.0, s=-21.77186130269348)",228.407208,15.227147,-24.039381
74371,135230,,15.242711,-17.768572,245.098,-26.0,6.18,-0.767,B9III,-0.015,Lib,176.522,72,140.42905193202526,HD135230_TypB9_Mag6.18,"hms_tuple(h=15.0, m=14.0, s=53.2492674601086)","dms_tuple(d=-17.0, m=-47.0, s=-58.69533717054509)",228.721872,15.248125,-17.799638
74393,135088,,15.247131,-42.319746,653.5948,0.0,7.49,-1.587,B9IV,0.0,Lup,375.664,197,446.0860343240754,HD135088_TypB9_Mag7.49,"hms_tuple(h=15.0, m=15.0, s=14.781025300467832)","dms_tuple(d=-42.0, m=-21.0, s=-2.81083357322359)",228.811588,15.254106,-42.350781
74428,135174,,15.255458,-44.149495,210.084,0.0,6.74,0.128,B9IV,-0.068,Lup,77.411,111,230.16325744576756,HD135174_TypB9_Mag6.74,"hms_tuple(h=15.0, m=15.0, s=45.524547021745576)","dms_tuple(d=-44.0, m=-10.0, s=-49.89591863989915)",228.939686,15.262646,-44.180527
74487,135348,,15.269573,-43.484997,632.9114,-21.0,6.05,-2.957,B3IV,-0.128,Lup,1326.783,65,125.21142966991891,HD135348_TypB3_Mag6.05,"hms_tuple(h=15.0, m=16.0, s=36.05187084747229)","dms_tuple(d=-43.0, m=-30.0, s=-57.70730692256052)",229.150216,15.276681,-43.51603
74522,135454,,15.276987,-42.370156,173.3102,0.0,6.76,0.566,B9V,-0.034,Lup,51.713,113,234.26075154331102,HD135454_TypB9_Mag6.76,"hms_tuple(h=15.0, m=17.0, s=2.2827889833659754)","dms_tuple(d=-42.0, m=-24.0, s=-4.286530781855049)",229.259512,15.283967,-42.401191
74555,135742,Zubeneschamali,15.283449,-9.382917,56.7537,-35.0,2.61,-1.16,B8V,-0.071,Lib,253.513,4,6.018879347392662,HD135742_TypB8_Mag2.61,"hms_tuple(h=15.0, m=17.0, s=19.22645156168727)","dms_tuple(d=-9.0, m=-24.0, s=-50.36649696926844)",229.33011,15.288674,-9.413991
74650,136175,,15.303154,31.647061,248.7562,-8.5,7.82,0.841,B7Vv SB,-0.035,CrB,40.142,253,596.8524553483364,HD136175_TypB7_Mag7.82,"hms_tuple(h=15.0, m=18.0, s=33.14530779683949)","dms_tuple(d=31.0, m=36.0, s=57.407546696337306)",229.638105,15.309207,31.615947
74720,135876,,15.315661,-40.788222,167.7852,11.0,5.59,-0.534,B9V,-0.099,Lup,142.43,46,83.4416007470692,HD135876_TypB9_Mag5.59,"hms_tuple(h=15.0, m=19.0, s=20.900385426685943)","dms_tuple(d=-40.0, m=-49.0, s=-9.333408850560545)",229.837085,15.322472,-40.819259
74911,136298,,15.356201,-40.647518,271.0027,-2.4,3.22,-3.945,B1.5IV,-0.227,Lup,3296.097,7,10.309877647797144,HD136298_TypB1_Mag3.22,"hms_tuple(h=15.0, m=21.0, s=46.792556086391244)","dms_tuple(d=-40.0, m=-40.0, s=-42.799812488576094)",230.444969,15.362998,-40.678556
74948,136849,,15.363495,32.933695,80.3213,-7.0,5.38,0.856,B9Vn,-0.051,Boo,39.591,39,69.32908847009371,HD136849_TypB9_Mag5.38,"hms_tuple(h=15.0, m=22.0, s=10.683984323295022)","dms_tuple(d=32.0, m=54.0, s=9.284048356739163)",230.544517,15.369634,32.902579
74980,136482,,15.369794,-37.635624,136.2398,0.0,6.65,0.978,B8/B9V,-0.062,Lup,35.383,104,212.59354781364726,HD136482_TypB8_Mag6.65,"hms_tuple(h=15.0, m=22.0, s=34.70106528611893)","dms_tuple(d=-37.0, m=-39.0, s=-59.99785116034445)",230.644588,15.376306,-37.666666
75034,136504,,15.378021,-44.689622,156.9859,8.0,3.37,-2.609,B2IV-V,-0.191,Lup,962.942,8,11.768741878139613,HD136504_TypB2_Mag3.37,"hms_tuple(h=15.0, m=23.0, s=6.991757012820159)","dms_tuple(d=-44.0, m=-43.0, s=-14.349644108433495)",230.779132,15.385275,-44.720653
75074,136664,,15.385931,-36.858489,159.2357,2.0,4.54,-1.47,B4V,-0.155,Lup,337.287,20,33.04052525848826,HD136664_TypB4_Mag4.54,"hms_tuple(h=15.0, m=23.0, s=32.5534715040871)","dms_tuple(d=-36.0, m=-53.0, s=-22.31587478820927)",230.885639,15.392376,-36.889532
75347,137569,,15.439116,14.693425,100000.0,-45.0,7.93,-12.07,B5III:,-0.047,Ser,5861381.645,275,657.682729265769,HD137569_TypB5_Mag7.93,"hms_tuple(h=15.0, m=26.0, s=39.99897603633485)","dms_tuple(d=14.0, m=39.0, s=44.38442295844055)",231.666662,15.444444,14.662329
75411,138003,,15.454149,50.61956,458.7156,-20.0,7.86,-0.448,B9,-0.125,Boo,131.583,261,618.2926139519136,HD138003_TypB9_Mag7.86,"hms_tuple(h=15.0, m=27.0, s=44.16481047017797)","dms_tuple(d=50.0, m=35.0, s=18.291007714122998)",231.93402,15.462268,50.588414
75417,137432,,15.455037,-36.76756,131.2336,4.0,5.46,-0.13,B5V,-0.15,Lup,98.175,42,74.39943501537284,HD137432_TypB5_Mag5.46,"hms_tuple(h=15.0, m=27.0, s=41.30749762525767)","dms_tuple(d=-36.0, m=-47.0, s=-54.9719401990518)",231.922115,15.461474,-36.798603
75481,137595,,15.467298,-33.545243,763.3588,133.0,7.48,-1.934,B2II/III,0.021,Lup,517.13,195,442.16754115556887,HD137595_TypB2_Mag7.48,"hms_tuple(h=15.0, m=28.0, s=24.54576541988203)","dms_tuple(d=-33.0, m=-34.0, s=-34.64656464737516)",232.102274,15.473485,-33.576291
75541,137620,,15.479184,-44.892799,398.4064,0.0,7.75,-0.252,B8III,-0.039,Lup,109.85,240,561.1056035680328,HD137620_TypB8_Mag7.75,"hms_tuple(h=15.0, m=29.0, s=11.27075735176021)","dms_tuple(d=-44.0, m=-55.0, s=-25.785520293328545)",232.296961,15.486464,-44.923829
75683,137919,,15.505915,-41.919027,126.1034,0.0,6.23,0.726,B9V,-0.005,Lup,44.627,75,146.76273820280338,HD137919_TypB9_Mag6.23,"hms_tuple(h=15.0, m=30.0, s=46.24496779273315)","dms_tuple(d=-41.0, m=-57.0, s=-0.22482339324369605)",232.692687,15.512846,-41.950062
75816,138221,,15.53062,-32.881112,128.866,5.0,6.49,0.939,B6/B7V,0.065,Lup,36.678,92,184.60428810635165,HD138221_TypB6_Mag6.49,"hms_tuple(h=15.0, m=32.0, s=12.336376278487222)","dms_tuple(d=-32.0, m=-54.0, s=-43.77807711613059)",233.051402,15.53676,-32.912161
75836,138527,,15.536021,16.056169,143.8849,-18.0,6.22,0.43,B9V,-0.038,Ser,58.614,74,145.4735501476104,HD138527_TypB9_Mag6.22,"hms_tuple(h=15.0, m=32.0, s=28.982572663013002)","dms_tuple(d=16.0, m=1.0, s=30.258019301778347)",233.120761,15.541384,16.025072
75838,138343,,15.536204,-21.966823,175.1313,0.0,7.24,1.023,B9V,0.031,Lib,33.947,163,357.7868844682338,HD138343_TypB9_Mag7.24,"hms_tuple(h=15.0, m=32.0, s=30.34817217598402)","dms_tuple(d=-21.0, m=-59.0, s=-52.38336253924189)",233.126451,15.541763,-21.997884
75841,138191,,15.537194,-45.067535,289.8551,0.0,6.82,-0.491,B9IV/V,-0.018,Lup,136.899,118,246.99612663521023,HD138191_TypB9_Mag6.82,"hms_tuple(h=15.0, m=32.0, s=40.18683888520755)","dms_tuple(d=-45.0, m=-5.0, s=-54.833974276630215)",233.167445,15.544496,-45.098565
75893,138485,,15.548673,-16.852844,201.2072,9.0,5.53,-0.988,B3V,-0.148,Lib,216.371,44,79.13926573372774,HD138485_TypB3_Mag5.53,"hms_tuple(h=15.0, m=33.0, s=14.615439088342868)","dms_tuple(d=-16.0, m=-53.0, s=-2.0778317048365125)",233.310898,15.55406,-16.883911
75894,138749,,15.548829,31.359133,115.0748,-25.0,4.14,-1.165,B6Vnn,-0.127,CrB,254.683,15,23.21540187611489,HD138749_TypB6_Mag4.14,"hms_tuple(h=15.0, m=33.0, s=17.508379099881637)","dms_tuple(d=31.0, m=19.0, s=40.868044178647835)",233.322952,15.554863,31.328019
76001,138564,,15.57246,-39.34921,107.6426,0.3,6.36,1.2,B9V,-0.017,Lup,28.84,83,164.59960755259254,HD138564_TypB9_Mag6.36,"hms_tuple(h=15.0, m=34.0, s=44.86359466704769)","dms_tuple(d=-39.0, m=-22.0, s=-48.89827203192169)",233.686932,15.579129,-39.38025
76010,138764,,15.574032,-9.183416,122.399,-2.0,5.16,-0.279,B6IV,-0.09,Lib,112.616,33,57.09743317946767,HD138764_TypB6_Mag5.16,"hms_tuple(h=15.0, m=34.0, s=45.31451258176688)","dms_tuple(d=-9.0, m=-12.0, s=-52.163568523122024)",233.68881,15.579254,-9.21449
76064,138690,,15.585681,-41.166757,129.0323,2.0,2.8,-2.753,B2IV,-0.216,Lup,1099.512,5,7.117364989143189,HD138690_TypB2_Mag2.8,"hms_tuple(h=15.0, m=35.0, s=33.11365934381598)","dms_tuple(d=-41.0, m=-11.0, s=-52.05722978027097)",233.887974,15.592532,-41.197794
76136,138769,,15.598126,-44.958389,131.2336,7.0,4.55,-1.04,B3IVp,-0.175,Lup,226.986,21,33.333330723518245,HD138769_TypB3_Mag4.55,"hms_tuple(h=15.0, m=36.0, s=19.49193139268189)","dms_tuple(d=-44.0, m=-59.0, s=-21.909090936683242)",234.081216,15.605414,-44.989419
76160,138923,,15.603157,-33.092806,106.4963,-4.0,6.26,1.123,B8/B9V,-0.07,Lup,30.96,77,150.69925703687835,HD138923_TypB8_Mag6.26,"hms_tuple(h=15.0, m=36.0, s=33.52271392644127)","dms_tuple(d=-33.0, m=-7.0, s=-25.8754901289268)",234.139678,15.609312,-33.123854
76180,138860,,15.607417,-44.010401,392.1569,0.0,7.28,-0.687,B8II/III,-0.049,Lup,163.983,168,370.63931974020056,HD138860_TypB8_Mag7.28,"hms_tuple(h=15.0, m=36.0, s=52.51612114253504)","dms_tuple(d=-44.0, m=-2.0, s=-29.1584030960297)",234.218817,15.614588,-44.041433
76207,138940,,15.612226,-41.060456,150.8296,0.0,7.61,1.718,B9V,-0.026,Lup,17.898,216,495.90655392467346,HD138940_TypB9_Mag7.61,"hms_tuple(h=15.0, m=37.0, s=8.635713769468651)","dms_tuple(d=-41.0, m=-5.0, s=-29.374244244237957)",234.285982,15.619065,-41.091493
76237,139094,,15.618579,-26.492388,316.4557,-11.3,7.39,-0.112,B8IV/V,0.086,Lib,96.561,182,408.41430272357115,HD139094_TypB8_Mag7.39,"hms_tuple(h=15.0, m=37.0, s=27.6239230604385)","dms_tuple(d=-26.0, m=-31.0, s=-24.399499574963954)",234.3651,15.62434,-26.523444
76267,139160,,15.624583,-26.279864,190.4762,1.0,6.19,-0.209,B9IV,-0.013,Lib,105.584,73,141.67353559361956,HD139160_TypB9_Mag6.19,"hms_tuple(h=15.0, m=37.0, s=49.200142087581185)","dms_tuple(d=-26.0, m=-18.0, s=-39.31396815317754)",234.455001,15.630333,-26.310921
76355,139233,,15.6424,-39.1607,150.1502,5.0,6.59,0.707,B9V,-0.069,Lup,45.415,99,201.63200517568157,HD139233_TypB9_Mag6.59,"hms_tuple(h=15.0, m=38.0, s=56.583062900374586)","dms_tuple(d=-39.0, m=-11.0, s=-30.26330352568266)",234.735763,15.649051,-39.19174
76362,139992,,15.644121,55.899093,126.4223,-19.0,7.28,1.771,B9,0.07,Dra,17.045,168,370.63931974020056,HD139992_TypB9_Mag7.28,"hms_tuple(h=15.0, m=39.0, s=11.907525107792196)","dms_tuple(d=55.0, m=52.0, s=4.561295621938939)",234.799615,15.653308,55.867934
76364,139365,,15.64427,-29.777754,112.4859,3.0,3.66,-1.595,B2.5V,-0.177,Lib,378.443,10,15.20027068337529,HD139365_TypB2_Mag3.66,"hms_tuple(h=15.0, m=39.0, s=0.7583757270181479)","dms_tuple(d=-29.0, m=-48.0, s=-31.70323564442839)",234.75316,15.650211,-29.808806
76370,139206,,15.644887,-45.708763,313.4796,0.0,6.97,-0.511,B5V,-0.078,Lup,139.444,132,281.9464748828664,HD139206_TypB5_Mag6.97,"hms_tuple(h=15.0, m=39.0, s=8.181891539356059)","dms_tuple(d=-45.0, m=-44.0, s=-23.25050779582284)",234.784091,15.652273,-45.739792
76376,139609,,15.645563,12.253219,260.4167,6.0,7.44,0.362,B9,-0.087,Ser,62.402,189,426.83476505925523,HD139609_TypB9_Mag7.44,"hms_tuple(h=15.0, m=39.0, s=3.0138796548000357)","dms_tuple(d=12.0, m=13.0, s=19.65128037669473)",234.762558,15.650837,12.222125
76397,139486,,15.650016,-19.732556,144.5087,-2.8,7.64,1.841,B9V,0.047,Lib,15.981,221,509.2079239683959,HD139486_TypB9_Mag7.64,"hms_tuple(h=15.0, m=39.0, s=19.7758112225101)","dms_tuple(d=-19.0, m=-45.0, s=-49.030553779267905)",234.832399,15.655493,-19.76362
76429,139518,,15.655937,-23.150224,99.8004,-9.0,6.33,1.334,B9.5V,0.023,Lib,25.492,81,160.2999881121757,HD139518_TypB9_Mag6.33,"hms_tuple(h=15.0, m=39.0, s=41.55970128025203)","dms_tuple(d=-23.0, m=-10.0, s=-52.622411655514156)",234.923165,15.661544,-23.181284
76432,139891,,15.656299,36.635812,145.1379,-19.0,4.64,-1.169,B7V+...,-0.103,CrB,255.623,22,36.0881506505888,HD139891_TypB7_Mag4.64,"hms_tuple(h=15.0, m=39.0, s=45.7923067528958)","dms_tuple(d=36.0, m=36.0, s=16.887255722033387)",234.940801,15.66272,36.604691
76599,139909,,15.68777,-13.970316,179.2115,0.0,6.87,0.603,B9.5V,0.059,Lib,49.98,123,258.1362429763933,HD139909_TypB9_Mag6.87,"hms_tuple(h=15.0, m=41.0, s=35.09692662678546)","dms_tuple(d=-14.0, m=-0.0, s=-4.98720429843047)",235.396237,15.693082,-14.001385
76706,140037,,15.711138,-32.186034,343.6426,-23.9,7.48,-0.201,B5III,-0.053,Lup,104.809,195,442.16754115556887,HD140037_TypB5_Mag7.48,"hms_tuple(h=15.0, m=43.0, s=2.030574786575272)","dms_tuple(d=-32.0, m=-13.0, s=-1.5004850041191276)",235.758461,15.717231,-32.217083
76708,140008,,15.711395,-34.710407,111.4827,4.0,4.75,-0.486,B5V,-0.151,Lup,136.27,24,39.766198834151524,HD140008_TypB5_Mag4.75,"hms_tuple(h=15.0, m=43.0, s=3.604455182186399)","dms_tuple(d=-34.0, m=-44.0, s=-29.231386230251246)",235.765019,15.717668,-34.741453
76720,140728,,15.714107,52.360903,91.5751,-16.0,5.48,0.671,B9p...,-0.042,Boo,46.946,42,75.72393506468185,HD140728_TypB9_Mag5.48,"hms_tuple(h=15.0, m=43.0, s=21.15051403141493)","dms_tuple(d=52.0, m=19.0, s=47.11109797314123)",235.838127,15.722542,52.329753
76990,140873,,15.768233,-1.804193,137.931,-12.0,5.39,-0.308,B8III,-0.035,Ser,115.664,39,69.94348354495335,HD140873_TypB8_Mag5.39,"hms_tuple(h=15.0, m=46.0, s=24.205046221493518)","dms_tuple(d=-1.0, m=-50.0, s=-6.985218593140559)",236.600854,15.77339,-1.835274
77049,140784,,15.77895,-34.682454,117.9245,5.0,5.61,0.252,B8V,-0.117,Lup,69.056,47,84.92707445101695,HD140784_TypB8_Mag5.61,"hms_tuple(h=15.0, m=47.0, s=6.79481988582495)","dms_tuple(d=-34.0, m=-42.0, s=-48.600721882981475)",236.778312,15.785221,-34.7135
77080,140840,,15.785047,-35.518038,125.7862,0.0,7.34,1.842,B9.5V,0.005,Lup,15.966,175,390.78879304975095,HD140840_TypB9_Mag7.34,"hms_tuple(h=15.0, m=47.0, s=28.976869978083926)","dms_tuple(d=-35.0, m=-32.0, s=-56.699026593666986)",236.870737,15.791382,-35.549083
77244,141166,,15.820802,-41.791335,423.7288,0.0,7.4,-0.735,B8III,-0.01,Lup,171.396,184,412.0336743557815,HD141166_TypB8_Mag7.4,"hms_tuple(h=15.0, m=49.0, s=39.78834853589376)","dms_tuple(d=-41.0, m=-49.0, s=-20.53437861544637)",237.415785,15.827719,-41.822371
77286,141327,,15.82864,-32.808287,195.3125,-5.1,7.47,1.016,B9V,0.01,Lup,34.166,194,438.2834686761904,HD141327_TypB9_Mag7.47,"hms_tuple(h=15.0, m=50.0, s=5.190224836854895)","dms_tuple(d=-32.0, m=-50.0, s=-21.608415558512206)",237.521626,15.834775,-32.839336
77305,141569,,15.832708,-3.921211,116.144,-6.4,7.11,1.785,B9,0.095,Lib,16.827,147,319.0152372679894,HD141569_TypB9_Mag7.11,"hms_tuple(h=15.0, m=50.0, s=16.34975934885432)","dms_tuple(d=-3.0, m=-57.0, s=-8.243060505927247)",237.568124,15.837875,-3.95229
77397,141556,,15.849316,-33.627165,59.8444,5.0,3.97,0.085,B9.5III-IV,-0.045,Lup,80.538,13,19.981870630919065,HD141556_TypB9_Mag3.97,"hms_tuple(h=15.0, m=51.0, s=19.831747790083796)","dms_tuple(d=-33.0, m=-39.0, s=-29.565377412908447)",237.832632,15.855509,-33.658213
77398,141637,,15.849652,-25.751295,151.7451,3.0,4.63,-1.276,B1.5Vn,-0.072,Sco,282.098,22,35.7711463937696,HD141637_TypB1_Mag4.63,"hms_tuple(h=15.0, m=51.0, s=19.355413954029075)","dms_tuple(d=-25.0, m=-46.0, s=-56.46771469354036)",237.830648,15.855377,-25.782352
77440,141774,,15.858288,-20.587355,239.8082,-19.0,7.7,0.801,B9V,0.078,Sco,41.649,231,536.8905548349917,HD141774_TypB9_Mag7.7,"hms_tuple(h=15.0, m=51.0, s=49.663494545024065)","dms_tuple(d=-20.0, m=-37.0, s=-6.30377272993627)",237.956931,15.863795,-20.618418
77483,141645,,15.867118,-45.505152,398.4064,0.0,7.49,-0.512,B6III,-0.043,Nor,139.573,197,446.0860343240754,HD141645_TypB6_Mag7.49,"hms_tuple(h=15.0, m=52.0, s=28.117050933783645)","dms_tuple(d=-45.0, m=-32.0, s=-10.252273072807156)",238.117154,15.874477,-45.536181
77574,142096,,15.888905,-20.16704,94.8767,6.0,5.04,0.154,B3V,-0.014,Lib,75.579,30,51.361223874813795,HD142096_TypB3_Mag5.04,"hms_tuple(h=15.0, m=53.0, s=39.83065321963622)","dms_tuple(d=-20.0, m=-11.0, s=-53.17134125312123)",238.415961,15.894397,-20.198103
77603,142114,,15.893533,-25.327142,154.0832,-10.0,4.59,-1.349,B2.5Vn,-0.073,Sco,301.717,21,34.530732009369686,HD142114_TypB2_Mag4.59,"hms_tuple(h=15.0, m=53.0, s=57.25414555823434)","dms_tuple(d=-25.0, m=-21.0, s=-29.51862339275607)",238.488559,15.899237,-25.3582
77621,142165,,15.89831,-24.533157,128.866,2.0,5.38,-0.171,B5V,-0.011,Sco,101.953,39,69.32908847009371,HD142165_TypB5_Mag5.38,"hms_tuple(h=15.0, m=54.0, s=14.319305892859404)","dms_tuple(d=-24.0, m=-33.0, s=-51.17579008334843)",238.559664,15.903978,-24.564215
77622,142184,,15.898851,-23.978094,130.8901,-9.0,5.41,-0.175,B2V,-0.033,Sco,102.329,40,71.18865627220592,HD142184_TypB2_Mag5.41,"hms_tuple(h=15.0, m=54.0, s=16.177907851468945)","dms_tuple(d=-24.0, m=-0.0, s=-32.95118007637825)",238.567408,15.904494,-24.009153
77663,142250,,15.908364,-27.338639,158.2278,4.0,6.15,0.154,B7V,-0.069,Sco,75.579,71,136.76080818184963,HD142250_TypB7_Mag6.15,"hms_tuple(h=15.0, m=54.0, s=51.00623082379897)","dms_tuple(d=-27.0, m=-22.0, s=-10.899608601983175)",238.712526,15.914168,-27.369694
77672,142301,,15.910981,-25.243741,157.9779,-9.0,5.87,-0.123,B8III/IV,-0.065,Sco,97.544,57,106.82481338226793,HD142301_TypB8_Mag5.87,"hms_tuple(h=15.0, m=55.0, s=0.05281015244733567)","dms_tuple(d=-25.0, m=-16.0, s=-29.275357957968993)",238.75022,15.916681,-25.274799
77674,142315,,15.911555,-22.766252,147.7105,-7.4,6.86,1.013,B9V,0.035,Sco,34.261,122,255.86873171888556,HD142315_TypB9_Mag6.86,"hms_tuple(h=15.0, m=55.0, s=1.7271888467014662)","dms_tuple(d=-22.0, m=-47.0, s=-50.3246968670328)",238.757197,15.917146,-22.797312
77702,142378,,15.916768,-19.382926,236.4066,-7.0,5.95,-0.918,B2/B3V,-0.013,Lib,202.862,61,114.63739011499842,HD142378_TypB2_Mag5.95,"hms_tuple(h=15.0, m=55.0, s=20.04023845730316)","dms_tuple(d=-19.0, m=-24.0, s=-50.3638450063184)",238.833501,15.922233,-19.41399
77731,142256,,15.923024,-44.526012,176.6784,0.0,6.97,0.734,B8V,-0.005,Nor,44.3,132,281.9464748828664,HD142256_TypB8_Mag6.97,"hms_tuple(h=15.0, m=55.0, s=48.92901939976326)","dms_tuple(d=-44.0, m=-33.0, s=-25.354703381249237)",238.953871,15.930258,-44.557043
77739,142279,,15.923841,-43.973834,581.3953,0.0,7.86,-0.962,B3III/IV,0.03,Nor,211.252,261,618.2926139519136,HD142279_TypB3_Mag7.86,"hms_tuple(h=15.0, m=55.0, s=51.62660302620452)","dms_tuple(d=-44.0, m=-0.0, s=-17.5174349249545)",238.965111,15.931007,-44.004866
77749,142926,,15.925166,42.566193,164.4737,-17.0,5.73,-0.35,B9p,-0.102,Her,120.226,51,94.41204069462422,HD142926_TypB9_Mag5.73,"hms_tuple(h=15.0, m=55.0, s=55.78098938567777)","dms_tuple(d=42.0, m=32.0, s=6.226050979522597)",238.982421,15.932161,42.535063
77758,142763,,15.927737,18.620745,490.1961,-42.0,6.26,-2.192,B8III,-0.089,Ser,655.843,77,150.69925703687835,HD142763_TypB8_Mag6.26,"hms_tuple(h=15.0, m=55.0, s=59.431394963704065)","dms_tuple(d=18.0, m=35.0, s=22.72239439338506)",238.997631,15.933175,18.589645
77767,142304,,15.928636,-44.532407,288.1844,0.0,6.83,-0.468,B3/B4V,-0.008,Nor,134.029,119,249.18500877779775,HD142304_TypB3_Mag6.83,"hms_tuple(h=15.0, m=56.0, s=9.135081990686587)","dms_tuple(d=-44.0, m=-33.0, s=-48.3766620895733)",239.038063,15.935871,-44.563438
77809,142448,,15.935233,-39.864364,173.3102,-18.0,6.04,-0.154,B9V,0.13,Lup,100.369,65,124.11155185705773,HD142448_TypB9_Mag6.04,"hms_tuple(h=15.0, m=56.0, s=31.025875535579104)","dms_tuple(d=-39.0, m=-53.0, s=-43.44982450473765)",239.129274,15.941952,-39.895403
77867,142669,Iklil,15.948077,-29.214073,144.7178,3.3,3.87,-1.933,B2IV/V,-0.199,Sco,516.654,12,18.29441213779549,HD142669_TypB2_Mag3.87,"hms_tuple(h=15.0, m=57.0, s=14.3447359584097)","dms_tuple(d=-29.0, m=-14.0, s=-42.4540761815868)",239.30977,15.953985,-29.245126
77869,142630,,15.948366,-33.964281,46.0617,-12.0,5.59,2.273,B9V,0.072,Lup,10.735,46,83.4416007470692,HD142630_TypB9_Mag5.59,"hms_tuple(h=15.0, m=57.0, s=16.499823730928682)","dms_tuple(d=-33.0, m=-59.0, s=-43.18137610213796)",239.318749,15.954583,-33.995328
77931,142883,,15.96124,-20.98308,141.2429,1.0,5.84,0.09,B3V,0.012,Sco,80.168,56,104.0343690357312,HD142883_TypB3_Mag5.84,"hms_tuple(h=15.0, m=58.0, s=0.3428252365513629)","dms_tuple(d=-21.0, m=-0.0, s=-50.9122880400696)",239.501428,15.966762,-21.014142
77946,142884,,15.963556,-23.527301,150.6024,-4.1,6.77,0.881,B8/B9III,-0.008,Sco,38.69,113,236.33677266456448,HD142884_TypB8_Mag6.77,"hms_tuple(h=15.0, m=58.0, s=9.045590397043384)","dms_tuple(d=-23.0, m=-33.0, s=-30.098144795178143)",239.53769,15.969179,-23.558361
77970,142983,,15.969825,-14.279358,143.472,-6.0,4.95,-0.834,B8Ia/Iab,-0.08,Lib,187.759,28,47.44052080584776,HD142983_TypB8_Mag4.95,"hms_tuple(h=15.0, m=58.0, s=30.52096242805618)","dms_tuple(d=-14.0, m=-18.0, s=-37.53732681531588)",239.627171,15.975145,-14.310427
77977,142821,,15.972152,-41.659613,416.6667,0.0,7.9,-0.199,B9V,0.166,Lup,104.616,269,640.5029468202126,HD142821_TypB9_Mag7.9,"hms_tuple(h=15.0, m=58.0, s=44.5972940710935)","dms_tuple(d=-41.0, m=-41.0, s=-26.335954523028136)",239.685822,15.979055,-41.690649
78009,142990,,15.976352,-24.831488,170.3578,-11.0,5.43,-0.727,B5V,-0.092,Sco,170.137,41,72.45599625567901,HD142990_TypB5_Mag5.43,"hms_tuple(h=15.0, m=58.0, s=55.31945831792953)","dms_tuple(d=-24.0, m=-51.0, s=-45.16620501634435)",239.730498,15.982033,-24.862546
78028,143018,Fang,15.980865,-26.114105,179.5332,-3.0,2.89,-3.381,B1V + B2V,-0.18,Sco,1960.65,5,7.705576802206692,HD143018_TypB1_Mag2.89,"hms_tuple(h=15.0, m=59.0, s=11.78585723090734)","dms_tuple(d=-26.0, m=-8.0, s=-42.58224339475703)",239.799108,15.986607,-26.145162
78069,143051,,15.988974,-33.012191,265.9574,-3.1,6.97,-0.154,B9IV/V,0.031,Lup,100.369,132,281.9464748828664,HD143051_TypB9_Mag6.97,"hms_tuple(h=15.0, m=59.0, s=42.44361289907758)","dms_tuple(d=-33.0, m=-2.0, s=-35.661866541652216)",239.926848,15.995123,-33.043239
78120,143023,,15.99855,-46.299115,150.8296,0.0,7.71,1.818,B9V,0.164,Nor,16.323,233,541.648484297334,HD143023_TypB9_Mag7.71,"hms_tuple(h=16.0, m=0.0, s=21.65425862231274)","dms_tuple(d=-46.0, m=-19.0, s=-48.51369227913324)",240.090226,16.006015,-46.330143
78138,143513,,16.000277,22.996085,340.1361,-5.7,7.81,0.152,B9,0.078,Ser,75.718,251,591.6096051155723,HD143513_TypB9_Mag7.81,"hms_tuple(h=16.0, m=0.0, s=21.151263965494138)","dms_tuple(d=22.0, m=57.0, s=53.929976040261636)",240.08813,16.005875,22.964981
78147,143118,,16.002036,-38.396706,135.5014,8.0,3.42,-2.24,B2.5IV,-0.206,Lup,685.488,8,12.299540297928043,HD143118_TypB2_Mag3.42,"hms_tuple(h=16.0, m=0.0, s=31.017246362023343)","dms_tuple(d=-38.0, m=-25.0, s=-39.88902813999573)",240.129239,16.008616,-38.427747
78164,143275,Dschubba,16.005557,-22.62171,150.6024,-7.0,2.29,-3.599,B0.2IV,-0.117,Sco,2396.625,3,4.538361101539175,HD143275_TypB0_Mag2.29,"hms_tuple(h=16.0, m=0.0, s=40.11313201150273)","dms_tuple(d=-22.0, m=-39.0, s=-9.974053785942374)",240.167138,16.011143,-22.652771
78291,143567,,16.032071,-21.980389,156.7398,-9.0,7.19,1.214,B9V,0.089,Sco,28.471,156,342.3462494285041,HD143567_TypB9_Mag7.19,"hms_tuple(h=16.0, m=2.0, s=15.47128727028337)","dms_tuple(d=-22.0, m=-0.0, s=-41.22091080762118)",240.564464,16.037631,-22.01145
78310,143600,,16.037099,-22.68756,146.1988,-5.0,7.33,1.505,B9.5V,0.079,Sco,21.777,174,387.3560399526628,HD143600_TypB9_Mag7.33,"hms_tuple(h=16.0, m=2.0, s=33.67399468767218)","dms_tuple(d=-22.0, m=-43.0, s=-7.0338002124768195)",240.640308,16.042687,-22.718621
78353,144206,,16.046634,46.036705,113.8952,3.0,4.72,-0.563,B9III,-0.094,Her,146.285,23,38.72743863222232,HD144206_TypB9_Mag4.72,"hms_tuple(h=16.0, m=3.0, s=14.598548653212333)","dms_tuple(d=46.0, m=0.0, s=20.04703729442099)",240.810827,16.054055,46.005569
78368,143572,,16.048886,-43.441546,219.2982,0.0,7.36,0.655,B9V,0.073,Nor,47.643,178,397.7458321127074,HD143572_TypB9_Mag7.36,"hms_tuple(h=16.0, m=3.0, s=21.560265723334453)","dms_tuple(d=-43.0, m=-28.0, s=-21.28397756818117)",240.839834,16.055989,-43.472579
78415,143699,,16.05672,-38.602541,122.549,-2.0,4.9,-0.542,B6III/IV,-0.146,Lup,143.483,27,45.39317977783182,HD143699_TypB6_Mag4.9,"hms_tuple(h=16.0, m=3.0, s=47.94750773309289)","dms_tuple(d=-38.0, m=-38.0, s=-0.8939255624096631)",240.949781,16.063319,-38.633582
78462,143956,,16.066733,-19.767475,137.741,0.0,7.79,2.095,B9V,0.122,Sco,12.647,247,581.2616622824664,HD143956_TypB9_Mag7.79,"hms_tuple(h=16.0, m=4.0, s=19.961333704518438)","dms_tuple(d=-19.0, m=-47.0, s=-54.738824509611845)",241.083172,16.072211,-19.798539
78513,143927,,16.078424,-37.816131,133.8688,-6.0,7.08,1.447,B8/B9V,-0.011,Lup,22.972,144,310.68202106935195,HD143927_TypB8_Mag7.08,"hms_tuple(h=16.0, m=5.0, s=5.826333892805735)","dms_tuple(d=-37.0, m=-50.0, s=-49.8221045491789)",241.274276,16.084952,-37.847173
78568,144175,,16.088652,-23.669123,144.3001,0.0,7.65,1.854,B9V,0.084,Sco,15.791,222,513.7205296793568,HD144175_TypB9_Mag7.65,"hms_tuple(h=16.0, m=5.0, s=39.41312492245572)","dms_tuple(d=-23.0, m=-42.0, s=-0.656790921934487)",241.414221,16.094281,-23.700182
78579,144217,Acrab,16.09062,-19.805453,123.9157,-1.0,2.56,-2.906,B0.5V,-0.065,Sco,1265.902,4,5.7591288551705,HD144217_TypB0_Mag2.56,"hms_tuple(h=16.0, m=5.0, s=45.95924531989226)","dms_tuple(d=-19.0, m=-50.0, s=-11.459483851140817)",241.441497,16.0961,-19.836517
78580,144218,Acrab B,16.09071,-19.80186,122.1001,-4.0,4.9,-0.534,B2V,-0.024,Sco,142.43,27,45.39317977783182,HD144218_TypB2_Mag4.9,"hms_tuple(h=16.0, m=5.0, s=46.282799098567295)","dms_tuple(d=-19.0, m=-49.0, s=-58.5246971613563)",241.442845,16.09619,-19.832924
78614,144053,,16.097072,-46.084863,471.6981,0.0,7.68,-0.688,B9III,0.159,Nor,164.135,227,527.4997120883073,HD144053_TypB9_Mag7.68,"hms_tuple(h=16.0, m=6.0, s=16.2287846702435)","dms_tuple(d=-46.0, m=-6.0, s=-57.207959537594775)",241.56762,16.104508,-46.115891
78636,144334,,16.101772,-23.606315,161.2903,-7.0,5.9,-0.138,B8V,-0.071,Sco,98.901,58,109.69010395244493,HD144334_TypB8_Mag5.9,"hms_tuple(h=16.0, m=6.0, s=26.6353897161531)","dms_tuple(d=-23.0, m=-38.0, s=-14.548236361019633)",241.610981,16.107399,-23.637375
78677,144294,,16.109874,-36.802288,127.0648,15.0,4.22,-1.3,B2.5Vn,-0.184,Lup,288.403,16,24.913248123590108,HD144294_TypB2_Mag4.22,"hms_tuple(h=16.0, m=6.0, s=58.73121413072454)","dms_tuple(d=-36.0, m=-49.0, s=-59.992562577887156)",241.744713,16.116314,-36.833331
78692,144470,,16.113452,-20.669192,144.5087,-3.0,3.93,-1.869,B1V,-0.046,Sco,487.08,13,19.28897140188773,HD144470_TypB1_Mag3.93,"hms_tuple(h=16.0, m=7.0, s=8.264575302507922)","dms_tuple(d=-20.0, m=-42.0, s=-0.9166663299498623)",241.784436,16.118962,-20.700255
78715,144569,,16.117965,-16.943264,157.4803,0.0,7.88,1.894,B9.5V,0.205,Sco,15.219,265,629.299802346522,HD144569_TypB9_Mag7.88,"hms_tuple(h=16.0, m=7.0, s=24.075956536681815)","dms_tuple(d=-16.0, m=-58.0, s=-27.589507849199606)",241.850316,16.123354,-16.97433
78727,144586,,16.120814,-17.936036,122.6994,0.0,7.77,2.326,B9V,0.189,Sco,10.224,244,571.094717053101,HD144586_TypB9_Mag7.77,"hms_tuple(h=16.0, m=7.0, s=34.438456869493734)","dms_tuple(d=-17.0, m=-58.0, s=-1.5651310709739619)",241.893494,16.126233,-17.967101
78765,144708,,16.126782,-12.74541,112.3596,-25.0,5.75,0.497,B9V,0.018,Sco,55.106,52,96.09281626139521,HD144708_TypB9_Mag5.75,"hms_tuple(h=16.0, m=7.0, s=55.44304804190887)","dms_tuple(d=-12.0, m=-46.0, s=-35.32984720840645)",241.981013,16.132068,-12.776481
78790,144661,,16.13108,-24.462349,119.4743,-5.0,6.32,0.934,B8IV/V,-0.038,Sco,36.847,80,158.89188662502437,HD144661_TypB8_Mag6.32,"hms_tuple(h=16.0, m=8.0, s=12.279802651844989)","dms_tuple(d=-24.0, m=-29.0, s=-36.26727052534932)",242.051166,16.136744,-24.493408
78802,144591,,16.134551,-36.231835,102.6694,3.0,6.75,1.693,B9V,-0.056,Lup,18.315,112,232.20296653338022,HD144591_TypB9_Mag6.75,"hms_tuple(h=16.0, m=8.0, s=27.397933184975614)","dms_tuple(d=-36.0, m=-15.0, s=-46.36466005071327)",242.114158,16.140944,-36.262879
78857,144844,,16.145478,-23.685416,136.0544,-14.0,5.86,0.191,B9V,0.02,Sco,73.047,56,105.88644663402476,HD144844_TypB9_Mag5.86,"hms_tuple(h=16.0, m=9.0, s=3.989255837034591)","dms_tuple(d=-23.0, m=-42.0, s=-59.311527214089494)",242.266622,16.151108,-23.716475
78860,145389,,16.146162,44.934906,62.5391,-16.0,4.23,0.249,B9MNp...,-0.045,Her,69.247,16,25.134029577431015,HD145389_TypB9_Mag4.23,"hms_tuple(h=16.0, m=9.0, s=12.382411688321895)","dms_tuple(d=44.0, m=54.0, s=13.577978076074828)",242.301593,16.15344,44.903772
78919,145056,,16.156312,-12.375993,230.4147,0.0,7.53,0.717,B9V,0.117,Sco,44.999,203,462.11035531169057,HD145056_TypB9_Mag7.53,"hms_tuple(h=16.0, m=9.0, s=41.72366330312286)","dms_tuple(d=-12.0, m=-24.0, s=-25.429918579752666)",242.423849,16.16159,-12.407064
78958,144987,,16.164609,-33.545805,125.0,-21.0,5.5,0.015,B8V,-0.075,Sco,85.901,43,77.07201459924187,HD144987_TypB8_Mag5.5,"hms_tuple(h=16.0, m=10.0, s=14.865510442643881)","dms_tuple(d=-33.0, m=-34.0, s=-36.66976199335238)",242.56194,16.170796,-33.576853
78989,144965,,16.169599,-40.128829,277.0083,0.0,7.07,-0.142,B3Vne,0.145,Sco,99.266,143,307.9529390460096,HD144965_TypB3_Mag7.07,"hms_tuple(h=16.0, m=10.0, s=34.837428622053324)","dms_tuple(d=-40.0, m=-9.0, s=-35.52234600327381)",242.645156,16.176344,-40.159867
79039,146926,,16.180424,75.877563,189.3939,-1.0,5.48,-0.907,B8V,-0.093,UMi,200.817,42,75.72393506468185,HD146926_TypB8_Mag5.48,"hms_tuple(h=16.0, m=12.0, s=5.415818298770887)","dms_tuple(d=75.0, m=50.0, s=46.58559161007929)",243.022566,16.201504,75.846274
79102,145353,,16.192646,-27.150852,162.8664,0.0,6.95,0.891,B9V,0.121,Sco,38.335,130,277.01490180011757,HD145353_TypB9_Mag6.95,"hms_tuple(h=16.0, m=11.0, s=54.386148919959396)","dms_tuple(d=-27.0, m=-10.0, s=-54.867187812496354)",242.976609,16.198441,-27.181908
79133,145502,Jabbah,16.199926,-19.460708,145.3488,2.0,4.0,-1.812,B2IV,0.076,Sco,462.168,13,20.51783099144302,HD145502_TypB2_Mag4.0,"hms_tuple(h=16.0, m=12.0, s=19.418474663814607)","dms_tuple(d=-19.0, m=-29.0, s=-30.378758231692018)",243.08091,16.205394,-19.491772
79158,145483,,16.204456,-28.417305,93.0233,-3.0,5.67,0.827,B9V,0.012,Sco,40.663,49,89.5440584804197,HD145483_TypB9_Mag5.67,"hms_tuple(h=16.0, m=12.0, s=37.14685004078035)","dms_tuple(d=-28.0, m=-26.0, s=-54.092680500512245)",243.154779,16.210319,-28.448359
79163,145482,,16.205057,-27.926372,146.8429,10.0,4.58,-1.254,B2V,-0.172,Sco,276.439,21,34.22740837430621,HD145482_TypB2_Mag4.58,"hms_tuple(h=16.0, m=12.0, s=39.21369544500692)","dms_tuple(d=-27.0, m=-57.0, s=-26.735952582966434)",243.16339,16.210893,-27.957427
79169,145554,,16.206065,-19.579049,140.4494,-9.4,7.64,1.902,B9V,0.149,Sco,15.108,221,509.2079239683959,HD145554_TypB9_Mag7.64,"hms_tuple(h=16.0, m=12.0, s=41.53331838435463)","dms_tuple(d=-19.0, m=-36.0, s=-36.40592139064239)",243.173055,16.211537,-19.610113
79198,145631,,16.21225,-19.502875,131.7523,-9.5,7.58,1.981,B9V,0.145,Sco,14.048,211,482.9526381068404,HD145631_TypB9_Mag7.58,"hms_tuple(h=16.0, m=13.0, s=3.7900091563241745)","dms_tuple(d=-19.0, m=-32.0, s=-2.1798026509375745)",243.265792,16.217719,-19.533939
79202,145774,,16.212693,-1.721905,100000.0,30.3,7.48,-12.52,B8,-0.117,Ser,8871560.12,195,442.16754115556887,HD145774_TypB8_Mag7.48,"hms_tuple(h=16.0, m=13.0, s=4.260211000619734)","dms_tuple(d=-1.0, m=-45.0, s=-10.748688596846705)",243.267751,16.21785,-1.752986
79289,145792,,16.229305,-24.422092,143.6782,6.0,6.4,0.613,B6IV,0.043,Sco,49.522,85,170.51236146755156,HD145792_TypB6_Mag6.4,"hms_tuple(h=16.0, m=14.0, s=5.883282286833094)","dms_tuple(d=-24.0, m=-27.0, s=-11.342229826297796)",243.524514,16.234968,-24.453151
79357,145964,,16.241357,-21.107636,108.6957,-8.0,6.41,1.229,B9V,0.002,Sco,28.08,86,172.0234437188863,HD145964_TypB9_Mag6.41,"hms_tuple(h=16.0, m=14.0, s=48.78068699972914)","dms_tuple(d=-21.0, m=-8.0, s=-19.31341910330218)",243.703253,16.246884,-21.138698
79379,146029,,16.248146,-22.380306,214.1328,5.6,7.38,0.727,B9V,0.075,Sco,44.586,181,404.82672424766696,HD146029_TypB9_Mag7.38,"hms_tuple(h=16.0, m=15.0, s=13.398414658018964)","dms_tuple(d=-22.0, m=-24.0, s=-40.92058130649491)",243.805827,16.253722,-22.411367
79380,146001,,16.248175,-25.476976,148.8095,-8.0,6.06,0.197,B8V,0.027,Sco,72.644,66,126.32105461095017,HD146001_TypB8_Mag6.06,"hms_tuple(h=16.0, m=15.0, s=13.990899043552929)","dms_tuple(d=-25.0, m=-30.0, s=-28.92042116792055)",243.808295,16.253886,-25.508033
79389,145880,,16.24938,-39.627811,127.8772,0.0,7.16,1.626,B9.5V,0.019,Sco,19.48,153,333.40358783117154,HD145880_TypB9_Mag7.16,"hms_tuple(h=16.0, m=15.0, s=21.8720858366396)","dms_tuple(d=-39.0, m=-39.0, s=-31.860337326842227)",243.841134,16.256076,-39.65885
79411,145842,,16.254257,-47.372021,118.2033,1.0,5.13,-0.233,B8V,-0.114,Nor,107.944,32,55.60595189742462,HD145842_TypB8_Mag5.13,"hms_tuple(h=16.0, m=15.0, s=42.74204293830195)","dms_tuple(d=-47.0, m=-24.0, s=-10.967767481182591)",243.928092,16.261873,-47.403047
79496,146285,,16.273659,-24.988742,150.1502,-15.0,7.92,2.037,B8V,0.197,Sco,13.341,273,651.9055358919003,HD146285_TypB8_Mag7.92,"hms_tuple(h=16.0, m=16.0, s=45.65078023734742)","dms_tuple(d=-25.0, m=-1.0, s=-11.279978052180581)",244.190212,16.279347,-25.0198
79497,146284,,16.274082,-24.281945,315.4574,-28.0,6.7,-0.795,B9III/IV,0.147,Sco,181.134,108,222.1820255290352,HD146284_TypB9_Mag6.7,"hms_tuple(h=16.0, m=16.0, s=47.05789372748313)","dms_tuple(d=-24.0, m=-18.0, s=-46.81358360980397)",244.196075,16.279738,-24.313004
79532,146332,,16.281264,-29.743714,458.7156,-14.0,7.6,-0.708,B3III,0.177,Sco,167.186,214,491.5504291096121,HD146332_TypB3_Mag7.6,"hms_tuple(h=16.0, m=17.0, s=13.92950266987782)","dms_tuple(d=-29.0, m=-46.0, s=-29.15938380097117)",244.30804,16.287203,-29.774766
79542,146416,,16.282991,-21.304131,100.9082,-8.0,6.61,1.59,B9V,0.01,Sco,20.137,100,205.22157007953126,HD146416_TypB9_Mag6.61,"hms_tuple(h=16.0, m=17.0, s=18.689620491543053)","dms_tuple(d=-21.0, m=-20.0, s=-6.694677719166009)",244.327873,16.288525,-21.335193
79654,146706,,16.307849,-23.274302,130.8901,0.0,7.51,1.925,B9V,0.135,Sco,14.791,200,454.02750557766933,HD146706_TypB9_Mag7.51,"hms_tuple(h=16.0, m=18.0, s=48.461685545944704)","dms_tuple(d=-23.0, m=-18.0, s=-19.302729901693)",244.701924,16.313462,-23.305362
79749,147394,,16.329011,46.313366,94.2507,-14.0,3.91,-0.961,B5IV,-0.151,Her,211.057,12,18.95158476777924,HD147394_TypB5_Mag3.91,"hms_tuple(h=16.0, m=20.0, s=11.2903465191863)","dms_tuple(d=46.0, m=16.0, s=56.024748080658924)",245.047043,16.33647,46.282229
79781,147010,,16.334859,-20.056399,163.3987,-8.2,7.36,1.294,B9II/III,0.156,Sco,26.448,178,397.7458321127074,HD147010_TypB9_Mag7.36,"hms_tuple(h=16.0, m=20.0, s=25.251053221542463)","dms_tuple(d=-20.0, m=-5.0, s=-14.864152727479052)",245.105213,16.340348,-20.087462
79819,147103,,16.34174,-20.11774,134.2282,18.0,7.55,1.911,B9.5V,0.478,Sco,14.983,206,470.3371004243402,HD147103_TypB9_Mag7.55,"hms_tuple(h=16.0, m=20.0, s=50.03040347231291)","dms_tuple(d=-20.0, m=-8.0, s=-55.691524672050434)",245.20846,16.347231,-20.148803
79823,146954,,16.342394,-39.430344,140.8451,3.0,6.11,0.366,B9V,-0.079,Sco,62.173,68,132.01843644392628,HD146954_TypB9_Mag6.11,"hms_tuple(h=16.0, m=20.0, s=56.65395632154713)","dms_tuple(d=-39.0, m=-27.0, s=-40.98022636516873)",245.236058,16.349071,-39.461383
79869,147165,Alniyat,16.353143,-25.592796,213.6752,3.0,2.9,-3.749,B1III,0.299,Sco,2751.693,5,7.773863700833255,HD147165_TypB1_Mag2.9,"hms_tuple(h=16.0, m=21.0, s=31.895591770133933)","dms_tuple(d=-25.0, m=-37.0, s=-25.871954624455213)",245.382898,16.35886,-25.623853
79883,147196,,16.355331,-23.707982,150.6024,-3.0,7.04,1.151,B6/B7Vn,0.137,Sco,30.172,140,299.90868873980725,HD147196_TypB6_Mag7.04,"hms_tuple(h=16.0, m=21.0, s=39.463564936166904)","dms_tuple(d=-23.0, m=-44.0, s=-20.549038951691614)",245.414432,16.360962,-23.739041
79943,147181,,16.370663,-43.200238,177.9359,0.0,7.62,1.369,B9Vn...,0.16,Nor,24.683,217,500.3012827613783,HD147181_TypB9_Mag7.62,"hms_tuple(h=16.0, m=22.0, s=39.85599732389488)","dms_tuple(d=-43.0, m=-13.0, s=-52.576673570798675)",245.666067,16.377738,-43.231271
79984,147550,,16.377474,-2.07987,130.8901,-16.0,6.24,0.655,B9V,0.058,Oph,47.643,76,148.0633510554248,HD147550_TypB9_Mag6.24,"hms_tuple(h=16.0, m=22.0, s=57.475724015522474)","dms_tuple(d=-2.0, m=-6.0, s=-39.42151385322955)",245.739482,16.382632,-2.11095
80147,147628,,16.408821,-37.566044,129.0323,9.0,5.42,-0.133,B8V,-0.104,Sco,98.446,40,71.81953085551153,HD147628_TypB8_Mag5.42,"hms_tuple(h=16.0, m=24.0, s=55.176326414167534)","dms_tuple(d=-37.0, m=-35.0, s=-49.51021482095257)",246.229901,16.415327,-37.597086
80158,147556,,16.41127,-45.180508,271.7391,0.0,7.57,0.399,B8/B9II/III,0.119,Nor,60.311,209,478.71030262103807,HD147556_TypB8_Mag7.57,"hms_tuple(h=16.0, m=25.0, s=6.912606135811927)","dms_tuple(d=-45.0, m=-12.0, s=-41.536029596831554)",246.278803,16.418587,-45.211538
80162,147683,,16.412144,-34.893758,393.7008,0.5,7.01,-0.966,B4V,0.118,Sco,212.031,136,292.07456782282145,HD147683_TypB4_Mag7.01,"hms_tuple(h=16.0, m=25.0, s=6.351199172743804)","dms_tuple(d=-34.0, m=-55.0, s=-29.294094165032902)",246.276463,16.418431,-34.924804
80218,147888,,16.423412,-23.46022,124.8439,-6.8,6.75,1.268,B3/B4V,0.266,Oph,27.089,112,232.20296653338022,HD147888_TypB3_Mag6.75,"hms_tuple(h=16.0, m=25.0, s=44.51687517882874)","dms_tuple(d=-23.0, m=-29.0, s=-28.60680635739982)",246.435487,16.429032,-23.49128
80219,147889,,16.423421,-24.465713,118.0638,-3.3,7.88,2.519,B2III/IV,0.759,Oph,8.559,265,629.299802346522,HD147889_TypB2_Mag7.88,"hms_tuple(h=16.0, m=25.0, s=44.70794815848791)","dms_tuple(d=-24.0, m=-29.0, s=-48.37765720904258)",246.436283,16.429086,-24.496772
80220,148112,Cujam,16.423598,14.03327,76.6871,-6.0,4.57,0.146,B9p Cr,0.002,Her,76.138,21,33.926749183991966,HD148112_TypB9_Mag4.57,"hms_tuple(h=16.0, m=25.0, s=44.07779232530942)","dms_tuple(d=14.0, m=0.0, s=7.828728229628723)",246.433657,16.42891,14.002175
80231,147933,,16.426422,-23.447178,110.742,-10.0,4.57,-0.652,B2V,0.227,Oph,158.782,21,33.926749183991966,HD147933_TypB2_Mag4.57,"hms_tuple(h=16.0, m=25.0, s=55.35087411659987)","dms_tuple(d=-23.0, m=-28.0, s=-41.65565717984208)",246.480629,16.432042,-23.478238
80320,147985,,16.449095,-43.799208,552.4862,0.0,7.91,-0.802,B1/B2II/III,0.148,Nor,182.306,271,646.179090335777,HD147985_TypB1_Mag7.91,"hms_tuple(h=16.0, m=27.0, s=22.465400039166923)","dms_tuple(d=-43.0, m=-49.0, s=-48.86493809932574)",246.843606,16.45624,-43.83024
80326,148184,,16.450399,-18.456251,161.0306,-3.0,4.22,-1.815,B2Vne,0.217,Oph,463.447,16,24.913248123590108,HD148184_TypB2_Mag4.22,"hms_tuple(h=16.0, m=27.0, s=21.002872785098532)","dms_tuple(d=-18.0, m=-29.0, s=-14.337240869328696)",246.837512,16.455834,-18.487316
80476,148259,,16.480524,-44.812612,296.7359,5.0,7.32,-0.042,B2Ve,0.134,Nor,90.532,173,383.9534407239423,HD148259_TypB2_Mag7.32,"hms_tuple(h=16.0, m=29.0, s=16.05825205879853)","dms_tuple(d=-44.0, m=-50.0, s=-37.11284387293858)",247.316909,16.487794,-44.843642
80537,148379,,16.495091,-46.243229,558.6592,-12.0,5.35,-3.386,B1.5Iap,0.488,Nor,1969.7,38,67.51809571619467,HD148379_TypB1_Mag5.35,"hms_tuple(h=16.0, m=30.0, s=9.174440175371501)","dms_tuple(d=-46.0, m=-16.0, s=-27.3244761077018)",247.538227,16.502548,-46.274257
80550,148632,,16.496796,-11.129531,170.6485,-10.2,6.9,0.739,B9,0.167,Oph,44.096,125,265.0600588895962,HD148632_TypB9_Mag6.9,"hms_tuple(h=16.0, m=30.0, s=7.380023051975115)","dms_tuple(d=-11.0, m=-9.0, s=-38.17098247732943)",247.53075,16.50205,-11.160603
80558,148579,,16.499777,-25.14779,182.8154,-3.0,7.34,1.03,B9V,0.236,Sco,33.729,175,390.78879304975095,HD148579_TypB9_Mag7.34,"hms_tuple(h=16.0, m=30.0, s=19.702225440100563)","dms_tuple(d=-25.0, m=-10.0, s=-43.8521422994512)",247.582093,16.505473,-25.178848
80569,148605,,16.503466,-25.115224,126.7427,4.0,4.79,-0.725,B3V,-0.116,Sco,169.824,25,41.19468187451695,HD148605_TypB3_Mag4.79,"hms_tuple(h=16.0, m=30.0, s=32.977151172755725)","dms_tuple(d=-25.0, m=-8.0, s=-46.61467260824821)",247.637405,16.50916,-25.146282
80573,148594,,16.504355,-27.916253,173.0104,-25.0,6.89,0.7,B8V,0.078,Sco,45.709,124,262.73172769318006,HD148594_TypB8_Mag6.89,"hms_tuple(h=16.0, m=30.0, s=36.68452668734545)","dms_tuple(d=-27.0, m=-56.0, s=-50.307595093014754)",247.652852,16.51019,-27.947308
80583,148546,,16.506476,-37.972548,100000.0,-55.0,7.72,-12.28,B0Ia,0.289,Sco,7112135.137,234,546.4485785781236,HD148546_TypB0_Mag7.72,"hms_tuple(h=16.0, m=30.0, s=46.863575793761925)","dms_tuple(d=-38.0, m=-0.0, s=-12.922480515106827)",247.695265,16.513018,-38.00359
80664,148703,,16.523037,-34.704366,170.068,1.0,4.24,-1.913,B2III-IV,-0.168,Sco,507.224,16,25.356767598722243,HD148703_TypB2_Mag4.24,"hms_tuple(h=16.0, m=31.0, s=45.51400420447976)","dms_tuple(d=-34.0, m=-44.0, s=-7.483815554340936)",247.939642,16.529309,-34.735412
80698,148688,,16.528269,-41.817145,833.3333,-14.0,5.31,-4.294,B1Ia,0.299,Sco,4545.692,37,65.17681159262382,HD148688_TypB1_Mag5.31,"hms_tuple(h=16.0, m=32.0, s=6.679592330647495)","dms_tuple(d=-41.0, m=-50.0, s=-53.45022620784903)",248.027832,16.535189,-41.848181
80760,149121,,16.543246,5.52122,118.3432,-27.0,5.63,0.264,B9.5III,-0.044,Her,68.297,47,86.4389933825896,HD149121_TypB9_Mag5.63,"hms_tuple(h=16.0, m=32.0, s=54.327840134797896)","dms_tuple(d=5.0, m=29.0, s=24.47751145719849)",248.226366,16.548424,5.490133
80875,149038,,16.568061,-44.045315,100000.0,9.0,4.86,-15.14,B0Ia,0.045,Nor,99083194.489,26,43.81910796782462,HD149038_TypB0_Mag4.86,"hms_tuple(h=16.0, m=34.0, s=30.849747851626432)","dms_tuple(d=-44.0, m=-4.0, s=-34.84858147961688)",248.628541,16.575236,-44.076347
80879,149630,,16.568384,42.437041,96.5251,-11.0,4.2,-0.723,B9Vvar,-0.013,Her,169.512,16,24.477486321988536,HD149630_TypB9_Mag4.2,"hms_tuple(h=16.0, m=34.0, s=31.31387973355885)","dms_tuple(d=42.0, m=24.0, s=21.279629083537657)",248.630474,16.575365,42.405911
80906,149363,,16.574522,-6.136183,100000.0,141.4,7.75,-12.25,B0.5III,-0.017,Oph,6918309.709,240,561.1056035680328,HD149363_TypB0_Mag7.75,"hms_tuple(h=16.0, m=34.0, s=46.943944335611434)","dms_tuple(d=-6.0, m=-10.0, s=-2.1349420048611734)",248.6956,16.579707,-6.16726
80961,149274,,16.587178,-35.724642,151.2859,0.0,6.63,0.731,B9V,-0.049,Sco,44.422,102,208.87503841075554,HD149274_TypB9_Mag6.63,"hms_tuple(h=16.0, m=35.0, s=36.70754016182087)","dms_tuple(d=-35.0, m=-45.0, s=-20.4724008765254)",248.902948,16.59353,-35.755687
81019,149438,Paikauhale,16.598043,-28.216016,145.3488,2.0,2.82,-2.992,B0V,-0.206,Sco,1370.251,5,7.244072272298262,HD149438_TypB0_Mag2.82,"hms_tuple(h=16.0, m=36.0, s=14.020084681311005)","dms_tuple(d=-28.0, m=-14.0, s=-49.453132386846335)",249.058417,16.603894,-28.24707
81043,150100,,16.603174,52.900048,130.8901,-9.0,5.53,-0.055,B9.5Vn,-0.06,Dra,91.622,44,79.13926573372774,HD150100_TypB9_Mag5.53,"hms_tuple(h=16.0, m=36.0, s=42.16774485901965)","dms_tuple(d=52.0, m=52.0, s=8.028307213395465)",249.175699,16.611713,52.868897
81045,150117,,16.603812,52.924422,126.4223,-10.0,5.07,-0.439,B9V,-0.027,Dra,130.497,31,52.73885165418213,HD150117_TypB9_Mag5.07,"hms_tuple(h=16.0, m=36.0, s=44.48182948835836)","dms_tuple(d=52.0, m=53.0, s=35.774487821153116)",249.185341,16.612356,52.893271
81069,149425,,16.607965,-40.303035,180.8318,15.6,7.11,0.824,B9V,0.087,Sco,40.776,147,319.0152372679894,HD149425_TypB9_Mag7.11,"hms_tuple(h=16.0, m=36.0, s=53.01760052199086)","dms_tuple(d=-40.0, m=-20.0, s=-2.66296579363825)",249.220907,16.614727,-40.334073
81090,149822,,16.611928,15.497455,126.2626,0.0,6.36,0.854,B9sp...,-0.055,Her,39.664,83,164.59960755259254,HD149822_TypB9_Mag6.36,"hms_tuple(h=16.0, m=37.0, s=2.194762703777826)","dms_tuple(d=15.0, m=27.0, s=58.88959637004049)",249.259145,16.617276,15.466358
81106,149805,,16.614344,7.107194,268.0965,0.0,7.29,0.149,B9,0.016,Her,75.928,169,373.9239290957076,HD149805_TypB9_Mag7.29,"hms_tuple(h=16.0, m=37.0, s=10.337546375807278)","dms_tuple(d=7.0, m=4.0, s=33.97864928360001)",249.293073,16.619538,7.076105
81114,149881,,16.616168,14.475253,100000.0,17.0,7.04,-12.96,B0.5III,-0.174,Her,13304544.18,140,299.90868873980725,HD149881_TypB0_Mag7.04,"hms_tuple(h=16.0, m=37.0, s=17.3672237299985)","dms_tuple(d=14.0, m=26.0, s=38.9659863244988)",249.322363,16.621491,14.444157
81120,149533,,16.617402,-38.676211,198.8072,0.0,7.36,0.868,B9V,0.005,Sco,39.156,178,397.7458321127074,HD149533_TypB9_Mag7.36,"hms_tuple(h=16.0, m=37.0, s=26.427165146479865)","dms_tuple(d=-38.0, m=-42.0, s=-26.105529402325374)",249.360113,16.624008,-38.707252
81223,149711,,16.640637,-43.398426,192.3077,1.0,5.83,-0.59,B2.5IV,-0.053,Sco,149.968,55,103.12051401004337,HD149711_TypB2_Mag5.83,"hms_tuple(h=16.0, m=38.0, s=51.84564147857287)","dms_tuple(d=-43.0, m=-25.0, s=-46.052245767512545)",249.716024,16.647735,-43.429459
81225,149914,,16.641293,-18.220479,135.1351,0.0,6.73,1.076,B9.5IV,0.248,Oph,32.33,110,228.14146549859603,HD149914_TypB9_Mag6.73,"hms_tuple(h=16.0, m=38.0, s=48.19455461017526)","dms_tuple(d=-18.0, m=-15.0, s=-5.55889894842494)",249.700811,16.646721,-18.251544
81259,149779,,16.648301,-44.157215,740.7407,0.0,7.53,-1.818,B2IV,0.198,Sco,464.729,203,462.11035531169057,HD149779_TypB2_Mag7.53,"hms_tuple(h=16.0, m=39.0, s=19.762735850243587)","dms_tuple(d=-44.0, m=-11.0, s=-17.687869428649492)",249.832345,16.65549,-44.188247
81274,149886,,16.651452,-37.21737,112.1076,3.0,5.93,0.682,B9.5V+...,-0.035,Sco,46.473,60,112.63224829649297,HD149886_TypB9_Mag5.93,"hms_tuple(h=16.0, m=39.0, s=28.539119608104215)","dms_tuple(d=-37.0, m=-14.0, s=-54.28562699513634)",249.868913,16.657928,-37.248413
81390,150151,,16.67718,-35.687176,219.7802,0.0,6.64,-0.07,B5III,0.173,Sco,92.897,103,210.72609108853683,HD150151_TypB5_Mag6.64,"hms_tuple(h=16.0, m=41.0, s=0.7039834781943455)","dms_tuple(d=-35.0, m=-43.0, s=-5.594987276559209)",250.252933,16.683529,-35.718221
81395,150093,,16.678461,-41.126971,396.8254,0.0,7.92,-0.073,B4II/III,0.127,Sco,93.154,273,651.9055358919003,HD150093_TypB4_Mag7.92,"hms_tuple(h=16.0, m=41.0, s=7.1066835378553606)","dms_tuple(d=-41.0, m=-9.0, s=-28.827859993203333)",250.279611,16.685307,-41.158008
81429,151067,,16.685084,62.307993,234.7418,0.0,7.16,0.307,B8,0.121,Dra,65.645,153,333.40358783117154,HD151067_TypB8_Mag7.16,"hms_tuple(h=16.0, m=41.0, s=46.192187389549986)","dms_tuple(d=62.0, m=16.0, s=36.52097941424813)",250.442467,16.696164,62.276811
81639,150638,,16.727423,-32.105945,185.1852,-3.0,6.46,0.122,B8V,-0.076,Sco,77.839,90,179.78211266056408,HD150638_TypB8_Mag6.46,"hms_tuple(h=16.0, m=44.0, s=0.6372931719658936)","dms_tuple(d=-32.0, m=-8.0, s=-13.180451460420954)",251.002655,16.73351,-32.136995
81649,150500,,16.728991,-47.105707,338.9831,0.0,7.06,-0.591,B9p...,-0.054,Ara,150.107,142,305.2478297284723,HD150500_TypB9_Mag7.06,"hms_tuple(h=16.0, m=44.0, s=11.646834507276651)","dms_tuple(d=-47.0, m=-8.0, s=-12.239263517555514)",251.048528,16.736569,-47.136733
81654,150608,,16.729888,-38.156346,162.0746,7.0,6.05,0.001,B9II/III,-0.054,Sco,87.016,65,125.21142966991891,HD150608_TypB9_Mag6.05,"hms_tuple(h=16.0, m=44.0, s=11.206076017551538)","dms_tuple(d=-38.0, m=-11.0, s=-14.594307727980436)",251.046692,16.736446,-38.187387
81663,150591,,16.731689,-41.113344,167.2241,-2.0,6.14,0.024,B6/B7V,-0.078,Sco,85.192,70,135.5594787266646,HD150591_TypB6_Mag6.14,"hms_tuple(h=16.0, m=44.0, s=18.72236112479783)","dms_tuple(d=-41.0, m=-8.0, s=-39.770738778618124)",251.07801,16.738534,-41.144381
81690,150814,,16.73824,-22.523579,172.117,0.0,7.57,1.391,B9.5V,0.127,Oph,24.188,209,478.71030262103807,HD150814_TypB9_Mag7.57,"hms_tuple(h=16.0, m=44.0, s=37.757598922757154)","dms_tuple(d=-22.0, m=-33.0, s=-16.702831215439744)",251.157323,16.743822,-22.55464
81721,150742,,16.745165,-40.839675,163.6661,12.0,5.64,-0.43,B3V,-0.093,Sco,129.42,48,87.20501660577114,HD150742_TypB3_Mag5.64,"hms_tuple(h=16.0, m=45.0, s=7.133830381079065)","dms_tuple(d=-40.0, m=-52.0, s=-14.563914122665551)",251.279724,16.751982,-40.870712
81785,151133,,16.758243,1.020161,153.1394,-13.0,6.02,0.095,B9.5III,-0.012,Oph,79.799,64,121.94069588643114,HD151133_TypB9_Mag6.02,"hms_tuple(h=16.0, m=45.0, s=48.23428763988176)","dms_tuple(d=0.0, m=59.0, s=20.679920830629328)",251.450976,16.763398,0.989078
81817,151012,,16.763462,-26.649419,107.8749,0.0,7.02,1.855,B9.5V,0.037,Sco,15.776,137,294.66293556170405,HD151012_TypB9_Mag7.02,"hms_tuple(h=16.0, m=46.0, s=9.231208889117113)","dms_tuple(d=-26.0, m=-40.0, s=-49.710455727287695)",251.538463,16.769231,-26.680475
81902,151109,,16.7838,-39.533873,222.7171,0.0,6.92,0.181,B9IV/V,-0.029,Sco,73.722,127,269.7788052214281,HD151109_TypB9_Mag6.92,"hms_tuple(h=16.0, m=47.0, s=25.751400999763803)","dms_tuple(d=-39.0, m=-33.0, s=-53.684056172040755)",251.857298,16.790487,-39.564912
81941,151113,,16.791761,-45.460524,100000.0,0.0,7.41,-12.59,B5II/III,0.003,Sco,9462371.614,185,415.6851208955647,HD151113_TypB5_Mag7.41,"hms_tuple(h=16.0, m=47.0, s=56.81085081501209)","dms_tuple(d=-45.0, m=-29.0, s=-29.591770996683522)",251.986712,16.799114,-45.491553
81951,151749,,16.793823,37.560222,181.8182,-12.0,7.18,0.882,B9,-0.034,Her,38.654,155,339.33902361009757,HD151749_TypB9_Mag7.18,"hms_tuple(h=16.0, m=48.0, s=1.1621628493242042)","dms_tuple(d=37.0, m=31.0, s=44.75849617726851)",252.004842,16.800323,37.5291
81964,151525,,16.796227,5.246746,120.6273,-16.0,5.22,-0.187,B9p (Cr),-0.001,Her,103.467,35,60.20148378775184,HD151525_TypB9_Mag5.22,"hms_tuple(h=16.0, m=48.0, s=5.051074243669689)","dms_tuple(d=5.0, m=12.0, s=56.37201908021325)",252.021046,16.801403,5.215659
81965,151346,,16.796258,-23.974314,182.8154,24.0,7.92,1.61,B8II,0.401,Oph,19.77,273,651.9055358919003,HD151346_TypB8_Mag7.92,"hms_tuple(h=16.0, m=48.0, s=6.842510959222352)","dms_tuple(d=-24.0, m=-0.0, s=-19.343194925060914)",252.02851,16.801901,-24.005373
81969,151173,,16.797048,-45.390311,602.4096,7.1,7.22,-1.679,B4II/III,0.029,Sco,408.884,160,351.52877406079745,HD151173_TypB4_Mag7.22,"hms_tuple(h=16.0, m=48.0, s=15.81111118161374)","dms_tuple(d=-45.0, m=-25.0, s=-16.825438764323053)",252.06588,16.804392,-45.42134
82002,151395,,16.806849,-31.203668,230.4147,0.0,6.82,0.007,B4V,-0.041,Sco,86.537,118,246.99612663521023,HD151395_TypB4_Mag6.82,"hms_tuple(h=16.0, m=48.0, s=46.35889697799598)","dms_tuple(d=-31.0, m=-14.0, s=-4.987336231656627)",252.193162,16.812877,-31.234719
82178,151726,,16.845978,-38.25642,120.919,0.0,7.24,1.828,B9V,-0.038,Sco,16.173,163,357.7868844682338,HD151726_TypB9_Mag7.24,"hms_tuple(h=16.0, m=51.0, s=9.162591910274784)","dms_tuple(d=-38.0, m=-17.0, s=-14.860176000893262)",252.788177,16.852545,-38.287461
82190,151884,,16.848744,-16.546928,243.309,-13.0,7.04,0.109,B5V,0.248,Oph,78.777,140,299.90868873980725,HD151884_TypB5_Mag7.04,"hms_tuple(h=16.0, m=51.0, s=14.839938918520943)","dms_tuple(d=-16.0, m=-34.0, s=-40.781325111213675)",252.811833,16.854122,-16.577995
82201,151771,,16.85001,-37.514512,341.2969,-17.0,6.1,-1.566,B8II/III,0.124,Sco,368.468,68,130.85876476286535,HD151771_TypB8_Mag6.1,"hms_tuple(h=16.0, m=51.0, s=23.44052683392249)","dms_tuple(d=-37.0, m=-32.0, s=-43.99528371543397)",252.847669,16.856511,-37.545554
82262,151890,Xamidimura,16.864509,-38.04738,153.6098,-25.0,3.0,-2.932,B1.5IV + B,-0.2,Sco,1296.582,6,8.490917204796602,HD151890_TypB1_Mag3.0,"hms_tuple(h=16.0, m=52.0, s=15.806454180261937)","dms_tuple(d=-38.0, m=-4.0, s=-42.31728504229636)",253.06586,16.871057,-38.078421
82274,152308,,16.868014,14.974215,124.0695,-23.0,6.51,1.042,B9.5p (Cr),-0.033,Her,33.358,93,187.8907161370077,HD152308_TypB9_Mag6.51,"hms_tuple(h=16.0, m=52.0, s=24.05663345025488)","dms_tuple(d=14.0, m=56.0, s=35.227438252516095)",253.100236,16.873349,14.943119
82293,151985,Pipirima,16.872263,-38.017536,145.3488,1.0,3.56,-2.252,B2IV,-0.21,Sco,693.107,9,13.916615797593524,HD151985_TypB2_Mag3.56,"hms_tuple(h=16.0, m=52.0, s=43.71124067919567)","dms_tuple(d=-38.0, m=-2.0, s=-54.87904285905529)",253.18213,16.878809,-38.048578
82302,151965,,16.874283,-40.723153,180.5054,0.0,6.35,0.068,B9p Si,-0.141,Sco,81.809,82,163.15373750039242,HD151965_TypB9_Mag6.35,"hms_tuple(h=16.0, m=52.0, s=51.915571160269565)","dms_tuple(d=-40.0, m=-45.0, s=-15.085380918219471)",253.216315,16.881088,-40.75419
82309,152002,,16.875648,-38.436104,401.6064,0.0,7.48,-0.539,B2III,0.16,Sco,143.087,195,442.16754115556887,HD152002_TypB2_Mag7.48,"hms_tuple(h=16.0, m=52.0, s=56.03338174172052)","dms_tuple(d=-38.0, m=-28.0, s=-1.7216175878513695)",253.233472,16.882231,-38.467145
82342,151988,,16.88438,-47.240284,205.3388,0.0,7.59,1.028,B8V,0.123,Ara,33.791,212,487.2325692121131,HD151988_TypB8_Mag7.59,"hms_tuple(h=16.0, m=53.0, s=31.116525521545384)","dms_tuple(d=-47.0, m=-16.0, s=-16.715507774551384)",253.379652,16.891977,-47.27131
82344,152180,,16.885141,-31.880216,471.6981,0.0,7.54,-0.828,B4III,0.115,Sco,186.724,204,466.20558189854603,HD152180_TypB4_Mag7.54,"hms_tuple(h=16.0, m=53.0, s=28.368159756136606)","dms_tuple(d=-31.0, m=-54.0, s=-40.557080859126984)",253.368201,16.891213,-31.911266
82413,152149,,16.899354,-46.91701,100000.0,0.0,7.92,-12.08,B3/B4III:,0.12,Ara,5915616.342,273,651.9055358919003,HD152149_TypB3_Mag7.92,"hms_tuple(h=16.0, m=54.0, s=24.85731914423809)","dms_tuple(d=-46.0, m=-56.0, s=-52.93139549570128)",253.603572,16.906905,-46.948036
82416,152235,,16.899682,-41.994327,952.381,-36.0,6.28,-3.614,B1Ia,0.462,Sco,2429.965,78,153.3820888800899,HD152235_TypB1_Mag6.28,"hms_tuple(h=16.0, m=54.0, s=23.835698008287522)","dms_tuple(d=-42.0, m=-1.0, s=-31.304376619177674)",253.599315,16.906621,-42.025362
82418,152236,,16.899924,-42.362025,787.4016,-26.0,4.7,-4.781,B1Iae,0.444,Sco,7118.689,23,38.05005050739528,HD152236_TypB1_Mag4.7,"hms_tuple(h=16.0, m=54.0, s=24.85273312849813)","dms_tuple(d=-42.0, m=-23.0, s=-35.01497965420242)",253.603553,16.906904,-42.39306
82420,152614,,16.900131,10.165359,75.188,-21.0,4.39,0.009,B8V,-0.088,Oph,86.377,18,28.944790901286467,HD152614_TypB8_Mag4.39,"hms_tuple(h=16.0, m=54.0, s=19.3224309109317)","dms_tuple(d=10.0, m=8.0, s=3.3623924891327306)",253.58051,16.905367,10.134267
82423,152234,,16.90051,-41.806389,793.6508,-6.0,5.46,-4.038,B0.5Ia,0.176,Sco,3590.873,42,74.39943501537284,HD152234_TypB0_Mag5.46,"hms_tuple(h=16.0, m=54.0, s=26.74300510393749)","dms_tuple(d=-41.0, m=-50.0, s=-14.728689736804768)",253.611429,16.907429,-41.837425
82533,152456,,16.918369,-38.413204,238.0952,0.0,7.25,0.366,B8/B9IIIsp.,-0.007,Sco,62.173,164,360.95759541392204,HD152456_TypB8_Mag7.25,"hms_tuple(h=16.0, m=55.0, s=29.821459998889566)","dms_tuple(d=-38.0, m=-26.0, s=-39.281739998809826)",253.874256,16.92495,-38.444245
82534,152603,,16.918439,-18.884129,591.716,0.0,7.77,-1.091,B9.5II/III,0.153,Oph,237.903,244,571.094717053101,HD152603_TypB9_Mag7.77,"hms_tuple(h=16.0, m=55.0, s=25.996398077504068)","dms_tuple(d=-18.0, m=-54.0, s=-54.69647756489792)",253.858318,16.923888,-18.915193
82569,152655,,16.925705,-21.569509,262.4672,0.0,6.62,-0.475,B9III,0.117,Oph,134.896,101,207.04024568445064,HD152655_TypB9_Mag6.62,"hms_tuple(h=16.0, m=55.0, s=52.496341271609026)","dms_tuple(d=-21.0, m=-36.0, s=-2.0544732748243177)",253.968735,16.931249,-21.600571
82586,152657,,16.928993,-25.533913,549.4505,0.0,7.59,-1.11,B8II,0.036,Oph,242.103,212,487.2325692121131,HD152657_TypB8_Mag7.59,"hms_tuple(h=16.0, m=56.0, s=4.945462976864121)","dms_tuple(d=-25.0, m=-33.0, s=-53.89339192833489)",254.020606,16.934707,-25.56497
82594,152635,,16.93118,-31.469834,492.6108,0.0,7.67,-0.793,B7II,-0.032,Sco,180.801,226,522.866067770482,HD152635_TypB7_Mag7.67,"hms_tuple(h=16.0, m=56.0, s=14.012046270512144)","dms_tuple(d=-31.0, m=-30.0, s=-3.1837394772750827)",254.058384,16.937226,-31.500884
82621,152541,,16.937361,-46.849416,326.7974,0.0,7.45,-0.121,B7V,0.061,Ara,97.364,191,430.6173790127683,HD152541_TypB7_Mag7.45,"hms_tuple(h=16.0, m=56.0, s=41.64825431613167)","dms_tuple(d=-46.0, m=-52.0, s=-49.59347034640189)",254.173534,16.944902,-46.880443
82655,152667,,16.943327,-40.823453,724.6377,4.0,6.18,-3.121,B0.5Ia,0.228,Sco,1543.121,72,140.42905193202526,HD152667_TypB0_Mag6.18,"hms_tuple(h=16.0, m=57.0, s=0.5110205972914628)","dms_tuple(d=-40.0, m=-51.0, s=-16.164807093292097)",254.252129,16.950142,-40.85449
82694,152909,,16.951106,-19.539856,177.6199,-27.0,6.27,0.023,B7/8III,0.084,Oph,85.271,77,152.0347553587468,HD152909_TypB7_Mag6.27,"hms_tuple(h=16.0, m=57.0, s=23.67612315924987)","dms_tuple(d=-19.0, m=-34.0, s=-15.311266137714199)",254.348651,16.956577,-19.57092
82783,152853,,16.968869,-45.982353,362.3188,0.0,7.92,0.125,B2III,0.128,Ara,77.625,273,651.9055358919003,HD152853_TypB2_Mag7.92,"hms_tuple(h=16.0, m=58.0, s=34.64832253760022)","dms_tuple(d=-46.0, m=-0.0, s=-48.17265752481603)",254.644368,16.976291,-46.013381
82863,153102,,16.985299,-38.566016,100000.0,-41.0,7.57,-12.43,B3II/III,0.04,Sco,8165823.714,209,478.71030262103807,HD153102_TypB3_Mag7.57,"hms_tuple(h=16.0, m=59.0, s=30.819815132236386)","dms_tuple(d=-38.0, m=-35.0, s=-49.4041216735269)",254.878416,16.991894,-38.597057
83010,153382,,17.018349,-42.071767,540.5405,0.0,7.28,-1.384,B8III,0.108,Sco,311.602,168,370.63931974020056,HD153382_TypB8_Mag7.28,"hms_tuple(h=17.0, m=1.0, s=31.067385571437853)","dms_tuple(d=-42.0, m=-6.0, s=-10.087916042689358)",255.379447,17.025296,-42.102802
83022,153608,,17.019833,-17.345264,341.2969,0.0,7.97,0.304,B9III/IV,0.268,Oph,65.826,284,681.3080354866522,HD153608_TypB9_Mag7.97,"hms_tuple(h=17.0, m=1.0, s=30.84287694465729)","dms_tuple(d=-17.0, m=-22.0, s=-34.78806420545794)",255.378512,17.025234,-17.37633
83025,153426,,17.02028,-38.2033,100000.0,-2.0,7.46,-12.54,B9II/III,0.134,Sco,9036494.737,192,434.43351452893916,HD153426_TypB9_Mag7.46,"hms_tuple(h=17.0, m=1.0, s=36.6325121208385)","dms_tuple(d=-38.0, m=-14.0, s=-3.6284584276990017)",255.402635,17.026842,-38.234341
83030,153609,,17.0208,-20.436669,381.6794,0.0,7.36,-0.548,B7/B8V,0.101,Oph,144.278,178,397.7458321127074,HD153609_TypB7_Mag7.36,"hms_tuple(h=17.0, m=1.0, s=34.687163796835705)","dms_tuple(d=-20.0, m=-28.0, s=-3.8347360428258526)",255.39453,17.026302,-20.467732
83052,153882,,17.025848,14.949717,162.8664,-32.0,6.27,0.211,B9p CrEu,0.031,Her,71.713,77,152.0347553587468,HD153882_TypB9_Mag6.27,"hms_tuple(h=17.0, m=1.0, s=52.256843786781246)","dms_tuple(d=14.0, m=55.0, s=7.034724266715386)",255.467737,17.031182,14.918621
83055,153759,,17.026356,-6.736424,336.7003,0.0,7.41,-0.226,B9,0.084,Oph,107.251,185,415.6851208955647,HD153759_TypB9_Mag7.41,"hms_tuple(h=17.0, m=1.0, s=53.56852336786005)","dms_tuple(d=-6.0, m=-46.0, s=-3.000549119789895)",255.473202,17.031547,-6.7675
83080,153613,,17.03129,-32.143519,137.1742,5.0,5.03,-0.656,B8V,-0.1,Sco,159.368,30,50.910058428254736,HD153613_TypB8_Mag5.03,"hms_tuple(h=17.0, m=2.0, s=14.567529643403816)","dms_tuple(d=-32.0, m=-10.0, s=-28.446679616592974)",255.560698,17.03738,-32.174569
83084,153575,,17.032039,-37.301475,418.41,-22.3,7.73,-0.378,B0III/IV,0.072,Sco,123.367,236,551.2912113423957,HD153575_TypB0_Mag7.73,"hms_tuple(h=17.0, m=2.0, s=18.67839366245107)","dms_tuple(d=-37.0, m=-19.0, s=-57.06319141519657)",255.577827,17.038522,-37.332518
83191,153855,,17.054982,-31.614615,100000.0,-51.5,6.97,-13.03,B2II,-0.073,Sco,14190575.217,132,281.9464748828664,HD153855_TypB2_Mag6.97,"hms_tuple(h=17.0, m=3.0, s=39.73307075537463)","dms_tuple(d=-31.0, m=-38.0, s=-44.39468564025873)",255.915554,17.061037,-31.645665
83240,153840,,17.065402,-44.149437,259.7403,0.0,7.88,0.807,B8III,0.084,Sco,41.419,265,629.299802346522,HD153840_TypB8_Mag7.88,"hms_tuple(h=17.0, m=4.0, s=21.322921566778632)","dms_tuple(d=-44.0, m=-10.0, s=-49.68711900956464)",256.088846,17.07259,-44.180469
83247,154002,,17.066412,-28.256318,568.1818,0.0,7.73,-1.042,B9.5III,0.057,Oph,227.405,236,551.2912113423957,HD154002_TypB9_Mag7.73,"hms_tuple(h=17.0, m=4.0, s=20.15645358917112)","dms_tuple(d=-28.0, m=-17.0, s=-14.540162080749326)",256.083985,17.072266,-28.287372
83250,154021,,17.066893,-25.698001,151.0574,0.0,6.66,0.764,B9IV/V,-0.083,Oph,43.092,104,214.47755395891784,HD154021_TypB9_Mag6.66,"hms_tuple(h=17.0, m=4.0, s=21.413767723385604)","dms_tuple(d=-25.0, m=-43.0, s=-44.60953005538329)",256.089224,17.072615,-25.729058
83307,154441,,17.078152,19.599105,176.6784,-24.0,6.19,-0.046,B9.5V,0.01,Her,90.866,73,141.67353559361956,HD154441_TypB9_Mag6.19,"hms_tuple(h=17.0, m=5.0, s=1.041366889330675)","dms_tuple(d=19.0, m=34.0, s=4.814803582531226)",256.254339,17.083623,19.568004
83309,154204,,17.079257,-20.494703,144.7178,-11.0,6.29,0.487,B7IV/V,-0.035,Oph,55.616,79,154.74136248456367,HD154204_TypB7_Mag6.29,"hms_tuple(h=17.0, m=5.0, s=5.139864929020632)","dms_tuple(d=-20.0, m=-31.0, s=-32.756919224439116)",256.271416,17.084761,-20.525766
83316,154090,,17.080376,-34.12293,100000.0,4.0,4.83,-15.17,B2Iab,0.257,Sco,101859138.805,26,42.674478941780485,HD154090_TypB2_Mag4.83,"hms_tuple(h=17.0, m=5.0, s=11.777783424309973)","dms_tuple(d=-34.0, m=-9.0, s=-14.317018115941096)",256.299074,17.086605,-34.153977
83329,153980,,17.083961,-46.971495,212.766,-38.0,7.54,0.9,B7/B8V,-0.014,Ara,38.019,204,466.20558189854603,HD153980_TypB7_Mag7.54,"hms_tuple(h=17.0, m=5.0, s=29.47022936166661)","dms_tuple(d=-47.0, m=-0.0, s=-9.077011862478912)",256.372793,17.09152,-47.002521
83345,154043,,17.088578,-47.069039,100000.0,-12.0,7.08,-12.92,B1Iab:,0.533,Ara,12823305.827,144,310.68202106935195,HD154043_TypB1_Mag7.08,"hms_tuple(h=17.0, m=5.0, s=46.141241747497475)","dms_tuple(d=-47.0, m=-6.0, s=-0.23472308894497473)",256.442255,17.09615,-47.100065
83371,154293,,17.091751,-22.072755,555.5556,0.0,7.05,-1.674,B5III,0.105,Oph,407.005,141,302.5664825365462,HD154293_TypB5_Mag7.05,"hms_tuple(h=17.0, m=5.0, s=50.33236606772107)","dms_tuple(d=-22.0, m=-6.0, s=-13.738158322048264)",256.459718,17.097315,-22.103816
83377,154445,,17.092294,-0.89207,342.4658,16.0,5.63,-2.043,B1V,0.104,Oph,571.742,47,86.4389933825896,HD154445_TypB1_Mag5.63,"hms_tuple(h=17.0, m=5.0, s=50.81753124986221)","dms_tuple(d=-0.0, m=-55.0, s=-23.34541031698393)",256.46174,17.097449,-0.923152
83391,154383,,17.096766,-18.116139,512.8205,0.0,7.87,-0.68,B9II,0.123,Oph,162.93,263,623.771929275639,HD154383_TypB9_Mag7.87,"hms_tuple(h=17.0, m=6.0, s=7.8856593196712765)","dms_tuple(d=-18.0, m=-8.0, s=-49.93527794343436)",256.532857,17.10219,-18.147204
83401,154333,,17.099074,-28.872619,176.0563,0.0,7.55,1.322,B9.5V,0.001,Oph,25.775,206,470.3371004243402,HD154333_TypB9_Mag7.55,"hms_tuple(h=17.0, m=6.0, s=17.863581797110726)","dms_tuple(d=-28.0, m=-54.0, s=-13.221141491896162)",256.574432,17.104962,-28.903673
83408,154196,,17.100183,-44.372682,341.2969,0.0,7.39,-0.276,B9V,0.061,Sco,112.305,182,408.41430272357115,HD154196_TypB9_Mag7.39,"hms_tuple(h=17.0, m=6.0, s=26.633068991343976)","dms_tuple(d=-44.0, m=-24.0, s=-13.367690704124016)",256.610971,17.107398,-44.403713
83464,154385,,17.111385,-36.077907,406.5041,0.0,7.4,-0.645,B1Ib,0.296,Sco,157.761,184,412.0336743557815,HD154385_TypB1_Mag7.4,"hms_tuple(h=17.0, m=7.0, s=3.9551488056790163)","dms_tuple(d=-36.0, m=-6.0, s=-32.224634628502145)",256.76648,17.117765,-36.108951
83482,154481,,17.114785,-26.513022,328.9474,-24.0,6.26,-1.326,B8/B9II,-0.038,Oph,295.393,77,150.69925703687835,HD154481_TypB8_Mag6.26,"hms_tuple(h=17.0, m=7.0, s=13.969252772257619)","dms_tuple(d=-26.0, m=-32.0, s=-38.681815073602195)",256.808205,17.120547,-26.544078
83506,154762,,17.119066,9.008937,238.6635,0.0,7.28,0.391,B9,0.033,Oph,60.758,168,370.63931974020056,HD154762_TypB9_Mag7.28,"hms_tuple(h=17.0, m=7.0, s=27.42448526688179)","dms_tuple(d=8.0, m=58.0, s=40.247090803223244)",256.864269,17.124285,8.977846
83637,155763,Aldhibah,17.146448,65.714683,100.7049,-17.0,3.17,-1.845,B6III,-0.12,Dra,476.431,7,9.864945021771724,HD155763_TypB6_Mag3.17,"hms_tuple(h=17.0, m=9.0, s=32.27784255611738)","dms_tuple(d=65.0, m=41.0, s=0.5467177853483918)",257.384491,17.158966,65.683485
83685,154744,,17.158316,-47.260851,278.5515,0.0,7.74,0.515,B8V,0.078,Ara,54.2,238,556.1767595666211,HD154744_TypB8_Mag7.74,"hms_tuple(h=17.0, m=9.0, s=57.29675939173603)","dms_tuple(d=-47.0, m=-17.0, s=-30.756561283117207)",257.488736,17.165916,-47.291877
83740,155095,,17.170816,-19.436267,100000.0,0.0,6.93,-13.07,B8Ib/II,0.017,Oph,14723125.024,128,272.1695876893252,HD155095_TypB8_Mag6.93,"hms_tuple(h=17.0, m=10.0, s=34.61950469433077)","dms_tuple(d=-19.0, m=-28.0, s=-2.3912483729259293)",257.644248,17.176283,-19.467331
83752,154873,,17.172455,-46.73841,462.963,-21.1,6.73,-1.598,B1Ib,0.287,Ara,379.49,110,228.14146549859603,HD154873_TypB1_Mag6.73,"hms_tuple(h=17.0, m=10.0, s=47.93065172068793)","dms_tuple(d=-46.0, m=-46.0, s=-9.97264757831374)",257.699711,17.179981,-46.769437
83763,155711,,17.175177,52.408769,121.3592,-34.0,6.3,0.88,B9V,-0.025,Dra,38.726,79,156.1126819853037,HD155711_TypB9_Mag6.3,"hms_tuple(h=17.0, m=11.0, s=1.0354175200697568)","dms_tuple(d=52.0, m=22.0, s=39.42827738444123)",257.754314,17.183621,52.377619
83814,155020,,17.188377,-46.182128,564.9718,0.0,7.52,-1.24,B2IV,0.101,Ara,272.898,201,458.0511018694067,HD155020_TypB2_Mag7.52,"hms_tuple(h=17.0, m=11.0, s=44.97415629178164)","dms_tuple(d=-46.0, m=-12.0, s=-47.361294858326914)",257.937392,17.195826,-46.213156
83819,155291,,17.189441,-20.424711,298.5075,0.0,7.42,0.045,B9IV,0.085,Oph,83.56,187,419.36892659107707,HD155291_TypB9_Mag7.42,"hms_tuple(h=17.0, m=11.0, s=41.79322140629097)","dms_tuple(d=-20.0, m=-27.0, s=-20.78598069824153)",257.924138,17.194943,-20.455774
83915,155401,,17.206962,-27.762124,153.8462,1.0,6.12,0.185,B9Vn...,-0.048,Oph,73.451,69,133.18838514701395,HD155401_TypB9_Mag6.12,"hms_tuple(h=17.0, m=12.0, s=46.03986562300577)","dms_tuple(d=-27.0, m=-47.0, s=-35.44384160890132)",258.191833,17.212789,-27.793179
83931,155503,,17.20973,-15.163569,150.6024,0.0,7.94,2.051,B9V,0.135,Oph,13.17,277,663.5111201850515,HD155503_TypB9_Mag7.94,"hms_tuple(h=17.0, m=12.0, s=54.25694692458791)","dms_tuple(d=-15.0, m=-11.0, s=-40.693827330847085)",258.226071,17.215071,-15.194637
83967,155450,,17.216266,-32.438332,543.4783,17.0,5.95,-2.726,B1Ib,0.071,Sco,1072.507,61,114.63739011499842,HD155450_TypB1_Mag5.95,"hms_tuple(h=17.0, m=13.0, s=20.55262007907686)","dms_tuple(d=-32.0, m=-28.0, s=-9.772126347369863)",258.335636,17.222376,-32.469381
83979,155416,,17.219285,-37.952375,100000.0,0.0,6.59,-13.41,B8Iab-Ib,0.338,Sco,20137242.499,99,201.63200517568157,HD155416_TypB8_Mag6.59,"hms_tuple(h=17.0, m=13.0, s=32.96950009372182)","dms_tuple(d=-37.0, m=-59.0, s=-0.29978698740421805)",258.387373,17.225825,-37.983417
84001,156110,,17.224367,45.372238,917.4312,-43.1,7.56,-2.253,B3Vn,-0.158,Her,693.745,208,474.5052325085976,HD156110_TypB3_Mag7.56,"hms_tuple(h=17.0, m=13.0, s=54.12201728197033)","dms_tuple(d=45.0, m=20.0, s=27.970298574859953)",258.475508,17.231701,45.341103
84033,155600,,17.232602,-32.241247,271.7391,-22.0,7.93,0.759,B8V,0.125,Sco,43.291,275,657.682729265769,HD155600_TypB8_Mag7.93,"hms_tuple(h=17.0, m=14.0, s=19.314312205437147)","dms_tuple(d=-32.0, m=-16.0, s=-20.267031994685567)",258.580476,17.238698,-32.272296
84150,155775,,17.256201,-38.212968,100000.0,-9.0,6.71,-13.29,B1V,-0.012,Sco,18030177.409,108,224.15100485964183,HD155775_TypB1_Mag6.71,"hms_tuple(h=17.0, m=15.0, s=45.95125370245512)","dms_tuple(d=-38.0, m=-14.0, s=-38.43320705592021)",258.941464,17.262764,-38.244009
84185,155889,,17.264097,-33.737005,833.3333,7.8,6.54,-3.064,B1/B2Ib/II,-0.015,Sco,1464.199,95,192.9303832342453,HD155889_TypB1_Mag6.54,"hms_tuple(h=17.0, m=16.0, s=13.071883852114183)","dms_tuple(d=-33.0, m=-46.0, s=-4.988857054976279)",259.054466,17.270298,-33.768052
84186,155940,,17.264264,-30.210731,106.4963,-4.0,6.2,1.063,B9/B9.5V,-0.027,Sco,32.719,73,142.92904788185962,HD155940_TypB9_Mag6.2,"hms_tuple(h=17.0, m=16.0, s=12.830383676723898)","dms_tuple(d=-30.0, m=-14.0, s=-30.41854227001494)",259.05346,17.270231,-30.241783
84224,155896,,17.271551,-42.339034,552.4862,-19.0,6.75,-1.962,B7Ve,0.13,Sco,530.64,112,232.20296653338022,HD155896_TypB7_Mag6.75,"hms_tuple(h=17.0, m=16.0, s=42.70073425982389)","dms_tuple(d=-42.0, m=-22.0, s=-12.247517775815027)",259.17792,17.278528,-42.370069
84239,156377,,17.27531,18.019674,234.7418,2.0,7.11,0.257,B9,-0.04,Her,68.738,147,319.0152372679894,HD156377_TypB9_Mag7.11,"hms_tuple(h=17.0, m=16.0, s=50.62642944941814)","dms_tuple(d=17.0, m=59.0, s=18.868979949539835)",259.210943,17.28073,17.988575
84241,156247,,17.275477,1.210545,200.4008,-11.0,5.89,-0.619,B5Vnn,0.023,Oph,154.028,58,108.72656802009573,HD156247_TypB5_Mag5.89,"hms_tuple(h=17.0, m=16.0, s=50.27785486397903)","dms_tuple(d=1.0, m=10.0, s=46.061696530223415)",259.209491,17.280633,1.179462
84297,155985,,17.284872,-44.778595,100000.0,-17.0,6.46,-13.54,B0.5Iab:,0.187,Sco,22698648.519,90,179.78211266056408,HD155985_TypB0_Mag6.46,"hms_tuple(h=17.0, m=17.0, s=31.695611917872952)","dms_tuple(d=-44.0, m=-48.0, s=-34.651865546144904)",259.382065,17.292138,-44.809626
84302,156547,,17.286336,25.873846,191.2046,0.0,7.1,0.693,B9,0.1,Her,46.004,146,316.2129549015887,HD156547_TypB9_Mag7.1,"hms_tuple(h=17.0, m=17.0, s=31.4283222687709)","dms_tuple(d=25.0, m=50.0, s=33.858197116997246)",259.380951,17.292063,25.842738
84314,156633,,17.288769,33.1001,204.0816,-21.0,4.8,-1.749,B1.5Vp,-0.166,Her,436.114,25,41.55974955696644,HD156633_TypB1_Mag4.8,"hms_tuple(h=17.0, m=17.0, s=41.71208720226247)","dms_tuple(d=33.0, m=4.0, s=8.3412730890592)",259.4238,17.29492,33.068984
84328,156651,,17.290692,31.518379,225.7336,-15.0,7.07,0.302,B5,-0.115,Her,65.948,143,307.9529390460096,HD156651_TypB5_Mag7.07,"hms_tuple(h=17.0, m=17.0, s=48.252076915936755)","dms_tuple(d=31.0, m=29.0, s=14.15292755947263)",259.45105,17.296737,31.487265
84329,156212,,17.290999,-27.766891,100000.0,-45.3,7.89,-12.11,B0Iab,0.523,Oph,6081350.013,267,634.876663483802,HD156212_TypB0_Mag7.89,"hms_tuple(h=17.0, m=17.0, s=48.57398563883379)","dms_tuple(d=-27.0, m=-47.0, s=-52.60502164057101)",259.452392,17.296826,-27.797946
84346,156252,,17.294314,-26.629023,156.0062,0.0,6.81,0.844,B9.5V,0.02,Oph,40.031,117,244.8264719937363,HD156252_TypB9_Mag6.81,"hms_tuple(h=17.0, m=18.0, s=0.29469576460002145)","dms_tuple(d=-26.0, m=-39.0, s=-36.28493945353654)",259.501228,17.300082,-26.660079
84353,156201,,17.295976,-35.224174,757.5758,-18.0,7.89,-1.507,B0.5Ia,0.604,Sco,348.98,267,634.876663483802,HD156201_TypB0_Mag7.89,"hms_tuple(h=17.0, m=18.0, s=8.238282447115068)","dms_tuple(d=-35.0, m=-15.0, s=-18.790076459663396)",259.534326,17.302288,-35.255219
84369,156157,,17.300382,-43.577705,214.1328,0.0,7.02,0.367,B8V,-0.04,Sco,62.116,137,294.66293556170405,HD156157_TypB8_Mag7.02,"hms_tuple(h=17.0, m=18.0, s=27.00367846543344)","dms_tuple(d=-43.0, m=-36.0, s=-31.45552816194993)",259.612515,17.307501,-43.608738
84391,156325,,17.305697,-32.553107,319.4888,-14.0,6.36,-1.162,B5III,0.109,Sco,253.98,83,164.59960755259254,HD156325_TypB5_Mag6.36,"hms_tuple(h=17.0, m=18.0, s=42.53233659316436)","dms_tuple(d=-32.0, m=-35.0, s=-2.961597104217617)",259.677218,17.311815,-32.584156
84428,156292,,17.312725,-42.891645,471.6981,-57.0,7.51,-0.858,B0V,0.257,Sco,191.955,200,454.02750557766933,HD156292_TypB0_Mag7.51,"hms_tuple(h=17.0, m=19.0, s=11.151255411176066)","dms_tuple(d=-42.0, m=-55.0, s=-21.643769543067037)",259.796464,17.319764,-42.922679
84431,156293,,17.313287,-44.129746,111.4827,-12.0,5.76,0.524,B9V,-0.049,Sco,53.753,52,96.94439175940381,HD156293_TypB9_Mag5.76,"hms_tuple(h=17.0, m=19.0, s=13.700284028721512)","dms_tuple(d=-44.0, m=-9.0, s=-38.799644471567376)",259.807085,17.320472,-44.160778
84486,156468,,17.323375,-38.003687,724.6377,-46.0,7.84,-1.461,B2V:ne,0.2,Sco,334.503,257,607.4779541357369,HD156468_TypB2_Mag7.84,"hms_tuple(h=17.0, m=19.0, s=47.70998440260058)","dms_tuple(d=-38.0, m=-2.0, s=-5.0227160496336865)",259.948792,17.329919,-38.034729
84489,156398,,17.323508,-44.223028,325.7329,-15.0,6.64,-0.924,B9III,0.211,Sco,203.986,103,210.72609108853683,HD156398_TypB9_Mag6.64,"hms_tuple(h=17.0, m=19.0, s=50.536880803443864)","dms_tuple(d=-44.0, m=-15.0, s=-14.614249378371369)",259.96057,17.330705,-44.25406
84606,156688,,17.345267,-38.020598,100000.0,-7.0,7.2,-12.8,B2II,0.045,Sco,11481536.215,158,345.3801253121633,HD156688_TypB2_Mag7.2,"hms_tuple(h=17.0, m=21.0, s=6.526626370927033)","dms_tuple(d=-38.0, m=-3.0, s=-5.902226672962456)",260.277194,17.351813,-38.05164
84618,157151,,17.346285,21.519469,214.5923,-8.0,7.04,0.382,B9,-0.01,Her,61.263,140,299.90868873980725,HD157151_TypB9_Mag7.04,"hms_tuple(h=17.0, m=21.0, s=6.568916096261432)","dms_tuple(d=21.0, m=29.0, s=18.118025090897163)",260.27737,17.351825,21.488366
84710,157056,,17.366827,-24.999545,133.6898,-2.0,3.27,-2.36,B2IV,-0.186,Oph,765.597,7,10.774877799922823,HD157056_TypB2_Mag3.27,"hms_tuple(h=17.0, m=22.0, s=21.05738287066174)","dms_tuple(d=-25.0, m=-1.0, s=-50.17073492231333)",260.587739,17.372516,-25.030603
84722,157016,,17.3692,-30.50135,337.8378,7.9,7.19,-0.454,B8V,0.073,Sco,132.312,156,342.3462494285041,HD157016_TypB8_Mag7.19,"hms_tuple(h=17.0, m=22.0, s=30.663967728810633)","dms_tuple(d=-30.0, m=-31.0, s=-56.645662044615506)",260.627767,17.375184,-30.532402
84760,157038,,17.37756,-37.804637,100000.0,-14.0,6.33,-13.67,B4Ia+...,0.682,Sco,25585858.869,81,160.2999881121757,HD157038_TypB4_Mag6.33,"hms_tuple(h=17.0, m=23.0, s=2.7122719486013125)","dms_tuple(d=-37.0, m=-50.0, s=-8.44376496370387)",260.761301,17.384087,-37.835679
84763,157040,,17.378318,-38.202285,100000.0,0.0,7.67,-12.33,B9.5IV,0.134,Sco,7447319.739,226,522.866067770482,HD157040_TypB9_Mag7.67,"hms_tuple(h=17.0, m=23.0, s=5.568982387735559)","dms_tuple(d=-38.0, m=-13.0, s=-59.97446382024066)",260.773204,17.38488,-38.233326
84852,157778,,17.394708,37.145946,120.6273,-19.0,4.15,-1.257,B9.5III,-0.011,Her,277.204,15,23.421136999543315,HD157778_TypB9_Mag4.15,"hms_tuple(h=17.0, m=24.0, s=4.2195271912112275)","dms_tuple(d=37.0, m=6.0, s=53.36704353616369)",261.017581,17.401172,37.114824
84902,157243,,17.403636,-44.162576,226.2443,13.0,5.1,-1.673,B7III,-0.052,Sco,406.631,31,54.15343062270252,HD157243_TypB7_Mag5.1,"hms_tuple(h=17.0, m=24.0, s=38.97108995335316)","dms_tuple(d=-44.0, m=-11.0, s=-36.987435247277176)",261.16238,17.410825,-44.193608
84911,157416,,17.405472,-29.870424,353.3569,0.0,7.63,-0.111,B9III,0.05,Oph,96.472,219,504.73495772895257,HD157416_TypB9_Mag7.63,"hms_tuple(h=17.0, m=24.0, s=41.10543920024895)","dms_tuple(d=-29.0, m=-54.0, s=-5.314831793389487)",261.171273,17.411418,-29.901476
84927,157741,,17.409389,15.606048,153.3742,-19.0,6.34,0.411,B9V,-0.017,Her,59.649,82,161.720568208778,HD157741_TypB9_Mag6.34,"hms_tuple(h=17.0, m=24.0, s=53.06449970552535)","dms_tuple(d=15.0, m=34.0, s=29.824012949739966)",261.221102,17.41474,15.574951
84935,157546,,17.410289,-18.445762,250.0,-21.0,6.34,-0.65,B8V,0.046,Oph,158.489,82,161.720568208778,HD157546_TypB8_Mag6.34,"hms_tuple(h=17.0, m=24.0, s=56.60567555226294)","dms_tuple(d=-18.0, m=-28.0, s=-36.57687909339671)",261.235857,17.415724,-18.476827
84963,157317,,17.414458,-46.20196,270.2703,-13.0,6.75,-0.409,B6V,-0.062,Ara,126.94,112,232.20296653338022,HD157317_TypB6_Mag6.75,"hms_tuple(h=17.0, m=25.0, s=18.875445284432146)","dms_tuple(d=-46.0, m=-13.0, s=-58.756359043617294)",261.328648,17.42191,-46.232988
85051,157841,,17.433183,-6.581833,204.499,0.0,6.96,0.407,B9,0.218,Oph,59.869,131,279.4698106282087,HD157841_TypB9_Mag6.96,"hms_tuple(h=17.0, m=26.0, s=18.1398100988298)","dms_tuple(d=-6.0, m=-36.0, s=-46.47346283985826)",261.575583,17.438372,-6.612909
85058,157736,,17.434963,-27.599624,151.5152,0.0,7.49,1.588,B9/B9.5V,0.067,Oph,20.174,197,446.0860343240754,HD157736_TypB9_Mag7.49,"hms_tuple(h=17.0, m=26.0, s=26.81223845433692)","dms_tuple(d=-27.0, m=-37.0, s=-50.44452125585252)",261.611718,17.440781,-27.630679
85097,157624,,17.442201,-44.629374,751.8797,0.0,7.88,-1.501,B3III,-0.044,Sco,347.056,265,629.299802346522,HD157624_TypB3_Mag7.88,"hms_tuple(h=17.0, m=26.0, s=58.012604399537224)","dms_tuple(d=-44.0, m=-39.0, s=-37.4572348718948)",261.741719,17.449448,-44.660405
85125,158148,,17.44698,20.080977,178.8909,-30.0,5.52,-0.743,B5V,-0.119,Her,172.663,43,78.44409339414062,HD158148_TypB5_Mag5.52,"hms_tuple(h=17.0, m=27.0, s=8.881918443143206)","dms_tuple(d=20.0, m=2.0, s=59.55221905962446)",261.787008,17.452467,20.049876
85127,157865,,17.447436,-26.331777,350.8772,0.0,7.35,-0.376,B8/B9III,0.307,Oph,123.14,177,394.25196723909164,HD157865_TypB8_Mag7.35,"hms_tuple(h=17.0, m=27.0, s=11.480229237057245)","dms_tuple(d=-26.0, m=-21.0, s=-46.20055628166796)",261.797834,17.453189,-26.362833
85129,157661,,17.447772,-45.84303,194.9318,-9.0,5.28,-1.169,B8V,-0.058,Ara,255.623,36,63.47428331594824,HD157661_TypB8_Mag5.28,"hms_tuple(h=17.0, m=27.0, s=18.632057050071467)","dms_tuple(d=-45.0, m=-52.0, s=-26.610802033501386)",261.827634,17.455176,-45.874059
85131,157864,,17.448694,-25.943462,121.2121,-8.0,6.42,1.002,B9.5/A0V,-0.055,Oph,34.61,87,173.54791719623321,HD157864_TypB9_Mag6.42,"hms_tuple(h=17.0, m=27.0, s=15.940171442723567)","dms_tuple(d=-25.0, m=-58.0, s=-28.26813653161338)",261.816417,17.454428,-25.974519
85140,157698,,17.450992,-47.136529,588.2353,-15.0,7.14,-1.708,B5IV:,-0.05,Ara,419.952,151,327.5719697549974,HD157698_TypB5_Mag7.14,"hms_tuple(h=17.0, m=27.0, s=30.86625983500852)","dms_tuple(d=-47.0, m=-10.0, s=-3.19824505269537)",261.878609,17.458574,-47.167555
85182,157955,,17.460431,-29.724567,226.2443,-21.0,5.98,-0.793,B9.5IV,0.01,Oph,180.801,62,117.71223220913615,HD157955_TypB9_Mag5.98,"hms_tuple(h=17.0, m=27.0, s=58.92661717007883)","dms_tuple(d=-29.0, m=-45.0, s=-20.23026709259028)",261.995528,17.466369,-29.75562
85207,157832,,17.465226,-47.026219,100000.0,-4.0,6.57,-13.43,B5Vnne,0.184,Ara,20511621.788,97,198.10522595363804,HD157832_TypB5_Mag6.57,"hms_tuple(h=17.0, m=28.0, s=22.052142875966467)","dms_tuple(d=-47.0, m=-3.0, s=-26.08302575799371)",262.091884,17.472792,-47.057245
85216,157957,,17.467636,-36.882079,523.5602,0.0,7.56,-1.035,B7III,0.07,Sco,225.944,208,474.5052325085976,HD157957_TypB7_Mag7.56,"hms_tuple(h=17.0, m=28.0, s=26.698645361855426)","dms_tuple(d=-36.0, m=-54.0, s=-47.23975386408256)",262.111244,17.474083,-36.913122
85289,158042,,17.483573,-43.973919,571.4286,0.0,6.3,-2.485,B5III,-0.01,Sco,859.014,79,156.1126819853037,HD158042_TypB5_Mag6.3,"hms_tuple(h=17.0, m=29.0, s=26.661839992910643)","dms_tuple(d=-44.0, m=-0.0, s=-17.823434386448866)",262.361091,17.490739,-44.004951
85308,158186,,17.486924,-31.534289,900.9009,33.0,6.99,-2.783,B2/B3II,-0.017,Sco,1130.316,134,286.96584256768466,HD158186_TypB2_Mag6.99,"hms_tuple(h=17.0, m=29.0, s=34.70547443429041)","dms_tuple(d=-31.0, m=-33.0, s=-55.22144864658969)",262.394606,17.492974,-31.565339
85380,158320,,17.501566,-33.716366,100000.0,4.0,6.68,-13.32,B1/B2Ib/II,0.078,Sco,18535316.234,106,218.29580245415895,HD158320_TypB1_Mag6.68,"hms_tuple(h=17.0, m=30.0, s=27.954910077680495)","dms_tuple(d=-33.0, m=-44.0, s=-50.688554932179954)",262.616479,17.507765,-33.747413
85435,158408,Lesath,17.512732,-37.295811,176.6784,8.0,2.7,-3.536,B2IV,-0.179,Sco,2261.518,5,6.516307249283441,HD158408_TypB2_Mag2.7,"hms_tuple(h=17.0, m=31.0, s=9.171434309885171)","dms_tuple(d=-37.0, m=-19.0, s=-36.67282077967741)",262.788214,17.519214,-37.326854
85519,158531,,17.528498,-41.03956,271.0027,0.0,7.19,0.025,B7/B8IV:,0.06,Sco,85.114,156,342.3462494285041,HD158531_TypB7_Mag7.19,"hms_tuple(h=17.0, m=32.0, s=7.207086683549164)","dms_tuple(d=-41.0, m=-4.0, s=-14.148764797889726)",263.03003,17.535335,-41.070597
85520,158704,,17.528993,-26.269709,119.6172,0.1,6.05,0.661,B9II/III,-0.065,Oph,47.381,65,125.21142966991891,HD158704_TypB9_Mag6.05,"hms_tuple(h=17.0, m=32.0, s=5.07432833562433)","dms_tuple(d=-26.0, m=-18.0, s=-2.756009576333156)",263.021143,17.534743,-26.300766
85549,158976,,17.534131,2.823703,476.1905,0.0,7.41,-0.979,B8,-0.054,Oph,214.585,185,415.6851208955647,HD158976_TypB8_Mag7.41,"hms_tuple(h=17.0, m=32.0, s=21.450386104129677)","dms_tuple(d=2.0, m=47.0, s=33.42520190959078)",263.089377,17.539292,2.792618
85553,158705,,17.535313,-31.549099,100000.0,0.0,7.95,-12.05,B1/B2Iab,0.784,Sco,5754399.373,280,669.391162362906,HD158705_TypB1_Mag7.95,"hms_tuple(h=17.0, m=32.0, s=28.909334324854115)","dms_tuple(d=-31.0, m=-34.0, s=-48.53738176482153)",263.120456,17.541364,-31.580149
85563,159082,,17.537467,11.930047,135.318,-12.0,6.42,0.763,B9.5V,-0.013,Oph,43.132,87,173.54791719623321,HD159082_TypB9_Mag6.42,"hms_tuple(h=17.0, m=32.0, s=33.84541133528131)","dms_tuple(d=11.0, m=53.0, s=56.23318809433229)",263.141023,17.542735,11.898954
85578,159303,,17.540781,35.773118,367.6471,0.0,7.8,-0.027,B9,-0.066,Her,89.289,249,586.4128089424291,HD159303_TypB9_Mag7.8,"hms_tuple(h=17.0, m=32.0, s=49.674407761448265)","dms_tuple(d=35.0, m=44.0, s=31.19319567993898)",263.206977,17.547132,35.741998
85618,158902,,17.550956,-29.650844,980.3922,-45.7,7.22,-2.737,B3II,0.313,Oph,1083.428,160,351.52877406079745,HD158902_TypB3_Mag7.22,"hms_tuple(h=17.0, m=33.0, s=24.800923322780193)","dms_tuple(d=-29.0, m=-40.0, s=-54.827787499263536)",263.353337,17.556889,-29.681897
85622,158859,,17.551671,-33.057787,751.8797,-37.0,7.27,-2.111,B2II,0.127,Sco,608.695,166,367.38356293404297,HD158859_TypB2_Mag7.27,"hms_tuple(h=17.0, m=33.0, s=28.16428524043289)","dms_tuple(d=-33.0, m=-5.0, s=-19.80725372668246)",263.367351,17.557823,-33.088835
85626,158799,,17.552052,-41.173066,465.1163,-19.0,5.84,-2.498,B9Ib/II,0.041,Sco,869.361,56,104.0343690357312,HD158799_TypB9_Mag5.84,"hms_tuple(h=17.0, m=33.0, s=32.05163687246227)","dms_tuple(d=-41.0, m=-12.0, s=-14.769593248910269)",263.383548,17.558903,-41.204103
85639,158747,,17.553905,-45.511297,429.1845,0.0,7.07,-1.093,B9III,0.033,Sco,238.342,143,307.9529390460096,HD158747_TypB9_Mag7.07,"hms_tuple(h=17.0, m=33.0, s=40.553146390012955)","dms_tuple(d=-45.0, m=-32.0, s=-32.37423201349145)",263.418971,17.561265,-45.542326
85656,158846,,17.558069,-42.399661,549.4505,12.0,7.35,-1.35,B5IV:,-0.015,Sco,301.995,177,394.25196723909164,HD158846_TypB5_Mag7.35,"hms_tuple(h=17.0, m=33.0, s=54.18981486328789)","dms_tuple(d=-42.0, m=-25.0, s=-50.50435333219809)",263.475791,17.565053,-42.430696
85664,158926,Shaula,17.560145,-37.103821,175.1313,-3.0,1.62,-4.597,B1.5IV+...,-0.231,Sco,6008.97,2,2.512873139036051,HD158926_TypB1_Mag1.62,"hms_tuple(h=17.0, m=33.0, s=59.79888913321048)","dms_tuple(d=-37.0, m=-8.0, s=-5.509813525720801)",263.499162,17.566611,-37.134864
85694,158906,,17.567829,-46.600478,100000.0,0.0,7.66,-12.34,B2/B3II,-0.13,Ara,7516228.94,224,518.2731261472211,HD158906_TypB2_Mag7.66,"hms_tuple(h=17.0, m=34.0, s=31.207927013962546)","dms_tuple(d=-46.0, m=-37.0, s=-53.41840888673801)",263.630033,17.575336,-46.631505
85704,158928,,17.569605,-45.006375,100000.0,0.0,7.0,-13.0,B9III,-0.018,Sco,13803842.646,135,289.50893673230235,HD158928_TypB9_Mag7.0,"hms_tuple(h=17.0, m=34.0, s=36.83832584759358)","dms_tuple(d=-45.0, m=-2.0, s=-14.658376194153107)",263.653493,17.5769,-45.037405
85709,159091,,17.570606,-35.733735,502.5126,0.0,7.61,-0.896,B7III,0.137,Sco,198.793,216,495.90655392467346,HD159091_TypB7_Mag7.61,"hms_tuple(h=17.0, m=34.0, s=37.05095381145668)","dms_tuple(d=-35.0, m=-45.0, s=-53.20715561069278)",263.654379,17.576959,-35.76478
85717,159035,,17.572959,-40.531191,303.9514,0.0,7.14,-0.274,B8IV,0.015,Sco,112.099,151,327.5719697549974,HD159035_TypB8_Mag7.14,"hms_tuple(h=17.0, m=34.0, s=47.07878238288629)","dms_tuple(d=-40.0, m=-33.0, s=-44.023274338370015)",263.696162,17.579744,-40.562229
85756,159358,,17.579542,-11.241999,123.3046,-11.0,5.54,0.085,B8Vn,0.013,Ser,80.538,44,79.84059869753548,HD159358_TypB8_Mag5.54,"hms_tuple(h=17.0, m=35.0, s=5.272987330340584)","dms_tuple(d=-11.0, m=-16.0, s=-23.05539930985333)",263.771971,17.584798,-11.273071
85817,159545,,17.592033,-2.891713,331.1258,0.0,7.75,0.15,B9,0.132,Oph,75.858,240,561.1056035680328,HD159545_TypB9_Mag7.75,"hms_tuple(h=17.0, m=35.0, s=49.899693281469126)","dms_tuple(d=-2.0, m=-55.0, s=-22.053647455736893)",263.957915,17.597194,-2.922793
85842,159660,,17.597342,0.996591,302.1148,0.0,7.55,0.149,B8,0.067,Oph,75.928,206,470.3371004243402,HD159660_TypB8_Mag7.55,"hms_tuple(h=17.0, m=36.0, s=8.990557399567365)","dms_tuple(d=0.0, m=57.0, s=55.82799811526769)",264.037461,17.602497,0.965508
85967,159574,,17.622149,-40.320114,216.9197,0.0,7.78,1.099,B9Ib,0.347,Sco,31.652,245,576.1557641428401,HD159574_TypB9_Mag7.78,"hms_tuple(h=17.0, m=37.0, s=44.08616450619462)","dms_tuple(d=-40.0, m=-21.0, s=-4.147269422505815)",264.433692,17.628913,-40.351152
86018,159975,,17.630754,-8.118771,231.4815,-19.0,4.58,-2.243,B8II-IIIMNp,0.132,Oph,687.385,21,34.22740837430621,HD159975_TypB8_Mag4.58,"hms_tuple(h=17.0, m=38.0, s=9.4604443400155)","dms_tuple(d=-8.0, m=-8.0, s=-59.44513990364271)",264.539419,17.635961,-8.149846
86033,160140,,17.633487,6.48326,100000.0,0.0,7.74,-12.26,B8,-0.067,Oph,6982324.041,238,556.1767595666211,HD160140_TypB8_Mag7.74,"hms_tuple(h=17.0, m=38.0, s=19.228209799970557)","dms_tuple(d=6.0, m=27.0, s=7.818323324790839)",264.580118,17.638675,6.452172
86045,159707,,17.635678,-42.880274,303.0303,13.0,6.09,-1.317,B8V,-0.057,Sco,292.954,67,129.70927982877768,HD159707_TypB8_Mag6.09,"hms_tuple(h=17.0, m=38.0, s=33.77737958729455)","dms_tuple(d=-42.0, m=-54.0, s=-40.708239042223795)",264.640739,17.642716,-42.911308
86147,160762,,17.657747,46.006332,139.47,-20.0,3.82,-1.902,B3V SB,-0.179,Her,502.111,12,17.504899292723056,HD160762_TypB3_Mag3.82,"hms_tuple(h=17.0, m=39.0, s=54.59069194556804)","dms_tuple(d=45.0, m=58.0, s=30.70444354810718)",264.977461,17.665164,45.975196
86164,160124,,17.660442,-32.320141,462.963,-8.0,7.16,-1.168,B3IV/V,0.009,Sco,255.388,153,333.40358783117154,HD160124_TypB3_Mag7.16,"hms_tuple(h=17.0, m=39.0, s=59.55743367564196)","dms_tuple(d=-32.0, m=-21.0, s=-4.285069933910677)",264.998156,17.666544,-32.35119
86200,160202,,17.666956,-32.201069,261.0966,-15.0,6.74,-0.344,B7Ve,-0.009,Sco,119.564,111,230.16325744576756,HD160202_TypB7_Mag6.74,"hms_tuple(h=17.0, m=40.0, s=22.979003061979597)","dms_tuple(d=-32.0, m=-13.0, s=-55.62641613782773)",265.095746,17.67305,-32.232118
86206,160147,,17.669367,-39.204978,271.7391,0.0,7.44,0.269,B7/B8IV,-0.025,Sco,67.983,189,426.83476505925523,HD160147_TypB7_Mag7.44,"hms_tuple(h=17.0, m=40.0, s=33.67936590026517)","dms_tuple(d=-39.0, m=-14.0, s=-9.663861742635618)",265.140331,17.676022,-39.236018
86219,160319,,17.673298,-28.923202,393.7008,0.0,7.22,-0.756,B3Vne,0.178,Oph,174.743,160,351.52877406079745,HD160319_TypB3_Mag7.22,"hms_tuple(h=17.0, m=40.0, s=45.080327191210756)","dms_tuple(d=-28.0, m=-57.0, s=-15.319725032059068)",265.187835,17.679189,-28.954255
86240,160335,,17.67871,-32.155665,273.224,0.0,7.26,0.077,B4V,-0.015,Sco,81.133,165,364.156405231697,HD160335_TypB4_Mag7.26,"hms_tuple(h=17.0, m=41.0, s=5.282454343324048)","dms_tuple(d=-32.0, m=-11.0, s=-12.1722240367626)",265.27201,17.684801,-32.186715
86243,160609,,17.67915,4.150967,264.5503,0.0,7.62,0.507,B8,0.121,Oph,54.601,217,500.3012827613783,HD160609_TypB8_Mag7.62,"hms_tuple(h=17.0, m=41.0, s=3.5447987731069475)","dms_tuple(d=4.0, m=7.0, s=11.57123508773445)",265.26477,17.684318,4.119881
86246,160430,,17.680527,-23.836128,100000.0,0.0,7.9,-12.1,B2II,0.355,Oph,6025595.861,269,640.5029468202126,HD160430_TypB2_Mag7.9,"hms_tuple(h=17.0, m=41.0, s=10.189174925179998)","dms_tuple(d=-23.0, m=-52.0, s=-1.8741371529901585)",265.292455,17.686164,-23.867187
86313,160491,,17.693873,-32.112179,202.4291,0.0,7.91,1.379,B9IV,0.002,Sco,24.457,271,646.179090335777,HD160491_TypB9_Mag7.91,"hms_tuple(h=17.0, m=41.0, s=59.85879126886374)","dms_tuple(d=-32.0, m=-8.0, s=-35.622822959159066)",265.499412,17.699961,-32.143229
86331,160965,,17.697159,23.753438,297.619,0.0,6.96,-0.408,B8,-0.113,Her,126.824,131,279.4698106282087,HD160965_TypB8_Mag6.96,"hms_tuple(h=17.0, m=42.0, s=10.041766252682578)","dms_tuple(d=23.0, m=43.0, s=20.39783098677475)",265.541841,17.702789,23.722333
86385,160575,,17.705017,-35.801139,671.1409,0.0,7.61,-1.524,B1/B2II,0.36,Sco,354.487,216,495.90655392467346,HD160575_TypB1_Mag7.61,"hms_tuple(h=17.0, m=42.0, s=40.94996473543546)","dms_tuple(d=-35.0, m=-49.0, s=-55.86121974435571)",265.670625,17.711375,-35.832184
86402,160578,,17.708132,-39.029983,148.1481,-14.0,2.39,-3.463,B1.5III,-0.171,Sco,2114.463,4,4.9569750437621165,HD160578_TypB1_Mag2.39,"hms_tuple(h=17.0, m=42.0, s=53.17387001995854)","dms_tuple(d=-39.0, m=-3.0, s=-39.682815541739274)",265.721558,17.714771,-39.061023
86415,160825,,17.711177,-15.559234,186.2197,0.0,7.01,0.66,B9III/IV,0.066,Ser,47.424,136,292.07456782282145,HD160825_TypB9_Mag7.01,"hms_tuple(h=17.0, m=42.0, s=59.50273911555712)","dms_tuple(d=-15.0, m=-35.0, s=-25.08643203745322)",265.747928,17.716529,-15.590302
86467,160648,,17.723411,-46.587948,444.4444,0.0,7.53,-0.709,B6III,-0.04,Ara,167.34,203,462.11035531169057,HD160648_TypB6_Mag7.53,"hms_tuple(h=17.0, m=43.0, s=51.29687281957416)","dms_tuple(d=-46.0, m=-37.0, s=-8.310495970953298)",265.963737,17.730916,-46.618975
86485,160841,,17.726691,-34.08141,240.3846,0.0,7.71,0.805,B9III,0.006,Sco,41.495,233,541.648484297334,HD160841_TypB9_Mag7.71,"hms_tuple(h=17.0, m=43.0, s=58.50077036300377)","dms_tuple(d=-34.0, m=-6.0, s=-44.84521676285681)",265.993753,17.732917,-34.112457
86487,160715,,17.727021,-45.971325,257.732,0.0,6.92,-0.136,B9IV/V,-0.027,Ara,98.719,127,269.7788052214281,HD160715_TypB9_Mag6.92,"hms_tuple(h=17.0, m=44.0, s=3.9901959642128304)","dms_tuple(d=-46.0, m=-0.0, s=-8.471932459858067)",266.016626,17.734442,-46.002353
86500,161056,,17.729728,-7.079608,333.3333,-26.0,6.3,-1.314,B1.5V,0.324,Oph,292.146,79,156.1126819853037,HD161056_TypB1_Mag6.3,"hms_tuple(h=17.0, m=44.0, s=5.721350747679423)","dms_tuple(d=-7.0, m=-6.0, s=-38.461807500424214)",266.023839,17.734923,-7.110684
86523,161569,,17.734531,45.034702,164.4737,-9.0,6.75,0.67,B9,-0.029,Her,46.989,112,232.20296653338022,HD161569_TypB9_Mag6.75,"hms_tuple(h=17.0, m=44.0, s=30.556410548677206)","dms_tuple(d=45.0, m=0.0, s=12.842924871472405)",266.127318,17.741821,45.003567
86531,160876,,17.736836,-41.661259,332.2259,0.0,7.86,0.253,B7III,0.033,Sco,68.992,261,618.2926139519136,HD160876_TypB7_Mag7.86,"hms_tuple(h=17.0, m=44.0, s=37.46032994684526)","dms_tuple(d=-41.0, m=-41.0, s=-32.26154484688038)",266.156085,17.743739,-41.692295
86540,161464,,17.738073,33.226122,344.8276,-12.0,6.98,-0.708,B8,-0.108,Her,167.186,133,284.4450873609016,HD161464_TypB8_Mag6.98,"hms_tuple(h=17.0, m=44.0, s=39.23829920442671)","dms_tuple(d=33.0, m=11.0, s=42.01988400944799)",266.163493,17.744233,33.195006
86582,160917,,17.74551,-46.04261,299.4012,0.0,6.71,-0.671,B9V,-0.008,Ara,161.585,108,224.15100485964183,HD160917_TypB9_Mag6.71,"hms_tuple(h=17.0, m=45.0, s=10.585082004203628)","dms_tuple(d=-46.0, m=-4.0, s=-25.097447550962784)",266.294105,17.75294,-46.073638
86612,161086,,17.750586,-35.531704,208.3333,0.0,7.05,0.456,B9V,-0.043,Sco,57.227,141,302.5664825365462,HD161086_TypB9_Mag7.05,"hms_tuple(h=17.0, m=45.0, s=24.921158645007324)","dms_tuple(d=-35.0, m=-33.0, s=-45.89655891023597)",266.353838,17.756923,-35.562749
86626,160993,,17.754907,-45.637019,100000.0,-11.0,7.72,-12.28,B1Iab:,-0.002,Ara,7112135.137,234,546.4485785781236,HD160993_TypB1_Mag7.72,"hms_tuple(h=17.0, m=45.0, s=44.21979161303824)","dms_tuple(d=-45.0, m=-40.0, s=-4.972589995233534)",266.434249,17.762283,-45.668048
86675,161572,,17.765853,5.694436,261.7801,-19.1,7.59,0.5,B6V,-0.005,Oph,54.954,212,487.2325692121131,HD161572_TypB6_Mag7.59,"hms_tuple(h=17.0, m=46.0, s=15.718543902146962)","dms_tuple(d=5.0, m=39.0, s=48.05453824367419)",266.565494,17.771033,5.663348
86685,161573,,17.768701,5.530199,358.4229,-13.4,6.85,-0.922,B4V,-0.008,Oph,203.61,121,253.62113865358353,HD161573_TypB4_Mag6.85,"hms_tuple(h=17.0, m=46.0, s=25.9661211669561)","dms_tuple(d=5.0, m=29.0, s=56.801881751795804)",266.608192,17.773879,5.499112
86691,161603,,17.769701,5.658215,301.2048,-15.0,7.34,-0.054,B5V,-0.002,Oph,91.538,175,390.78879304975095,HD161603_TypB5_Mag7.34,"hms_tuple(h=17.0, m=46.0, s=29.57017865358239)","dms_tuple(d=5.0, m=37.0, s=37.659058135769214)",266.623209,17.774881,5.627128
86707,161330,,17.774527,-34.885568,100000.0,-31.2,7.51,-12.49,B7II,-0.024,Sco,8629785.478,200,454.02750557766933,HD161330_TypB7_Mag7.51,"hms_tuple(h=17.0, m=46.0, s=50.927740649127315)","dms_tuple(d=-34.0, m=-54.0, s=-59.810134097074865)",266.712199,17.780813,-34.916614
86724,161660,,17.776784,6.120624,316.4557,-14.0,7.76,0.258,B7V,-0.026,Oph,68.675,242,566.0781270342421,HD161660_TypB7_Mag7.76,"hms_tuple(h=17.0, m=46.0, s=55.0844259812672)","dms_tuple(d=6.0, m=5.0, s=22.329926398776223)",266.729518,17.781968,6.089536
86733,161677,,17.778067,5.774274,286.533,-16.6,7.14,-0.146,B6V,-0.019,Oph,99.632,151,327.5719697549974,HD161677_TypB6_Mag7.14,"hms_tuple(h=17.0, m=46.0, s=59.69153917058293)","dms_tuple(d=5.0, m=44.0, s=35.47107392537441)",266.748715,17.783248,5.743186
86763,161312,,17.782745,-43.493456,236.9668,0.0,7.64,0.767,B6II/III,-0.06,Sco,42.973,221,509.2079239683959,HD161312_TypB6_Mag7.64,"hms_tuple(h=17.0, m=47.0, s=23.47465873354679)","dms_tuple(d=-43.0, m=-31.0, s=-28.159654188226)",266.847811,17.789854,-43.524489
86770,161378,,17.785005,-40.859365,483.0918,0.0,7.91,-0.51,B8II,-0.002,Sco,139.316,271,646.179090335777,HD161378_TypB8_Mag7.91,"hms_tuple(h=17.0, m=47.0, s=30.56513156036857)","dms_tuple(d=-40.0, m=-53.0, s=-25.44780121521171)",266.877355,17.791824,-40.890402
86804,161701,,17.79355,-14.725824,183.8235,-25.0,5.93,-0.392,B9V,0.009,Ser,124.968,60,112.63224829649297,HD161701_TypB9_Mag5.93,"hms_tuple(h=17.0, m=47.0, s=55.9696887959592)","dms_tuple(d=-14.0, m=-45.0, s=-24.81336493690378)",266.983207,17.79888,-14.756893
86815,161561,,17.794945,-35.222176,458.7156,0.0,7.59,-0.718,B8II,-0.001,Sco,168.733,212,487.2325692121131,HD161561_TypB8_Mag7.59,"hms_tuple(h=17.0, m=48.0, s=4.526122319998365)","dms_tuple(d=-35.0, m=-15.0, s=-11.597286281360653)",267.018859,17.801257,-35.253221
86832,161575,,17.796542,-34.31068,300.3003,0.0,6.94,-0.448,B9IIIsp...,0.002,Sco,131.583,129,274.581557295345,HD161575_TypB9_Mag6.94,"hms_tuple(h=17.0, m=48.0, s=10.02546658582986)","dms_tuple(d=-34.0, m=-20.0, s=-30.216117403813314)",267.041773,17.802785,-34.341727
86835,162094,,17.797794,34.277873,341.2969,-27.0,6.61,-1.056,B3V,-0.144,Her,230.356,100,205.22157007953126,HD162094_TypB3_Mag6.61,"hms_tuple(h=17.0, m=48.0, s=14.50727440276978)","dms_tuple(d=34.0, m=14.0, s=48.31850020283696)",267.060447,17.80403,34.246755
86863,161649,,17.803126,-34.581945,462.963,-29.2,7.78,-0.548,B8/B9Ib/II,0.101,Sco,144.278,245,576.1557641428401,HD161649_TypB8_Mag7.78,"hms_tuple(h=17.0, m=48.0, s=33.80105299439265)","dms_tuple(d=-34.0, m=-36.0, s=-46.76880888543678)",267.140838,17.809389,-34.612991
86869,161628,,17.804188,-35.895301,219.2982,0.0,7.1,0.395,B9V,-0.042,Sco,60.534,146,316.2129549015887,HD161628_TypB9_Mag7.1,"hms_tuple(h=17.0, m=48.0, s=37.99278978696748)","dms_tuple(d=-35.0, m=-55.0, s=-34.84394958933308)",267.158303,17.810554,-35.926346
86879,161941,,17.805623,3.804215,264.5503,-44.0,6.22,-0.893,B9.5V,0.135,Oph,198.244,74,145.4735501476104,HD161941_TypB9_Mag6.22,"hms_tuple(h=17.0, m=48.0, s=38.83983255699775)","dms_tuple(d=3.0, m=46.0, s=23.265177149632592)",267.161833,17.810789,3.773129
86892,161756,,17.807732,-26.974945,371.7472,9.0,6.31,-1.541,B3Vn,0.094,Sgr,360.081,80,157.49615413316394,HD161756_TypB3_Mag6.31,"hms_tuple(h=17.0, m=48.0, s=48.663009588245814)","dms_tuple(d=-27.0, m=-0.0, s=-21.60271535177145)",267.202763,17.813518,-27.006001
86893,161653,,17.807816,-38.133505,100000.0,-21.0,7.2,-12.8,B2II,0.009,Sco,11481536.215,158,345.3801253121633,HD161653_TypB2_Mag7.2,"hms_tuple(h=17.0, m=48.0, s=51.739477172853015)","dms_tuple(d=-38.0, m=-9.0, s=-52.366828885133145)",267.215581,17.814372,-38.164546
86899,161961,,17.810238,-2.196195,100000.0,-4.0,7.79,-12.21,B0.5III,0.153,Oph,6668067.692,247,581.2616622824664,HD161961_TypB0_Mag7.79,"hms_tuple(h=17.0, m=48.0, s=55.42755202240215)","dms_tuple(d=-2.0, m=-13.0, s=-38.191131994223575)",267.230948,17.815397,-2.227275
86910,161667,,17.811872,-39.898805,236.9668,0.0,6.98,0.107,B8Ib/II,-0.034,Sco,78.922,133,284.4450873609016,HD161667_TypB8_Mag6.98,"hms_tuple(h=17.0, m=49.0, s=6.938440577068263)","dms_tuple(d=-39.0, m=-55.0, s=-47.43723260891102)",267.27891,17.818594,-39.929844
86913,162028,,17.812049,5.701266,628.9308,-7.5,7.51,-1.483,B6V,-0.012,Oph,341.35,200,454.02750557766933,HD162028_TypB6_Mag7.51,"hms_tuple(h=17.0, m=49.0, s=2.024364478299958)","dms_tuple(d=5.0, m=40.0, s=12.642515634581173)",267.258435,17.817229,5.670178
86920,161741,,17.813223,-35.057118,735.2941,0.0,7.51,-1.822,B3III,0.111,Sco,466.445,200,454.02750557766933,HD161741_TypB3_Mag7.51,"hms_tuple(h=17.0, m=49.0, s=10.280839597587601)","dms_tuple(d=-35.0, m=-5.0, s=-17.389295998370358)",267.292837,17.819522,-35.088164
86949,161840,,17.819577,-31.703203,170.6485,-13.0,4.79,-1.371,B8Ib/II,-0.028,Sco,307.893,25,41.19468187451695,HD161840_TypB8_Mag4.79,"hms_tuple(h=17.0, m=49.0, s=32.29588781843006)","dms_tuple(d=-31.0, m=-44.0, s=-3.311084568499325)",267.384566,17.825638,-31.734253
86969,161855,,17.824749,-35.378102,254.4529,0.0,7.34,0.312,B9.5V,0.022,Sco,65.343,175,390.78879304975095,HD161855_TypB9_Mag7.34,"hms_tuple(h=17.0, m=49.0, s=51.864401728950895)","dms_tuple(d=-35.0, m=-24.0, s=-32.93011832826437)",267.466102,17.831073,-35.409147
87004,161877,,17.833024,-41.379562,450.4505,0.0,7.94,-0.328,B6II/III,-0.06,Sco,117.815,277,663.5111201850515,HD161877_TypB6_Mag7.94,"hms_tuple(h=17.0, m=50.0, s=23.629074100493597)","dms_tuple(d=-41.0, m=-24.0, s=-38.1539936580117)",267.598454,17.839897,-41.410598
87009,162732,,17.834259,48.394152,291.5452,-12.0,6.78,-0.544,Bpsh,-0.109,Her,143.747,114,238.4311915057409,HD162732_TypBp_Mag6.78,"hms_tuple(h=17.0, m=50.0, s=31.262084875488938)","dms_tuple(d=48.0, m=21.0, s=46.83949696904733)",267.630259,17.842017,48.363011
87031,161858,,17.838574,-47.230524,675.6757,0.0,7.57,-1.579,B6Vne,0.173,Ara,372.907,209,478.71030262103807,HD161858_TypB6_Mag7.57,"hms_tuple(h=17.0, m=50.0, s=46.2098833785646)","dms_tuple(d=-47.0, m=-15.0, s=-41.57957725172423)",267.692541,17.846169,-47.26155
87046,163010,,17.842042,57.443519,261.7801,0.0,7.99,0.9,B9,0.004,Dra,38.019,288,693.4370594020932,HD163010_TypB9_Mag7.99,"hms_tuple(h=17.0, m=51.0, s=5.805547128492492)","dms_tuple(d=57.0, m=24.0, s=44.47814532346456)",267.77419,17.851613,57.412355
87065,162085,,17.845475,-35.531985,100000.0,-14.4,7.82,-12.18,B8II,0.02,Sco,6486344.335,253,596.8524553483364,HD162085_TypB8_Mag7.82,"hms_tuple(h=17.0, m=51.0, s=6.52163863124656)","dms_tuple(d=-35.0, m=-33.0, s=-46.90815751827813)",267.777173,17.851812,-35.56303
87109,162220,,17.853488,-30.556869,462.963,-9.0,6.7,-1.628,B9.5IV/V,0.026,Sco,390.122,108,222.1820255290352,HD162220_TypB9_Mag6.7,"hms_tuple(h=17.0, m=51.0, s=34.11309762600126)","dms_tuple(d=-30.0, m=-35.0, s=-16.51381660417428)",267.892138,17.859476,-30.587921
87182,163076,,17.869232,42.857125,294.9853,0.0,7.56,0.211,B9,-0.001,Her,71.713,208,474.5052325085976,HD163076_TypB9_Mag7.56,"hms_tuple(h=17.0, m=52.0, s=34.536784801926785)","dms_tuple(d=42.0, m=49.0, s=33.57948633936928)",268.143903,17.87626,42.825994
87188,162374,,17.870461,-34.799196,258.3979,-13.0,5.88,-1.181,B6Ib,-0.111,Sco,258.464,57,107.77149594601158,HD162374_TypB6_Mag5.88,"hms_tuple(h=17.0, m=52.0, s=36.266377703428816)","dms_tuple(d=-34.0, m=-49.0, s=-48.8713547375545)",268.15111,17.876741,-34.830242
87233,162418,,17.878823,-38.642629,568.1818,0.0,7.76,-1.012,B2II,0.0,Sco,221.208,242,566.0781270342421,HD162418_TypB2_Mag7.76,"hms_tuple(h=17.0, m=53.0, s=7.531605273704827)","dms_tuple(d=-38.0, m=-40.0, s=-25.210510090471416)",268.281382,17.885425,-38.67367
87257,162515,,17.882158,-35.018892,239.8082,-9.0,6.55,-0.349,B9III,0.0,Sco,120.116,96,194.64013421851007,HD162515_TypB9_Mag6.55,"hms_tuple(h=17.0, m=53.0, s=18.436220683019826)","dms_tuple(d=-35.0, m=-2.0, s=-59.77588305411132)",268.326818,17.888455,-35.049938
87288,162576,,17.887772,-34.620847,270.2703,-14.8,6.96,-0.199,B8/B9III,-0.026,Sco,104.616,131,279.4698106282087,HD162576_TypB8_Mag6.96,"hms_tuple(h=17.0, m=53.0, s=38.537229239358055)","dms_tuple(d=-34.0, m=-39.0, s=-6.8158205312988684)",268.410572,17.894038,-34.651893
87295,162586,,17.888772,-34.730812,271.7391,-12.0,6.14,-1.031,B4III,-0.041,Sco,225.113,70,135.5594787266646,HD162586_TypB4_Mag6.14,"hms_tuple(h=17.0, m=53.0, s=42.16723541774286)","dms_tuple(d=-34.0, m=-45.0, s=-42.689287149150346)",268.425697,17.895046,-34.761858
87320,162954,,17.893283,4.858965,512.8205,0.0,7.72,-0.83,B8,-0.006,Oph,187.068,234,546.4485785781236,HD162954_TypB8_Mag7.72,"hms_tuple(h=17.0, m=53.0, s=54.44159557475075)","dms_tuple(d=4.0, m=49.0, s=40.3617000413027)",268.47684,17.898456,4.827878
87344,162724,,17.898548,-34.752721,315.4574,-5.0,6.0,-1.495,B9IV/V,-0.06,Sco,345.144,63,119.80781072170208,HD162724_TypB9_Mag6.0,"hms_tuple(h=17.0, m=54.0, s=17.366833220197577)","dms_tuple(d=-34.0, m=-47.0, s=-1.5615807104938995)",268.572362,17.904824,-34.783767
87399,162817,,17.907534,-34.466722,216.9197,-16.0,6.1,-0.581,B9.5/A0III,0.055,Sco,148.73,68,130.85876476286535,HD162817_TypB9_Mag6.1,"hms_tuple(h=17.0, m=54.0, s=49.63864638415373)","dms_tuple(d=-34.0, m=-29.0, s=-51.96656573390385)",268.706828,17.913789,-34.497768
87414,162874,,17.910628,-33.956318,205.3388,-12.0,7.81,1.248,B9.5V,0.078,Sco,27.593,251,591.6096051155723,HD162874_TypB9_Mag7.81,"hms_tuple(h=17.0, m=55.0, s=0.6409263238836616)","dms_tuple(d=-33.0, m=-59.0, s=-14.514614072749623)",268.752671,17.916845,-33.987365
87426,162888,,17.913301,-34.542166,271.0027,-14.6,6.95,-0.215,B9.5III,0.019,Sco,106.17,130,277.01490180011757,HD162888_TypB9_Mag6.95,"hms_tuple(h=17.0, m=55.0, s=10.420259308760649)","dms_tuple(d=-34.0, m=-34.0, s=-23.564601303437485)",268.793418,17.919561,-34.573212
87450,162926,,17.918897,-36.475645,300.3003,-15.0,6.05,-1.338,B9.5III,0.074,Sco,298.676,65,125.21142966991891,HD162926_TypB9_Mag6.05,"hms_tuple(h=17.0, m=55.0, s=31.115808572440073)","dms_tuple(d=-36.0, m=-30.0, s=-24.079426907806578)",268.879649,17.92531,-36.506689
87513,163109,,17.932274,-34.286623,250.6266,-7.4,7.96,0.965,B9IV,0.101,Sco,35.81,282,675.323313533301,HD163109_TypB9_Mag7.96,"hms_tuple(h=17.0, m=56.0, s=18.65422329634697)","dms_tuple(d=-34.0, m=-19.0, s=-3.6110330396758172)",269.077726,17.938515,-34.31767
87518,163442,,17.933661,5.16146,100000.0,0.0,7.39,-12.61,B8,-0.053,Oph,9638290.236,182,408.41430272357115,HD163442_TypB8_Mag7.39,"hms_tuple(h=17.0, m=56.0, s=19.810963326099227)","dms_tuple(d=5.0, m=7.0, s=49.34270093801764)",269.082546,17.938836,5.130373
87526,163139,,17.935521,-35.048904,375.9398,0.0,6.74,-1.136,B9.5III,0.035,Sco,247.97,111,230.16325744576756,HD163139_TypB9_Mag6.74,"hms_tuple(h=17.0, m=56.0, s=30.55135611538674)","dms_tuple(d=-35.0, m=-4.0, s=-47.81893620765686)",269.127297,17.94182,-35.07995
87533,163007,,17.937052,-46.702138,100000.0,-35.0,7.43,-12.57,B5Ve,-0.034,Ara,9289663.868,188,423.08537820947436,HD163007_TypB5_Mag7.43,"hms_tuple(h=17.0, m=56.0, s=40.46162452669449)","dms_tuple(d=-46.0, m=-43.0, s=-59.39370085005862)",269.16859,17.944573,-46.733165
87535,163422,,17.937507,-4.576397,200.0,0.0,7.77,1.265,B9,0.079,Oph,27.164,244,571.094717053101,HD163422_TypB9_Mag7.77,"hms_tuple(h=17.0, m=56.0, s=33.64208458240171)","dms_tuple(d=-4.0, m=-36.0, s=-26.910500762382128)",269.140175,17.942678,-4.607475
87537,163227,,17.937553,-25.672798,584.7953,0.0,7.87,-0.965,B6/B7III,0.065,Sgr,211.836,263,623.771929275639,HD163227_TypB6_Mag7.87,"hms_tuple(h=17.0, m=56.0, s=35.785404227289916)","dms_tuple(d=-25.0, m=-42.0, s=-13.878831833804668)",269.149106,17.943274,-25.703855
87540,163472,,17.938445,0.670355,416.6667,-17.0,5.82,-2.279,B2IV-V,0.058,Oph,710.559,55,102.2146864373567,HD163472_TypB2_Mag5.82,"hms_tuple(h=17.0, m=56.0, s=36.95987744922405)","dms_tuple(d=0.0, m=38.0, s=21.379467725294745)",269.153999,17.9436,0.639272
87567,163966,,17.945276,44.98737,307.6923,-30.0,6.92,-0.521,B9,-0.018,Her,140.734,127,269.7788052214281,HD163966_TypB9_Mag6.92,"hms_tuple(h=17.0, m=57.0, s=9.21675388672611)","dms_tuple(d=44.0, m=57.0, s=22.448034961509507)",269.288403,17.95256,44.956236
87571,163251,,17.94621,-35.201465,350.8772,0.0,7.7,-0.026,B7II/III,-0.024,Sco,89.207,231,536.8905548349917,HD163251_TypB7_Mag7.7,"hms_tuple(h=17.0, m=57.0, s=9.074319370704416)","dms_tuple(d=-35.0, m=-13.0, s=-57.037788062886534)",269.28781,17.952521,-35.23251
87580,163274,,17.94723,-32.688882,244.4988,0.0,6.68,-0.261,B9III/IV,0.07,Sco,110.764,106,218.29580245415895,HD163274_TypB9_Mag6.68,"hms_tuple(h=17.0, m=57.0, s=12.084604893663027)","dms_tuple(d=-32.0, m=-43.0, s=-11.750969274457361)",269.300353,17.953357,-32.719931
87593,163641,,17.948882,6.48773,194.1748,-14.0,6.28,-0.161,B9III,-0.015,Oph,101.018,78,153.3820888800899,HD163641_TypB9_Mag6.28,"hms_tuple(h=17.0, m=57.0, s=14.650374625226732)","dms_tuple(d=6.0, m=27.0, s=23.91030848466322)",269.311043,17.95407,6.456642
87613,163254,,17.952891,-41.97842,352.1127,-51.0,6.74,-0.993,B5Vn,-0.096,Sco,217.37,111,230.16325744576756,HD163254_TypB5_Mag6.74,"hms_tuple(h=17.0, m=57.0, s=35.38185038280119)","dms_tuple(d=-42.0, m=-0.0, s=-34.03927108756477)",269.397424,17.959828,-42.009455
87624,163304,,17.954807,-38.782669,203.252,0.0,7.6,1.06,B7III,-0.078,Sco,32.81,214,491.5504291096121,HD163304_TypB7_Mag7.6,"hms_tuple(h=17.0, m=57.0, s=41.12066646989831)","dms_tuple(d=-38.0, m=-48.0, s=-49.353755480116206)",269.421336,17.961422,-38.813709
87671,164212,,17.965713,43.41712,176.0563,-30.0,6.83,0.602,B9,-0.029,Her,50.026,119,249.18500877779775,HD164212_TypB9_Mag6.83,"hms_tuple(h=17.0, m=58.0, s=22.100909923633765)","dms_tuple(d=43.0, m=23.0, s=9.558042441021257)",269.592087,17.972806,43.385988
87739,163685,,17.977514,-28.759089,555.5556,-9.0,5.99,-2.734,B3II/III,-0.077,Sgr,1080.438,62,118.75539918732655,HD163685_TypB3_Mag5.99,"hms_tuple(h=17.0, m=59.0, s=0.22445902730424905)","dms_tuple(d=-28.0, m=-47.0, s=-24.51362655390625)",269.750935,17.983396,-28.790143
87757,164429,,17.981196,45.47622,130.5483,-19.0,6.48,0.901,B9sp...,-0.064,Her,37.984,91,182.98269364662428,HD164429_TypB9_Mag6.48,"hms_tuple(h=17.0, m=59.0, s=18.755036935117744)","dms_tuple(d=45.0, m=26.0, s=42.30480738660219)",269.828146,17.988543,45.445085
87801,163813,,17.987829,-25.818844,100000.0,0.0,7.99,-12.01,B6III,0.05,Sgr,5546257.13,288,693.4370594020932,HD163813_TypB6_Mag7.99,"hms_tuple(h=17.0, m=59.0, s=36.80437093720087)","dms_tuple(d=-25.0, m=-50.0, s=-59.643841448726675)",269.903352,17.993557,-25.849901
87812,163892,,17.990642,-22.466907,100000.0,-11.0,7.47,-12.53,B0.5/B1Ib,0.108,Sgr,8953647.655,194,438.2834686761904,HD163892_TypB0_Mag7.47,"hms_tuple(h=17.0, m=59.0, s=46.396557495530146)","dms_tuple(d=-22.0, m=-29.0, s=-52.68384894149193)",269.943319,17.996221,-22.497968
87836,163745,,17.99468,-41.487057,380.2281,0.0,6.51,-1.39,B5II,-0.088,CrA,313.329,93,187.8907161370077,HD163745_TypB5_Mag6.51,"hms_tuple(h=18.0, m=0.0, s=5.631726269878357)","dms_tuple(d=-41.0, m=-31.0, s=-5.135366169295139)",270.023466,18.001564,-41.518093
87843,163955,,17.996543,-23.816133,127.3885,-18.0,4.74,-0.786,B9V,-0.03,Sgr,179.639,24,39.41688599653894,HD163955_TypB9_Mag4.74,"hms_tuple(h=18.0, m=0.0, s=7.843643422792468)","dms_tuple(d=-23.0, m=-50.0, s=-49.89221551540197)",270.032682,18.002179,-23.847192
87850,163868,,17.999008,-33.408329,588.2353,-16.0,7.35,-1.498,B2/B3V:ne,-0.035,Sgr,346.099,177,394.25196723909164,HD163868_TypB2_Mag7.35,"hms_tuple(h=18.0, m=0.0, s=18.666554952912406)","dms_tuple(d=-33.0, m=-26.0, s=-21.756810184307938)",270.077777,18.005185,-33.439377
119623,162678,,17.89597222,-34.78611111,100000.0,-15.0,6.38,-13.62,B9V,,Sco,24434305.527,84,167.52990115327088,HD162678_TypB9_Mag6.38,"hms_tuple(h=17.0, m=54.0, s=8.10317857615587)","dms_tuple(d=-34.0, m=-49.0, s=-1.7658143852975172)",268.533763,17.902251,-34.817157
