,hd,proper,ra,dec,dist,rv,mag,absmag,spect,ci,con,lum,exp,modexp,tgtfn,adjra_hms,adjdec_dms,adjra_deg,adjra_hour,adjdec_deg
58351,104226,,12.002516,-44.860509,125.1564,0.0,7.85,2.363,F8IV,0.547,Cen,9.881,259,612.8614298360975,HD104226_TypF8_Mag7.85,"hms_tuple(h=12.0, m=0.0, s=35.25123885308403)","dms_tuple(d=-44.0, m=-53.0, s=-29.541731305887424)",180.14688,12.009792,-44.891539
58372,104270,,12.005692,-36.562702,168.0672,0.0,7.41,1.283,Fm...,0.288,Cen,26.718,185,415.6851208955647,HD104270_TypFm_Mag7.41,"hms_tuple(h=12.0, m=0.0, s=43.603827564477626)","dms_tuple(d=-36.0, m=-35.0, s=-37.484184708932844)",180.181683,12.012112,-36.593746
58391,104288,,12.010425,69.185471,206.1856,0.0,7.42,0.849,F0,0.367,Dra,39.847,187,419.36892659107707,HD104288_TypF0_Mag7.42,"hms_tuple(h=12.0, m=1.0, s=29.677226915063102)","dms_tuple(d=69.0, m=9.0, s=15.30592206523579)",180.373655,12.02491,69.154252
58409,104318,,12.014131,32.963878,121.8027,-18.0,7.46,2.032,F2,0.438,UMa,13.403,192,434.43351452893916,HD104318_TypF2_Mag7.46,"hms_tuple(h=12.0, m=1.0, s=12.981123001343207)","dms_tuple(d=32.0, m=55.0, s=57.94270795326497)",180.304088,12.020273,32.932762
58434,104367,,12.019462,3.632325,106.2699,0.0,7.78,2.648,F5,0.493,Vir,7.6,245,576.1557641428401,HD104367_TypF5_Mag7.78,"hms_tuple(h=12.0, m=1.0, s=28.656637529931714)","dms_tuple(d=3.0, m=36.0, s=4.461742943182543)",180.369403,12.024627,3.601239
58439,104379,,12.020319,30.638306,95.511,0.0,7.84,2.94,F8,0.563,UMa,5.808,257,607.4779541357369,HD104379_TypF8_Mag7.84,"hms_tuple(h=12.0, m=1.0, s=34.70898573918163)","dms_tuple(d=30.0, m=36.0, s=25.89405801814678)",180.394621,12.026308,30.607193
58568,104622,,12.048152,12.80739,102.7749,0.0,7.48,2.421,F0,0.383,Vir,9.367,195,442.16754115556887,HD104622_TypF0_Mag7.48,"hms_tuple(h=12.0, m=3.0, s=12.375034133685574)","dms_tuple(d=12.0, m=46.0, s=34.66497452439384)",180.801563,12.053438,12.776296
58575,104638,,12.049954,-10.752393,59.2417,0.0,7.44,3.577,F5,0.435,Vir,3.23,189,426.83476505925523,HD104638_TypF5_Mag7.44,"hms_tuple(h=12.0, m=3.0, s=18.724700995078507)","dms_tuple(d=-10.0, m=-47.0, s=-0.47546520309992957)",180.82802,12.055201,-10.783465
58615,104711,,12.058825,-2.446926,246.9136,0.0,7.86,0.897,F0,0.385,Vir,38.124,261,618.2926139519136,HD104711_TypF0_Mag7.86,"hms_tuple(h=12.0, m=3.0, s=50.3440911394766)","dms_tuple(d=-2.0, m=-28.0, s=-40.821908712639896)",180.959767,12.063984,-2.478006
58623,104747,,12.060112,-39.009073,45.977,10.3,6.51,3.197,F7V,0.5,Cen,4.584,93,187.8907161370077,HD104747_TypF7_Mag6.51,"hms_tuple(h=12.0, m=4.0, s=0.2947955578902395)","dms_tuple(d=-39.0, m=-2.0, s=-24.406929193851852)",181.001228,12.066749,-39.040113
58627,104731,,12.060973,-42.434056,25.3229,38.9,5.15,3.132,F6V,0.417,Cen,4.866,33,56.59587992597486,HD104731_TypF6_Mag5.15,"hms_tuple(h=12.0, m=4.0, s=4.658023184075546)","dms_tuple(d=-42.0, m=-27.0, s=-54.32614626188183)",181.019408,12.067961,-42.465091
58633,104755,,12.062345,5.55775,70.1262,6.0,6.39,2.161,F5,0.476,Vir,11.901,85,169.01455281149524,HD104755_TypF5_Mag6.39,"hms_tuple(h=12.0, m=4.0, s=3.0853863916816238)","dms_tuple(d=5.0, m=31.0, s=35.98539059868472)",181.012856,12.067524,5.526663
58682,104827,,12.071277,21.459153,101.0101,6.0,5.89,0.868,F0IV-V,0.248,Com,39.156,58,108.72656802009573,HD104827_TypF0_Mag5.89,"hms_tuple(h=12.0, m=4.0, s=36.53186566893879)","dms_tuple(d=21.0, m=25.0, s=40.98065335350185)",181.152216,12.076814,21.42805
58698,104904,,12.074583,85.587132,72.7273,8.0,6.27,1.962,F6V,0.56,Cam,14.296,77,152.0347553587468,HD104904_TypF6_Mag6.27,"hms_tuple(h=12.0, m=8.0, s=27.96630423101803)","dms_tuple(d=85.0, m=33.0, s=19.362309711335683)",182.116526,12.141102,85.555378
58700,104860,,12.07605,66.336589,45.4752,0.0,7.92,4.631,F8,0.596,Dra,1.223,273,651.9055358919003,HD104860_TypF8_Mag7.92,"hms_tuple(h=12.0, m=5.0, s=19.95696319067619)","dms_tuple(d=66.0, m=18.0, s=19.395998493889692)",181.333154,12.088877,66.305388
58702,104868,,12.076206,-31.187594,61.8429,16.4,7.47,3.514,F6V,0.427,Hya,3.423,194,438.2834686761904,HD104868_TypF6_Mag7.47,"hms_tuple(h=12.0, m=4.0, s=56.040406084214425)","dms_tuple(d=-31.0, m=-13.0, s=-7.121008288347923)",181.233502,12.082233,-31.218645
58717,104883,,12.078451,16.269037,145.3488,0.0,7.7,1.888,F5III,0.474,Com,15.304,231,536.8905548349917,HD104883_TypF5_Mag7.7,"hms_tuple(h=12.0, m=5.0, s=1.7513304213011338)","dms_tuple(d=16.0, m=14.0, s=16.58206314979992)",181.257297,12.08382,16.237939
58749,104954,,12.083195,76.762235,57.7367,0.0,7.31,3.503,F5,0.431,Cam,3.458,171,380.5807304870462,HD104954_TypF5_Mag7.31,"hms_tuple(h=12.0, m=6.0, s=20.351048932919866)","dms_tuple(d=76.0, m=43.0, s=51.353123241149206)",181.584796,12.105653,76.730931
58763,104956,,12.085319,33.749907,51.6262,0.0,7.51,3.946,F8,0.554,UMa,2.299,200,454.02750557766933,HD104956_TypF8_Mag7.51,"hms_tuple(h=12.0, m=5.0, s=29.45826640193019)","dms_tuple(d=33.0, m=43.0, s=7.643417277004687)",181.372743,12.091516,33.71879
58787,104999,,12.090319,17.289313,97.0874,18.9,7.63,2.694,F2,0.427,Com,7.285,219,504.73495772895257,HD104999_TypF2_Mag7.63,"hms_tuple(h=12.0, m=5.0, s=44.57998289169325)","dms_tuple(d=17.0, m=15.0, s=29.57201570737169)",181.43575,12.095717,17.258214
58792,105000,,12.090943,10.960668,71.0732,0.0,7.91,3.651,F2,0.463,Vir,3.017,271,646.179090335777,HD105000_TypF2_Mag7.91,"hms_tuple(h=12.0, m=5.0, s=46.294341867912436)","dms_tuple(d=10.0, m=55.0, s=46.47209531855481)",181.442893,12.096193,10.929576
58806,105030,,12.093117,52.875478,122.2494,0.0,7.94,2.504,F5,0.465,UMa,8.678,277,663.5111201850515,HD105030_TypF5_Mag7.94,"hms_tuple(h=12.0, m=6.0, s=5.945146511796793)","dms_tuple(d=52.0, m=50.0, s=39.576528120423404)",181.524771,12.101651,52.844327
58838,105085,,12.100228,23.204659,91.2409,-3.7,7.49,2.689,F5,0.36,Com,7.318,197,446.0860343240754,HD105085_TypF5_Mag7.49,"hms_tuple(h=12.0, m=6.0, s=21.006135363671916)","dms_tuple(d=23.0, m=10.0, s=24.79556831717815)",181.587526,12.105835,23.173554
58840,105122,,12.100378,68.698679,126.5823,-12.1,7.1,1.588,F5,0.464,Dra,20.174,146,316.2129549015887,HD105122_TypF5_Mag7.1,"hms_tuple(h=12.0, m=6.0, s=52.37170258052984)","dms_tuple(d=68.0, m=40.0, s=2.8670484772248983)",181.718215,12.114548,68.667463
58845,105123,,12.101653,49.158423,53.5045,0.0,7.69,4.048,F5,0.528,UMa,2.093,229,532.1744198083834,HD105123_TypF5_Mag7.69,"hms_tuple(h=12.0, m=6.0, s=34.30849074744074)","dms_tuple(d=49.0, m=7.0, s=38.20933493254472)",181.642952,12.10953,49.12728
58883,105197,,12.112337,57.600559,91.4913,0.0,7.27,2.463,F0,0.387,UMa,9.012,166,367.38356293404297,HD105197_TypF0_Mag7.27,"hms_tuple(h=12.0, m=7.0, s=19.01604712583122)","dms_tuple(d=57.0, m=34.0, s=9.820363067260587)",181.829234,12.121949,57.569395
58890,105205,,12.113146,-12.240848,78.8022,0.0,6.77,2.287,F0,0.323,Crv,10.597,113,236.33677266456448,HD105205_TypF0_Mag6.77,"hms_tuple(h=12.0, m=7.0, s=6.316261808430852)","dms_tuple(d=-12.0, m=-16.0, s=-18.90838278340553)",181.776318,12.118421,-12.271919
58909,105241,,12.117041,-23.766264,75.188,0.0,6.93,2.549,F7V,0.513,Crv,8.325,128,272.1695876893252,HD105241_TypF7_Mag6.93,"hms_tuple(h=12.0, m=7.0, s=21.628648194174644)","dms_tuple(d=-23.0, m=-47.0, s=-50.36401085167654)",181.840119,12.122675,-23.797323
58941,105283,,12.123033,-43.24651,116.8224,0.0,7.21,1.872,F3IV,0.422,Cen,15.531,159,348.44088743422355,HD105283_TypF3_Mag7.21,"hms_tuple(h=12.0, m=7.0, s=48.40735693284756)","dms_tuple(d=-43.0, m=-16.0, s=-39.15558762522778)",181.951697,12.130113,-43.277543
58946,105303,,12.124477,23.042304,149.7006,5.7,7.64,1.764,F2,0.3,Com,17.155,221,509.2079239683959,HD105303_TypF2_Mag7.64,"hms_tuple(h=12.0, m=7.0, s=48.27816216281022)","dms_tuple(d=23.0, m=0.0, s=40.31819726845072)",181.951159,12.130077,23.011199
58956,105330,,12.126474,-31.410561,33.2336,0.0,6.72,4.112,F7V,0.532,Hya,1.973,109,226.137433304753,HD105330_TypF7_Mag6.72,"hms_tuple(h=12.0, m=7.0, s=57.05666890155953)","dms_tuple(d=-31.0, m=-26.0, s=-29.801206572302306)",181.987736,12.132516,-31.441611
58970,105343,,12.129753,-8.486028,94.3396,0.0,7.57,2.697,F5,0.416,Vir,7.264,209,478.71030262103807,HD105343_TypF5_Mag7.57,"hms_tuple(h=12.0, m=8.0, s=5.874453697128672)","dms_tuple(d=-8.0, m=-31.0, s=-1.5691102045623495)",182.024477,12.134965,-8.517103
58984,105374,,12.133497,0.6213,76.9823,0.0,6.98,2.548,F2,0.4,Vir,8.333,133,284.4450873609016,HD105374_TypF2_Mag6.98,"hms_tuple(h=12.0, m=8.0, s=19.146906968373827)","dms_tuple(d=0.0, m=35.0, s=24.781628545470653)",182.079779,12.138652,0.590217
58995,105405,,12.135274,39.655497,47.1032,0.0,7.33,3.965,F8,0.515,CVn,2.259,174,387.3560399526628,HD105405_TypF8_Mag7.33,"hms_tuple(h=12.0, m=8.0, s=31.078471475384788)","dms_tuple(d=39.0, m=37.0, s=27.73725460509297)",182.129494,12.141966,39.624371
58996,105421,,12.135319,55.464082,49.0677,4.0,7.79,4.336,F8,0.513,UMa,1.605,247,581.2616622824664,HD105421_TypF8_Mag7.79,"hms_tuple(h=12.0, m=8.0, s=39.854945818973135)","dms_tuple(d=55.0, m=25.0, s=58.52617476333819)",182.166062,12.144404,55.432924
59014,105428,,12.139248,-18.581629,127.0648,0.0,7.89,2.37,F3V,0.436,Crv,9.817,267,634.876663483802,HD105428_TypF3_Mag7.89,"hms_tuple(h=12.0, m=8.0, s=40.87364583010327)","dms_tuple(d=-18.0, m=-36.0, s=-45.69758360250745)",182.170307,12.144687,-18.612694
59019,105452,Alchiba,12.140225,-24.728875,14.9365,2.9,4.02,3.149,F0IV/V,0.334,Crv,4.791,14,20.88310081041765,HD105452_TypF0_Mag4.02,"hms_tuple(h=12.0, m=8.0, s=45.24533178981656)","dms_tuple(d=-24.0, m=-45.0, s=-35.759813269712026)",182.188522,12.145901,-24.759933
59026,105485,,12.142613,65.349651,56.0538,0.0,7.7,3.957,F5,0.574,Dra,2.276,231,536.8905548349917,HD105485_TypF5_Mag7.7,"hms_tuple(h=12.0, m=9.0, s=17.846181744815084)","dms_tuple(d=65.0, m=19.0, s=6.438476678434881)",182.324359,12.154957,65.318455
59036,105491,,12.145242,-18.435421,90.3342,0.0,7.14,2.361,F5IV/V,0.43,Crv,9.899,151,327.5719697549974,HD105491_TypF5_Mag7.14,"hms_tuple(h=12.0, m=9.0, s=2.4352959976424415)","dms_tuple(d=-18.0, m=-27.0, s=-59.34931677357753)",182.260147,12.150676,-18.466486
59070,105567,,12.153927,14.829818,66.0066,0.0,7.78,3.682,F8,0.522,Com,2.932,245,576.1557641428401,HD105567_TypF8_Mag7.78,"hms_tuple(h=12.0, m=9.0, s=33.33058484467969)","dms_tuple(d=14.0, m=47.0, s=55.398744958663144)",182.388877,12.159258,14.798722
59076,105577,,12.155684,-42.838461,87.26,6.7,7.93,3.226,F6V,0.532,Cen,4.463,275,657.682729265769,HD105577_TypF6_Mag7.93,"hms_tuple(h=12.0, m=9.0, s=45.78180922861236)","dms_tuple(d=-42.0, m=-52.0, s=-10.181694381431612)",182.440758,12.162717,-42.869495
59077,105584,,12.155711,53.394498,65.1466,0.0,7.51,3.441,F2,0.348,UMa,3.661,200,454.02750557766933,HD105584_TypF2_Mag7.51,"hms_tuple(h=12.0, m=9.0, s=51.656533139590834)","dms_tuple(d=53.0, m=21.0, s=48.04380773689388)",182.465236,12.164349,53.363346
59109,105678,,12.163078,74.661368,74.0192,-19.0,6.34,1.993,F6IV,0.511,Dra,13.893,82,161.720568208778,HD105678_TypF6_Mag6.34,"hms_tuple(h=12.0, m=10.0, s=57.09332626173662)","dms_tuple(d=74.0, m=37.0, s=48.34509956961483)",182.737889,12.182526,74.630096
59111,105654,,12.163264,-5.225745,69.979,0.0,7.23,3.005,F2,0.397,Vir,5.47,161,354.6440255695144,HD105654_TypF2_Mag7.23,"hms_tuple(h=12.0, m=10.0, s=6.385501166916896)","dms_tuple(d=-5.0, m=-15.0, s=-24.56115633343323)",182.526606,12.16844,-5.256823
59130,105704,,12.168276,-17.537387,64.7668,0.0,6.63,2.573,F6V,0.48,Crv,8.143,102,208.87503841075554,HD105704_TypF6_Mag6.63,"hms_tuple(h=12.0, m=10.0, s=25.258210571936957)","dms_tuple(d=-17.0, m=-34.0, s=-6.430172029856465)",182.605243,12.173683,-17.568453
59239,105912,,12.189388,-3.778869,49.6771,0.0,6.95,3.469,F5,0.45,Vir,3.568,130,277.01490180011757,HD105912_TypF5_Mag6.95,"hms_tuple(h=12.0, m=11.0, s=40.3946245582604)","dms_tuple(d=-3.0, m=-48.0, s=-35.81232924893257)",182.918311,12.194554,-3.809948
59250,105919,,12.191274,-44.282851,43.1593,0.0,6.59,3.415,F5V,0.467,Cen,3.75,99,201.63200517568157,HD105919_TypF5_Mag6.59,"hms_tuple(h=12.0, m=11.0, s=54.52087727163445)","dms_tuple(d=-44.0, m=-18.0, s=-49.97666674268089)",182.97717,12.198478,-44.313882
59257,105946,,12.19225,34.258676,64.7668,-14.1,7.3,3.243,F2,0.406,CVn,4.393,170,377.23764669214916,HD105946_TypF2_Mag7.3,"hms_tuple(h=12.0, m=11.0, s=54.54375623876487)","dms_tuple(d=34.0, m=13.0, s=39.209392274959214)",182.977266,12.198484,34.227558
59271,105980,,12.19493,50.837775,184.8429,0.0,7.95,1.616,F2,0.337,CVn,19.661,280,669.391162362906,HD105980_TypF2_Mag7.95,"hms_tuple(h=12.0, m=12.0, s=11.112720210396816)","dms_tuple(d=50.0, m=48.0, s=23.863224846026014)",183.046303,12.203087,50.806629
59282,105989,,12.197022,-19.929289,91.2409,0.0,7.44,2.639,F5V,0.47,Crv,7.663,189,426.83476505925523,HD105989_TypF5_Mag7.44,"hms_tuple(h=12.0, m=12.0, s=9.021884566065381)","dms_tuple(d=-19.0, m=-57.0, s=-37.26862473357386)",183.037591,12.202506,-19.960352
59306,106022,,12.200281,28.536313,71.2251,-15.0,6.47,2.207,F5V,0.428,Com,11.408,90,181.37534353960828,HD106022_TypF5_Mag6.47,"hms_tuple(h=12.0, m=12.0, s=22.128210831641866)","dms_tuple(d=28.0, m=30.0, s=18.728366023593424)",183.092201,12.206147,28.505202
59353,106105,,12.20831,3.404102,66.9792,0.0,7.62,3.49,F5,0.548,Vir,3.499,217,500.3012827613783,HD106105_TypF5_Mag7.62,"hms_tuple(h=12.0, m=12.0, s=48.50492493704721)","dms_tuple(d=3.0, m=22.0, s=22.85969383421076)",183.202104,12.213474,3.373017
59375,106152,,12.214428,31.796146,72.4638,-10.9,7.76,3.459,F5,0.542,Com,3.601,242,566.0781270342421,HD106152_TypF5_Mag7.76,"hms_tuple(h=12.0, m=13.0, s=13.766741863458947)","dms_tuple(d=31.0, m=45.0, s=54.11287172327235)",183.307361,12.220491,31.765031
59411,106223,,12.221362,30.28304,123.1527,-13.3,7.42,1.968,Fp,0.291,Com,14.217,187,419.36892659107707,HD106223_TypFp_Mag7.42,"hms_tuple(h=12.0, m=13.0, s=38.38540139357647)","dms_tuple(d=30.0, m=15.0, s=6.93802439002269)",183.409939,12.227329,30.251927
59446,106271,,12.227964,-27.321125,531.9149,0.0,7.74,-0.889,F3IV/V,0.434,Hya,197.515,238,556.1767595666211,HD106271_TypF3_Mag7.74,"hms_tuple(h=12.0, m=14.0, s=1.5629257090230908)","dms_tuple(d=-27.0, m=-21.0, s=-7.8492813867620725)",183.506512,12.233767,-27.35218
59567,106516,,12.252933,-10.3124,22.3514,8.0,6.11,4.363,F5V,0.47,Vir,1.566,68,132.01843644392628,HD106516_TypF5_Mag6.11,"hms_tuple(h=12.0, m=15.0, s=29.4220678090241)","dms_tuple(d=-10.0, m=-20.0, s=-36.502157660683565)",183.872592,12.258173,-10.343473
59583,107192,,12.255737,87.700115,46.9484,-4.0,6.27,2.912,F2V,0.346,UMi,5.959,77,152.0347553587468,HD107192_TypF2_Mag6.27,"hms_tuple(h=12.0, m=22.0, s=56.74103484366768)","dms_tuple(d=87.0, m=40.0, s=3.9048408223152364)",185.736421,12.382428,87.667751
59600,106593,,12.258072,38.659827,161.8123,-12.9,7.67,1.625,F0V,0.305,CVn,19.498,226,522.866067770482,HD106593_TypF0_Mag7.67,"hms_tuple(h=12.0, m=15.0, s=52.813091238871124)","dms_tuple(d=38.0, m=37.0, s=43.33067844823859)",183.970055,12.26467,38.628703
59618,106612,,12.262973,-23.353902,69.5894,18.0,6.53,2.317,F5/F6V,0.46,Crv,10.309,94,191.23565098411746,HD106612_TypF5_Mag6.53,"hms_tuple(h=12.0, m=16.0, s=6.920204629919766)","dms_tuple(d=-23.0, m=-23.0, s=-5.8624203679411835)",184.028834,12.268589,-23.384962
59649,106798,,12.268937,80.121933,120.919,-10.0,7.8,2.388,F0,0.418,Cam,9.656,249,586.4128089424291,HD106798_TypF0_Mag7.8,"hms_tuple(h=12.0, m=17.0, s=56.004804063235554)","dms_tuple(d=80.0, m=5.0, s=25.987262652176923)",184.483353,12.29889,80.090552
59653,106799,,12.269908,80.125082,497.5124,0.0,7.22,-1.264,F0,0.348,Cam,278.997,160,351.52877406079745,HD106799_TypF0_Mag7.22,"hms_tuple(h=12.0, m=17.0, s=59.53433866666302)","dms_tuple(d=80.0, m=5.0, s=37.32331399076543)",184.49806,12.299871,80.093701
59660,106694,,12.2713,-3.235552,68.2594,0.0,7.46,3.289,F2,0.411,Vir,4.211,192,434.43351452893916,HD106694_TypF2_Mag7.46,"hms_tuple(h=12.0, m=16.0, s=35.26692291552621)","dms_tuple(d=-3.0, m=-15.0, s=-59.87291705793254)",184.146946,12.276463,-3.266631
59697,107113,,12.280409,86.435819,39.5257,-6.0,6.33,3.346,F4V,0.437,UMi,3.996,81,160.2999881121757,HD107113_TypF4_Mag6.33,"hms_tuple(h=12.0, m=21.0, s=45.34957935657516)","dms_tuple(d=86.0, m=24.0, s=14.06313355285306)",185.438957,12.362597,86.403906
59732,106877,,12.290834,6.601097,133.8688,0.0,7.92,2.287,F2,0.399,Vir,10.597,273,651.9055358919003,HD106877_TypF2_Mag7.92,"hms_tuple(h=12.0, m=17.0, s=45.68179386621864)","dms_tuple(d=6.0, m=34.0, s=12.031132024946203)",184.440341,12.296023,6.570009
59774,106946,,12.297474,25.571344,92.9368,4.2,7.85,3.009,F2V,0.365,Com,5.45,259,612.8614298360975,HD106946_TypF2_Mag7.85,"hms_tuple(h=12.0, m=18.0, s=11.47281784658503)","dms_tuple(d=25.0, m=32.0, s=24.852218217221207)",184.547803,12.303187,25.540237
59777,106952,,12.298164,-6.43108,83.5422,0.0,7.81,3.2,F8,0.473,Vir,4.571,251,591.6096051155723,HD106952_TypF8_Mag7.81,"hms_tuple(h=12.0, m=18.0, s=12.065778132545262)","dms_tuple(d=-6.0, m=-27.0, s=-43.76316349641158)",184.550274,12.303352,-6.462156
59795,106972,,12.30115,18.435044,115.2074,-26.8,7.58,2.273,F6III,0.528,Com,10.735,211,482.9526381068404,HD106972_TypF6_Mag7.58,"hms_tuple(h=12.0, m=18.0, s=23.696978733054124)","dms_tuple(d=18.0, m=24.0, s=14.1994712436221)",184.598737,12.306582,18.403944
59798,106975,,12.302559,-3.954113,83.682,1.0,7.08,2.467,F3V+...,0.41,Vir,8.978,144,310.68202106935195,HD106975_TypF3_Mag7.08,"hms_tuple(h=12.0, m=18.0, s=27.814100435516025)","dms_tuple(d=-3.0, m=-59.0, s=-6.690152134457321)",184.615892,12.307726,-3.985192
59799,106976,,12.302659,-3.948779,52.687,-1.0,6.57,2.961,F2V,0.363,Vir,5.696,97,198.10522595363804,HD106976_TypF2_Mag6.57,"hms_tuple(h=12.0, m=18.0, s=28.173979871546777)","dms_tuple(d=-3.0, m=-58.0, s=-47.48776970398893)",184.617392,12.307826,-3.979858
59822,107006,,12.30682,-31.495246,58.4795,0.0,7.49,3.655,F6V,0.498,Hya,3.006,197,446.0860343240754,HD107006_TypF6_Mag7.49,"hms_tuple(h=12.0, m=18.0, s=46.32196550097703)","dms_tuple(d=-31.0, m=-31.0, s=-34.66682486243343)",184.693008,12.312867,-31.526296
59837,107040,,12.309835,-14.407192,128.2051,0.0,7.58,2.04,F2/F3III/IV,0.386,Crv,13.305,211,482.9526381068404,HD107040_TypF2_Mag7.58,"hms_tuple(h=12.0, m=18.0, s=54.567915899579305)","dms_tuple(d=-14.0, m=-26.0, s=-17.73928025488246)",184.727366,12.315158,-14.438261
59846,107086,,12.311365,26.190361,66.8449,5.0,7.56,3.435,F8V,0.451,Com,3.681,208,474.5052325085976,HD107086_TypF8_Mag7.56,"hms_tuple(h=12.0, m=19.0, s=1.588353769469677)","dms_tuple(d=26.0, m=9.0, s=33.31091274611197)",184.756618,12.317108,26.159253
59913,107213,,12.324873,28.156916,54.4662,-8.0,6.38,2.699,F8Vs,0.523,Com,7.251,84,167.52990115327088,HD107213_TypF8_Mag6.38,"hms_tuple(h=12.0, m=19.0, s=50.5842060764499)","dms_tuple(d=28.0, m=7.0, s=32.90077072549764)",184.960768,12.330718,28.125806
59916,107224,,12.325404,40.939371,77.8816,0.0,7.86,3.403,F5,0.511,CVn,3.791,261,618.2926139519136,HD107224_TypF5_Mag7.86,"hms_tuple(h=12.0, m=19.0, s=56.008153492218895)","dms_tuple(d=40.0, m=54.0, s=29.676425530016672)",184.983367,12.332224,40.908243
59957,107261,,12.333233,-28.525539,113.6364,0.0,7.81,2.532,F6V,0.558,Hya,8.457,251,591.6096051155723,HD107261_TypF6_Mag7.81,"hms_tuple(h=12.0, m=20.0, s=20.765710291958328)","dms_tuple(d=-28.0, m=-33.0, s=-23.734621096654678)",185.086524,12.339102,-28.556593
59964,107263,,12.334656,-37.803495,61.3874,0.0,7.67,3.73,F8/G0V,0.546,Cen,2.805,226,522.866067770482,HD107263_TypF8_Mag7.67,"hms_tuple(h=12.0, m=20.0, s=28.257508225744488)","dms_tuple(d=-37.0, m=-50.0, s=-4.332570965246418)",185.11774,12.341183,-37.834537
59983,107326,,12.338267,26.001875,64.4745,7.2,6.16,2.113,F0IV,0.306,Com,12.439,71,137.97278383067092,HD107326_TypF0_Mag6.16,"hms_tuple(h=12.0, m=20.0, s=38.40231302862094)","dms_tuple(d=25.0, m=58.0, s=14.762078427424967)",185.16001,12.344001,25.970767
60008,107365,,12.34424,-3.995191,74.3494,0.0,7.94,3.584,F5,0.526,Vir,3.209,277,663.5111201850515,HD107365_TypF5_Mag7.94,"hms_tuple(h=12.0, m=20.0, s=57.866634372567205)","dms_tuple(d=-4.0, m=-1.0, s=-34.57081682099009)",185.241111,12.349407,-4.02627
60012,107398,,12.344827,27.054545,91.8274,-15.0,6.32,1.505,F3V + F3V,0.394,Com,21.777,80,158.89188662502437,HD107398_TypF3_Mag6.32,"hms_tuple(h=12.0, m=21.0, s=2.208241249798135)","dms_tuple(d=27.0, m=1.0, s=24.369770021859836)",185.259201,12.350613,27.023436
60104,107569,,12.362534,21.87274,133.6898,-3.9,7.41,1.78,F8III,0.541,Com,16.904,185,415.6851208955647,HD107569_TypF8_Mag7.41,"hms_tuple(h=12.0, m=22.0, s=5.114222013984033)","dms_tuple(d=21.0, m=50.0, s=29.892284331174324)",185.521309,12.368087,21.841637
60151,107658,,12.371431,3.297694,63.6132,0.0,7.99,3.972,F8,0.5,Vir,2.245,288,693.4370594020932,HD107658_TypF8_Mag7.99,"hms_tuple(h=12.0, m=22.0, s=35.73852249546931)","dms_tuple(d=3.0, m=15.0, s=59.791243811999806)",185.648911,12.376594,3.266609
60165,107700,,12.375087,25.84616,90.3342,1.0,4.78,0.001,F8:p...,0.515,Com,87.016,25,40.83282100669428,HD107700_TypF8_Mag4.78,"hms_tuple(h=12.0, m=22.0, s=50.92710022960702)","dms_tuple(d=25.0, m=48.0, s=54.18870913474876)",185.712196,12.380813,25.815052
60167,107705,,12.375566,5.305444,29.9222,5.0,6.46,4.08,F8V,0.567,Vir,2.032,90,179.78211266056408,HD107705_TypF8_Mag6.46,"hms_tuple(h=12.0, m=22.0, s=50.67322676447674)","dms_tuple(d=5.0, m=16.0, s=27.684625047435105)",185.711138,12.380743,5.274357
60202,107746,,12.381915,-14.662898,91.4077,0.0,7.47,2.665,F3V,0.468,Crv,7.482,194,438.2834686761904,HD107746_TypF3_Mag7.47,"hms_tuple(h=12.0, m=23.0, s=14.078150575048625)","dms_tuple(d=-14.0, m=-41.0, s=-38.27998545551182)",185.808659,12.387244,-14.693967
60228,107783,,12.387314,-37.489783,158.2278,0.0,7.16,1.164,F0V,0.322,Cen,29.813,153,333.40358783117154,HD107783_TypF0_Mag7.16,"hms_tuple(h=12.0, m=23.0, s=37.72716770656828)","dms_tuple(d=-37.0, m=-31.0, s=-14.971012619550947)",185.907197,12.393813,-37.520825
60250,107830,,12.390988,-6.118794,54.6448,0.0,7.18,3.492,F8,0.477,Vir,3.493,155,339.33902361009757,HD107830_TypF8_Mag7.18,"hms_tuple(h=12.0, m=23.0, s=46.220933111094524)","dms_tuple(d=-6.0, m=-8.0, s=-59.53459966943633)",185.942587,12.396172,-6.149871
60267,107833,,12.393541,-39.30236,114.0251,-13.0,6.39,1.105,F2V,0.285,Cen,31.477,85,169.01455281149524,HD107833_TypF2_Mag6.39,"hms_tuple(h=12.0, m=24.0, s=0.7390999970715484)","dms_tuple(d=-39.0, m=-20.0, s=-0.23852890597311216)",186.00308,12.400205,-39.3334
60280,107904,,12.396397,42.542743,95.1475,-0.3,6.03,1.138,F3IV,0.366,CVn,30.535,64,123.02133555198672,HD107904_TypF3_Mag6.03,"hms_tuple(h=12.0, m=24.0, s=12.20313876662388)","dms_tuple(d=42.0, m=30.0, s=41.80619249789572)",186.050846,12.40339,42.511613
60299,107892,,12.400623,-19.571858,74.184,0.0,7.44,3.088,F5V,0.448,Crv,5.068,189,426.83476505925523,HD107892_TypF5_Mag7.44,"hms_tuple(h=12.0, m=24.0, s=21.94123770717468)","dms_tuple(d=-19.0, m=-36.0, s=-10.518347953616)",186.091422,12.406095,-19.602922
60335,108005,,12.406808,43.087474,245.7002,0.0,7.88,0.928,F0,0.328,CVn,37.051,265,629.299802346522,HD108005_TypF0_Mag7.88,"hms_tuple(h=12.0, m=24.0, s=49.90522374332954)","dms_tuple(d=43.0, m=3.0, s=22.834477342278774)",186.207938,12.413863,43.056343
60338,108007,,12.407446,25.582404,90.2527,-6.0,6.41,1.633,F0V,0.276,Com,19.355,86,172.0234437188863,HD108007_TypF0_Mag6.41,"hms_tuple(h=12.0, m=24.0, s=47.37391542319273)","dms_tuple(d=25.0, m=33.0, s=4.668173680611858)",186.197391,12.413159,25.551297
60354,108024,,12.410941,5.034871,52.2466,0.0,7.97,4.38,F8,0.578,Vir,1.542,284,681.3080354866522,HD108024_TypF8_Mag7.97,"hms_tuple(h=12.0, m=24.0, s=58.01531373021106)","dms_tuple(d=5.0, m=0.0, s=13.622719157725882)",186.24173,12.416115,5.003784
60384,108100,,12.41582,42.854737,82.0345,-10.0,7.12,2.55,F2,0.368,CVn,8.318,148,321.8423534887257,HD108100_TypF2_Mag7.12,"hms_tuple(h=12.0, m=25.0, s=22.252607466593588)","dms_tuple(d=42.0, m=49.0, s=24.98270089117284)",186.342719,12.422848,42.823606
60411,108095,,12.420568,-25.986433,53.6481,0.0,6.85,3.202,F3/F5V,0.397,Hya,4.562,121,253.62113865358353,HD108095_TypF3_Mag6.85,"hms_tuple(h=12.0, m=25.0, s=34.6941220864359)","dms_tuple(d=-26.0, m=-1.0, s=-2.9635621771996057)",186.394559,12.426304,-26.01749
60447,108163,,12.426698,-26.811432,68.5401,0.0,7.69,3.51,F5V,0.488,Hya,3.436,229,532.1744198083834,HD108163_TypF5_Mag7.69,"hms_tuple(h=12.0, m=25.0, s=56.910444559640894)","dms_tuple(d=-26.0, m=-50.0, s=-32.956589591155705)",186.487127,12.432475,-26.842488
60475,108215,,12.433228,-14.947781,71.0732,0.0,7.15,2.891,F6V,0.505,Crv,6.076,152,330.4749158245449,HD108215_TypF6_Mag7.15,"hms_tuple(h=12.0, m=26.0, s=18.83023429870235)","dms_tuple(d=-14.0, m=-58.0, s=-43.85778608488636)",186.578459,12.438564,-14.978849
60491,108240,,12.435643,-4.480719,113.6364,0.0,7.65,2.372,F5,0.45,Vir,9.799,222,513.7205296793568,HD108240_TypF5_Mag7.65,"hms_tuple(h=12.0, m=26.0, s=26.929205487030003)","dms_tuple(d=-4.0, m=-30.0, s=-42.47001638836991)",186.612205,12.440814,-4.511797
60508,108283,,12.440018,27.268237,84.6024,-4.0,4.92,0.283,F0p,0.277,Com,67.112,27,46.201294366895745,HD108283_TypF0_Mag4.92,"hms_tuple(h=12.0, m=26.0, s=44.9356882168162)","dms_tuple(d=27.0, m=14.0, s=13.660085631832999)",186.687232,12.445815,27.237128
60519,108276,,12.44202,-19.316183,206.1856,0.0,7.9,1.329,F3III/IV,0.407,Crv,25.609,269,640.5029468202126,HD108276_TypF3_Mag7.9,"hms_tuple(h=12.0, m=26.0, s=50.93937755010401)","dms_tuple(d=-19.0, m=-20.0, s=-50.08929086252181)",186.712247,12.447483,-19.347247
60538,108320,,12.44659,-5.592163,110.3753,0.0,7.55,2.336,F2,0.427,Vir,10.13,206,470.3371004243402,HD108320_TypF2_Mag7.55,"hms_tuple(h=12.0, m=27.0, s=6.370454048146286)","dms_tuple(d=-5.0, m=-37.0, s=-23.664744322488502)",186.776544,12.45177,-5.62324
60556,108350,,12.449686,-8.82961,117.6471,0.0,7.9,2.547,F2,0.36,Vir,8.341,269,640.5029468202126,HD108350_TypF2_Mag7.9,"hms_tuple(h=12.0, m=27.0, s=17.6504571040158)","dms_tuple(d=-8.0, m=-51.0, s=-38.463157639886845)",186.823544,12.454903,-8.860684
60563,108351,,12.450701,-22.389632,88.0282,0.0,7.89,3.167,F7V,0.523,Crv,4.712,267,634.876663483802,HD108351_TypF7_Mag7.89,"hms_tuple(h=12.0, m=27.0, s=22.597762431496733)","dms_tuple(d=-22.0, m=-25.0, s=-14.49414553429591)",186.844157,12.456277,-22.420693
60602,108464,,12.459206,41.355058,190.8397,-4.8,6.51,0.107,F5,0.559,CVn,78.922,93,187.8907161370077,HD108464_TypF5_Mag6.51,"hms_tuple(h=12.0, m=27.0, s=57.851337603610204)","dms_tuple(d=41.0, m=19.0, s=26.147224744827327)",186.991047,12.46607,41.32393
60624,108506,,12.464319,-4.615277,73.9098,-12.0,6.23,1.886,F2III,0.43,Vir,15.332,75,146.76273820280338,HD108506_TypF2_Mag6.23,"hms_tuple(h=12.0, m=28.0, s=10.166307020086833)","dms_tuple(d=-4.0, m=-38.0, s=-46.878372479476695)",187.04236,12.469491,-4.646355
60704,108652,,12.479262,19.95184,129.5337,-21.0,7.68,2.118,F0,0.458,Com,12.382,227,527.4997120883073,HD108652_TypF0_Mag7.68,"hms_tuple(h=12.0, m=29.0, s=5.080933072948426)","dms_tuple(d=19.0, m=55.0, s=14.6594983575568)",187.271171,12.484745,19.920739
60738,108713,,12.487517,34.703453,90.6618,4.5,7.57,2.783,F9V,0.574,CVn,6.711,209,478.71030262103807,HD108713_TypF9_Mag7.57,"hms_tuple(h=12.0, m=29.0, s=37.624794744836834)","dms_tuple(d=34.0, m=40.0, s=20.40444816801994)",187.40677,12.493785,34.672335
60746,108684,,12.489205,-39.655167,96.0615,0.0,7.76,2.847,F5IV,0.451,Cen,6.327,242,566.0781270342421,HD108684_TypF5_Mag7.76,"hms_tuple(h=12.0, m=29.0, s=45.25163298724152)","dms_tuple(d=-39.0, m=-41.0, s=-10.341785967050896)",187.438548,12.495903,-39.686206
60751,108722,,12.490845,24.108925,61.6143,25.0,5.47,1.522,F5III,0.445,Com,21.439,42,75.05876355198704,HD108722_TypF5_Mag5.47,"hms_tuple(h=12.0, m=29.0, s=47.36717232697586)","dms_tuple(d=24.0, m=4.0, s=40.149636867216145)",187.447363,12.496491,24.077819
60752,108723,,12.491156,4.838235,57.5374,0.0,7.14,3.34,F2,0.407,Vir,4.018,151,327.5719697549974,HD108723_TypF2_Mag7.14,"hms_tuple(h=12.0, m=29.0, s=46.78382771615176)","dms_tuple(d=4.0, m=48.0, s=25.73376847665159)",187.444933,12.496329,4.807148
60786,108807,,12.498761,24.338519,67.7966,0.7,7.86,3.704,F7V,0.452,Com,2.873,261,618.2926139519136,HD108807_TypF7_Mag7.86,"hms_tuple(h=12.0, m=30.0, s=15.901396197970286)","dms_tuple(d=24.0, m=18.0, s=26.687132355162362)",187.566256,12.504417,24.307413
60797,108796,,12.500535,-6.023407,61.8812,0.0,7.35,3.392,F2,0.428,Vir,3.83,177,394.25196723909164,HD108796_TypF2_Mag7.35,"hms_tuple(h=12.0, m=30.0, s=20.586811534260363)","dms_tuple(d=-6.0, m=-3.0, s=-16.141715920530046)",187.585778,12.505719,-6.054484
60798,108845,,12.500815,51.535631,44.7628,19.0,6.21,2.955,F7V,0.536,CVn,5.728,74,144.19568653254458,HD108845_TypF7_Mag6.21,"hms_tuple(h=12.0, m=30.0, s=32.746241759514305)","dms_tuple(d=51.0, m=30.0, s=16.139009438279572)",187.636443,12.509096,51.504483
60820,108846,,12.503482,39.247089,68.3527,-12.0,7.66,3.486,F8,0.458,CVn,3.512,224,518.2731261472211,HD108846_TypF8_Mag7.66,"hms_tuple(h=12.0, m=30.0, s=36.48652155785612)","dms_tuple(d=39.0, m=12.0, s=57.47069796440371)",187.652027,12.510135,39.215964
60845,108875,,12.509384,9.715743,92.5069,-14.0,7.46,2.629,F2,0.481,Vir,7.734,192,434.43351452893916,HD108875_TypF2_Mag7.46,"hms_tuple(h=12.0, m=30.0, s=52.60740579721315)","dms_tuple(d=9.0, m=41.0, s=4.746311313678007)",187.719198,12.514613,9.684652
60863,108954,,12.513925,53.076608,21.777,-21.0,6.2,4.51,F9V,0.568,UMa,1.368,73,142.92904788185962,HD108954_TypF9_Mag6.2,"hms_tuple(h=12.0, m=31.0, s=20.997118731396966)","dms_tuple(d=53.0, m=2.0, s=43.642712380567446)",187.837488,12.522499,53.045456
60879,108944,,12.516871,31.423834,42.3191,-27.0,7.33,4.197,F9V,0.534,CVn,1.825,174,387.3560399526628,HD108944_TypF9_Mag7.33,"hms_tuple(h=12.0, m=31.0, s=22.474535178000252)","dms_tuple(d=31.0, m=23.0, s=33.79135331246033)",187.843644,12.52291,31.39272
60883,108956,,12.517578,23.773105,59.8086,-43.0,7.12,3.236,F8V,0.624,Com,4.422,148,321.8423534887257,HD108956_TypF8_Mag7.12,"hms_tuple(h=12.0, m=31.0, s=23.553225288373767)","dms_tuple(d=23.0, m=44.0, s=31.198954058033337)",187.848138,12.523209,23.742
60912,108986,,12.522887,5.052891,111.4827,0.0,7.76,2.524,F2,0.363,Vir,8.519,242,566.0781270342421,HD108986_TypF2_Mag7.76,"hms_tuple(h=12.0, m=31.0, s=41.021427613954984)","dms_tuple(d=5.0, m=1.0, s=18.494659633938113)",187.920923,12.528062,5.021804
60922,109029,,12.525215,33.015028,100.4016,0.5,7.45,2.441,F0,0.412,CVn,9.196,191,430.6173790127683,HD109029_TypF0_Mag7.45,"hms_tuple(h=12.0, m=31.0, s=52.89632429002623)","dms_tuple(d=32.0, m=59.0, s=2.082469797912836)",187.970401,12.53136,32.983912
60928,109031,,12.526035,21.576845,89.2857,2.4,7.92,3.166,F0IV,0.412,Com,4.716,273,651.9055358919003,HD109031_TypF0_Mag7.92,"hms_tuple(h=12.0, m=31.0, s=53.6767912386631)","dms_tuple(d=21.0, m=32.0, s=44.671407778909895)",187.973653,12.531577,21.545742
60953,109034,,12.530315,-15.715629,133.5113,0.0,7.52,1.892,F0III/IV,0.4,Crv,15.248,201,458.0511018694067,HD109034_TypF0_Mag7.52,"hms_tuple(h=12.0, m=32.0, s=8.41429521839487)","dms_tuple(d=-15.0, m=-44.0, s=-48.10787904158914)",188.03506,12.535671,-15.746697
60956,109069,,12.53071,29.314143,86.0585,-0.6,7.55,2.876,F0V,0.35,Com,6.16,206,470.3371004243402,HD109069_TypF0_Mag7.55,"hms_tuple(h=12.0, m=32.0, s=11.831421547690297)","dms_tuple(d=29.0, m=16.0, s=58.91303959345976)",188.049298,12.53662,29.283031
60959,109083,,12.531115,23.26914,78.3085,-19.6,7.62,3.151,F3V,0.4,Com,4.782,217,500.3012827613783,HD109083_TypF3_Mag7.62,"hms_tuple(h=12.0, m=32.0, s=12.209076817818527)","dms_tuple(d=23.0, m=14.0, s=16.926918099605928)",188.050871,12.536725,23.238035
60965,109154,,12.531874,68.514728,82.9876,0.0,7.37,2.775,F5,0.529,Dra,6.761,180,401.2706596517492,HD109154_TypF5_Mag7.37,"hms_tuple(h=12.0, m=32.0, s=45.34162973051778)","dms_tuple(d=68.0, m=29.0, s=0.6479678509242603)",188.188923,12.545928,68.483513
60982,109085,,12.53451,-16.196007,18.2815,-0.8,4.3,2.99,F2V,0.388,Crv,5.546,17,26.7352654664204,HD109085_TypF2_Mag4.3,"hms_tuple(h=12.0, m=32.0, s=23.562663349877084)","dms_tuple(d=-16.0, m=-13.0, s=-37.46697510566548)",188.098178,12.539879,-16.227074
61019,109141,,12.543334,-13.859105,38.1679,-1.0,5.74,2.832,F3IV/V,0.376,Crv,6.415,52,95.24872114276333,HD109141_TypF3_Mag5.74,"hms_tuple(h=12.0, m=32.0, s=55.118110735468946)","dms_tuple(d=-13.0, m=-53.0, s=-24.627991326424308)",188.229659,12.548644,-13.890174
61027,109135,,12.545479,-45.459742,89.7666,0.0,7.34,2.574,F3V,0.429,Cen,8.136,175,390.78879304975095,HD109135_TypF3_Mag7.34,"hms_tuple(h=12.0, m=33.0, s=10.195283277591187)","dms_tuple(d=-45.0, m=-29.0, s=-26.776576212885175)",188.29248,12.552832,-45.490771
61075,109238,,12.556181,-19.792549,130.8901,5.0,6.26,0.675,F0IV/V,0.304,Crv,46.774,77,150.69925703687835,HD109238_TypF0_Mag6.26,"hms_tuple(h=12.0, m=33.0, s=41.97724320308865)","dms_tuple(d=-19.0, m=-49.0, s=-25.00513165101438)",188.424905,12.56166,-19.823613
61099,109413,,12.559453,72.479108,48.9716,0.0,7.5,4.05,F8,0.571,Dra,2.089,198,450.03925321819855,HD109413_TypF8_Mag7.5,"hms_tuple(h=12.0, m=34.0, s=35.56397513003503)","dms_tuple(d=72.0, m=26.0, s=52.29857226193758)",188.648183,12.576546,72.447861
61116,109344,,12.560864,44.096242,53.8213,0.0,7.48,3.825,F8,0.536,CVn,2.57,195,442.16754115556887,HD109344_TypF8_Mag7.48,"hms_tuple(h=12.0, m=34.0, s=4.935643860002017)","dms_tuple(d=44.0, m=3.0, s=54.392979518767675)",188.520565,12.568038,44.065109
61157,109646,,12.571298,80.250558,115.2074,35.3,7.28,1.973,F2,0.376,Cam,14.151,168,370.63931974020056,HD109646_TypF2_Mag7.28,"hms_tuple(h=12.0, m=36.0, s=5.90837944878345)","dms_tuple(d=80.0, m=13.0, s=9.022840246479973)",189.024618,12.601641,80.219173
61179,109421,,12.576944,-16.354392,113.6364,0.0,7.78,2.502,F2IV,0.328,Crv,8.694,245,576.1557641428401,HD109421_TypF2_Mag7.78,"hms_tuple(h=12.0, m=34.0, s=56.3406987186211)","dms_tuple(d=-16.0, m=-23.0, s=-7.65241148988423)",188.734753,12.582317,-16.385459
61202,110093,,12.580997,85.732194,84.317,-12.0,7.21,2.58,F0,0.249,Cam,8.091,159,348.44088743422355,HD110093_TypF0_Mag7.21,"hms_tuple(h=12.0, m=38.0, s=59.11965441765517)","dms_tuple(d=85.0, m=42.0, s=1.5036591149782907)",189.746332,12.649755,85.700418
61203,109486,,12.581101,10.836289,141.4427,0.0,7.9,2.147,F0,0.299,Vir,12.056,269,640.5029468202126,HD109486_TypF0_Mag7.9,"hms_tuple(h=12.0, m=35.0, s=10.855267062225238)","dms_tuple(d=10.0, m=48.0, s=18.70811805817965)",188.79523,12.586349,10.805197
61225,109499,,12.585548,7.442745,69.541,0.0,7.75,3.539,F8,0.576,Vir,3.345,240,561.1056035680328,HD109499_TypF8_Mag7.75,"hms_tuple(h=12.0, m=35.0, s=26.685871265650718)","dms_tuple(d=7.0, m=24.0, s=41.96113157755924)",188.861191,12.590746,7.411656
61230,109530,,12.586373,36.425382,120.048,-23.0,7.3,1.903,F2V,0.46,CVn,15.094,170,377.23764669214916,HD109530_TypF2_Mag7.3,"hms_tuple(h=12.0, m=35.0, s=33.99597215908585)","dms_tuple(d=36.0, m=23.0, s=39.340323185301145)",188.89165,12.592777,36.394261
61234,109521,,12.587764,2.260991,91.1577,0.0,7.04,2.241,F5,0.478,Vir,11.056,140,299.90868873980725,HD109521_TypF5_Mag7.04,"hms_tuple(h=12.0, m=35.0, s=34.52118521235832)","dms_tuple(d=2.0, m=13.0, s=47.66385003520835)",188.893838,12.592923,2.229907
61266,109547,,12.594277,-17.150369,75.358,0.0,7.12,2.734,F2V,0.406,Crv,7.021,148,321.8423534887257,HD109547_TypF2_Mag7.12,"hms_tuple(h=12.0, m=35.0, s=58.82071417607406)","dms_tuple(d=-17.0, m=-10.0, s=-53.166764885398266)",188.995086,12.599672,-17.181435
61269,109557,,12.595213,-16.826107,73.7463,0.0,6.68,2.341,F3IV,0.377,Crv,10.083,106,218.29580245415895,HD109557_TypF3_Mag6.68,"hms_tuple(h=12.0, m=36.0, s=2.156694901443643)","dms_tuple(d=-16.0, m=-51.0, s=-25.82472740875886)",189.008986,12.600599,-16.857174
61292,109584,,12.597988,-12.069135,150.8296,0.0,6.61,0.718,F0,0.36,Crv,44.957,100,205.22157007953126,HD109584_TypF0_Mag6.61,"hms_tuple(h=12.0, m=36.0, s=11.735174984368655)","dms_tuple(d=-12.0, m=-6.0, s=-0.7421719069058952)",189.048897,12.60326,-12.100206
61302,109585,,12.599665,-20.527476,66.8003,-2.0,6.2,2.076,F0V,0.34,Crv,12.871,73,142.92904788185962,HD109585_TypF0_Mag6.2,"hms_tuple(h=12.0, m=36.0, s=18.612912470013896)","dms_tuple(d=-20.0, m=-33.0, s=-30.739596709969135)",189.077554,12.60517,-20.558539
61366,109741,,12.613537,20.23779,91.8274,-3.4,7.54,2.725,F5,0.493,Com,7.079,204,466.20558189854603,HD109741_TypF5_Mag7.54,"hms_tuple(h=12.0, m=37.0, s=8.506943478372904)","dms_tuple(d=20.0, m=12.0, s=24.078435979351127)",189.285446,12.61903,20.206688
61384,109756,,12.618563,-2.322103,48.5201,0.0,6.95,3.52,F5,0.484,Vir,3.404,130,277.01490180011757,HD109756_TypF5_Mag6.95,"hms_tuple(h=12.0, m=37.0, s=25.39918419855624)","dms_tuple(d=-2.0, m=-21.0, s=-11.459518609125894)",189.35583,12.623722,-2.353183
61390,109782,,12.619669,21.197925,187.2659,-1.3,7.67,1.308,F3V,0.399,Com,26.11,226,522.866067770482,HD109782_TypF3_Mag7.67,"hms_tuple(h=12.0, m=37.0, s=30.707666053865097)","dms_tuple(d=21.0, m=10.0, s=0.5608397895130679)",189.377949,12.625197,21.166822
61425,109839,,12.627535,38.684374,56.1482,-9.0,7.34,3.593,F5,0.495,CVn,3.183,175,390.78879304975095,HD109839_TypF5_Mag7.34,"hms_tuple(h=12.0, m=38.0, s=2.888028571501593)","dms_tuple(d=38.0, m=39.0, s=11.699746555323145)",189.512033,12.634136,38.65325
61427,109799,,12.628409,-27.138888,34.3289,-1.0,5.41,2.732,F0V,0.334,Hya,7.034,40,71.18865627220592,HD109799_TypF0_Mag5.41,"hms_tuple(h=12.0, m=38.0, s=3.1307127170489935)","dms_tuple(d=-27.0, m=-10.0, s=-11.796837367330681)",189.513045,12.634203,-27.169944
61480,109979,,12.642442,45.217091,69.7837,7.9,7.21,2.991,F2,0.409,CVn,5.541,159,348.44088743422355,HD109979_TypF2_Mag7.21,"hms_tuple(h=12.0, m=38.0, s=59.119966252724936)","dms_tuple(d=45.0, m=11.0, s=9.442125160884416)",189.746333,12.649756,45.185956
61494,109931,,12.645726,-18.2501,67.2948,-13.0,6.0,1.86,F0V,0.31,Crv,15.704,63,119.80781072170208,HD109931_TypF0_Mag6.0,"hms_tuple(h=12.0, m=39.0, s=4.156689145225414)","dms_tuple(d=-18.0, m=-16.0, s=-52.19439127296482)",189.76732,12.651155,-18.281165
61533,110025,,12.652559,16.479778,102.459,1.0,7.58,2.527,F3V,0.451,Com,8.496,211,482.9526381068404,HD110025_TypF3_Mag7.58,"hms_tuple(h=12.0, m=39.0, s=28.560988141878454)","dms_tuple(d=16.0, m=26.0, s=55.24891293973809)",189.869004,12.657934,16.44868
61562,110015,,12.656726,-29.536862,181.4882,0.0,7.48,1.186,F3III/IV,0.355,Hya,29.215,195,442.16754115556887,HD110015_TypF3_Mag7.48,"hms_tuple(h=12.0, m=39.0, s=45.54877406712791)","dms_tuple(d=-29.0, m=-34.0, s=-4.493081951448232)",189.939787,12.662652,-29.567915
61574,110052,,12.65978,-23.810229,232.0186,0.0,7.66,0.832,F0III,0.324,Crv,40.476,224,518.2731261472211,HD110052_TypF0_Mag7.66,"hms_tuple(h=12.0, m=39.0, s=55.495919429387754)","dms_tuple(d=-23.0, m=-50.0, s=-28.637838649110847)",189.981233,12.665416,-23.841288
61617,110313,,12.667754,68.802443,46.4468,-3.7,7.88,4.545,F8,0.61,Dra,1.324,265,629.299802346522,HD110313_TypF8_Mag7.88,"hms_tuple(h=12.0, m=40.0, s=55.16303880608788)","dms_tuple(d=68.0, m=46.0, s=16.414866240457968)",190.229846,12.68199,68.771226
61638,110196,,12.671408,21.519862,86.9565,7.0,7.99,3.293,F8V,0.544,Com,4.196,288,693.4370594020932,HD110196_TypF8_Mag7.99,"hms_tuple(h=12.0, m=40.0, s=37.011769948312434)","dms_tuple(d=21.0, m=29.0, s=19.532823602970097)",190.154216,12.676948,21.488759
61650,110220,,12.674774,16.279342,161.2903,0.0,7.89,1.852,F5,0.385,Com,15.82,267,634.876663483802,HD110220_TypF5_Mag7.89,"hms_tuple(h=12.0, m=40.0, s=48.51514321612811)","dms_tuple(d=16.0, m=14.0, s=53.68002650287366)",190.202146,12.680143,16.248244
61664,110223,,12.677971,-8.448455,56.2746,0.0,7.26,3.508,F8,0.539,Vir,3.442,165,364.156405231697,HD110223_TypF8_Mag7.26,"hms_tuple(h=12.0, m=40.0, s=59.45741520931023)","dms_tuple(d=-8.0, m=-28.0, s=-46.30643611821597)",190.247739,12.683183,-8.47953
61673,110224,,12.678658,-19.727905,88.1057,0.0,7.99,3.265,F2/F3V,0.405,Crv,4.305,288,693.4370594020932,HD110224_TypF2_Mag7.99,"hms_tuple(h=12.0, m=41.0, s=2.886436189623396)","dms_tuple(d=-19.0, m=-45.0, s=-32.28697099295772)",190.262027,12.684135,-19.758969
61681,110345,,12.680192,63.771486,71.9942,0.0,7.55,3.264,F5,0.407,Dra,4.309,206,470.3371004243402,HD110345_TypF5_Mag7.55,"hms_tuple(h=12.0, m=41.0, s=30.63298246678002)","dms_tuple(d=63.0, m=44.0, s=25.07247401933398)",190.377637,12.691842,63.740298
61686,110261,,12.680535,3.869695,81.7661,0.0,7.68,3.117,F0,0.398,Vir,4.934,227,527.4997120883073,HD110261_TypF0_Mag7.68,"hms_tuple(h=12.0, m=41.0, s=8.524446450627607)","dms_tuple(d=3.0, m=50.0, s=18.99296155716854)",190.285519,12.685701,3.838609
61695,110280,,12.681705,8.829367,121.0654,0.0,7.16,1.745,F2,0.432,Vir,17.458,153,333.40358783117154,HD110280_TypF2_Mag7.16,"hms_tuple(h=12.0, m=41.0, s=12.915679764789587)","dms_tuple(d=8.0, m=47.0, s=53.79569382704929)",190.303815,12.686921,8.798277
61696,110297,,12.682059,27.139119,151.0574,-3.4,7.82,1.924,F5V,0.456,Com,14.805,253,596.8524553483364,HD110297_TypF5_Mag7.82,"hms_tuple(h=12.0, m=41.0, s=16.25915881779477)","dms_tuple(d=27.0, m=6.0, s=28.83582040617597)",190.317746,12.68785,27.10801
61716,110317,,12.687765,-13.013901,78.9266,-14.0,5.17,0.684,F3IV,0.432,Crv,46.387,33,57.603431202905156,HD110317_TypF3_Mag5.17,"hms_tuple(h=12.0, m=41.0, s=35.002298246754435)","dms_tuple(d=-13.0, m=-2.0, s=-41.896520850769576)",190.395843,12.693056,-13.044971
61736,110338,,12.691869,-20.616771,102.6694,0.0,7.91,2.853,F0IV,0.302,Crv,6.292,271,646.179090335777,HD110338_TypF0_Mag7.91,"hms_tuple(h=12.0, m=41.0, s=50.558927721362465)","dms_tuple(d=-20.0, m=-38.0, s=-52.201262633599015)",190.460662,12.697377,-20.647834
61747,110379,Porrima,12.694345,-1.449375,11.685,-19.9,2.74,2.402,F0V+...,0.368,Vir,9.532,5,6.7503863079893875,HD110379_TypF0_Mag2.74,"hms_tuple(h=12.0, m=41.0, s=58.20491872835106)","dms_tuple(d=-1.0, m=-28.0, s=-49.64158266000723)",190.49252,12.699501,-1.480456
61756,110412,,12.696772,9.886065,126.4223,-6.5,6.97,1.461,F0,0.32,Vir,22.678,132,281.9464748828664,HD110412_TypF0_Mag6.97,"hms_tuple(h=12.0, m=42.0, s=7.213844000601739)","dms_tuple(d=9.0, m=51.0, s=17.904936446735462)",190.530058,12.702004,9.854974
61757,110385,,12.697056,-19.759092,62.0347,-3.0,6.02,2.057,F2V,0.397,Crv,13.098,64,121.94069588643114,HD110385_TypF2_Mag6.02,"hms_tuple(h=12.0, m=42.0, s=9.123095165729751)","dms_tuple(d=-19.0, m=-47.0, s=-24.560055548519983)",190.538013,12.702534,-19.790156
61796,110467,,12.704429,8.04217,157.2327,0.0,7.91,1.927,F8,0.463,Vir,14.764,271,646.179090335777,HD110467_TypF8_Mag7.91,"hms_tuple(h=12.0, m=42.0, s=34.68399966686732)","dms_tuple(d=8.0, m=0.0, s=39.88913062404151)",190.644517,12.709634,8.01108
61819,110487,,12.709961,-5.468234,73.3676,0.0,7.73,3.402,F2,0.47,Vir,3.795,236,551.2912113423957,HD110487_TypF2_Mag7.73,"hms_tuple(h=12.0, m=42.0, s=54.502127422220354)","dms_tuple(d=-5.0, m=-29.0, s=-57.52075441170405)",190.727092,12.715139,-5.499311
61823,110524,,12.710841,28.359744,78.7402,-1.6,7.48,2.999,F4V,0.389,Com,5.5,195,442.16754115556887,HD110524_TypF4_Mag7.48,"hms_tuple(h=12.0, m=43.0, s=0.1090292405355342)","dms_tuple(d=28.0, m=19.0, s=43.08071426669699)",190.750454,12.716697,28.328634
61878,110741,,12.721646,65.946394,81.367,0.0,7.64,3.088,F2,0.388,Dra,5.068,221,509.2079239683959,HD110741_TypF2_Mag7.64,"hms_tuple(h=12.0, m=44.0, s=3.3979837283416714)","dms_tuple(d=65.0, m=54.0, s=54.70179779675618)",191.014158,12.734277,65.915195
61879,110628,,12.7218,26.126591,138.5042,-9.9,6.68,0.973,F2IIIn,0.369,Com,35.547,106,218.29580245415895,HD110628_TypF2_Mag6.68,"hms_tuple(h=12.0, m=43.0, s=39.143070500934556)","dms_tuple(d=26.0, m=5.0, s=43.73917207318101)",190.913096,12.72754,26.095483
61911,110606,,12.727897,-35.414023,165.2893,0.0,7.87,1.779,F2V,0.388,Cen,16.92,263,623.771929275639,HD110606_TypF2_Mag7.87,"hms_tuple(h=12.0, m=44.0, s=3.2073582778386367)","dms_tuple(d=-35.0, m=-26.0, s=-42.245540992390715)",191.013364,12.734224,-35.445068
61919,110661,,12.730164,-9.76863,99.9001,0.0,7.72,2.722,F0,0.353,Vir,7.099,234,546.4485785781236,HD110661_TypF0_Mag7.72,"hms_tuple(h=12.0, m=44.0, s=7.421897035657423)","dms_tuple(d=-9.0, m=-47.0, s=-58.931996378954494)",191.030925,12.735395,-9.799703
61931,110682,,12.732204,-13.141922,72.0461,0.0,6.96,2.672,F0IV,0.309,Crv,7.434,131,279.4698106282087,HD110682_TypF0_Mag6.96,"hms_tuple(h=12.0, m=44.0, s=14.992612182464029)","dms_tuple(d=-13.0, m=-10.0, s=-22.771678441845467)",191.062469,12.737498,-13.172992
61936,110721,,12.733292,21.173015,156.25,-3.0,7.94,1.971,F0,0.279,Com,14.178,277,663.5111201850515,HD110721_TypF0_Mag7.94,"hms_tuple(h=12.0, m=44.0, s=19.747118590549064)","dms_tuple(d=21.0, m=8.0, s=30.884933670863006)",191.08228,12.738819,21.141912
61967,110789,,12.739618,21.993493,62.6959,-13.6,7.59,3.604,F6V,0.479,Com,3.151,212,487.2325692121131,HD110789_TypF6_Mag7.59,"hms_tuple(h=12.0, m=44.0, s=42.63356847714789)","dms_tuple(d=21.0, m=57.0, s=44.602624524762575)",191.17764,12.745176,21.96239
61978,110834,,12.740863,44.103004,98.4252,-16.0,6.34,1.374,F6IV,0.469,CVn,24.57,82,161.720568208778,HD110834_TypF6_Mag6.34,"hms_tuple(h=12.0, m=44.0, s=52.93499437334134)","dms_tuple(d=44.0, m=4.0, s=18.73613658308443)",191.220562,12.748037,44.071871
62005,110871,,12.748365,33.083085,149.925,2.0,7.75,1.871,F6V,0.477,CVn,15.545,240,561.1056035680328,HD110871_TypF6_Mag7.75,"hms_tuple(h=12.0, m=45.0, s=16.25340726344433)","dms_tuple(d=33.0, m=3.0, s=7.087352494953052)",191.317723,12.754515,33.051969
62153,111066,,12.775751,24.14505,41.6667,5.3,6.83,3.731,F8V,0.54,Com,2.803,119,249.18500877779775,HD111066_TypF8_Mag6.83,"hms_tuple(h=12.0, m=46.0, s=53.034504465635166)","dms_tuple(d=24.0, m=6.0, s=50.199494764151495)",191.720977,12.781398,24.113944
62168,111153,,12.780124,43.151862,112.6126,0.0,7.91,2.652,F8,0.48,CVn,7.572,271,646.179090335777,HD111153_TypF8_Mag7.91,"hms_tuple(h=12.0, m=47.0, s=13.869534376724175)","dms_tuple(d=43.0, m=7.0, s=14.630881601191277)",191.80779,12.787186,43.120731
62182,111097,,12.784307,-22.129414,83.8926,0.0,7.41,2.791,F6V,0.515,Crv,6.662,185,415.6851208955647,HD111097_TypF6_Mag7.41,"hms_tuple(h=12.0, m=47.0, s=23.542023084111747)","dms_tuple(d=-22.0, m=-9.0, s=-37.710341872558786)",191.848092,12.789873,-22.160475
62218,111141,,12.79088,-38.82197,144.3001,0.0,7.78,1.984,F2III/IV,0.4,Cen,14.009,245,576.1557641428401,HD111141_TypF2_Mag7.78,"hms_tuple(h=12.0, m=47.0, s=50.99662007247929)","dms_tuple(d=-38.0, m=-51.0, s=-10.837143172204264)",191.962486,12.797499,-38.85301
62225,111199,,12.792618,-6.301752,70.028,13.0,6.27,2.044,F7V,0.538,Vir,13.256,77,152.0347553587468,HD111199_TypF7_Mag6.27,"hms_tuple(h=12.0, m=47.0, s=52.095452263457815)","dms_tuple(d=-6.0, m=-19.0, s=-58.182792761706494)",191.967064,12.797804,-6.332829
62237,111213,,12.795292,-12.580006,74.184,0.0,7.66,3.308,F6V,0.488,Crv,4.138,224,518.2731261472211,HD111213_TypF6_Mag7.66,"hms_tuple(h=12.0, m=48.0, s=2.066679217516736)","dms_tuple(d=-12.0, m=-36.0, s=-39.87601690948438)",192.008611,12.800574,-12.611077
62241,111306,,12.796755,50.156951,67.2495,0.0,6.82,2.682,F0,0.387,CVn,7.365,118,246.99612663521023,HD111306_TypF0_Mag6.82,"hms_tuple(h=12.0, m=48.0, s=17.262959737167876)","dms_tuple(d=50.0, m=7.0, s=32.90233327872045)",192.071929,12.804795,50.125806
62242,111271,,12.796898,29.532156,87.9507,-1.5,7.25,2.529,F0,0.369,Com,8.48,164,360.95759541392204,HD111271_TypF0_Mag7.25,"hms_tuple(h=12.0, m=48.0, s=10.153870879625941)","dms_tuple(d=29.0, m=30.0, s=3.7588981955977374)",192.042308,12.802821,29.501044
62243,111238,,12.7969,19.024303,55.4324,-4.1,7.73,4.011,F8V,0.505,Com,2.166,236,551.2912113423957,HD111238_TypF8_Mag7.73,"hms_tuple(h=12.0, m=48.0, s=8.465172496947986)","dms_tuple(d=18.0, m=59.0, s=35.5297183701785)",192.035272,12.802351,18.993203
62270,111274,,12.801116,3.455315,187.9699,0.0,7.96,1.59,F5,-0.1,Vir,20.137,282,675.323313533301,HD111274_TypF5_Mag7.96,"hms_tuple(h=12.0, m=48.0, s=22.60751170134128)","dms_tuple(d=3.0, m=25.0, s=27.226325366587645)",192.094198,12.80628,3.42423
62272,111275,,12.801772,-0.359286,74.239,0.0,7.99,3.637,F8,0.553,Vir,3.056,288,693.4370594020932,HD111275_TypF8_Mag7.99,"hms_tuple(h=12.0, m=48.0, s=24.93635305553326)","dms_tuple(d=-0.0, m=-23.0, s=-25.324757018105117)",192.103901,12.806927,-0.390368
62293,111309,,12.805387,9.111631,122.549,0.0,7.93,2.488,F5,0.418,Vir,8.806,275,657.682729265769,HD111309_TypF5_Mag7.93,"hms_tuple(h=12.0, m=48.0, s=38.18543684035561)","dms_tuple(d=9.0, m=4.0, s=49.94514567316614)",192.159106,12.810607,9.08054
62316,111456,,12.810944,60.319822,24.0442,-12.0,5.83,3.925,F5V,0.467,UMa,2.344,55,103.12051401004337,HD111456_TypF5_Mag5.83,"hms_tuple(h=12.0, m=49.0, s=16.83905392128139)","dms_tuple(d=60.0, m=17.0, s=19.133639676956022)",192.320163,12.821344,60.288648
62350,111524,,12.81557,64.735066,322.5806,0.0,7.83,0.287,F0,0.246,Dra,66.865,255,602.141767772257,HD111524_TypF0_Mag7.83,"hms_tuple(h=12.0, m=49.0, s=39.48024458382079)","dms_tuple(d=64.0, m=42.0, s=13.943767311740203)",192.414501,12.827633,64.703873
62366,111354,,12.81862,-42.63432,147.0588,0.0,7.85,2.013,F5IV,0.536,Cen,13.64,259,612.8614298360975,HD111354_TypF5_Mag7.85,"hms_tuple(h=12.0, m=49.0, s=32.268105049429465)","dms_tuple(d=-42.0, m=-39.0, s=-55.27533606185443)",192.38445,12.82563,-42.665354
62388,111470,,12.824191,5.172145,56.4334,0.0,7.56,3.802,F8,0.579,Vir,2.625,208,474.5052325085976,HD111470_TypF8_Mag7.56,"hms_tuple(h=12.0, m=49.0, s=45.71927560571595)","dms_tuple(d=5.0, m=8.0, s=27.80866562980229)",192.440497,12.829366,5.141058
62395,111433,,12.825695,-34.791152,132.626,0.0,7.54,1.927,F3IV,0.471,Cen,14.764,204,466.20558189854603,HD111433_TypF3_Mag7.54,"hms_tuple(h=12.0, m=49.0, s=55.106569765688675)","dms_tuple(d=-34.0, m=-49.0, s=-19.912993867706632)",192.479611,12.831974,-34.822198
62439,111545,,12.834764,-7.632203,47.7555,0.0,6.99,3.595,F5,0.432,Vir,3.177,134,286.96584256768466,HD111545_TypF5_Mag6.99,"hms_tuple(h=12.0, m=50.0, s=23.874348470677376)","dms_tuple(d=-7.0, m=-39.0, s=-47.80196563988852)",192.599476,12.839965,-7.663278
62468,111535,,12.840447,-47.22232,70.5716,-29.8,7.96,3.717,F6IV,0.48,Cen,2.839,282,675.323313533301,HD111535_TypF6_Mag7.96,"hms_tuple(h=12.0, m=50.0, s=52.94844713695994)","dms_tuple(d=-47.0, m=-15.0, s=-12.045235632572826)",192.720619,12.848041,-47.253346
62509,111717,,12.849883,31.47612,80.1925,-12.6,7.89,3.369,F2V,0.434,CVn,3.912,267,634.876663483802,HD111717_TypF2_Mag7.89,"hms_tuple(h=12.0, m=51.0, s=21.329856773868414)","dms_tuple(d=31.0, m=26.0, s=42.02071796545624)",192.838874,12.855925,31.445006
62526,111718,,12.853358,19.161387,67.7966,-6.7,7.22,3.064,F6III,0.441,Com,5.181,160,351.52877406079745,HD111718_TypF6_Mag7.22,"hms_tuple(h=12.0, m=51.0, s=31.73020357485413)","dms_tuple(d=19.0, m=7.0, s=49.03161535968678)",192.882209,12.858814,19.130287
62578,111816,,12.864448,0.084984,50.1756,0.0,7.83,4.328,F8,0.539,Vir,1.617,255,602.141767772257,HD111816_TypF8_Mag7.83,"hms_tuple(h=12.0, m=52.0, s=10.569530559049696)","dms_tuple(d=0.0, m=3.0, s=14.045786650746015)",193.04404,12.869603,0.053902
62583,111845,,12.865109,19.168112,147.7105,-8.7,7.75,1.903,F8IV,0.561,Com,15.094,240,561.1056035680328,HD111845_TypF8_Mag7.75,"hms_tuple(h=12.0, m=52.0, s=14.034603416206721)","dms_tuple(d=19.0, m=8.0, s=13.24159066180897)",193.058478,12.870565,19.137012
62622,111892,,12.873016,17.10839,124.533,2.4,6.93,1.454,F8,0.565,Com,22.824,128,272.1695876893252,HD111892_TypF8_Mag6.93,"hms_tuple(h=12.0, m=52.0, s=42.27023613072902)","dms_tuple(d=17.0, m=4.0, s=38.24986537381733)",193.176126,12.878408,17.077292
62654,111959,,12.882821,15.031518,123.7624,0.0,7.92,2.457,F5+...,0.462,Com,9.061,273,651.9055358919003,HD111959_TypF5_Mag7.92,"hms_tuple(h=12.0, m=53.0, s=17.366970937008546)","dms_tuple(d=15.0, m=0.0, s=1.51803698091868)",193.322362,12.888157,15.000422
62662,111997,,12.884403,19.605045,60.0601,6.3,7.66,3.767,F8V,0.511,Com,2.711,224,518.2731261472211,HD111997_TypF8_Mag7.66,"hms_tuple(h=12.0, m=53.0, s=23.545692769753828)","dms_tuple(d=19.0, m=34.0, s=26.19878165032418)",193.348107,12.889874,19.573944
62674,111962,,12.885979,-14.965591,64.433,0.0,7.61,3.564,F6V,0.478,Crv,3.269,216,495.90655392467346,HD111962_TypF6_Mag7.61,"hms_tuple(h=12.0, m=53.0, s=28.73543295399415)","dms_tuple(d=-14.0, m=-59.0, s=-47.97372351953143)",193.369731,12.891315,-14.996659
62677,111998,,12.886433,-3.553098,32.7332,-7.1,6.11,3.535,F5V,0.493,Vir,3.357,68,132.01843644392628,HD111998_TypF5_Mag6.11,"hms_tuple(h=12.0, m=53.0, s=29.751889881881937)","dms_tuple(d=-3.0, m=-35.0, s=-3.0374724142542675)",193.373966,12.891598,-3.584177
62717,112160,,12.893933,59.526039,139.6648,0.0,7.84,2.115,F0,0.321,UMa,12.417,257,607.4779541357369,HD112160_TypF0_Mag7.84,"hms_tuple(h=12.0, m=54.0, s=14.715479746665352)","dms_tuple(d=59.0, m=29.0, s=41.52518163010143)",193.561314,12.904088,59.494868
62777,112086,,12.904433,-27.959519,100.5025,0.0,7.34,2.329,F7/F8V+...,0.57,Hya,10.195,175,390.78879304975095,HD112086_TypF7_Mag7.34,"hms_tuple(h=12.0, m=54.0, s=36.97375171827332)","dms_tuple(d=-27.0, m=-59.0, s=-26.06501327621004)",193.654057,12.91027,-27.990574
62807,112196,,12.911115,22.107934,33.8524,-7.2,6.99,4.342,F8V,0.576,Com,1.597,134,286.96584256768466,HD112196_TypF8_Mag6.99,"hms_tuple(h=12.0, m=55.0, s=0.038937812441020014)","dms_tuple(d=22.0, m=4.0, s=36.589788031461126)",193.750162,12.916677,22.07683
62861,112249,,12.920889,5.300375,76.4526,0.0,7.69,3.273,F0,0.409,Vir,4.274,229,532.1744198083834,HD112249_TypF0_Mag7.69,"hms_tuple(h=12.0, m=55.0, s=33.835874636930185)","dms_tuple(d=5.0, m=16.0, s=9.436241805029653)",193.890983,12.926066,5.269288
62898,112283,,12.928033,-3.550664,51.0725,0.0,7.65,4.109,F5,0.472,Vir,1.979,222,513.7205296793568,HD112283_TypF5_Mag7.65,"hms_tuple(h=12.0, m=55.0, s=59.51184042408357)","dms_tuple(d=-3.0, m=-34.0, s=-54.27508042415553)",193.997966,12.933198,-3.581743
62920,112412,Cor Caroli B,12.933468,38.314912,36.9004,-3.0,5.61,2.775,F0V,0.337,CVn,6.761,47,84.92707445101695,HD112412_TypF0_Mag5.61,"hms_tuple(h=12.0, m=56.0, s=24.125395727885888)","dms_tuple(d=38.0, m=17.0, s=1.6385222205019545)",194.100522,12.940035,38.283788
62949,112385,,12.940505,-14.9497,73.0994,0.0,7.24,2.92,F0V,0.332,Crv,5.916,163,357.7868844682338,HD112385_TypF0_Mag7.24,"hms_tuple(h=12.0, m=56.0, s=45.02760644932323)","dms_tuple(d=-14.0, m=-58.0, s=-50.76617934405448)",194.187615,12.945841,-14.980768
62953,112398,,12.940711,-0.954593,79.6178,0.0,6.62,2.115,F5,0.476,Vir,12.417,101,207.04024568445064,HD112398_TypF5_Mag6.62,"hms_tuple(h=12.0, m=56.0, s=45.11906864013625)","dms_tuple(d=-0.0, m=-59.0, s=-8.428005310501163)",194.187996,12.945866,-0.985674
62956,112374,,12.941703,-26.460291,100000.0,-24.0,6.73,-13.27,F3Ia,0.728,Hya,17701089.583,110,228.14146549859603,HD112374_TypF3_Mag6.73,"hms_tuple(h=12.0, m=56.0, s=50.86452935537707)","dms_tuple(d=-26.0, m=-29.0, s=-28.850430959811604)",194.211936,12.947462,-26.491347
62960,113591,,12.942025,85.884481,101.626,0.0,7.8,2.765,F8,0.435,UMi,6.823,249,586.4128089424291,HD113591_TypF8_Mag7.8,"hms_tuple(h=13.0, m=0.0, s=47.892362203175054)","dms_tuple(d=85.0, m=51.0, s=9.64478358547126)",195.199552,13.013303,85.852679
63013,112704,,12.952625,70.75529,102.145,0.0,7.7,2.654,F0,0.387,Dra,7.558,231,536.8905548349917,HD112704_TypF0_Mag7.7,"hms_tuple(h=12.0, m=58.0, s=5.662520733945513)","dms_tuple(d=70.0, m=43.0, s=26.61052311286312)",194.523594,12.96824,70.724058
63018,112503,,12.953767,8.293783,101.7294,0.0,6.81,1.773,F5,0.468,Vir,17.014,117,244.8264719937363,HD112503_TypF5_Mag6.81,"hms_tuple(h=12.0, m=57.0, s=32.312569676249865)","dms_tuple(d=8.0, m=15.0, s=45.695088977624465)",194.384636,12.958976,8.262693
63033,112542,,12.957286,1.427939,53.9957,0.0,6.91,3.248,F2,0.454,Vir,4.373,126,267.409023780344,HD112542_TypF2_Mag6.91,"hms_tuple(h=12.0, m=57.0, s=44.79183850586665)","dms_tuple(d=1.0, m=23.0, s=48.6793835543309)",194.436633,12.962442,1.396855
63037,112517,,12.957935,-9.761288,89.7666,0.0,7.1,2.334,F5,0.491,Vir,10.148,146,316.2129549015887,HD112517_TypF5_Mag7.1,"hms_tuple(h=12.0, m=57.0, s=47.39708039652044)","dms_tuple(d=-9.0, m=-47.0, s=-32.50082116339314)",194.447488,12.963166,-9.792361
63045,112547,,12.959792,-17.394807,109.4092,0.0,7.95,2.755,F7V,0.516,Vir,6.887,280,669.391162362906,HD112547_TypF7_Mag7.95,"hms_tuple(h=12.0, m=57.0, s=54.700546908763954)","dms_tuple(d=-17.0, m=-25.0, s=-33.142685852944)",194.477919,12.965195,-17.425873
63083,112603,,12.969392,-23.055141,60.9756,0.0,6.95,3.024,F2V,0.343,Hya,5.375,130,277.01490180011757,HD112603_TypF2_Mag6.95,"hms_tuple(h=12.0, m=58.0, s=29.98339418474785)","dms_tuple(d=-23.0, m=-5.0, s=-10.323980226841911)",194.624931,12.974995,-23.086201
63169,112685,,12.985387,-45.962178,86.2069,9.6,7.85,3.172,F3IV,0.294,Cen,4.69,259,612.8614298360975,HD112685_TypF3_Mag7.85,"hms_tuple(h=12.0, m=59.0, s=34.10338028383663)","dms_tuple(d=-45.0, m=-59.0, s=-35.54279459089912)",194.892097,12.992806,-45.993206
63202,112887,,12.992486,28.065664,76.5697,-8.4,7.16,2.74,F4V,0.449,Com,6.982,153,333.40358783117154,HD112887_TypF4_Mag7.16,"hms_tuple(h=12.0, m=59.0, s=53.973135065555624)","dms_tuple(d=28.0, m=2.0, s=4.393954987435507)",194.974888,12.998326,28.034554
63220,112848,,12.996748,-20.291807,81.0373,0.0,7.23,2.687,F7IV/V,0.507,Vir,7.332,161,354.6440255695144,HD112848_TypF7_Mag7.23,"hms_tuple(h=13.0, m=0.0, s=8.081353067432673)","dms_tuple(d=-20.0, m=-19.0, s=-22.33207654197912)",195.033672,13.002245,-20.32287
63238,112959,,13.000548,32.084068,53.2481,-1.3,7.91,4.278,F8V,0.539,CVn,1.694,271,646.179090335777,HD112959_TypF8_Mag7.91,"hms_tuple(h=13.0, m=0.0, s=23.8671423127073)","dms_tuple(d=32.0, m=3.0, s=10.630761990834685)",195.099446,13.00663,32.052953
63256,112974,,13.004305,21.554284,65.1042,0.0,7.49,3.422,F7V,0.501,Com,3.726,197,446.0860343240754,HD112974_TypF7_Mag7.49,"hms_tuple(h=13.0, m=0.0, s=35.44569150047607)","dms_tuple(d=21.0, m=31.0, s=23.451893249319653)",195.14769,13.009846,21.523181
63264,112881,,13.004948,-42.500861,139.47,0.0,7.83,2.108,F3IV/V,0.427,Cen,12.497,255,602.141767772257,HD112881_TypF3_Mag7.83,"hms_tuple(h=13.0, m=0.0, s=42.99491226133796)","dms_tuple(d=-42.0, m=-31.0, s=-54.82374342068624)",195.179145,13.011943,-42.531895
63273,112945,,13.007015,-13.892333,75.643,0.0,7.52,3.126,F3V,0.433,Vir,4.893,201,458.0511018694067,HD112945_TypF3_Mag7.52,"hms_tuple(h=13.0, m=0.0, s=44.372455815303624)","dms_tuple(d=-13.0, m=-55.0, s=-24.248675727947244)",195.184885,13.012326,-13.923402
63286,112935,,13.009074,-33.505267,41.5282,-23.0,6.01,2.918,F3V,0.386,Cen,5.927,63,120.86954873761292,HD112935_TypF3_Mag6.01,"hms_tuple(h=13.0, m=0.0, s=54.92906004346594)","dms_tuple(d=-33.0, m=-32.0, s=-10.73315334181359)",195.228871,13.015258,-33.536315
63293,113022,,13.010755,18.373009,39.2927,1.0,6.2,3.228,F6Vs,0.466,Com,4.455,73,142.92904788185962,HD113022_TypF6_Mag6.2,"hms_tuple(h=13.0, m=0.0, s=58.26794724651805)","dms_tuple(d=18.0, m=20.0, s=30.873697025313618)",195.242783,13.016186,18.341909
63299,113139,,13.012125,56.366338,25.4453,-10.0,4.93,2.902,F2V,0.368,UMa,6.015,28,46.61073069928609,HD113139_TypF2_Mag4.93,"hms_tuple(h=13.0, m=1.0, s=17.125757520559546)","dms_tuple(d=56.0, m=20.0, s=6.638371437813362)",195.321357,13.021424,56.335177
63315,113003,,13.016051,-21.426277,224.7191,0.0,7.76,1.002,F3III,0.463,Vir,34.61,242,566.0781270342421,HD113003_TypF3_Mag7.76,"hms_tuple(h=13.0, m=1.0, s=17.722268359657676)","dms_tuple(d=-21.0, m=-27.0, s=-26.419815856172875)",195.323843,13.02159,-21.457339
63318,113167,,13.016574,52.536822,105.8201,-7.0,7.78,2.657,F2,0.392,UMa,7.537,245,576.1557641428401,HD113167_TypF2_Mag7.78,"hms_tuple(h=13.0, m=1.0, s=30.153098636758244)","dms_tuple(d=52.0, m=30.0, s=20.417947712115847)",195.375638,13.025043,52.505672
63358,113084,,13.025928,-32.559161,91.659,0.0,7.86,3.049,F0/F2V,0.412,Cen,5.253,261,618.2926139519136,HD113084_TypF0_Mag7.86,"hms_tuple(h=13.0, m=1.0, s=55.36542409681445)","dms_tuple(d=-32.0, m=-35.0, s=-24.755969150791657)",195.480689,13.032046,-32.59021
63365,113103,,13.026855,-24.666327,72.3589,0.0,7.2,2.903,F3V,0.411,Hya,6.009,158,345.3801253121633,HD113103_TypF3_Mag7.2,"hms_tuple(h=13.0, m=1.0, s=57.10306003859188)","dms_tuple(d=-24.0, m=-41.0, s=-50.58726179068685)",195.487929,13.032529,-24.697385
63380,113337,,13.029737,63.610225,36.8868,-11.0,6.01,3.176,F6V,0.427,Dra,4.673,63,120.86954873761292,HD113337_TypF6_Mag6.01,"hms_tuple(h=13.0, m=2.0, s=28.75723192393977)","dms_tuple(d=63.0, m=34.0, s=44.53555910485875)",195.619822,13.041321,63.579038
63391,113106,,13.032258,-46.285123,223.7136,0.0,7.76,1.012,F5III,0.558,Cen,34.293,242,566.0781270342421,HD113106_TypF5_Mag7.76,"hms_tuple(h=13.0, m=2.0, s=22.996186299655648)","dms_tuple(d=-46.0, m=-18.0, s=-58.142588450645576)",195.595817,13.039721,-46.316151
63415,113284,,13.039145,30.357567,133.1558,-5.4,7.93,2.308,F1IV,0.382,Com,10.394,275,657.682729265769,HD113284_TypF1_Mag7.93,"hms_tuple(h=13.0, m=2.0, s=42.42052896982244)","dms_tuple(d=30.0, m=19.0, s=35.23489674335053)",195.676752,13.045117,30.326454
63421,113392,,13.04003,59.246035,67.5676,0.0,7.82,3.671,F6Vm,0.465,UMa,2.962,253,596.8524553483364,HD113392_TypF6_Mag7.82,"hms_tuple(h=13.0, m=3.0, s=0.3643760616587599)","dms_tuple(d=59.0, m=12.0, s=53.51431442270098)",195.751518,13.050101,59.214865
63429,113303,,13.041838,23.499405,160.0,7.8,7.65,1.629,F2,0.466,Com,19.427,222,513.7205296793568,HD113303_TypF2_Mag7.65,"hms_tuple(h=13.0, m=2.0, s=50.846950325073976)","dms_tuple(d=23.0, m=28.0, s=5.880022577994453)",195.711862,13.047457,23.4683
63471,113592,,13.049787,71.720562,319.4888,0.0,7.78,0.258,F0,0.334,Dra,68.675,245,576.1557641428401,HD113592_TypF0_Mag7.78,"hms_tuple(h=13.0, m=3.0, s=58.29934167996072)","dms_tuple(d=71.0, m=41.0, s=21.559215730050028)",195.992914,13.066194,71.689322
63479,113330,,13.050703,-19.077559,129.5337,0.0,7.8,2.238,F0V,0.407,Vir,11.087,249,586.4128089424291,HD113330_TypF0_Mag7.8,"hms_tuple(h=13.0, m=3.0, s=22.169629319671884)","dms_tuple(d=-19.0, m=-6.0, s=-31.04376822610618)",195.842373,13.056158,-19.108623
63504,113354,,13.056175,-29.663415,59.0667,0.0,7.43,3.573,F6V,0.493,Hya,3.242,188,423.08537820947436,HD113354_TypF6_Mag7.43,"hms_tuple(h=13.0, m=3.0, s=43.59199525450677)","dms_tuple(d=-29.0, m=-41.0, s=-40.08333289782456)",195.931633,13.062109,-29.694468
63526,113357,,13.060187,-38.968443,101.833,0.0,7.88,2.841,F0V,0.328,Cen,6.362,265,629.299802346522,HD113357_TypF0_Mag7.88,"hms_tuple(h=13.0, m=4.0, s=0.5510703034430264)","dms_tuple(d=-38.0, m=-59.0, s=-58.13914983791108)",196.002296,13.06682,-38.999483
63530,113414,,13.060837,-16.336576,56.5291,0.0,7.74,3.979,F7/F8V,0.573,Vir,2.23,238,556.1767595666211,HD113414_TypF7_Mag7.74,"hms_tuple(h=13.0, m=3.0, s=58.353731326488116)","dms_tuple(d=-16.0, m=-22.0, s=-3.51487493398281)",195.993141,13.066209,-16.367643
63534,113415,,13.062808,-20.583497,28.2087,26.7,5.58,3.328,F7V,0.554,Vir,4.063,46,82.70863598839426,HD113415_TypF7_Mag5.58,"hms_tuple(h=13.0, m=4.0, s=5.9349923095309975)","dms_tuple(d=-20.0, m=-36.0, s=-52.4149871662695)",196.024729,13.068315,-20.61456
63539,113416,,13.064219,-25.801895,106.7236,0.0,7.74,2.599,F0/F2V,0.451,Hya,7.951,238,556.1767595666211,HD113416_TypF0_Mag7.74,"hms_tuple(h=13.0, m=4.0, s=11.805416989925135)","dms_tuple(d=-25.0, m=-49.0, s=-58.62751003904293)",196.049189,13.069946,-25.832952
63542,113448,,13.064733,-3.217872,137.931,0.0,7.61,1.912,F0,0.335,Vir,14.969,216,495.90655392467346,HD113448_TypF0_Mag7.61,"hms_tuple(h=13.0, m=4.0, s=11.625396453859906)","dms_tuple(d=-3.0, m=-14.0, s=-56.22497520050839)",196.048439,13.069896,-3.248951
63546,113459,,13.065117,-3.663143,155.0388,3.0,6.62,0.668,F0V,0.296,Vir,47.076,101,207.04024568445064,HD113459_TypF0_Mag6.62,"hms_tuple(h=13.0, m=4.0, s=13.016561281694408)","dms_tuple(d=-3.0, m=-41.0, s=-39.1991102288587)",196.054236,13.070282,-3.694222
63553,113516,,13.068325,21.895009,127.3885,-12.0,7.99,2.464,F7V,0.54,Com,9.003,288,693.4370594020932,HD113516_TypF7_Mag7.99,"hms_tuple(h=13.0, m=4.0, s=25.964938406163753)","dms_tuple(d=21.0, m=51.0, s=50.06059959326677)",196.108187,13.073879,21.863906
63610,113504,,13.079224,-40.682529,99.9001,0.0,7.92,2.922,F5/F6V,0.451,Cen,5.905,273,651.9055358919003,HD113504_TypF5_Mag7.92,"hms_tuple(h=13.0, m=5.0, s=9.688218362120438)","dms_tuple(d=-40.0, m=-42.0, s=-48.83921283904044)",196.290368,13.086025,-40.713566
63618,113889,,13.080492,73.024976,120.1923,-16.0,6.43,1.031,F0V,0.218,UMi,33.698,87,175.0859005727711,HD113889_TypF0_Mag6.43,"hms_tuple(h=13.0, m=5.0, s=53.21829584271498)","dms_tuple(d=72.0, m=59.0, s=37.40308580750934)",196.471743,13.098116,72.993723
63645,113537,,13.085186,-47.11691,101.0101,-8.0,6.44,1.418,F5III,0.414,Cen,23.594,88,176.63751357336122,HD113537_TypF5_Mag6.44,"hms_tuple(h=13.0, m=5.0, s=33.95458356810579)","dms_tuple(d=-47.0, m=-8.0, s=-52.56998414051964)",196.391477,13.092765,-47.147936
63674,113713,,13.091239,14.725433,90.9918,0.0,7.95,3.155,F5V,0.458,Com,4.764,280,669.391162362906,HD113713_TypF5_Mag7.95,"hms_tuple(h=13.0, m=5.0, s=47.644583089873294)","dms_tuple(d=14.0, m=41.0, s=39.61311083761686)",196.448519,13.096568,14.694337
63685,113669,,13.093287,-22.071382,152.439,0.0,7.36,1.445,F7V,0.54,Vir,23.014,178,397.7458321127074,HD113669_TypF7_Mag7.36,"hms_tuple(h=13.0, m=5.0, s=55.861771147979056)","dms_tuple(d=-22.0, m=-6.0, s=-8.795363565082823)",196.482757,13.09885,-22.102443
63699,113719,,13.096047,-18.259617,84.674,0.0,7.06,2.421,F3V,0.458,Vir,9.367,142,305.2478297284723,HD113719_TypF3_Mag7.06,"hms_tuple(h=13.0, m=6.0, s=5.3133618562037555)","dms_tuple(d=-18.0, m=-17.0, s=-26.455556669869225)",196.522139,13.101476,-18.290682
63744,113848,,13.105901,21.153397,49.6771,1.0,6.0,2.519,F4V,0.393,Com,8.559,63,119.80781072170208,HD113848_TypF4_Mag6.0,"hms_tuple(h=13.0, m=6.0, s=41.1368857174574)","dms_tuple(d=21.0, m=7.0, s=20.260207585416197)",196.671404,13.111427,21.122295
63747,113867,,13.106308,22.279902,99.5025,2.5,6.83,1.841,F0,0.313,Com,15.981,119,249.18500877779775,HD113867_TypF0_Mag6.83,"hms_tuple(h=13.0, m=6.0, s=42.758234887106426)","dms_tuple(d=22.0, m=14.0, s=55.67393078995394)",196.678159,13.111877,22.248798
63772,113766,,13.109957,-46.033893,122.549,0.0,7.48,2.038,F3/F5V,0.405,Cen,13.329,195,442.16754115556887,HD113766_TypF3_Mag7.48,"hms_tuple(h=13.0, m=7.0, s=2.5900579206957275)","dms_tuple(d=-46.0, m=-3.0, s=-53.71630691466123)",196.760792,13.117386,-46.064921
63802,113870,,13.11565,-34.121928,50.3271,0.0,7.31,3.801,F6V,0.469,Cen,2.628,171,380.5807304870462,HD113870_TypF6_Mag7.31,"hms_tuple(h=13.0, m=7.0, s=18.76391738056384)","dms_tuple(d=-34.0, m=-9.0, s=-10.70982291213113)",196.828183,13.121879,-34.152975
63826,113984,,13.122139,0.584962,64.9351,-89.5,7.0,2.938,F5V,0.498,Vir,5.818,135,289.50893673230235,HD113984_TypF5_Mag7.0,"hms_tuple(h=13.0, m=7.0, s=38.2579894554641)","dms_tuple(d=0.0, m=33.0, s=13.964947672841248)",196.909408,13.127294,0.553879
63847,114018,,13.126836,1.474459,73.5835,0.0,7.46,3.126,F5,0.446,Vir,4.893,192,434.43351452893916,HD114018_TypF5_Mag7.46,"hms_tuple(h=13.0, m=7.0, s=55.17221213576519)","dms_tuple(d=1.0, m=26.0, s=36.15123096864643)",196.979884,13.131992,1.443375
63852,114001,,13.127543,-14.18805,65.4879,0.0,7.74,3.659,F5V,0.465,Vir,2.995,238,556.1767595666211,HD114001_TypF5_Mag7.74,"hms_tuple(h=13.0, m=7.0, s=58.298004668645405)","dms_tuple(d=-14.0, m=-13.0, s=-8.828845468740525)",196.992908,13.132861,-14.219119
63877,114072,,13.131908,19.932781,132.8021,1.3,7.87,2.254,F4V,0.439,Com,10.924,263,623.771929275639,HD114072_TypF4_Mag7.87,"hms_tuple(h=13.0, m=8.0, s=14.604155048281058)","dms_tuple(d=19.0, m=54.0, s=6.047169029465351)",197.060851,13.13739,19.90168
63916,114125,,13.141644,-2.678996,166.9449,0.0,7.83,1.717,F2,0.408,Vir,17.914,255,602.141767772257,HD114125_TypF2_Mag7.83,"hms_tuple(h=13.0, m=8.0, s=48.49589989089125)","dms_tuple(d=-2.0, m=-42.0, s=-36.27314642769022)",197.202066,13.146804,-2.710076
63931,114116,,13.144409,-23.82206,83.682,0.0,7.53,2.917,F5/F6V,0.488,Hya,5.932,203,462.11035531169057,HD114116_TypF5_Mag7.53,"hms_tuple(h=13.0, m=9.0, s=0.16217131712522814)","dms_tuple(d=-23.0, m=-51.0, s=-11.229392289397708)",197.250676,13.150045,-23.853119
64004,114446,,13.159238,56.833373,54.9451,-34.2,7.03,3.33,F8,0.6,UMa,4.055,138,297.27424144135534,HD114446_TypF8_Mag7.03,"hms_tuple(h=13.0, m=10.0, s=7.148465925853031)","dms_tuple(d=56.0, m=48.0, s=7.959327467896742)",197.529785,13.168652,56.802211
64036,114378,Diadem,13.166469,17.529431,17.8253,-11.6,4.32,3.065,F5V,0.455,Com,5.176,17,27.2112215058883,HD114378_TypF5_Mag4.32,"hms_tuple(h=13.0, m=10.0, s=18.745485869241207)","dms_tuple(d=17.0, m=29.0, s=53.99595150768647)",197.578106,13.171874,17.498332
64038,114380,,13.166784,16.147928,127.551,3.0,7.86,2.332,F2,0.427,Com,10.167,261,618.2926139519136,HD114380_TypF2_Mag7.86,"hms_tuple(h=13.0, m=10.0, s=19.738282351903536)","dms_tuple(d=16.0, m=7.0, s=0.5900935536703855)",197.582243,13.17215,16.116831
64091,114449,,13.178436,-4.941843,140.056,0.0,7.61,1.878,F2,0.402,Vir,15.445,216,495.90655392467346,HD114449_TypF2_Mag7.61,"hms_tuple(h=13.0, m=11.0, s=0.9964379343345797)","dms_tuple(d=-4.0, m=-58.0, s=-22.514894418568048)",197.754152,13.18361,-4.972921
64097,114537,,13.179446,34.300647,82.7815,-16.0,6.89,2.3,F5,0.486,CVn,10.471,124,262.73172769318006,HD114537_TypF5_Mag6.89,"hms_tuple(h=13.0, m=11.0, s=8.460552538424935)","dms_tuple(d=34.0, m=16.0, s=10.304790920314986)",197.785252,13.185683,34.269529
64105,114409,,13.181045,-39.49273,82.3723,0.0,8.0,3.421,F3V,0.445,Cen,3.729,290,699.5823055523535,HD114409_TypF3_Mag8.0,"hms_tuple(h=13.0, m=11.0, s=15.819133925930515)","dms_tuple(d=-39.0, m=-31.0, s=-25.569482973511413)",197.815913,13.187728,-39.523769
64107,114520,,13.181209,21.233745,141.4427,-9.2,6.82,1.067,F2II,0.42,Com,32.599,118,246.99612663521023,HD114520_TypF2_Mag6.82,"hms_tuple(h=13.0, m=11.0, s=12.256488199251834)","dms_tuple(d=21.0, m=12.0, s=9.512704734835893)",197.801069,13.186738,21.202642
64121,114482,,13.184814,-17.089851,105.3741,0.0,7.12,2.006,F2III/IV,0.345,Vir,13.728,148,321.8423534887257,HD114482_TypF2_Mag7.12,"hms_tuple(h=13.0, m=11.0, s=24.747583642074176)","dms_tuple(d=-17.0, m=-7.0, s=-15.30218215713461)",197.853115,13.190208,-17.120917
64123,114538,,13.185343,13.90997,116.8224,-3.4,7.93,2.592,F2IV:,0.391,Vir,8.002,275,657.682729265769,HD114538_TypF2_Mag7.93,"hms_tuple(h=13.0, m=11.0, s=26.34957887362944)","dms_tuple(d=13.0, m=52.0, s=43.94915730934301)",197.85979,13.190653,13.878875
64127,114435,,13.185805,-42.232891,84.8896,-11.0,5.78,1.136,F7IV,0.521,Cen,30.591,53,98.67024964581141,HD114435_TypF7_Mag5.78,"hms_tuple(h=13.0, m=11.0, s=33.97280512568571)","dms_tuple(d=-42.0, m=-15.0, s=-50.133354136630714)",197.891553,13.19277,-42.263926
64131,114622,,13.187423,33.465866,101.4199,-1.4,7.95,2.919,F0,0.323,CVn,5.921,280,669.391162362906,HD114622_TypF0_Mag7.95,"hms_tuple(h=13.0, m=11.0, s=36.959369002755125)","dms_tuple(d=33.0, m=26.0, s=5.097158647225228)",197.903997,13.1936,33.434749
64142,114776,,13.189758,63.146153,102.0408,0.0,7.49,2.446,F5,0.475,UMa,9.154,197,446.0860343240754,HD114776_TypF5_Mag7.49,"hms_tuple(h=13.0, m=12.0, s=4.165229729902649)","dms_tuple(d=63.0, m=6.0, s=53.883919293974145)",198.017355,13.201157,63.114968
64199,114723,,13.200568,32.085271,72.5163,-2.9,6.71,2.408,F8,0.48,CVn,9.48,108,224.15100485964183,HD114723_TypF8_Mag6.71,"hms_tuple(h=13.0, m=12.0, s=23.939430164984827)","dms_tuple(d=32.0, m=3.0, s=14.961556501223754)",198.099748,13.20665,32.054156
64202,114642,,13.200984,-16.198601,33.9098,-14.0,5.04,2.388,F6V,0.46,Vir,9.656,30,51.361223874813795,HD114642_TypF6_Mag5.04,"hms_tuple(h=13.0, m=12.0, s=22.86931803013161)","dms_tuple(d=-16.0, m=-13.0, s=-46.80536588217706)",198.095289,13.206353,-16.229668
64220,114762,,13.205489,17.517123,38.6548,49.9,7.3,4.364,F9V,0.525,Com,1.565,170,377.23764669214916,HD114762_TypF9_Mag7.3,"hms_tuple(h=13.0, m=12.0, s=39.216168694675986)","dms_tuple(d=17.0, m=29.0, s=9.687195860211375)",198.163401,13.210893,17.486024
64238,114692,,13.208867,-34.748045,77.0416,1.3,7.76,3.326,F5/F6V,0.53,Cen,4.07,242,566.0781270342421,HD114692_TypF5_Mag7.76,"hms_tuple(h=13.0, m=12.0, s=54.51395257492379)","dms_tuple(d=-34.0, m=-46.0, s=-44.72800343222275)",198.227141,13.215143,-34.779091
64247,114781,,13.211118,4.068266,74.4048,0.0,7.39,3.032,F0,0.35,Vir,5.336,182,408.41430272357115,HD114781_TypF0_Mag7.39,"hms_tuple(h=13.0, m=12.0, s=58.6276840490892)","dms_tuple(d=4.0, m=2.0, s=13.847907558909185)",198.244282,13.216285,4.03718
64278,114905,,13.217664,38.277135,61.4251,-3.6,6.83,2.888,F7V,0.474,CVn,6.093,119,249.18500877779775,HD114905_TypF7_Mag6.83,"hms_tuple(h=13.0, m=13.0, s=27.218704535360132)","dms_tuple(d=38.0, m=14.0, s=45.64152309416784)",198.363411,13.224227,38.246012
64305,114845,,13.2225,-13.471234,73.4214,0.0,7.57,3.241,F5V,0.47,Vir,4.401,209,478.71030262103807,HD114845_TypF5_Mag7.57,"hms_tuple(h=13.0, m=13.0, s=40.084199782941425)","dms_tuple(d=-13.0, m=-30.0, s=-8.293738281405183)",198.417017,13.227801,-13.502304
64345,114989,,13.231376,25.698275,82.6446,-1.6,7.3,2.714,F7V,0.466,Com,7.152,170,377.23764669214916,HD114989_TypF7_Mag7.3,"hms_tuple(h=13.0, m=14.0, s=13.54186276278341)","dms_tuple(d=25.0, m=40.0, s=1.8033065938851678)",198.556424,13.237095,25.667168
64391,114947,,13.240303,-35.439901,86.2069,0.0,7.81,3.132,F5V,0.512,Cen,4.866,251,591.6096051155723,HD114947_TypF5_Mag7.81,"hms_tuple(h=13.0, m=14.0, s=47.87628636956697)","dms_tuple(d=-35.0, m=-28.0, s=-15.406213138997487)",198.699485,13.246632,-35.470946
64397,114993,,13.240982,-24.284254,100.1001,0.0,6.66,1.658,F0V,0.4,Hya,18.915,104,214.47755395891784,HD114993_TypF0_Mag6.66,"hms_tuple(h=13.0, m=14.0, s=47.898264494263145)","dms_tuple(d=-24.0, m=-18.0, s=-55.125974495853995)",198.699576,13.246638,-24.315313
64411,114949,,13.244426,-46.857524,133.3333,0.0,7.97,2.345,F0V,0.332,Cen,10.046,284,681.3080354866522,HD114949_TypF0_Mag7.97,"hms_tuple(h=13.0, m=15.0, s=7.086357878657168)","dms_tuple(d=-46.0, m=-53.0, s=-18.78221345052509)",198.779526,13.251968,-46.888551
64453,115105,,13.253987,-18.919914,163.1321,0.0,7.98,1.917,F2V,0.4,Vir,14.9,286,687.3457941057625,HD115105_TypF2_Mag7.98,"hms_tuple(h=13.0, m=15.0, s=33.97340105355511)","dms_tuple(d=-18.0, m=-57.0, s=-3.5223464597893894)",198.891556,13.259437,-18.950978
64495,115272,,13.260755,34.182495,74.129,-6.0,7.94,3.59,F8V,0.503,CVn,3.192,277,663.5111201850515,HD115272_TypF8_Mag7.94,"hms_tuple(h=13.0, m=16.0, s=1.1414932015520662)","dms_tuple(d=34.0, m=9.0, s=4.958157238960439)",199.004756,13.266984,34.151377
64526,115247,,13.267528,-5.66872,126.2626,0.0,7.66,2.154,F8,0.647,Vir,11.978,224,518.2731261472211,HD115247_TypF8_Mag7.66,"hms_tuple(h=13.0, m=16.0, s=21.74972414638404)","dms_tuple(d=-5.0, m=-41.0, s=-59.269690903293224)",199.090624,13.272708,-5.699797
64563,115308,,13.273745,-1.39054,118.9061,-12.0,6.69,1.314,F1IV,0.314,Vir,25.966,107,220.23034203703895,HD115308_TypF1_Mag6.69,"hms_tuple(h=13.0, m=16.0, s=44.044435888821596)","dms_tuple(d=-1.0, m=-25.0, s=-17.835775644141663)",199.183518,13.278901,-1.421621
64573,115365,,13.275629,19.785289,85.3971,-35.0,6.43,1.773,F0V,0.274,Com,17.014,87,175.0859005727711,HD115365_TypF0_Mag6.43,"hms_tuple(h=13.0, m=16.0, s=51.98144529306262)","dms_tuple(d=19.0, m=45.0, s=15.07651536499992)",199.216589,13.281106,19.754188
64593,115386,,13.281068,1.24023,68.7285,0.0,7.44,3.254,F5,0.374,Vir,4.349,189,426.83476505925523,HD115386_TypF5_Mag7.44,"hms_tuple(h=13.0, m=17.0, s=10.405655341235871)","dms_tuple(d=1.0, m=12.0, s=32.92759918088503)",199.293357,13.286224,1.209147
64595,115324,,13.281294,-30.592019,137.741,0.0,7.43,1.735,F2III,0.407,Cen,17.62,188,423.08537820947436,HD115324_TypF2_Mag7.43,"hms_tuple(h=13.0, m=17.0, s=14.222521659238225)","dms_tuple(d=-30.0, m=-37.0, s=-23.05366106638928)",199.309261,13.287284,-30.62307
64620,115519,,13.288878,32.487663,57.4713,0.0,7.67,3.873,F8,0.526,CVn,2.459,226,522.866067770482,HD115519_TypF8_Mag7.67,"hms_tuple(h=13.0, m=17.0, s=41.95268614610896)","dms_tuple(d=32.0, m=27.0, s=23.570912120725325)",199.424803,13.294987,32.456547
64628,115466,,13.290924,-10.546288,81.0373,6.5,6.89,2.347,F0,0.338,Vir,10.028,124,262.73172769318006,HD115466_TypF0_Mag6.89,"hms_tuple(h=13.0, m=17.0, s=46.203889650456205)","dms_tuple(d=-10.0, m=-34.0, s=-38.49816484434413)",199.442516,13.296168,-10.577361
64632,115488,,13.291626,-0.676065,81.4332,-20.0,6.36,1.806,F0V,0.26,Vir,16.504,83,164.59960755259254,HD115488_TypF0_Mag6.36,"hms_tuple(h=13.0, m=17.0, s=48.4117357727537)","dms_tuple(d=-0.0, m=-42.0, s=-25.72811852274782)",199.451716,13.296781,-0.707147
64638,115604,,13.292379,40.572608,81.0373,8.0,4.72,0.177,F3III,0.306,CVn,73.995,23,38.72743863222232,HD115604_TypF3_Mag4.72,"hms_tuple(h=13.0, m=17.0, s=56.983215214469425)","dms_tuple(d=40.0, m=32.0, s=29.331718821321147)",199.48743,13.299162,40.541481
64650,115849,,13.293749,71.246717,97.8474,0.0,7.78,2.827,F8,0.533,UMi,6.445,245,576.1557641428401,HD115849_TypF8_Mag7.78,"hms_tuple(h=13.0, m=18.0, s=35.12435197512829)","dms_tuple(d=71.0, m=12.0, s=55.732569224868485)",199.646351,13.309757,71.215481
64659,115503,,13.295585,-8.733268,96.7118,0.0,7.25,2.323,F8,0.516,Vir,10.252,164,360.95759541392204,HD115503_TypF8_Mag7.25,"hms_tuple(h=13.0, m=18.0, s=2.881961879250099)","dms_tuple(d=-8.0, m=-45.0, s=-51.63228103819364)",199.512008,13.300801,-8.764342
64684,115706,,13.30132,50.446328,67.8887,0.0,7.96,3.801,F2,0.423,CVn,2.628,282,675.323313533301,HD115706_TypF2_Mag7.96,"hms_tuple(h=13.0, m=18.0, s=33.87339705417858)","dms_tuple(d=50.0, m=24.0, s=54.657211333850455)",199.641139,13.309409,50.415183
64695,116736,,13.302391,83.899102,76.1035,0.0,7.57,3.163,F2,0.413,Cam,4.729,209,478.71030262103807,HD116736_TypF2_Mag7.57,"hms_tuple(h=13.0, m=21.0, s=2.3195485092075785)","dms_tuple(d=83.0, m=52.0, s=3.122640154696228)",200.259665,13.350644,83.867534
64698,115655,,13.303315,31.630299,127.8772,-2.0,7.97,2.436,F2,0.448,CVn,9.238,284,681.3080354866522,HD115655_TypF2_Mag7.97,"hms_tuple(h=13.0, m=18.0, s=33.720985079937265)","dms_tuple(d=31.0, m=35.0, s=57.064422449872154)",199.640504,13.309367,31.599185
64765,115693,,13.316289,-12.648089,108.5776,0.0,7.34,2.161,F2III/IV,0.4,Vir,11.901,175,390.78879304975095,HD115693_TypF2_Mag7.34,"hms_tuple(h=13.0, m=19.0, s=17.66094928631489)","dms_tuple(d=-12.0, m=-40.0, s=-44.974582500856286)",199.823587,13.321572,-12.67916
64770,115782,,13.317205,28.567826,92.3361,-25.0,7.19,2.363,F8IV,0.573,Com,9.881,156,342.3462494285041,HD115782_TypF8_Mag7.19,"hms_tuple(h=13.0, m=19.0, s=23.060923300324134)","dms_tuple(d=28.0, m=32.0, s=12.175032218486876)",199.846087,13.323072,28.536715
64772,115810,,13.317849,35.127978,63.012,-2.0,6.01,2.013,F0IV,0.277,CVn,13.64,63,120.86954873761292,HD115810_TypF0_Mag6.01,"hms_tuple(h=13.0, m=19.0, s=26.936857893359303)","dms_tuple(d=35.0, m=5.0, s=48.692380103526034)",199.862237,13.324149,35.096859
64840,115773,,13.332878,-41.190664,56.0538,0.0,6.73,2.987,F6V,0.519,Cen,5.562,110,228.14146549859603,HD115773_TypF6_Mag6.73,"hms_tuple(h=13.0, m=20.0, s=23.03187263304096)","dms_tuple(d=-41.0, m=-13.0, s=-18.122291312964194)",200.095966,13.339731,-41.221701
64851,116091,,13.335493,59.861972,75.1315,0.0,7.96,3.581,F8,0.635,UMa,3.218,282,675.323313533301,HD116091_TypF8_Mag7.96,"hms_tuple(h=13.0, m=20.0, s=44.69957216703335)","dms_tuple(d=59.0, m=49.0, s=50.87966505552458)",200.186248,13.34575,59.8308
64863,115955,,13.337716,17.765831,83.9631,2.7,7.17,2.55,F5,0.569,Com,8.318,154,336.35821375838816,HD115955_TypF5_Mag7.17,"hms_tuple(h=13.0, m=20.0, s=35.26019414238348)","dms_tuple(d=17.0, m=44.0, s=5.035098455682032)",200.146917,13.343128,17.734732
64879,115981,,13.340475,17.580618,57.7701,6.0,7.3,3.491,F2V,0.416,Com,3.496,170,377.23764669214916,HD115981_TypF2_Mag7.3,"hms_tuple(h=13.0, m=20.0, s=45.17257533740562)","dms_tuple(d=17.0, m=32.0, s=58.26896698813357)",200.188219,13.345881,17.549519
64895,115906,,13.341815,-20.880905,74.5156,0.0,7.59,3.229,F3V,0.423,Vir,4.45,212,487.2325692121131,HD115906_TypF3_Mag7.59,"hms_tuple(h=13.0, m=20.0, s=50.3992482259072)","dms_tuple(d=-20.0, m=-54.0, s=-43.082672130784374)",200.209997,13.347333,-20.911967
64929,116127,,13.347512,43.990186,48.0538,7.1,6.51,3.101,F2,0.424,CVn,5.007,93,187.8907161370077,HD116127_TypF2_Mag6.51,"hms_tuple(h=13.0, m=21.0, s=16.822302625570416)","dms_tuple(d=43.0, m=57.0, s=32.59205164655896)",200.320093,13.354673,43.959053
64953,116156,,13.353024,37.857107,107.2961,-7.1,6.93,1.777,F8V,0.554,CVn,16.951,128,272.1695876893252,HD116156_TypF8_Mag6.93,"hms_tuple(h=13.0, m=21.0, s=34.37958488061966)","dms_tuple(d=37.0, m=49.0, s=33.54294258554148)",200.393248,13.35955,37.825984
64970,116046,,13.356562,-22.794142,93.3707,0.0,7.14,2.289,F3IV,0.469,Hya,10.578,151,327.5719697549974,HD116046_TypF3_Mag7.14,"hms_tuple(h=13.0, m=21.0, s=43.75651037230682)","dms_tuple(d=-22.0, m=-49.0, s=-30.72858927142107)",200.432319,13.362155,-22.825202
65001,116206,,13.363523,17.765489,97.7517,-17.0,7.82,2.869,F0,0.403,Com,6.2,253,596.8524553483364,HD116206_TypF0_Mag7.82,"hms_tuple(h=13.0, m=22.0, s=8.16535695158393)","dms_tuple(d=17.0, m=44.0, s=3.803899691417314)",200.534022,13.368935,17.73439
65002,116078,,13.363824,-36.112236,76.6871,0.0,7.44,3.016,F2V,0.338,Cen,5.415,189,426.83476505925523,HD116078_TypF2_Mag7.44,"hms_tuple(h=13.0, m=22.0, s=12.745596076070171)","dms_tuple(d=-36.0, m=-8.0, s=-35.808862145851776)",200.553107,13.370207,-36.14328
65037,116209,,13.369848,-4.662702,100000.0,0.0,7.79,-12.21,F8,0.7,Vir,6668067.692,247,581.2616622824664,HD116209_TypF8_Mag7.79,"hms_tuple(h=13.0, m=22.0, s=30.071965927872952)","dms_tuple(d=-4.0, m=-41.0, s=-37.608215983545676)",200.6253,13.37502,-4.69378
65051,116211,,13.374301,-25.840872,71.8907,0.0,7.1,2.817,F5V,0.434,Hya,6.504,146,316.2129549015887,HD116211_TypF5_Mag7.1,"hms_tuple(h=13.0, m=22.0, s=48.107414037846326)","dms_tuple(d=-25.0, m=-52.0, s=-18.944552275049205)",200.700448,13.38003,-25.871929
65063,116316,,13.376156,26.115698,54.7046,-28.0,7.64,3.95,F5V,0.485,Com,2.291,221,509.2079239683959,HD116316_TypF5_Mag7.64,"hms_tuple(h=13.0, m=22.0, s=54.822746917050154)","dms_tuple(d=26.0, m=5.0, s=4.524416342334803)",200.728428,13.381895,26.08459
65106,116321,,13.386077,-24.734139,91.9963,0.0,7.81,2.991,F8IV/V,0.531,Hya,5.541,251,591.6096051155723,HD116321_TypF8_Mag7.81,"hms_tuple(h=13.0, m=23.0, s=30.313397836523563)","dms_tuple(d=-24.0, m=-45.0, s=-54.71019234293948)",200.876306,13.391754,-24.765197
65113,116331,,13.387648,-14.926991,110.6195,0.0,7.85,2.631,F7V,0.521,Vir,7.72,259,612.8614298360975,HD116331_TypF7_Mag7.85,"hms_tuple(h=13.0, m=23.0, s=34.740370837633066)","dms_tuple(d=-14.0, m=-57.0, s=-29.013859105618707)",200.894752,13.392983,-14.958059
65144,116478,,13.393725,17.321175,144.7178,-12.0,7.9,2.097,F7V,0.475,Com,12.624,269,640.5029468202126,HD116478_TypF7_Mag7.9,"hms_tuple(h=13.0, m=23.0, s=56.844943477598235)","dms_tuple(d=17.0, m=17.0, s=24.275101164207342)",200.986854,13.399124,17.290076
65180,116385,,13.400106,-41.903194,302.1148,0.0,7.84,0.439,F0V,0.375,Cen,58.13,257,607.4779541357369,HD116385_TypF0_Mag7.84,"hms_tuple(h=13.0, m=24.0, s=25.326372964297974)","dms_tuple(d=-41.0, m=-56.0, s=-3.2261172001364002)",201.105527,13.407035,-41.934229
65214,116568,,13.40923,-5.16401,29.967,14.0,5.76,3.377,F3V,0.415,Vir,3.883,52,96.94439175940381,HD116568_TypF3_Mag5.76,"hms_tuple(h=13.0, m=24.0, s=51.86126476047605)","dms_tuple(d=-5.0, m=-11.0, s=-42.315360392911)",201.216089,13.414406,-5.195088
65253,116572,,13.416547,-37.035992,99.8004,0.0,7.73,2.734,F0V,0.324,Cen,7.021,236,551.2912113423957,HD116572_TypF0_Mag7.73,"hms_tuple(h=13.0, m=25.0, s=22.8252572357718)","dms_tuple(d=-37.0, m=-4.0, s=-1.3257630529642483)",201.345105,13.423007,-37.067035
65327,116879,,13.435247,30.702287,186.2197,-20.5,7.94,1.59,F5,0.432,CVn,20.137,277,663.5111201850515,HD116879_TypF5_Mag7.94,"hms_tuple(h=13.0, m=26.0, s=28.46405134352011)","dms_tuple(d=30.0, m=40.0, s=16.225374706795037)",201.6186,13.44124,30.671174
65333,116743,,13.43559,-32.54731,86.5801,0.0,6.85,2.163,F0V,0.356,Cen,11.88,121,253.62113865358353,HD116743_TypF0_Mag6.85,"hms_tuple(h=13.0, m=26.0, s=30.145712654632604)","dms_tuple(d=-32.0, m=-34.0, s=-42.09242386744506)",201.625607,13.441707,-32.578359
65366,118523,,13.44406,85.27067,169.7793,0.0,7.93,1.781,F2,0.441,Cam,16.889,275,657.682729265769,HD118523_TypF2_Mag7.93,"hms_tuple(h=13.0, m=30.0, s=22.200193190642636)","dms_tuple(d=85.0, m=14.0, s=20.26039754285648)",202.592501,13.506167,85.238961
65396,117200,,13.451295,64.735526,71.582,-13.0,6.64,2.366,F0,0.383,Dra,9.854,103,210.72609108853683,HD117200_TypF0_Mag6.64,"hms_tuple(h=13.0, m=27.0, s=48.090982330608796)","dms_tuple(d=64.0, m=42.0, s=15.599759052939817)",201.950379,13.463359,64.704333
65405,117201,,13.452944,64.719536,68.7285,-15.0,7.01,2.824,F0,0.407,Dra,6.462,136,292.07456782282145,HD117201_TypF0_Mag7.01,"hms_tuple(h=13.0, m=27.0, s=54.00175395043078)","dms_tuple(d=64.0, m=41.0, s=18.036045969662382)",201.975007,13.465,64.688343
65409,117317,,13.453362,70.316485,122.8501,-40.0,7.4,1.953,F0,0.349,UMi,14.415,184,412.0336743557815,HD117317_TypF0_Mag7.4,"hms_tuple(h=13.0, m=28.0, s=7.112697108475601)","dms_tuple(d=70.0, m=17.0, s=6.925439534682027)",202.029636,13.468642,70.285257
65471,117242,,13.466575,52.745588,97.561,-7.0,6.34,1.394,F0,0.259,UMa,24.121,82,161.720568208778,HD117242_TypF0_Mag6.34,"hms_tuple(h=13.0, m=28.0, s=30.30238932702332)","dms_tuple(d=52.0, m=42.0, s=51.973691811763274)",202.12626,13.475084,52.714437
65483,117299,,13.468175,58.209277,200.0,0.0,7.93,1.425,F0,0.367,UMa,23.442,275,657.682729265769,HD117299_TypF0_Mag7.93,"hms_tuple(h=13.0, m=28.0, s=40.62329590450247)","dms_tuple(d=58.0, m=10.0, s=41.19810664966508)",202.169264,13.477951,58.178111
65489,117115,,13.469169,8.358069,83.9631,0.0,7.76,3.14,F2,0.434,Vir,4.831,242,566.0781270342421,HD117115_TypF2_Mag7.76,"hms_tuple(h=13.0, m=28.0, s=27.76283725998539)","dms_tuple(d=8.0, m=19.0, s=37.12447376982112)",202.115678,13.474379,8.326979
65491,117281,,13.469952,50.58729,138.6963,-16.0,6.96,1.25,F1IV,0.277,CVn,27.542,131,279.4698106282087,HD117281_TypF1_Mag6.96,"hms_tuple(h=13.0, m=28.0, s=41.03559597947324)","dms_tuple(d=50.0, m=33.0, s=22.11926996472016)",202.170982,13.478065,50.556144
65518,117104,,13.474067,-25.212835,99.4036,-34.0,7.33,2.343,F3/F5V,0.461,Hya,10.065,174,387.3560399526628,HD117104_TypF3_Mag7.33,"hms_tuple(h=13.0, m=28.0, s=47.1571879548425)","dms_tuple(d=-25.0, m=-14.0, s=-38.01388182130182)",202.196488,13.479766,-25.243893
65519,117190,,13.474078,15.7083,50.9944,-19.9,7.37,3.832,F5,0.54,Com,2.554,180,401.2706596517492,HD117190_TypF5_Mag7.37,"hms_tuple(h=13.0, m=28.0, s=45.95451786661371)","dms_tuple(d=15.0, m=40.0, s=37.93085154781082)",202.191477,13.479432,15.677203
65547,117361,,13.479394,50.718569,78.9889,-7.0,6.42,1.932,F0IV,0.404,CVn,14.696,87,173.54791719623321,HD117361_TypF0_Mag6.42,"hms_tuple(h=13.0, m=29.0, s=15.10844742541039)","dms_tuple(d=50.0, m=41.0, s=14.722600842736142)",202.312952,13.48753,50.687423
65549,117433,,13.480518,59.928251,73.4214,0.0,7.94,3.611,F8,-0.2,UMa,3.13,277,663.5111201850515,HD117433_TypF8_Mag7.94,"hms_tuple(h=13.0, m=29.0, s=26.863224367028096)","dms_tuple(d=59.0, m=53.0, s=49.483203106886435)",202.36193,13.490795,59.897079
65561,117377,,13.483792,47.847143,236.9668,0.0,7.06,0.187,F5,0.407,CVn,73.316,142,305.2478297284723,HD117377_TypF5_Mag7.06,"hms_tuple(h=13.0, m=29.0, s=29.285380128947338)","dms_tuple(d=47.0, m=48.0, s=57.611115849625776)",202.372022,13.491468,47.816003
65582,117266,,13.486814,0.119194,66.8003,0.0,7.79,3.666,F8,0.553,Vir,2.976,247,581.2616622824664,HD117266_TypF8_Mag7.79,"hms_tuple(h=13.0, m=29.0, s=31.087144290233795)","dms_tuple(d=0.0, m=5.0, s=17.201674510634284)",202.37953,13.491969,0.088112
65629,117391,,13.495393,16.903155,123.3046,-8.1,7.43,1.975,F5,0.447,Com,14.125,188,423.08537820947436,HD117391_TypF5_Mag7.43,"hms_tuple(h=13.0, m=30.0, s=2.8062218527985294)","dms_tuple(d=16.0, m=52.0, s=19.40460081738877)",202.511693,13.50078,16.872057
65662,117288,,13.501129,-44.712591,62.6566,0.0,7.87,3.885,F6/F7V,0.533,Cen,2.432,263,623.771929275639,HD117288_TypF6_Mag7.87,"hms_tuple(h=13.0, m=30.0, s=30.190931196432302)","dms_tuple(d=-44.0, m=-44.0, s=-37.03789491908708)",202.625796,13.508386,-44.743622
65684,117436,,13.507146,-6.470265,53.2198,-9.0,6.1,2.47,F2V,0.341,Vir,8.954,68,130.85876476286535,HD117436_TypF2_Mag6.1,"hms_tuple(h=13.0, m=30.0, s=44.40242927881641)","dms_tuple(d=-6.0, m=-30.0, s=-4.829033390491233)",202.68501,13.512334,-6.501341
65690,117554,,13.508346,34.492787,139.47,-11.1,7.85,2.128,F5,0.509,CVn,12.269,259,612.8614298360975,HD117554_TypF5_Mag7.85,"hms_tuple(h=13.0, m=30.0, s=52.55210574173432)","dms_tuple(d=34.0, m=27.0, s=42.00786655885793)",202.718967,13.514598,34.461669
65712,117567,,13.514503,24.237615,60.7533,2.0,7.61,3.692,F2,0.43,Com,2.905,216,495.90655392467346,HD117567_TypF2_Mag7.61,"hms_tuple(h=13.0, m=31.0, s=12.556443929779846)","dms_tuple(d=24.0, m=12.0, s=23.433130279339593)",202.802319,13.520155,24.206509
65740,117544,,13.52032,-13.448777,92.4214,0.0,6.93,2.101,F0IV/V,0.337,Vir,12.578,128,272.1695876893252,HD117544_TypF0_Mag6.93,"hms_tuple(h=13.0, m=31.0, s=32.23440530492795)","dms_tuple(d=-13.0, m=-28.0, s=-47.44861613228551)",202.88431,13.525621,-13.479847
65763,117548,,13.526202,-32.140735,161.5509,0.0,7.43,1.388,F2/F3V,0.392,Cen,24.255,188,423.08537820947436,HD117548_TypF2_Mag7.43,"hms_tuple(h=13.0, m=31.0, s=56.25005951795515)","dms_tuple(d=-32.0, m=-10.0, s=-18.424292354006866)",202.984375,13.532292,-32.171785
65789,117612,,13.530987,-26.114495,73.7463,0.0,7.53,3.191,F5V,0.433,Hya,4.609,203,462.11035531169057,HD117612_TypF5_Mag7.53,"hms_tuple(h=13.0, m=32.0, s=12.225126301736395)","dms_tuple(d=-26.0, m=-8.0, s=-43.98624180829927)",203.050938,13.536729,-26.145552
65837,117733,,13.5402,-12.66309,142.4501,0.0,7.57,1.802,F3II/III,0.364,Vir,16.565,209,478.71030262103807,HD117733_TypF3_Mag7.57,"hms_tuple(h=13.0, m=32.0, s=43.74167036969851)","dms_tuple(d=-12.0, m=-41.0, s=-38.97813083584097)",203.182257,13.545484,-12.694161
65851,117718,,13.542909,-29.565263,50.5306,-20.0,6.45,2.932,F5IV,0.438,Hya,5.851,89,178.20287698386963,HD117718_TypF5_Mag6.45,"hms_tuple(h=13.0, m=32.0, s=55.81357835090188)","dms_tuple(d=-29.0, m=-35.0, s=-46.736558852971655)",203.232557,13.548837,-29.596316
65857,117817,,13.543412,14.394216,84.4595,0.0,7.13,2.497,F0,0.356,Com,8.734,149,324.6945236416619,HD117817_TypF0_Mag7.13,"hms_tuple(h=13.0, m=32.0, s=55.4386643920796)","dms_tuple(d=14.0, m=21.0, s=47.23306948392022)",203.230994,13.548733,14.36312
65880,117902,,13.547498,34.907137,147.929,-18.0,6.78,0.93,F0III,0.236,CVn,36.983,114,238.4311915057409,HD117902_TypF0_Mag6.78,"hms_tuple(h=13.0, m=33.0, s=13.61215921032553)","dms_tuple(d=34.0, m=52.0, s=33.66585859176212)",203.306717,13.553781,34.876018
65892,117736,,13.55019,-39.972244,123.6094,0.0,7.74,2.28,F3IV/V,0.403,Cen,10.666,238,556.1767595666211,HD117736_TypF3_Mag7.74,"hms_tuple(h=13.0, m=33.0, s=24.909250423580147)","dms_tuple(d=-40.0, m=-0.0, s=-11.817222781220948)",203.353789,13.556919,-40.003283
65921,117878,,13.55681,-7.622609,79.1766,-17.0,7.02,2.527,F0,0.309,Vir,8.496,137,294.66293556170405,HD117878_TypF0_Mag7.02,"hms_tuple(h=13.0, m=33.0, s=43.239526884086814)","dms_tuple(d=-7.0, m=-39.0, s=-13.263597657538497)",203.430165,13.562011,-7.653684
65926,118020,,13.557351,39.933669,72.6216,0.0,7.84,3.535,F0,0.448,CVn,3.357,257,607.4779541357369,HD118020_TypF0_Mag7.84,"hms_tuple(h=13.0, m=33.0, s=50.653195870471706)","dms_tuple(d=39.0, m=54.0, s=9.15491141618702)",203.461055,13.56407,39.902543
65930,117807,,13.558176,-43.422768,40.1606,0.0,6.65,3.631,F6V,0.469,Cen,3.073,104,212.59354781364726,HD117807_TypF6_Mag6.65,"hms_tuple(h=13.0, m=33.0, s=54.99632441191167)","dms_tuple(d=-43.0, m=-27.0, s=-13.683294411250131)",203.479151,13.565277,-43.453801
65972,118095,,13.56435,45.599641,97.7517,0.0,7.57,2.619,F0,0.383,CVn,7.805,209,478.71030262103807,HD118095_TypF0_Mag7.57,"hms_tuple(h=13.0, m=34.0, s=18.167492306426283)","dms_tuple(d=45.0, m=34.0, s=6.61958366885699)",203.575698,13.571713,45.568505
66006,118008,,13.571624,-11.537368,60.6428,0.0,7.1,3.186,F2,0.458,Vir,4.63,146,316.2129549015887,HD118008_TypF2_Mag7.1,"hms_tuple(h=13.0, m=34.0, s=36.78790290454387)","dms_tuple(d=-11.0, m=-34.0, s=-6.3827915796692025)",203.653283,13.576886,-11.56844
66013,118156,,13.57274,38.789265,69.8324,-12.0,6.37,2.15,F0IV,0.241,CVn,12.023,84,166.05829091964327,HD118156_TypF0_Mag6.37,"hms_tuple(h=13.0, m=34.0, s=45.66091211234337)","dms_tuple(d=38.0, m=45.0, s=29.30678194766756)",203.690254,13.57935,38.758141
66047,118216,,13.579943,37.182415,45.6621,7.0,4.91,1.612,F2IV SB,0.404,CVn,19.733,27,45.795454590658096,HD118216_TypF2_Mag4.91,"hms_tuple(h=13.0, m=35.0, s=11.076745492406559)","dms_tuple(d=37.0, m=9.0, s=4.655255449575293)",203.796153,13.58641,37.151293
66053,118388,,13.580664,65.255036,107.5269,0.0,7.95,2.792,F2,0.451,Dra,6.656,280,669.391162362906,HD118388_TypF2_Mag7.95,"hms_tuple(h=13.0, m=35.0, s=34.67072880585391)","dms_tuple(d=65.0, m=13.0, s=25.826249002069517)",203.894461,13.592964,65.223841
66080,118244,,13.586508,22.499729,46.2963,-17.7,6.91,3.582,F5V,0.466,Com,3.215,126,267.409023780344,HD118244_TypF5_Mag6.91,"hms_tuple(h=13.0, m=35.0, s=31.50990075921314)","dms_tuple(d=22.0, m=28.0, s=7.050288281447763)",203.881291,13.592086,22.468625
66082,118084,,13.586735,-32.212391,69.4444,0.0,6.77,2.562,F0V,0.368,Cen,8.226,113,236.33677266456448,HD118084_TypF0_Mag6.77,"hms_tuple(h=13.0, m=35.0, s=34.18613709875302)","dms_tuple(d=-32.0, m=-14.0, s=-36.38556426346952)",203.892442,13.592829,-32.24344
66085,118295,,13.587251,44.197047,111.8568,-26.0,6.83,1.587,F0III,0.205,CVn,20.193,119,249.18500877779775,HD118295_TypF0_Mag6.83,"hms_tuple(h=13.0, m=35.0, s=39.972936243000134)","dms_tuple(d=44.0, m=9.0, s=57.29033843291859)",203.916554,13.594437,44.165914
66095,118245,,13.589226,14.892292,100.1001,0.0,7.5,2.498,F2,0.371,Com,8.726,198,450.03925321819855,HD118245_TypF2_Mag7.5,"hms_tuple(h=13.0, m=35.0, s=40.41252677457905)","dms_tuple(d=14.0, m=51.0, s=40.30492581321866)",203.918386,13.594559,14.861196
66113,118187,,13.592127,-22.024554,48.8281,0.0,7.11,3.667,F7/F8V,0.483,Vir,2.973,147,319.0152372679894,HD118187_TypF7_Mag7.11,"hms_tuple(h=13.0, m=35.0, s=51.679132301755715)","dms_tuple(d=-22.0, m=-3.0, s=-20.214742323346684)",203.96533,13.597689,-22.055615
66157,118330,,13.604069,-0.930989,54.2299,17.3,7.05,3.379,F8,0.531,Vir,3.876,141,302.5664825365462,HD118330_TypF8_Mag7.05,"hms_tuple(h=13.0, m=36.0, s=33.20773866862311)","dms_tuple(d=-0.0, m=-57.0, s=-43.453682706466736)",204.138366,13.609224,-0.96207
66213,118411,,13.617556,-16.447116,145.3488,0.0,7.66,1.848,F2/F3III/IV,0.433,Vir,15.878,224,518.2731261472211,HD118411_TypF2_Mag7.66,"hms_tuple(h=13.0, m=37.0, s=22.553132611699596)","dms_tuple(d=-16.0, m=-28.0, s=-41.45848110504005)",204.343971,13.622931,-16.478183
66218,118394,,13.618419,-27.651942,77.2201,0.0,7.91,3.471,F5V,0.485,Hya,3.561,271,646.179090335777,HD118394_TypF5_Mag7.91,"hms_tuple(h=13.0, m=37.0, s=27.263863709252973)","dms_tuple(d=-27.0, m=-40.0, s=-58.78910265970205)",204.363599,13.62424,-27.682997
66265,118741,,13.628592,50.714838,434.7826,-48.0,6.51,-1.681,F3III comp,1.555,UMa,409.638,93,187.8907161370077,HD118741_TypF3_Mag6.51,"hms_tuple(h=13.0, m=38.0, s=12.218918432834585)","dms_tuple(d=50.0, m=41.0, s=1.2910313101338033)",204.550912,13.636727,50.683692
66328,118600,,13.639817,-29.838758,116.144,-10.3,7.15,1.825,F2III/IV,0.397,Hya,16.218,152,330.4749158245449,HD118600_TypF2_Mag7.15,"hms_tuple(h=13.0, m=38.0, s=44.7406412642853)","dms_tuple(d=-29.0, m=-52.0, s=-11.31736987651692)",204.686419,13.645761,-29.86981
66352,118646,,13.645021,-29.560867,46.2749,4.0,5.81,2.483,F3V,0.431,Hya,8.847,54,101.3168158032027,HD118646_TypF3_Mag5.81,"hms_tuple(h=13.0, m=39.0, s=3.4158484240910525)","dms_tuple(d=-29.0, m=-35.0, s=-30.910977911058524)",204.764233,13.650949,-29.59192
66374,118824,,13.649192,24.131752,92.7644,-4.4,7.78,2.943,F0,0.383,Boo,5.792,245,576.1557641428401,HD118824_TypF0_Mag7.78,"hms_tuple(h=13.0, m=39.0, s=17.4199930880269)","dms_tuple(d=24.0, m=6.0, s=2.3267470831365245)",204.822583,13.654839,24.100646
66425,118826,,13.659448,-15.61608,138.1215,0.0,7.92,2.219,F5V,0.551,Vir,11.282,273,651.9055358919003,HD118826_TypF5_Mag7.92,"hms_tuple(h=13.0, m=39.0, s=53.28368339871744)","dms_tuple(d=-15.0, m=-38.0, s=-49.73183113403195)",204.972015,13.664801,-15.647148
66426,118865,,13.659535,1.088368,62.422,0.0,7.97,3.993,F8,0.561,Vir,2.202,284,681.3080354866522,HD118865_TypF8_Mag7.97,"hms_tuple(h=13.0, m=39.0, s=52.88588223611498)","dms_tuple(d=1.0, m=3.0, s=26.224897177625888)",204.970358,13.664691,1.057285
66429,118889,,13.659616,10.746269,59.988,-18.0,5.57,1.68,F0V,0.348,Boo,18.535,45,81.98210971283382,HD118889_TypF0_Mag5.57,"hms_tuple(h=13.0, m=39.0, s=53.50362721784293)","dms_tuple(d=10.0, m=42.0, s=54.636423799707785)",204.972932,13.664862,10.715177
66492,119124,,13.673132,50.519413,25.3293,-12.0,6.31,4.292,F7.7V,0.537,UMa,1.672,80,157.49615413316394,HD119124_TypF7_Mag6.31,"hms_tuple(h=13.0, m=40.0, s=52.441616821057124)","dms_tuple(d=50.0, m=29.0, s=17.762620414737853)",205.218507,13.681234,50.488267
66500,119054,,13.674906,32.835878,47.1476,2.5,7.73,4.363,F5,0.564,CVn,1.566,236,551.2912113423957,HD119054_TypF5_Mag7.73,"hms_tuple(h=13.0, m=40.0, s=51.739230346436216)","dms_tuple(d=32.0, m=48.0, s=17.14330271925462)",205.21558,13.681039,32.804762
66506,119170,,13.675889,46.280921,116.2791,0.0,7.54,2.212,F8,0.523,CVn,11.355,204,466.20558189854603,HD119170_TypF8_Mag7.54,"hms_tuple(h=13.0, m=41.0, s=0.03525917438423676)","dms_tuple(d=46.0, m=14.0, s=59.22297062066434)",205.250147,13.683343,46.249784
66516,119056,,13.677998,19.200149,58.4112,0.0,7.65,3.818,F8,0.533,Boo,2.587,222,513.7205296793568,HD119056_TypF8_Mag7.65,"hms_tuple(h=13.0, m=41.0, s=0.43881836428965926)","dms_tuple(d=19.0, m=10.0, s=8.574672976769193)",205.251828,13.683455,19.169049
66527,119058,,13.679433,14.135499,81.2348,0.0,7.97,3.421,F5,0.528,Boo,3.729,284,681.3080354866522,HD119058_TypF5_Mag7.97,"hms_tuple(h=13.0, m=41.0, s=5.092335878666319)","dms_tuple(d=14.0, m=6.0, s=15.85277212708732)",205.271218,13.684748,14.104404
66530,118959,,13.679757,-28.241843,78.5546,0.0,8.0,3.524,F3/F5V,0.451,Hya,3.392,290,699.5823055523535,HD118959_TypF3_Mag8.0,"hms_tuple(h=13.0, m=41.0, s=8.195589556246006)","dms_tuple(d=-28.0, m=-16.0, s=-22.43022326328031)",205.284148,13.68561,-28.272897
66536,118984,,13.680757,-17.792674,85.1064,0.0,7.89,3.24,F3V,0.45,Vir,4.406,267,634.876663483802,HD118984_TypF3_Mag7.89,"hms_tuple(h=13.0, m=41.0, s=10.217501735613297)","dms_tuple(d=-17.0, m=-49.0, s=-25.462450008917017)",205.292573,13.686172,-17.82374
66624,119152,,13.697995,-18.984847,77.2798,0.0,7.55,3.11,F0V,0.363,Vir,4.966,206,470.3371004243402,HD119152_TypF0_Mag7.55,"hms_tuple(h=13.0, m=42.0, s=12.409851643234333)","dms_tuple(d=-19.0, m=-0.0, s=-57.28090842178375)",205.551708,13.703447,-19.015911
66647,119288,,13.703545,8.388394,36.4431,-11.0,6.16,3.352,F3Vp,0.418,Boo,3.974,71,137.97278383067092,HD119288_TypF3_Mag6.16,"hms_tuple(h=13.0, m=42.0, s=31.51789284630297)","dms_tuple(d=8.0, m=21.0, s=26.294372227454375)",205.631325,13.708755,8.357304
66661,119191,,13.70577,-33.98046,75.5858,15.5,6.66,2.268,F2:+...,0.424,Cen,10.784,104,214.47755395891784,HD119191_TypF2_Mag6.66,"hms_tuple(h=13.0, m=42.0, s=43.158487726706625)","dms_tuple(d=-34.0, m=-0.0, s=-41.425698932690125)",205.679827,13.711988,-34.011507
66688,119292,,13.70991,-12.086931,52.356,0.0,7.45,3.855,F5,0.44,Vir,2.5,191,430.6173790127683,HD119292_TypF5_Mag7.45,"hms_tuple(h=13.0, m=42.0, s=54.655639711526334)","dms_tuple(d=-12.0, m=-7.0, s=-4.8077108866375795)",205.727732,13.715182,-12.118002
66784,119415,,13.730397,-40.177983,151.9757,0.0,6.91,1.001,F2V,0.352,Cen,34.642,126,267.409023780344,HD119415_TypF2_Mag6.91,"hms_tuple(h=13.0, m=44.0, s=13.727828582218251)","dms_tuple(d=-40.0, m=-12.0, s=-32.476469937619186)",206.057199,13.737147,-40.209021
66788,119378,,13.731076,-45.437329,123.7624,0.0,7.28,1.817,F3IV,0.354,Cen,16.338,168,370.63931974020056,HD119378_TypF3_Mag7.28,"hms_tuple(h=13.0, m=44.0, s=18.333955672728166)","dms_tuple(d=-45.0, m=-28.0, s=-6.08992565353617)",206.076391,13.738426,-45.468358
66810,119929,,13.735159,65.035572,60.0601,0.0,7.93,4.037,F5,0.464,Dra,2.114,275,657.682729265769,HD119929_TypF5_Mag7.93,"hms_tuple(h=13.0, m=44.0, s=50.48860306950317)","dms_tuple(d=65.0, m=0.0, s=15.75991158498482)",206.210369,13.747358,65.004378
66833,120032,,13.740336,69.219949,124.533,0.0,7.98,2.504,F5,0.483,Dra,8.678,286,687.3457941057625,HD120032_TypF5_Mag7.98,"hms_tuple(h=13.0, m=45.0, s=17.43937634352548)","dms_tuple(d=69.0, m=11.0, s=19.425828151352107)",206.322664,13.754844,69.188729
66889,119992,,13.753657,55.879349,34.5901,-4.0,6.47,3.775,F7IV-V,0.486,UMa,2.692,90,181.37534353960828,HD119992_TypF7_Mag6.47,"hms_tuple(h=13.0, m=45.0, s=46.22032332456456)","dms_tuple(d=55.0, m=50.0, s=53.48310108696239)",206.442585,13.762839,55.84819
66895,120162,,13.755313,68.999451,44.7427,0.0,7.96,4.706,F8,0.552,Dra,1.142,282,675.323313533301,HD120162_TypF8_Mag7.96,"hms_tuple(h=13.0, m=46.0, s=10.83343074373829)","dms_tuple(d=68.0, m=58.0, s=5.638696704546646)",206.545139,13.769676,68.968233
66921,119713,,13.758871,-39.355897,157.2327,0.0,7.76,1.777,Fm,0.455,Cen,16.951,242,566.0781270342421,HD119713_TypFm_Mag7.76,"hms_tuple(h=13.0, m=45.0, s=55.945494964253584)","dms_tuple(d=-39.0, m=-23.0, s=-12.971435339580921)",206.483106,13.76554,-39.386937
66940,119756,,13.761471,-33.043721,19.4024,-21.6,4.23,2.791,F3V,0.39,Cen,6.662,16,25.134029577431015,HD119756_TypF3_Mag4.23,"hms_tuple(h=13.0, m=46.0, s=3.4407433511469776)","dms_tuple(d=-33.0, m=-4.0, s=-29.169719401944008)",206.514336,13.767622,-33.074769
66956,119852,,13.764539,-11.221063,78.4314,0.0,7.67,3.198,F8,0.51,Vir,4.579,226,522.866067770482,HD119852_TypF8_Mag7.67,"hms_tuple(h=13.0, m=46.0, s=11.260810507432382)","dms_tuple(d=-11.0, m=-15.0, s=-7.685870659368987)",206.54692,13.769795,-11.252135
66964,120004,,13.766774,37.525005,56.9801,0.0,7.59,3.811,F8,0.558,CVn,2.604,212,487.2325692121131,HD120004_TypF8_Mag7.59,"hms_tuple(h=13.0, m=46.0, s=23.77472481027226)","dms_tuple(d=37.0, m=29.0, s=37.97747964516759)",206.599061,13.773271,37.493883
66970,119993,,13.768279,34.06005,114.2857,-11.0,7.87,2.58,F5,0.401,CVn,8.091,263,623.771929275639,HD119993_TypF5_Mag7.87,"hms_tuple(h=13.0, m=46.0, s=28.19548400481807)","dms_tuple(d=34.0, m=1.0, s=44.15674246516744)",206.617481,13.774499,34.028932
66982,120005,,13.770488,30.897011,43.7254,-8.2,6.51,3.306,F5,0.491,CVn,4.146,93,187.8907161370077,HD120005_TypF5_Mag6.51,"hms_tuple(h=13.0, m=46.0, s=35.375350748388854)","dms_tuple(d=30.0, m=51.0, s=57.23091014171274)",206.647397,13.776493,30.865897
66999,120007,,13.772285,27.1928,110.4972,-5.0,8.0,2.783,F2,0.48,Boo,6.711,290,699.5823055523535,HD120007_TypF2_Mag8.0,"hms_tuple(h=13.0, m=46.0, s=41.08277100863248)","dms_tuple(d=27.0, m=9.0, s=42.0871982231651)",206.671178,13.778079,27.161691
67026,120064,,13.778701,25.702236,89.6861,8.0,5.97,1.206,F6IV-V,0.523,Boo,28.681,61,116.67822858142785,HD120064_TypF6_Mag5.97,"hms_tuple(h=13.0, m=47.0, s=3.9125468268618135)","dms_tuple(d=25.0, m=40.0, s=16.062890610677982)",206.766302,13.78442,25.671129
67062,120136,,13.78771,17.456906,15.6177,-16.1,4.5,3.532,F7V,0.508,Boo,3.367,20,31.89479896983073,HD120136_TypF7_Mag4.5,"hms_tuple(h=13.0, m=47.0, s=35.205339910018125)","dms_tuple(d=17.0, m=25.0, s=32.90621276892409)",206.896689,13.793113,17.425807
67143,120349,,13.805589,31.401056,183.1502,-16.9,7.51,1.196,F0,0.301,CVn,28.947,200,454.02750557766933,HD120349_TypF0_Mag7.51,"hms_tuple(h=13.0, m=48.0, s=41.85406437826529)","dms_tuple(d=31.0, m=22.0, s=11.79065575765918)",207.174392,13.811626,31.369942
67165,120317,,13.809637,7.960113,61.3497,0.0,6.81,2.871,F2,0.34,Boo,6.189,117,244.8264719937363,HD120317_TypF2_Mag6.81,"hms_tuple(h=13.0, m=48.0, s=53.429042485872884)","dms_tuple(d=7.0, m=55.0, s=44.48420487851109)",207.222621,13.814841,7.929023
67167,120475,,13.810039,48.356549,117.2333,0.0,7.5,2.155,F0,0.311,UMa,11.967,198,450.03925321819855,HD120475_TypF0_Mag7.5,"hms_tuple(h=13.0, m=49.0, s=4.049487195013626)","dms_tuple(d=48.0, m=19.0, s=31.468975991251682)",207.266873,13.817792,48.325408
67175,120207,,13.811625,-37.127416,44.4444,0.0,6.73,3.491,F2V,0.434,Cen,3.496,110,228.14146549859603,HD120207_TypF2_Mag6.73,"hms_tuple(h=13.0, m=49.0, s=5.134152124209237)","dms_tuple(d=-37.0, m=-9.0, s=-30.451691792237625)",207.271392,13.818093,-37.158459
67177,120419,,13.811873,32.976878,85.8369,0.0,7.67,3.002,F5,0.631,CVn,5.485,226,522.866067770482,HD120419_TypF5_Mag7.67,"hms_tuple(h=13.0, m=49.0, s=4.855573431231477)","dms_tuple(d=32.0, m=56.0, s=44.74264745115249)",207.270232,13.818015,32.945762
67223,122882,,13.821072,85.747799,102.2495,0.0,7.3,2.252,F0,0.413,Cam,10.945,170,377.23764669214916,HD122882_TypF0_Mag7.3,"hms_tuple(h=13.0, m=53.0, s=24.2895802946191)","dms_tuple(d=85.0, m=42.0, s=57.67252450306614)",208.351207,13.89008,85.71602
67224,120272,,13.821251,-40.516402,57.241,0.0,6.95,3.161,F3V,0.383,Cen,4.738,130,277.01490180011757,HD120272_TypF3_Mag6.95,"hms_tuple(h=13.0, m=49.0, s=40.92458767977391)","dms_tuple(d=-40.0, m=-32.0, s=-50.782958316453914)",207.420519,13.828035,-40.54744
67253,121128,,13.825744,75.567019,112.6126,0.0,7.63,2.372,F0,0.305,UMi,9.799,219,504.73495772895257,HD121128_TypF0_Mag7.63,"hms_tuple(h=13.0, m=50.0, s=46.97215412771669)","dms_tuple(d=75.0, m=32.0, s=8.643858640305098)",207.695717,13.846381,75.535734
67254,120275,,13.826217,-47.369293,88.4956,0.0,7.78,3.045,F6V + F7/G0,0.481,Cen,5.272,245,576.1557641428401,HD120275_TypF6_Mag7.78,"hms_tuple(h=13.0, m=50.0, s=1.796623294983135)","dms_tuple(d=-47.0, m=-24.0, s=-1.1469870003230653)",207.507486,13.833832,-47.400319
67256,120510,,13.826685,13.010301,59.6659,0.0,6.66,2.781,F8V,0.491,Boo,6.724,104,214.47755395891784,HD120510_TypF8_Mag6.66,"hms_tuple(h=13.0, m=49.0, s=55.109246394955704)","dms_tuple(d=12.0, m=58.0, s=45.143874618392914)",207.479622,13.831975,12.979207
67307,120601,,13.835063,18.628937,92.8505,0.0,6.84,2.001,F0,0.335,Boo,13.791,120,251.39328881580803,HD120601_TypF0_Mag6.84,"hms_tuple(h=13.0, m=50.0, s=25.80593669358322)","dms_tuple(d=18.0, m=35.0, s=52.21356450097403)",207.607525,13.840502,18.597837
67315,120702,,13.835583,42.557275,92.8505,-33.0,7.0,2.161,F0,0.373,CVn,11.901,135,289.50893673230235,HD120702_TypF0_Mag7.0,"hms_tuple(h=13.0, m=50.0, s=33.27859399631805)","dms_tuple(d=42.0, m=31.0, s=34.1213048112985)",207.638661,13.842577,42.526145
67341,120544,,13.842943,-19.897895,101.1122,-30.0,6.54,1.516,F6IV/V,0.51,Vir,21.558,95,192.9303832342453,HD120544_TypF6_Mag6.54,"hms_tuple(h=13.0, m=50.0, s=54.333559508664564)","dms_tuple(d=-19.0, m=-55.0, s=-44.25034119371247)",207.72639,13.848426,-19.928958
67361,120548,,13.847157,-38.136823,94.4287,0.0,7.94,3.064,F3/F5V,0.466,Cen,5.181,277,663.5111201850515,HD120548_TypF3_Mag7.94,"hms_tuple(h=13.0, m=51.0, s=13.36815144594695)","dms_tuple(d=-38.0, m=-10.0, s=-4.311611289890038)",207.805701,13.853713,-38.167864
67374,120623,,13.849146,-20.984892,86.2813,-25.5,7.79,3.11,F0/F2IV,0.377,Vir,4.966,247,581.2616622824664,HD120623_TypF0_Mag7.79,"hms_tuple(h=13.0, m=51.0, s=16.804666753172768)","dms_tuple(d=-21.0, m=-0.0, s=-57.435481223753015)",207.820019,13.854668,-21.015954
67376,120915,,13.849929,53.290528,62.5391,0.0,6.88,2.899,F5,0.47,UMa,6.031,123,260.4238489413245,HD120915_TypF5_Mag6.88,"hms_tuple(h=13.0, m=51.0, s=30.765688544776424)","dms_tuple(d=53.0, m=15.0, s=33.75276248711714)",207.87819,13.858546,53.259376
67386,120655,,13.851632,-13.679215,96.6184,0.0,7.14,2.215,F3IV,0.423,Vir,11.324,151,327.5719697549974,HD120655_TypF3_Mag7.14,"hms_tuple(h=13.0, m=51.0, s=24.976174547380623)","dms_tuple(d=-13.0, m=-42.0, s=-37.02461658113194)",207.854067,13.856938,-13.710285
67433,120672,,13.860142,-36.433279,57.971,0.4,6.34,2.524,F6V,0.484,Cen,8.519,82,161.720568208778,HD120672_TypF6_Mag6.34,"hms_tuple(h=13.0, m=51.0, s=59.58518695125946)","dms_tuple(d=-36.0, m=-27.0, s=-51.56204174272318)",207.998272,13.866551,-36.464323
67437,120691,,13.860763,-31.319559,65.9631,-63.0,7.17,3.073,F7/F8V,0.518,Cen,5.138,154,336.35821375838816,HD120691_TypF7_Mag7.17,"hms_tuple(h=13.0, m=52.0, s=0.4759956045208469)","dms_tuple(d=-31.0, m=-21.0, s=-2.194415987231366)",208.001983,13.866799,-31.35061
67458,120865,,13.864166,11.9372,57.0451,0.0,6.9,3.119,F5III,0.432,Boo,4.925,125,265.0600588895962,HD120865_TypF5_Mag6.9,"hms_tuple(h=13.0, m=52.0, s=9.962310373351642)","dms_tuple(d=11.0, m=54.0, s=21.983963605181458)",208.04151,13.869434,11.906107
67481,120759,,13.866939,-31.619207,52.687,9.0,6.11,2.501,F5/F6V,0.478,Cen,8.702,68,132.01843644392628,HD120759_TypF5_Mag6.11,"hms_tuple(h=13.0, m=52.0, s=22.77934756101942)","dms_tuple(d=-31.0, m=-39.0, s=-0.9258648693111127)",208.094914,13.872994,-31.650257
67493,120850,,13.870958,-14.676538,216.4502,0.0,7.36,0.683,F0V,0.408,Vir,46.43,178,397.7458321127074,HD120850_TypF0_Mag7.36,"hms_tuple(h=13.0, m=52.0, s=34.634148818238515)","dms_tuple(d=-14.0, m=-42.0, s=-27.383937666157294)",208.144309,13.876287,-14.707607
67569,120999,,13.886613,-15.998323,86.7303,0.0,7.96,3.269,F6V,0.484,Vir,4.289,282,675.323313533301,HD120999_TypF6_Mag7.96,"hms_tuple(h=13.0, m=53.0, s=31.114190707692728)","dms_tuple(d=-16.0, m=-1.0, s=-45.80527729754863)",208.379642,13.891976,-16.02939
67570,121032,,13.886699,-3.542193,166.113,0.0,7.6,1.498,F8,0.483,Vir,21.918,214,491.5504291096121,HD121032_TypF8_Mag7.6,"hms_tuple(h=13.0, m=53.0, s=30.709268560776053)","dms_tuple(d=-3.0, m=-34.0, s=-23.779508300525123)",208.377955,13.891864,-3.573272
67603,121343,,13.892413,52.110914,65.3595,0.0,7.43,3.353,F5,0.446,UMa,3.97,188,423.08537820947436,HD121343_TypF5_Mag7.43,"hms_tuple(h=13.0, m=54.0, s=2.8817614901610966)","dms_tuple(d=52.0, m=4.0, s=47.152879880738965)",208.512007,13.9008,52.079765
67604,120987,,13.892437,-35.664248,52.2739,-8.0,5.53,1.939,F3V,0.444,Cen,14.602,44,79.13926573372774,HD120987_TypF3_Mag5.53,"hms_tuple(h=13.0, m=53.0, s=55.62261053750433)","dms_tuple(d=-35.0, m=-41.0, s=-43.05430126102806)",208.481761,13.898784,-35.695293
67635,121136,,13.897693,-14.664166,131.5789,0.0,7.42,1.824,F0/F2V,0.369,Vir,16.233,187,419.36892659107707,HD121136_TypF0_Mag7.42,"hms_tuple(h=13.0, m=54.0, s=10.879061913836665)","dms_tuple(d=-14.0, m=-41.0, s=-42.84478101318868)",208.545329,13.903022,-14.695235
67642,121388,,13.898847,47.87277,81.9672,0.0,7.53,2.962,F2,0.44,CVn,5.691,203,462.11035531169057,HD121388_TypF2_Mag7.53,"hms_tuple(h=13.0, m=54.0, s=23.497028557372204)","dms_tuple(d=47.0, m=50.0, s=29.868129465086213)",208.597904,13.906527,47.84163
67645,121215,,13.899105,10.138882,141.844,0.0,7.79,2.031,F0,0.353,Boo,13.415,247,581.2616622824664,HD121215_TypF0_Mag7.79,"hms_tuple(h=13.0, m=54.0, s=15.62727598041306)","dms_tuple(d=10.0, m=6.0, s=28.04528204594959)",208.565114,13.904341,10.10779
67656,121298,,13.901439,32.826433,71.4286,0.0,7.99,3.721,F8...,0.571,CVn,2.829,288,693.4370594020932,HD121298_TypF8_Mag7.99,"hms_tuple(h=13.0, m=54.0, s=27.255685024431955)","dms_tuple(d=32.0, m=47.0, s=43.14134653854069)",208.613565,13.907571,32.795317
67677,121139,,13.90557,-32.445519,119.6172,0.0,6.97,1.581,F0V,0.345,Cen,20.305,132,281.9464748828664,HD121139_TypF0_Mag6.97,"hms_tuple(h=13.0, m=54.0, s=42.04877598686693)","dms_tuple(d=-32.0, m=-28.0, s=-35.645293246711844)",208.675203,13.91168,-32.476568
67683,121268,,13.906377,7.542875,143.2665,0.0,7.84,2.059,F8,0.621,Boo,13.074,257,607.4779541357369,HD121268_TypF8_Mag7.84,"hms_tuple(h=13.0, m=54.0, s=41.67455495249527)","dms_tuple(d=7.0, m=30.0, s=42.4287977222896)",208.673644,13.911576,7.511786
67687,121369,,13.90708,29.915641,107.5269,-1.7,7.47,2.312,F2,0.315,CVn,10.356,194,438.2834686761904,HD121369_TypF2_Mag7.47,"hms_tuple(h=13.0, m=54.0, s=46.890599585281336)","dms_tuple(d=29.0, m=53.0, s=4.303232386041316)",208.695377,13.913025,29.884529
67704,121187,,13.910656,-34.597539,55.8347,0.0,6.83,3.095,F5V,0.415,Cen,5.035,119,249.18500877779775,HD121187_TypF5_Mag6.83,"hms_tuple(h=13.0, m=55.0, s=0.9132900789083465)","dms_tuple(d=-34.0, m=-37.0, s=-42.90713340423508)",208.753805,13.91692,-34.628585
67705,121458,,13.910824,37.064973,51.9751,0.0,7.45,3.871,F5,0.454,CVn,2.464,191,430.6173790127683,HD121458_TypF5_Mag7.45,"hms_tuple(h=13.0, m=55.0, s=2.212291175152359)","dms_tuple(d=37.0, m=2.0, s=1.8646605023877783)",208.759218,13.917281,37.033851
67736,121325,,13.916167,-8.058852,33.0797,-19.0,6.19,3.592,F8V+...,0.53,Vir,3.186,73,141.67353559361956,HD121325_TypF8_Mag6.19,"hms_tuple(h=13.0, m=55.0, s=16.9444475002706)","dms_tuple(d=-8.0, m=-5.0, s=-23.736940315608734)",208.820602,13.921373,-8.089927
67742,122189,,13.917296,78.399773,124.533,-2.9,7.47,1.994,F2...,0.448,UMi,13.88,194,438.2834686761904,HD122189_TypF2_Mag7.47,"hms_tuple(h=13.0, m=56.0, s=34.30549735117282)","dms_tuple(d=78.0, m=22.0, s=6.373942291655794)",209.14294,13.942863,78.368437
67784,121444,,13.925603,-9.523862,124.8439,0.0,7.76,2.278,F0,0.394,Vir,10.686,242,566.0781270342421,HD121444_TypF0_Mag7.76,"hms_tuple(h=13.0, m=55.0, s=50.98858350870472)","dms_tuple(d=-9.0, m=-33.0, s=-17.7680220581)",208.962452,13.93083,-9.554936
67805,121824,,13.929336,63.149882,122.1001,0.0,7.97,2.536,F2,0.419,Dra,8.426,284,681.3080354866522,HD121824_TypF2_Mag7.97,"hms_tuple(h=13.0, m=56.0, s=26.651298305135782)","dms_tuple(d=63.0, m=7.0, s=7.308259509041477)",209.111047,13.940736,63.118697
67813,121560,,13.930555,14.056503,24.8633,-13.0,6.16,4.182,F6V,0.518,Boo,1.85,71,137.97278383067092,HD121560_TypF6_Mag6.16,"hms_tuple(h=13.0, m=56.0, s=9.124927953587445)","dms_tuple(d=14.0, m=1.0, s=31.467447328145823)",209.038021,13.935868,14.025408
67821,121496,,13.931422,-9.755284,56.8828,0.0,6.85,3.075,F5,0.477,Vir,5.129,121,253.62113865358353,HD121496_TypF5_Mag6.85,"hms_tuple(h=13.0, m=56.0, s=11.949939928855144)","dms_tuple(d=-9.0, m=-47.0, s=-10.886441430320843)",209.049791,13.936653,-9.786357
67826,121414,,13.931784,-30.578221,157.2327,0.0,6.96,0.977,F2V,0.409,Cen,35.416,131,279.4698106282087,HD121414_TypF2_Mag6.96,"hms_tuple(h=13.0, m=56.0, s=15.983448719912872)","dms_tuple(d=-30.0, m=-36.0, s=-33.38092213563982)",209.066598,13.937773,-30.609272
67846,121648,,13.935979,25.918711,104.2753,-28.1,6.78,1.689,F2V,0.402,Boo,18.382,114,238.4311915057409,HD121648_TypF2_Mag6.78,"hms_tuple(h=13.0, m=56.0, s=30.150951375922972)","dms_tuple(d=25.0, m=53.0, s=15.372015481534334)",209.125629,13.941709,25.887603
67847,121682,,13.936242,32.032598,67.3401,-22.0,6.31,2.169,F4IV-V,0.401,CVn,11.814,80,157.49615413316394,HD121682_TypF4_Mag6.31,"hms_tuple(h=13.0, m=56.0, s=32.35324275542354)","dms_tuple(d=32.0, m=0.0, s=5.338996726220557)",209.134805,13.94232,32.001483
67855,121452,,13.937612,-38.663047,128.3697,0.0,7.61,2.068,F3V,0.451,Cen,12.966,216,495.90655392467346,HD121452_TypF3_Mag7.61,"hms_tuple(h=13.0, m=56.0, s=39.17878830225959)","dms_tuple(d=-38.0, m=-41.0, s=-38.71520025147049)",209.163245,13.944216,-38.694088
67863,121605,,13.939022,5.289707,54.8847,0.0,7.98,4.283,F5,0.5,Vir,1.686,286,687.3457941057625,HD121605_TypF5_Mag7.98,"hms_tuple(h=13.0, m=56.0, s=39.11435496039758)","dms_tuple(d=5.0, m=15.0, s=31.031477071431013)",209.162976,13.944198,5.25862
67864,121696,,13.939046,31.881747,166.6667,0.0,7.84,1.731,F0,0.24,CVn,17.685,257,607.4779541357369,HD121696_TypF0_Mag7.84,"hms_tuple(h=13.0, m=56.0, s=42.41177545547515)","dms_tuple(d=31.0, m=51.0, s=2.276083186864639)",209.176716,13.945114,31.850632
67867,121953,,13.940346,65.350747,55.1268,-27.9,7.59,3.883,F5,0.664,Dra,2.437,212,487.2325692121131,HD121953_TypF5_Mag7.59,"hms_tuple(h=13.0, m=57.0, s=9.686831585924267)","dms_tuple(d=65.0, m=19.0, s=10.384056073670536)",209.290362,13.952691,65.319551
67888,121608,,13.943442,-10.033951,43.4405,0.0,7.68,4.491,F8,0.541,Vir,1.392,227,527.4997120883073,HD121608_TypF8_Mag7.68,"hms_tuple(h=13.0, m=56.0, s=55.23797345887772)","dms_tuple(d=-10.0, m=-3.0, s=-54.086699989739344)",209.230158,13.948677,-10.065024
67914,121579,,13.947976,-27.661823,126.2626,13.4,7.9,2.394,F5,0.498,Hya,9.603,269,640.5029468202126,HD121579_TypF5_Mag7.9,"hms_tuple(h=13.0, m=57.0, s=13.670960161238384)","dms_tuple(d=-27.0, m=-41.0, s=-34.360661351215924)",209.306962,13.953797,-27.692878
67923,122020,,13.951092,62.792314,143.0615,0.0,7.3,1.522,F5,0.545,Dra,21.439,170,377.23764669214916,HD122020_TypF5_Mag7.3,"hms_tuple(h=13.0, m=57.0, s=44.47455749736051)","dms_tuple(d=62.0, m=45.0, s=40.0691232750205)",209.435311,13.962354,62.76113
68031,121923,,13.972283,10.134596,82.5764,0.0,7.97,3.386,F5...,0.475,Boo,3.851,284,681.3080354866522,HD121923_TypF5_Mag7.97,"hms_tuple(h=13.0, m=58.0, s=39.0678246765664)","dms_tuple(d=10.0, m=6.0, s=12.615696541674168)",209.662783,13.977519,10.103504
68055,122298,,13.977169,66.100849,116.2791,0.0,7.44,2.112,F5,0.515,Dra,12.451,189,426.83476505925523,HD122298_TypF5_Mag7.44,"hms_tuple(h=13.0, m=59.0, s=23.556844766691256)","dms_tuple(d=66.0, m=4.0, s=10.73673914620258)",209.848154,13.989877,66.069649
68104,121852,,13.986022,-45.468979,75.3012,3.8,7.38,2.996,F7V,0.508,Cen,5.516,181,404.82672424766696,HD121852_TypF7_Mag7.38,"hms_tuple(h=13.0, m=59.0, s=36.154425603839826)","dms_tuple(d=-45.0, m=-30.0, s=-0.029714589751961284)",209.900643,13.993376,-45.500008
68110,121912,,13.987545,-40.124297,112.1076,0.0,7.92,2.672,F3V,0.403,Cen,7.434,273,651.9055358919003,HD121912_TypF3_Mag7.92,"hms_tuple(h=13.0, m=59.0, s=39.441408088429455)","dms_tuple(d=-40.0, m=-9.0, s=-19.207171436378303)",209.914339,13.994289,-40.155335
68129,122040,,13.991023,-5.42386,49.14,0.0,7.39,3.933,F8,0.493,Vir,2.327,182,408.41430272357115,HD122040_TypF8_Mag7.39,"hms_tuple(h=13.0, m=59.0, s=46.32394305858355)","dms_tuple(d=-5.0, m=-27.0, s=-17.774501206464706)",209.943016,13.996201,-5.454937
68161,122106,,13.997022,-3.549788,77.5194,-8.0,6.36,1.913,F8V,0.486,Vir,14.955,83,164.59960755259254,HD122106_TypF8_Mag6.36,"hms_tuple(h=14.0, m=0.0, s=7.872222632428105)","dms_tuple(d=-3.0, m=-34.0, s=-51.121483306918805)",210.032801,14.002187,-3.580867
68171,122066,,14.000037,-25.010403,55.991,-17.0,5.77,2.029,F6V,0.48,Hya,13.44,53,97.80351392798568,HD122066_TypF6_Mag5.77,"hms_tuple(h=14.0, m=0.0, s=20.61519573509969)","dms_tuple(d=-25.0, m=-2.0, s=-29.259491565145197)",210.085897,14.005726,-25.041461
68215,122156,,14.010028,-26.266415,42.2119,0.0,6.73,3.603,F5/F6V,0.473,Hya,3.154,110,228.14146549859603,HD122156_TypF5_Mag6.73,"hms_tuple(h=14.0, m=0.0, s=56.79974021276948)","dms_tuple(d=-26.0, m=-17.0, s=-50.8976230113322)",210.236666,14.015778,-26.297472
68287,122367,,14.023771,4.114785,84.1043,0.0,7.92,3.296,F5,0.455,Vir,4.184,273,651.9055358919003,HD122367_TypF5_Mag7.92,"hms_tuple(h=14.0, m=1.0, s=44.17955625631805)","dms_tuple(d=4.0, m=5.0, s=1.3161543018092914)",210.434081,14.028939,4.083699
68298,122457,,14.026999,16.757676,127.2265,0.0,7.38,1.857,F8,0.529,Boo,15.747,181,404.82672424766696,HD122457_TypF8_Mag7.38,"hms_tuple(h=14.0, m=1.0, s=56.57296280386973)","dms_tuple(d=16.0, m=43.0, s=35.680721161841404)",210.485721,14.032381,16.726578
68304,122223,,14.028748,-45.603421,389.1051,-1.0,4.34,-3.61,F6II,0.598,Cen,2421.029,17,27.695650779025346,HD122223_TypF6_Mag4.34,"hms_tuple(h=14.0, m=2.0, s=10.031466829648679)","dms_tuple(d=-45.0, m=-38.0, s=-4.020015386326463)",210.541798,14.03612,-45.63445
68335,122740,,14.033498,57.224587,146.6276,0.0,7.8,1.969,F5,0.461,UMa,14.204,249,586.4128089424291,HD122740_TypF5_Mag7.8,"hms_tuple(h=14.0, m=2.0, s=34.84266238709239)","dms_tuple(d=57.0, m=11.0, s=36.32540464644137)",210.645178,14.043012,57.193424
68357,122637,,14.039007,36.111855,78.8022,0.0,7.23,2.747,F5,0.466,CVn,6.937,161,354.6440255695144,HD122637_TypF5_Mag7.23,"hms_tuple(h=14.0, m=2.0, s=43.38610320773199)","dms_tuple(d=36.0, m=4.0, s=50.644702967082935)",210.680775,14.045385,36.080735
68373,122652,,14.042124,31.660855,39.2927,0.0,7.16,4.188,F8,0.563,CVn,1.84,153,333.40358783117154,HD122652_TypF8_Mag7.16,"hms_tuple(h=14.0, m=2.0, s=53.440538388333465)","dms_tuple(d=31.0, m=37.0, s=47.06588433579128)",210.722669,14.048178,31.629741
68374,122563,,14.04218,9.686096,236.9668,-23.0,6.18,-0.693,F8IV,0.853,Boo,164.892,72,140.42905193202526,HD122563_TypF8_Mag6.18,"hms_tuple(h=14.0, m=2.0, s=50.67134612958199)","dms_tuple(d=9.0, m=39.0, s=18.01721131766797)",210.711131,14.047409,9.655005
68377,122491,,14.04236,-19.809923,134.0483,0.0,7.18,1.544,F6V,0.582,Vir,21.009,155,339.33902361009757,HD122491_TypF6_Mag7.18,"hms_tuple(h=14.0, m=2.0, s=52.223800593962295)","dms_tuple(d=-19.0, m=-50.0, s=-27.551467291272047)",210.717599,14.04784,-19.840987
68411,122493,,14.048172,-35.183195,86.3558,0.0,7.93,3.249,F5V,0.524,Cen,4.369,275,657.682729265769,HD122493_TypF5_Mag7.93,"hms_tuple(h=14.0, m=3.0, s=16.13240528040876)","dms_tuple(d=-35.0, m=-12.0, s=-51.26587780531679)",210.817218,14.054481,-35.214241
68421,122510,,14.050478,-31.684035,38.1679,5.0,6.18,3.272,F6V,0.48,Cen,4.278,72,140.42905193202526,HD122510_TypF6_Mag6.18,"hms_tuple(h=14.0, m=3.0, s=23.534975788145545)","dms_tuple(d=-31.0, m=-42.0, s=-54.306371414330386)",210.848062,14.056537,-31.715085
68426,122523,,14.051816,-34.540797,75.188,0.0,7.66,3.279,F2V,0.387,Cen,4.25,224,518.2731261472211,HD122523_TypF2_Mag7.66,"hms_tuple(h=14.0, m=3.0, s=29.0738882197833)","dms_tuple(d=-34.0, m=-34.0, s=-18.636207922180006)",210.871141,14.058076,-34.571843
68441,122657,,14.054519,-7.139781,87.184,0.0,8.0,3.298,F5,0.417,Vir,4.176,290,699.5823055523535,HD122657_TypF5_Mag8.0,"hms_tuple(h=14.0, m=3.0, s=34.97141134814299)","dms_tuple(d=-7.0, m=-10.0, s=-15.08440715832542)",210.895714,14.059714,-7.170857
68445,122768,,14.056108,22.495757,178.2531,6.0,6.88,0.625,F0,0.322,Boo,48.978,123,260.4238489413245,HD122768_TypF0_Mag6.88,"hms_tuple(h=14.0, m=3.0, s=42.06932508548931)","dms_tuple(d=22.0, m=27.0, s=52.75110352820491)",210.925289,14.061686,22.464653
68477,122769,,14.062023,8.487,78.1861,-4.0,7.56,3.094,F5,0.463,Boo,5.04,208,474.5052325085976,HD122769_TypF5_Mag7.56,"hms_tuple(h=14.0, m=4.0, s=2.043463786355062)","dms_tuple(d=8.0, m=27.0, s=21.27564193871791)",211.008514,14.067234,8.45591
68485,122703,,14.064747,-22.421602,85.4701,-19.0,6.3,1.641,F3IV,0.452,Vir,19.213,79,156.1126819853037,HD122703_TypF3_Mag6.3,"hms_tuple(h=14.0, m=4.0, s=13.16798807934262)","dms_tuple(d=-22.0, m=-27.0, s=-9.586022868825523)",211.054867,14.070324,-22.452663
68487,122797,,14.065488,4.900973,59.7015,-23.0,6.24,2.36,F4V,0.406,Vir,9.908,76,148.0633510554248,HD122797_TypF4_Mag6.24,"hms_tuple(h=14.0, m=4.0, s=14.380753885797617)","dms_tuple(d=4.0, m=52.0, s=11.590361348658291)",211.05992,14.070661,4.869886
68515,122800,,14.070024,-12.12979,156.9859,0.0,7.94,1.961,F2,0.403,Vir,14.309,277,663.5111201850515,HD122800_TypF2_Mag7.94,"hms_tuple(h=14.0, m=4.0, s=31.069093826405094)","dms_tuple(d=-12.0, m=-9.0, s=-39.0999638950602)",211.129455,14.075297,-12.160861
68516,122666,,14.070082,-41.812585,56.4334,0.0,7.0,3.242,F5V,0.49,Cen,4.397,135,289.50893673230235,HD122666_TypF5_Mag7.0,"hms_tuple(h=14.0, m=4.0, s=37.204616879198795)","dms_tuple(d=-41.0, m=-50.0, s=-37.03425314351989)",211.155019,14.077001,-41.843621
68550,122946,,14.075678,19.177366,65.2742,0.0,7.65,3.576,F5,0.42,Boo,3.233,222,513.7205296793568,HD122946_TypF5_Mag7.65,"hms_tuple(h=14.0, m=4.0, s=52.08410459440657)","dms_tuple(d=19.0, m=8.0, s=46.55595667277453)",211.217017,14.081134,19.146266
68555,122776,,14.077034,-35.645378,129.8701,0.0,7.23,1.662,F3IV/V,0.379,Cen,18.845,161,354.6440255695144,HD122776_TypF3_Mag7.23,"hms_tuple(h=14.0, m=5.0, s=0.16640651287858077)","dms_tuple(d=-35.0, m=-40.0, s=-35.12239502241812)",211.250693,14.08338,-35.676423
68560,122928,,14.07822,6.998397,128.041,0.0,7.89,2.353,F0,0.341,Vir,9.972,267,634.876663483802,HD122928_TypF0_Mag7.89,"hms_tuple(h=14.0, m=5.0, s=0.2867734993557747)","dms_tuple(d=6.0, m=58.0, s=2.309811329250948)",211.251195,14.083413,6.967308
68565,123033,,14.079429,25.817745,44.0141,-17.0,6.95,3.732,F6V,0.484,Boo,2.8,130,277.01490180011757,HD123033_TypF6_Mag6.95,"hms_tuple(h=14.0, m=5.0, s=6.553358568665857)","dms_tuple(d=25.0, m=47.0, s=11.894824047567738)",211.277306,14.085154,25.786637
68569,122911,,14.080205,-6.552414,176.0563,0.0,7.83,1.602,F0,0.382,Vir,19.916,255,602.141767772257,HD122911_TypF0_Mag7.83,"hms_tuple(h=14.0, m=5.0, s=7.4179006142671255)","dms_tuple(d=-6.0, m=-35.0, s=-0.5651605652579406)",211.280908,14.085394,-6.58349
68582,122870,,14.084816,-28.516525,87.6424,0.0,7.99,3.276,F3V,0.405,Hya,4.262,288,693.4370594020932,HD122870_TypF3_Mag7.99,"hms_tuple(h=14.0, m=5.0, s=26.46270179620558)","dms_tuple(d=-28.0, m=-32.0, s=-51.28425939298211)",211.360261,14.090684,-28.547579
68591,123253,,14.087719,46.591701,86.7303,0.0,7.7,3.009,F0,0.355,CVn,5.45,231,536.8905548349917,HD123253_TypF0_Mag7.7,"hms_tuple(h=14.0, m=5.0, s=42.77657253094844)","dms_tuple(d=46.0, m=33.0, s=38.02882808353843)",211.428236,14.095216,46.560564
68665,123495,,14.104485,55.430658,129.0323,0.0,7.81,2.257,F2,0.451,UMa,10.894,251,591.6096051155723,HD123495_TypF2_Mag7.81,"hms_tuple(h=14.0, m=6.0, s=48.824883266396455)","dms_tuple(d=55.0, m=23.0, s=58.200114830576126)",211.703437,14.113562,55.3995
68719,123255,,14.111896,-9.313515,58.0383,-36.0,5.46,1.641,F2IV,0.347,Vir,19.213,42,74.39943501537284,HD123255_TypF2_Mag5.46,"hms_tuple(h=14.0, m=7.0, s=1.631888451718595)","dms_tuple(d=-9.0, m=-20.0, s=-40.51953067514802)",211.7568,14.11712,-9.344589
68744,123244,,14.118744,-31.400366,126.2626,0.0,7.7,2.194,F3V,0.392,Cen,11.545,231,536.8905548349917,HD123244_TypF3_Mag7.7,"hms_tuple(h=14.0, m=7.0, s=29.22630328706319)","dms_tuple(d=-31.0, m=-25.0, s=-53.099252478750714)",211.871776,14.124785,-31.431416
68746,123340,,14.118902,-8.439408,89.8473,-66.9,7.82,3.052,F8,0.496,Vir,5.238,253,596.8524553483364,HD123340_TypF8_Mag7.82,"hms_tuple(h=14.0, m=7.0, s=26.80857378871721)","dms_tuple(d=-8.0, m=-28.0, s=-13.737266432588484)",211.861702,14.124113,-8.470483
68819,123691,,14.132359,48.210795,53.0223,-19.2,6.8,3.178,F2,0.372,Boo,4.664,116,242.67587595584382,HD123691_TypF2_Mag6.8,"hms_tuple(h=14.0, m=8.0, s=24.322047295463705)","dms_tuple(d=48.0, m=10.0, s=46.75565364177032)",212.101342,14.140089,48.179654
68845,123613,,14.137647,21.193017,72.4638,0.0,7.78,3.479,F8,0.53,Boo,3.535,245,576.1557641428401,HD123613_TypF8_Mag7.78,"hms_tuple(h=14.0, m=8.0, s=35.42780611886343)","dms_tuple(d=21.0, m=9.0, s=42.892058289375825)",212.147616,14.143174,21.161914
68922,123619,,14.153668,-22.537555,57.971,0.0,7.77,3.954,F6V,0.516,Vir,2.282,244,571.094717053101,HD123619_TypF6_Mag7.77,"hms_tuple(h=14.0, m=9.0, s=33.30043542073028)","dms_tuple(d=-22.0, m=-34.0, s=-7.016377494058759)",212.388752,14.15925,-22.568616
68936,123603,,14.156938,-34.882907,82.1693,0.0,7.77,3.196,F6V,0.52,Cen,4.588,244,571.094717053101,HD123603_TypF6_Mag7.77,"hms_tuple(h=14.0, m=9.0, s=47.606607032322614)","dms_tuple(d=-34.0, m=-54.0, s=-50.23054706962341)",212.448361,14.163224,-34.913953
68950,123844,,14.158765,20.471657,60.8273,0.0,7.45,3.53,F2,0.46,Boo,3.373,191,430.6173790127683,HD123844_TypF2_Mag7.45,"hms_tuple(h=14.0, m=9.0, s=51.35766003408179)","dms_tuple(d=20.0, m=26.0, s=25.9987641996085)",212.46399,14.164266,20.440555
68957,123845,,14.160332,15.621547,56.243,-1.6,6.87,3.12,F7V,0.442,Boo,4.92,123,258.1362429763933,HD123845_TypF7_Mag6.87,"hms_tuple(h=14.0, m=9.0, s=56.460753030420676)","dms_tuple(d=15.0, m=35.0, s=25.620358192882264)",212.485253,14.165684,15.59045
68959,123804,,14.160781,10.25854,115.3403,0.0,7.93,2.62,F0,0.243,Boo,7.798,275,657.682729265769,HD123804_TypF0_Mag7.93,"hms_tuple(h=14.0, m=9.0, s=57.667937276874284)","dms_tuple(d=10.0, m=13.0, s=38.81367719223519)",212.490283,14.166019,10.227448
68963,123944,,14.16236,37.330047,80.0,-7.0,7.59,3.075,F0,0.357,Boo,5.129,212,487.2325692121131,HD123944_TypF0_Mag7.59,"hms_tuple(h=14.0, m=10.0, s=7.823566306628749)","dms_tuple(d=37.0, m=17.0, s=56.12969218805006)",212.532598,14.16884,37.298925
68989,123767,,14.170095,-25.400666,131.5789,0.0,7.42,1.824,F5V,0.495,Hya,16.233,187,419.36892659107707,HD123767_TypF5_Mag7.42,"hms_tuple(h=14.0, m=10.0, s=32.889859230656526)","dms_tuple(d=-25.0, m=-25.0, s=-54.20472806636525)",212.637041,14.175803,-25.431724
69003,123999,,14.173315,25.091677,37.4251,10.8,4.82,1.954,F9IVw,0.541,Boo,14.401,25,42.29961929288719,HD123999_TypF9_Mag4.82,"hms_tuple(h=14.0, m=10.0, s=44.419188814973154)","dms_tuple(d=25.0, m=3.0, s=38.05294192046887)",212.68508,14.179005,25.06057
69059,123982,,14.182514,-5.973926,76.5111,0.0,7.32,2.901,F8,0.506,Vir,6.02,173,383.9534407239423,HD123982_TypF8_Mag7.32,"hms_tuple(h=14.0, m=11.0, s=15.709509336166292)","dms_tuple(d=-6.0, m=-0.0, s=-18.01027992833859)",212.815456,14.187697,-6.005003
69060,124138,,14.182576,31.873632,72.7802,0.0,7.42,3.11,F2,0.448,Boo,4.966,187,419.36892659107707,HD124138_TypF2_Mag7.42,"hms_tuple(h=14.0, m=11.0, s=19.117853602928534)","dms_tuple(d=31.0, m=50.0, s=33.062120051110355)",212.829658,14.188644,31.842517
69065,123794,,14.182819,-46.910806,151.9757,0.0,7.6,1.691,F3/F5IV:,0.375,Cen,18.348,214,491.5504291096121,HD123794_TypF3_Mag7.6,"hms_tuple(h=14.0, m=11.0, s=25.328169023669176)","dms_tuple(d=-46.0, m=-56.0, s=-30.597039129033874)",212.855534,14.190369,-46.941833
69105,124054,,14.189033,-3.338522,75.1315,0.0,7.82,3.441,F8...,0.604,Vir,3.661,253,596.8524553483364,HD124054_TypF8_Mag7.82,"hms_tuple(h=14.0, m=11.0, s=39.10765966327446)","dms_tuple(d=-3.0, m=-22.0, s=-10.5645783889549)",212.912949,14.194197,-3.369601
69114,123990,,14.191484,-32.168505,136.7989,0.0,7.4,1.72,Fm,0.398,Cen,17.865,184,412.0336743557815,HD123990_TypFm_Mag7.4,"hms_tuple(h=14.0, m=11.0, s=51.27194807548193)","dms_tuple(d=-32.0, m=-11.0, s=-58.396165265178865)",212.963633,14.197576,-32.199554
69117,124115,,14.192001,1.362399,44.4444,-18.0,6.42,3.181,F7V,0.479,Vir,4.652,87,173.54791719623321,HD124115_TypF7_Mag6.42,"hms_tuple(h=14.0, m=11.0, s=49.76533290343795)","dms_tuple(d=1.0, m=19.0, s=52.73559851544256)",212.957356,14.197157,1.331315
69165,124399,,14.204066,44.18963,192.6782,0.0,7.74,1.316,F2,0.376,Boo,25.918,238,556.1767595666211,HD124399_TypF2_Mag7.74,"hms_tuple(h=14.0, m=12.0, s=40.50368416598246)","dms_tuple(d=44.0, m=9.0, s=30.58918567718706)",213.168765,14.211251,44.158497
69176,124346,,14.207406,28.717345,100000.0,0.0,7.81,-12.19,F2,0.385,Boo,6546361.741,251,591.6096051155723,HD124346_TypF2_Mag7.81,"hms_tuple(h=14.0, m=12.0, s=47.8146127282119)","dms_tuple(d=28.0, m=41.0, s=10.442796262896934)",213.199228,14.213282,28.686234
69179,124245,,14.208687,-2.972124,105.1525,0.0,7.3,2.191,F0,0.408,Vir,11.577,170,377.23764669214916,HD124245_TypF0_Mag7.3,"hms_tuple(h=14.0, m=12.0, s=49.855443087197244)","dms_tuple(d=-3.0, m=-0.0, s=-11.532983163299981)",213.207731,14.213849,-3.003204
69180,124248,,14.209296,-9.900076,68.3527,0.0,7.15,2.976,F0,0.333,Vir,5.618,152,330.4749158245449,HD124248_TypF0_Mag7.15,"hms_tuple(h=14.0, m=12.0, s=52.30461173048823)","dms_tuple(d=-9.0, m=-55.0, s=-52.13715246925332)",213.217936,14.214529,-9.931149
69184,124347,,14.210459,22.375001,168.9189,0.0,7.94,1.802,F0,0.452,Boo,16.565,277,663.5111201850515,HD124347_TypF0_Mag7.94,"hms_tuple(h=14.0, m=12.0, s=57.715485299733444)","dms_tuple(d=22.0, m=20.0, s=38.02996663998073)",213.240481,14.216032,22.343897
69218,124227,,14.216854,-31.239156,117.6471,0.0,7.89,2.537,F7V,0.529,Cen,8.418,267,634.876663483802,HD124227_TypF7_Mag7.89,"hms_tuple(h=14.0, m=13.0, s=22.385056193084978)","dms_tuple(d=-31.0, m=-16.0, s=-12.743977058850362)",213.343271,14.222885,-31.270207
69248,124818,,14.222789,62.70463,324.6753,0.0,7.85,0.293,F0,0.349,Dra,66.497,259,612.8614298360975,HD124818_TypF0_Mag7.85,"hms_tuple(h=14.0, m=14.0, s=2.4636338820675974)","dms_tuple(d=62.0, m=40.0, s=24.408091241332386)",213.510265,14.234018,62.673447
69252,124283,,14.223319,-33.518268,134.5895,0.0,7.83,2.185,F0V,0.321,Cen,11.641,255,602.141767772257,HD124283_TypF0_Mag7.83,"hms_tuple(h=14.0, m=13.0, s=46.21440932353849)","dms_tuple(d=-33.0, m=-32.0, s=-57.536691993751106)",213.44256,14.229504,-33.549316
69258,124674,,14.224385,51.787868,46.4468,-20.0,6.62,3.285,F1V,0.394,Boo,4.227,101,207.04024568445064,HD124674_TypF1_Mag6.62,"hms_tuple(h=14.0, m=13.0, s=57.7644750968706)","dms_tuple(d=51.0, m=45.0, s=24.190063505392345)",213.490685,14.232712,51.756719
69270,124425,,14.227997,-0.845463,59.3824,18.0,5.89,2.022,F7Vw,0.489,Vir,13.527,58,108.72656802009573,HD124425_TypF7_Mag5.89,"hms_tuple(h=14.0, m=13.0, s=59.34809413131788)","dms_tuple(d=-0.0, m=-52.0, s=-35.56036313182389)",213.497284,14.233152,-0.876545
69285,124324,,14.229497,-36.621087,69.6379,0.0,7.28,3.066,F2V,0.372,Cen,5.171,168,370.63931974020056,HD124324_TypF2_Mag7.28,"hms_tuple(h=14.0, m=14.0, s=9.319340089810026)","dms_tuple(d=-36.0, m=-39.0, s=-7.669887587889548)",213.538831,14.235922,-36.652131
69300,124587,,14.231841,29.105431,113.3787,-8.3,6.82,1.547,F0,0.349,Boo,20.951,118,246.99612663521023,HD124587_TypF0_Mag6.82,"hms_tuple(h=14.0, m=14.0, s=15.859789919295366)","dms_tuple(d=29.0, m=4.0, s=27.550737072011202)",213.566082,14.237739,29.07432
69312,124570,,14.234773,12.959444,33.9213,-39.0,5.53,2.878,F6IV,0.537,Boo,6.149,44,79.13926573372774,HD124570_TypF6_Mag5.53,"hms_tuple(h=14.0, m=14.0, s=24.22215874051176)","dms_tuple(d=12.0, m=55.0, s=42.05885014731976)",213.600926,14.240062,12.92835
69313,124819,,14.234825,54.637465,57.0451,0.0,7.63,3.849,F5,0.502,Boo,2.514,219,504.73495772895257,HD124819_TypF5_Mag7.63,"hms_tuple(h=14.0, m=14.0, s=37.4090344162957)","dms_tuple(d=54.0, m=36.0, s=22.71322009109099)",213.655871,14.243725,54.606309
69341,124553,,14.239253,-5.947717,42.8633,-32.0,6.36,3.2,F9V,0.593,Vir,4.571,83,164.59960755259254,HD124553_TypF9_Mag6.36,"hms_tuple(h=14.0, m=14.0, s=39.96901348209491)","dms_tuple(d=-5.0, m=-58.0, s=-43.65796678760205)",213.666538,14.244436,-5.978794
69373,124502,,14.244963,-27.761802,72.0981,0.0,7.73,3.44,F6V,0.519,Hya,3.664,236,551.2912113423957,HD124502_TypF6_Mag7.73,"hms_tuple(h=14.0, m=15.0, s=2.843403486186702)","dms_tuple(d=-27.0, m=-47.0, s=-34.28464295765707)",213.761848,14.25079,-27.792857
69403,124797,,14.250434,23.686064,145.1379,6.0,6.78,0.971,F0,0.335,Boo,35.612,114,238.4311915057409,HD124797_TypF0_Mag6.78,"hms_tuple(h=14.0, m=15.0, s=21.821311878807848)","dms_tuple(d=23.0, m=39.0, s=17.851694348826754)",213.840922,14.256061,23.654959
69423,124539,,14.254349,-40.100246,85.2515,0.0,7.53,2.876,F3/F5IV/V,0.378,Cen,6.16,203,462.11035531169057,HD124539_TypF3_Mag7.53,"hms_tuple(h=14.0, m=15.0, s=39.92721419159864)","dms_tuple(d=-40.0, m=-7.0, s=-52.62370635140769)",213.916363,14.261091,-40.131284
69430,124757,,14.255386,3.131384,40.568,-44.8,7.03,3.989,F8,0.57,Vir,2.21,138,297.27424144135534,HD124757_TypF8_Mag7.03,"hms_tuple(h=14.0, m=15.0, s=37.973522010361904)","dms_tuple(d=3.0, m=6.0, s=1.0757906608533574)",213.908223,14.260548,3.100299
69440,125020,,14.257759,50.440162,160.5136,0.0,7.62,1.592,F5...,0.461,Boo,20.1,217,500.3012827613783,HD125020_TypF5_Mag7.62,"hms_tuple(h=14.0, m=15.0, s=57.05000737055741)","dms_tuple(d=50.0, m=24.0, s=32.4596611048014)",213.987708,14.265847,50.409017
69448,124580,,14.260737,-45.000756,21.2179,3.4,6.31,4.676,F9V,0.596,Cen,1.174,80,157.49615413316394,HD124580_TypF9_Mag6.31,"hms_tuple(h=14.0, m=16.0, s=4.910947512344563)","dms_tuple(d=-45.0, m=-1.0, s=-54.430013076716364)",214.020462,14.268031,-45.031786
69476,125193,,14.266635,56.689149,48.3092,-28.9,6.68,3.26,F8,0.58,UMa,4.325,106,218.29580245415895,HD125193_TypF8_Mag6.68,"hms_tuple(h=14.0, m=16.0, s=33.647891703306385)","dms_tuple(d=56.0, m=39.0, s=28.7544984140942)",214.1402,14.276013,56.657987
69478,124850,Syrma,14.266908,-6.000547,22.237,14.6,4.07,2.335,F7V,0.511,Vir,10.139,14,21.824978627539473,HD124850_TypF7_Mag4.07,"hms_tuple(h=14.0, m=16.0, s=19.528823358219825)","dms_tuple(d=-6.0, m=-1.0, s=-53.84579169512108)",214.08137,14.272091,-6.031624
69488,125229,,14.269025,56.712688,156.0062,0.0,7.07,1.104,F0...,0.275,UMa,31.506,143,307.9529390460096,HD125229_TypF0_Mag7.07,"hms_tuple(h=14.0, m=16.0, s=42.27298982244335)","dms_tuple(d=56.0, m=40.0, s=53.49464283963812)",214.176137,14.278409,56.681526
69492,124986,,14.269799,21.242719,56.4972,6.0,7.62,3.86,F8,0.46,Boo,2.489,217,500.3012827613783,HD124986_TypF8_Mag7.62,"hms_tuple(h=14.0, m=16.0, s=31.18169787837971)","dms_tuple(d=21.0, m=12.0, s=41.81907088926408)",214.129924,14.275328,21.211616
69499,124780,,14.27176,-33.241322,74.5156,3.0,6.57,2.209,F0V,0.294,Cen,11.387,97,198.10522595363804,HD124780_TypF0_Mag6.57,"hms_tuple(h=14.0, m=16.0, s=40.53112710595968)","dms_tuple(d=-33.0, m=-16.0, s=-20.532394854742506)",214.16888,14.277925,-33.27237
69512,125111,,14.273416,39.744711,50.0,-24.0,6.38,2.885,F2IV,0.376,Boo,6.109,84,167.52990115327088,HD125111_TypF2_Mag6.38,"hms_tuple(h=14.0, m=16.0, s=48.420801357890895)","dms_tuple(d=39.0, m=42.0, s=48.9071610376601)",214.201753,14.280117,39.713585
69528,125040,,14.275791,20.121848,32.6264,-8.0,6.25,3.682,F8V,0.504,Boo,2.932,76,149.37548995214374,HD125040_TypF8_Mag6.25,"hms_tuple(h=14.0, m=16.0, s=52.6066674568321)","dms_tuple(d=20.0, m=5.0, s=26.687667200961585)",214.219194,14.28128,20.090747
69552,124988,,14.280403,-5.644039,95.9693,0.0,6.88,1.969,F0,0.341,Vir,14.204,123,260.4238489413245,HD124988_TypF0_Mag6.88,"hms_tuple(h=14.0, m=17.0, s=8.098924110139478)","dms_tuple(d=-5.0, m=-40.0, s=-30.418172609751792)",214.283746,14.285583,-5.675116
69614,125027,,14.292589,-26.958484,53.5045,0.0,7.26,3.618,F7V,0.486,Hya,3.11,165,364.156405231697,HD125027_TypF7_Mag7.26,"hms_tuple(h=14.0, m=17.0, s=54.14516120662782)","dms_tuple(d=-26.0, m=-59.0, s=-22.34318331661939)",214.475605,14.298374,-26.98954
69624,125081,,14.29494,-21.828846,164.4737,0.0,7.34,1.26,F2II,0.445,Vir,27.29,175,390.78879304975095,HD125081_TypF2_Mag7.34,"hms_tuple(h=14.0, m=18.0, s=1.778378575942412)","dms_tuple(d=-21.0, m=-51.0, s=-35.66668813009187)",214.50741,14.300494,-21.859907
69631,125672,,14.29604,68.752022,74.3494,0.0,7.53,3.174,F2,0.395,UMi,4.682,203,462.11035531169057,HD125672_TypF2_Mag7.53,"hms_tuple(h=14.0, m=18.0, s=36.876820932623815)","dms_tuple(d=68.0, m=43.0, s=14.900524000331643)",214.653653,14.310244,68.720806
69633,125308,,14.296313,33.255133,120.4819,-35.0,7.56,2.155,F2,0.424,Boo,11.967,208,474.5052325085976,HD125308_TypF2_Mag7.56,"hms_tuple(h=14.0, m=18.0, s=8.909650666629148)","dms_tuple(d=33.0, m=13.0, s=26.459348159935985)",214.537124,14.302475,33.224016
69638,125406,,14.297001,48.002004,70.5219,-17.0,6.32,2.078,F5,0.466,Boo,12.847,80,158.89188662502437,HD125406_TypF5_Mag6.32,"hms_tuple(h=14.0, m=18.0, s=16.92054657836806)","dms_tuple(d=47.0, m=58.0, s=15.10958673481582)",214.570502,14.3047,47.970864
69652,125374,,14.29944,39.912674,248.7562,-22.0,7.49,0.511,F2,0.393,Boo,54.4,197,446.0860343240754,HD125374_TypF2_Mag7.49,"hms_tuple(h=14.0, m=18.0, s=22.166187779607753)","dms_tuple(d=39.0, m=52.0, s=53.57302832429866)",214.592359,14.306157,39.881548
69657,125184,,14.300201,-7.542388,32.5415,-12.8,6.47,3.908,F9V,0.723,Vir,2.381,90,181.37534353960828,HD125184_TypF9_Mag6.47,"hms_tuple(h=14.0, m=18.0, s=19.443623037232243)","dms_tuple(d=-7.0, m=-34.0, s=-24.468265319508333)",214.581015,14.305401,-7.573463
69698,125408,,14.309381,28.439379,68.7285,7.3,7.66,3.474,F5,0.473,Boo,3.551,224,518.2731261472211,HD125408_TypF5_Mag7.66,"hms_tuple(h=14.0, m=18.0, s=54.86885728545772)","dms_tuple(d=28.0, m=24.0, s=29.766377107838196)",214.72862,14.315241,28.408268
69741,125276,,14.316922,-25.815426,18.0343,-21.0,5.87,4.59,F7Vw,0.518,Hya,1.271,57,106.82481338226793,HD125276_TypF7_Mag5.87,"hms_tuple(h=14.0, m=19.0, s=21.53857501954434)","dms_tuple(d=-25.0, m=-50.0, s=-47.33905528249949)",214.839744,14.32265,-25.846483
69765,125451,,14.321188,13.004299,26.096,-3.0,5.41,3.327,F5IV,0.385,Boo,4.066,40,71.18865627220592,HD125451_TypF5_Mag5.41,"hms_tuple(h=14.0, m=19.0, s=35.31958672141457)","dms_tuple(d=12.0, m=58.0, s=23.536695337567863)",214.897165,14.326478,12.973205
69787,125414,,14.325446,-13.710947,71.0227,0.0,7.39,3.133,F8/G0V,0.6,Vir,4.862,182,408.41430272357115,HD125414_TypF8_Mag7.39,"hms_tuple(h=14.0, m=19.0, s=50.7091586345679)","dms_tuple(d=-13.0, m=-44.0, s=-31.25970635821588)",214.961288,14.330753,-13.742017
69796,125488,,14.32715,5.896293,115.4734,0.0,7.64,2.328,F2,0.407,Vir,10.205,221,509.2079239683959,HD125488_TypF2_Mag7.64,"hms_tuple(h=14.0, m=19.0, s=56.39437699284343)","dms_tuple(d=5.0, m=51.0, s=54.73906981564568)",214.984977,14.332332,5.865205
69842,125796,,14.338212,48.507008,75.358,-17.8,7.4,3.014,F8,0.549,Boo,5.425,184,412.0336743557815,HD125796_TypF8_Mag7.4,"hms_tuple(h=14.0, m=20.0, s=45.55495913789471)","dms_tuple(d=48.0, m=28.0, s=33.12025707362636)",215.189812,14.345987,48.475867
69851,125857,,14.339997,52.172667,193.0502,0.0,7.95,1.522,F8,0.553,Boo,21.439,280,669.391162362906,HD125857_TypF8_Mag7.95,"hms_tuple(h=14.0, m=20.0, s=54.22601097326876)","dms_tuple(d=52.0, m=8.0, s=29.463143178982136)",215.225942,14.348396,52.141518
69880,125442,,14.345159,-45.18706,43.554,0.0,4.78,1.585,F0IV,0.31,Lup,20.23,25,40.83282100669428,HD125442_TypF0_Mag4.78,"hms_tuple(h=14.0, m=21.0, s=8.916041133238792)","dms_tuple(d=-45.0, m=-13.0, s=-5.12318631757978)",215.28715,14.352477,-45.21809
69894,125592,,14.347316,-19.332312,88.4173,0.0,7.72,2.987,F2/F3V,0.418,Vir,5.562,234,546.4485785781236,HD125592_TypF2_Mag7.72,"hms_tuple(h=14.0, m=21.0, s=10.006922484505907)","dms_tuple(d=-19.0, m=-21.0, s=-48.15363146780328)",215.291696,14.35278,-19.363376
69908,125751,,14.350751,19.730276,104.3841,-20.0,7.64,2.547,F0,0.343,Boo,8.341,221,509.2079239683959,HD125751_TypF0_Mag7.64,"hms_tuple(h=14.0, m=21.0, s=22.41385806475492)","dms_tuple(d=19.0, m=41.0, s=57.02991888361396)",215.343391,14.356226,19.699175
69911,125858,,14.351344,38.987569,104.712,0.0,7.92,2.82,F5,0.421,Boo,6.486,273,651.9055358919003,HD125858_TypF5_Mag7.92,"hms_tuple(h=14.0, m=21.0, s=28.70176163804473)","dms_tuple(d=38.0, m=57.0, s=23.200109965715683)",215.369591,14.357973,38.956444
69920,126168,,14.352585,65.363472,123.0012,0.0,7.25,1.8,F5,0.491,Dra,16.596,164,360.95759541392204,HD126168_TypF5_Mag7.25,"hms_tuple(h=14.0, m=21.0, s=53.76872145477037)","dms_tuple(d=65.0, m=19.0, s=56.19381671770384)",215.474036,14.364936,65.332276
69935,125752,,14.355106,10.837519,129.8701,0.0,7.97,2.402,F5,0.401,Boo,9.532,284,681.3080354866522,HD125752_TypF5_Mag7.97,"hms_tuple(h=14.0, m=21.0, s=37.2733444692814)","dms_tuple(d=10.0, m=48.0, s=23.13611387937698)",215.405306,14.360354,10.806427
69950,125785,,14.357807,11.642156,125.9446,0.0,7.93,2.429,F8,0.523,Boo,9.298,275,657.682729265769,HD125785_TypF8_Mag7.93,"hms_tuple(h=14.0, m=21.0, s=47.049592945810446)","dms_tuple(d=11.0, m=36.0, s=39.826572663954494)",215.44604,14.363069,11.611063
69998,126126,,14.367001,51.111396,123.1527,0.0,7.82,2.368,F5,0.396,Boo,9.836,253,596.8524553483364,HD126126_TypF5_Mag7.82,"hms_tuple(h=14.0, m=22.0, s=30.741655671085084)","dms_tuple(d=51.0, m=4.0, s=48.89656561769641)",215.62809,14.375206,51.080249
70054,125979,,14.378709,2.274659,80.1282,0.0,7.51,2.991,F2,0.408,Vir,5.541,200,454.02750557766933,HD125979_TypF2_Mag7.51,"hms_tuple(h=14.0, m=23.0, s=1.9233582450785036)","dms_tuple(d=2.0, m=14.0, s=36.86860516333418)",215.758014,14.383868,2.243575
70086,126141,,14.385231,25.338173,36.5364,-10.0,6.22,3.406,F5V,0.411,Boo,3.781,74,145.4735501476104,HD126141_TypF5_Mag6.22,"hms_tuple(h=14.0, m=23.0, s=27.358271583695597)","dms_tuple(d=25.0, m=18.0, s=25.437555250908588)",215.863993,14.390933,25.307066
70114,126266,,14.390936,37.206552,79.0514,-23.0,7.36,2.87,F2,0.397,Boo,6.194,178,397.7458321127074,HD126266_TypF2_Mag7.36,"hms_tuple(h=14.0, m=23.0, s=50.65898146385422)","dms_tuple(d=37.0, m=10.0, s=31.548330864777085)",215.961079,14.397405,37.17543
70132,126326,,14.394974,40.844435,66.4452,-12.7,6.72,2.608,F5,0.593,Boo,7.885,109,226.137433304753,HD126326_TypF5_Mag6.72,"hms_tuple(h=14.0, m=24.0, s=6.424985635683669)","dms_tuple(d=40.0, m=48.0, s=47.90736959230742)",216.026771,14.401785,40.813308
70141,126101,,14.396944,-12.942583,129.7017,2.0,7.66,2.095,F5V,0.533,Lib,12.647,224,518.2731261472211,HD126101_TypF5_Mag7.66,"hms_tuple(h=14.0, m=24.0, s=8.04122107689679)","dms_tuple(d=-12.0, m=-58.0, s=-25.151967109259203)",216.033505,14.402234,-12.973653
70162,126452,,14.401545,49.532346,79.4913,0.0,7.22,2.718,F2,0.39,Boo,7.125,160,351.52877406079745,HD126452_TypF2_Mag7.22,"hms_tuple(h=14.0, m=24.0, s=34.13578070334026)","dms_tuple(d=49.0, m=30.0, s=4.329250753190195)",216.142232,14.409482,49.501203
70163,126246,,14.401601,11.246962,37.0782,2.0,6.76,3.914,F5,0.575,Boo,2.368,113,234.26075154331102,HD126246_TypF5_Mag6.76,"hms_tuple(h=14.0, m=24.0, s=24.681632002660905)","dms_tuple(d=11.0, m=12.0, s=57.129520907141824)",216.10284,14.406856,11.215869
70166,126394,,14.401909,41.039445,108.2251,0.0,7.74,2.568,F5,0.487,Boo,8.181,238,556.1767595666211,HD126394_TypF5_Mag7.74,"hms_tuple(h=14.0, m=24.0, s=31.463407246818633)","dms_tuple(d=41.0, m=0.0, s=29.94225032868769)",216.131098,14.40874,41.008317
70169,126453,,14.402145,46.769714,62.8141,0.0,7.93,3.94,F8,0.559,Boo,2.312,275,657.682729265769,HD126453_TypF8_Mag7.93,"hms_tuple(h=14.0, m=24.0, s=34.799141542879255)","dms_tuple(d=46.0, m=44.0, s=18.874389766288004)",216.144996,14.409666,46.738576
70223,126531,,14.4108,47.830487,92.081,0.0,7.64,2.819,F5,0.397,Boo,6.492,221,509.2079239683959,HD126531_TypF5_Mag7.64,"hms_tuple(h=14.0, m=25.0, s=6.505319660897868)","dms_tuple(d=47.0, m=47.0, s=57.64963688970852)",216.277105,14.418474,47.799347
70228,126251,,14.411348,-11.669703,90.4977,-36.0,6.49,1.707,F4III,0.417,Lib,18.08,92,184.60428810635165,HD126251_TypF4_Mag6.49,"hms_tuple(h=14.0, m=24.0, s=59.80331293638258)","dms_tuple(d=-11.0, m=-42.0, s=-2.7883393964674497)",216.24918,14.416612,-11.700775
70250,126750,,14.414936,62.936287,89.2061,0.0,7.33,2.578,F8,0.46,Dra,8.106,174,387.3560399526628,HD126750_TypF8_Mag7.33,"hms_tuple(h=14.0, m=25.0, s=34.51195875408786)","dms_tuple(d=62.0, m=54.0, s=18.36965940798393)",216.3938,14.426253,62.905103
70273,126660,,14.419967,51.850744,14.5307,-11.4,4.04,3.229,F7V,0.497,Boo,4.45,14,21.254873365510456,HD126660_TypF7_Mag4.04,"hms_tuple(h=14.0, m=25.0, s=41.90149256127356)","dms_tuple(d=51.0, m=49.0, s=10.543124846441856)",216.42459,14.428306,51.819595
70275,126675,,14.421055,53.58495,41.0004,0.0,7.11,4.046,F8,0.526,Boo,2.097,147,319.0152372679894,HD126675_TypF8_Mag7.11,"hms_tuple(h=14.0, m=25.0, s=47.03472764298411)","dms_tuple(d=53.0, m=33.0, s=13.669246683998608)",216.445978,14.429732,53.553797
70296,126512,,14.425032,20.590159,44.9236,-53.4,7.27,4.008,F9V,0.581,Boo,2.172,166,367.38356293404297,HD126512_TypF9_Mag7.27,"hms_tuple(h=14.0, m=25.0, s=49.934179712628435)","dms_tuple(d=20.0, m=33.0, s=32.60552145138121)",216.458059,14.430537,20.559057
70298,126912,,14.425837,65.987828,115.6069,0.0,7.26,1.945,F2,0.488,UMi,14.521,165,364.156405231697,HD126912_TypF2_Mag7.26,"hms_tuple(h=14.0, m=26.0, s=18.559279704037266)","dms_tuple(d=65.0, m=57.0, s=23.863380913614947)",216.57733,14.438489,65.956629
70379,126661,,14.440935,19.2269,89.1266,-28.0,5.4,0.65,F0m,0.231,Boo,47.863,40,70.56332339510645,HD126661_TypF0_Mag5.4,"hms_tuple(h=14.0, m=26.0, s=47.0152097012155)","dms_tuple(d=19.0, m=11.0, s=44.8781746743245)",216.695897,14.446393,19.195799
70394,127806,,14.445331,78.498929,61.237,0.0,7.22,3.285,F5,0.454,UMi,4.227,160,351.52877406079745,HD127806_TypF5_Mag7.22,"hms_tuple(h=14.0, m=28.0, s=16.0119993174402)","dms_tuple(d=78.0, m=28.0, s=3.3274784598415863)",217.066717,14.471114,78.467591
70453,126679,,14.455938,-14.83878,44.603,0.0,7.31,4.063,F7V,0.487,Lib,2.064,171,380.5807304870462,HD126679_TypF7_Mag7.31,"hms_tuple(h=14.0, m=27.0, s=40.57649638750178)","dms_tuple(d=-14.0, m=-52.0, s=-11.454568771999902)",216.919069,14.461271,-14.869848
70461,126943,,14.457637,41.024911,77.3994,-17.0,6.64,2.196,F1IV,0.369,Boo,11.524,103,210.72609108853683,HD126943_TypF1_Mag6.64,"hms_tuple(h=14.0, m=27.0, s=52.07878511760342)","dms_tuple(d=40.0, m=59.0, s=37.61993397496383)",216.966995,14.464466,40.993783
70468,126620,,14.458735,-35.447235,92.5926,0.0,6.89,2.057,F8V,0.571,Cen,13.098,124,262.73172769318006,HD126620_TypF8_Mag6.89,"hms_tuple(h=14.0, m=27.0, s=54.233564903385485)","dms_tuple(d=-35.0, m=-28.0, s=-41.808576889543474)",216.975973,14.465065,-35.47828
70476,127164,,14.460104,59.722814,216.4502,0.0,7.72,1.043,F5,0.52,UMa,33.327,234,546.4485785781236,HD127164_TypF5_Mag7.72,"hms_tuple(h=14.0, m=28.0, s=13.145643300970704)","dms_tuple(d=59.0, m=41.0, s=29.912663671250925)",217.054774,14.470318,59.691642
70489,126766,,14.462578,-13.359347,43.611,-18.0,6.65,3.452,F5V,0.425,Lib,3.624,104,212.59354781364726,HD126766_TypF5_Mag6.65,"hms_tuple(h=14.0, m=28.0, s=4.356091605265959)","dms_tuple(d=-13.0, m=-23.0, s=-25.5009260112044)",217.01815,14.467877,-13.390417
70544,126819,,14.473146,-23.01259,72.0461,0.0,7.91,3.622,F5V,0.506,Lib,3.099,271,646.179090335777,HD126819_TypF5_Mag7.91,"hms_tuple(h=14.0, m=28.0, s=43.4914161014089)","dms_tuple(d=-23.0, m=-2.0, s=-37.14054499880916)",217.181214,14.478748,-23.04365
70553,126831,,14.474944,-22.974779,81.5661,0.0,7.82,3.262,F6V,0.516,Lib,4.317,253,596.8524553483364,HD126831_TypF6_Mag7.82,"hms_tuple(h=14.0, m=28.0, s=49.958561220138336)","dms_tuple(d=-23.0, m=-0.0, s=-21.021091328562136)",217.208161,14.480544,-23.005839
70557,126961,,14.475316,2.788833,39.093,0.0,7.02,4.06,F8,0.549,Vir,2.07,137,294.66293556170405,HD126961_TypF8_Mag7.02,"hms_tuple(h=14.0, m=28.0, s=49.71583801782671)","dms_tuple(d=2.0, m=45.0, s=27.893316481580115)",217.207149,14.480477,2.757748
70615,126933,,14.486071,-29.113504,55.0964,0.0,7.1,3.394,F7V,0.511,Hya,3.823,146,316.2129549015887,HD126933_TypF7_Mag7.1,"hms_tuple(h=14.0, m=29.0, s=31.10228753075134)","dms_tuple(d=-29.0, m=-8.0, s=-40.40610877213851)",217.379593,14.491973,-29.144557
70639,127245,,14.491081,30.679756,107.4114,-23.6,7.79,2.635,F0,0.347,Boo,7.691,247,581.2616622824664,HD127245_TypF0_Mag7.79,"hms_tuple(h=14.0, m=29.0, s=49.461422469463514)","dms_tuple(d=30.0, m=38.0, s=55.113874518074795)",217.456089,14.497073,30.648643
70681,127168,,14.500039,-4.247211,56.9152,-27.5,7.05,3.274,F2,0.408,Vir,4.27,141,302.5664825365462,HD127168_TypF2_Mag7.05,"hms_tuple(h=14.0, m=30.0, s=18.748975678785484)","dms_tuple(d=-4.0, m=-16.0, s=-41.84198634729675)",217.578121,14.505208,-4.278289
70687,127403,,14.502071,37.144309,118.624,0.0,7.94,2.569,F5,0.467,Boo,8.173,277,663.5111201850515,HD127403_TypF5_Mag7.94,"hms_tuple(h=14.0, m=30.0, s=30.72582410495812)","dms_tuple(d=37.0, m=6.0, s=47.47385197461483)",217.628024,14.508535,37.113187
70689,127247,,14.502329,8.353194,133.3333,0.0,7.41,1.785,F2,0.533,Boo,16.827,185,415.6851208955647,HD127247_TypF2_Mag7.41,"hms_tuple(h=14.0, m=30.0, s=27.1386037734068)","dms_tuple(d=8.0, m=19.0, s=19.57449009214315)",217.613078,14.507539,8.322104
70698,127170,,14.503878,-15.248415,63.1712,0.0,7.08,3.077,F3/F5V,0.446,Lib,5.119,144,310.68202106935195,HD127170_TypF3_Mag7.08,"hms_tuple(h=14.0, m=30.0, s=33.19750476475605)","dms_tuple(d=-15.0, m=-16.0, s=-46.13912857108687)",217.638323,14.509222,-15.279483
70712,127265,,14.508482,-4.065199,109.8901,0.0,7.4,2.195,F5,0.418,Vir,11.535,184,412.0336743557815,HD127265_TypF5_Mag7.4,"hms_tuple(h=14.0, m=30.0, s=49.13944830768955)","dms_tuple(d=-4.0, m=-5.0, s=-46.599386178750635)",217.704748,14.51365,-4.096278
70727,127821,,14.512832,63.185788,31.7864,-3.0,6.1,3.589,F4IV,0.428,Dra,3.194,68,130.85876476286535,HD127821_TypF4_Mag6.1,"hms_tuple(h=14.0, m=31.0, s=27.28770687924623)","dms_tuple(d=63.0, m=9.0, s=16.569283062032127)",217.863699,14.524247,63.154603
70799,127539,,14.526047,17.642942,106.383,-21.8,7.35,2.216,F5,0.461,Boo,11.314,177,394.25196723909164,HD127539_TypF5_Mag7.35,"hms_tuple(h=14.0, m=31.0, s=53.23848434346857)","dms_tuple(d=17.0, m=36.0, s=42.635142180940875)",217.971827,14.531455,17.611843
70808,127540,,14.527997,12.856443,60.241,0.0,7.56,3.661,F5,0.519,Boo,2.99,208,474.5052325085976,HD127540_TypF5_Mag7.56,"hms_tuple(h=14.0, m=31.0, s=59.82073583138302)","dms_tuple(d=12.0, m=49.0, s=31.255605428369506)",217.999253,14.533284,12.825349
70810,127294,,14.528161,-43.08824,102.0408,0.0,7.86,2.816,F7/F8V,0.501,Lup,6.51,261,618.2926139519136,HD127294_TypF7_Mag7.86,"hms_tuple(h=14.0, m=32.0, s=6.8021288502730215)","dms_tuple(d=-43.0, m=-7.0, s=-9.384563887876425)",218.028342,14.535223,-43.119273
70814,127929,,14.528567,60.225636,117.096,-19.0,6.26,0.917,F0III,0.243,Dra,37.428,77,150.69925703687835,HD127929_TypF0_Mag6.26,"hms_tuple(h=14.0, m=32.0, s=20.174360411417354)","dms_tuple(d=60.0, m=11.0, s=40.065292901345515)",218.08406,14.538937,60.194463
70829,127823,,14.530619,51.021092,103.5197,0.0,7.46,2.385,F0,0.392,Boo,9.683,192,434.43351452893916,HD127823_TypF0_Mag7.46,"hms_tuple(h=14.0, m=32.0, s=19.708949047946618)","dms_tuple(d=50.0, m=59.0, s=23.802914181545134)",218.082121,14.538808,50.989945
70849,127667,,14.534592,18.836075,58.0046,0.0,7.81,3.993,F8,0.509,Boo,2.202,251,591.6096051155723,HD127667_TypF8_Mag7.81,"hms_tuple(h=14.0, m=32.0, s=24.134312136552012)","dms_tuple(d=18.0, m=48.0, s=17.90960769932724)",218.10056,14.540037,18.804975
70854,127457,,14.535521,-23.446582,101.1122,0.0,7.03,2.006,F0III/IV,0.377,Lib,13.728,138,297.27424144135534,HD127457_TypF0_Mag7.03,"hms_tuple(h=14.0, m=32.0, s=28.10718270554375)","dms_tuple(d=-23.0, m=-28.0, s=-39.51005950211311)",218.117113,14.541141,-23.477642
70883,127930,,14.541902,49.184099,87.4126,-4.0,7.96,3.252,F5,0.538,Boo,4.357,282,675.323313533301,HD127930_TypF5_Mag7.96,"hms_tuple(h=14.0, m=32.0, s=59.21958577931889)","dms_tuple(d=49.0, m=9.0, s=10.642738280444632)",218.246748,14.549783,49.152956
70888,127739,,14.542374,22.260059,54.0249,-12.0,5.91,2.247,F2IV,0.391,Boo,10.995,59,110.66217874985526,HD127739_TypF2_Mag5.91,"hms_tuple(h=14.0, m=32.0, s=52.592995946830996)","dms_tuple(d=22.0, m=13.0, s=44.239206709737005)",218.219137,14.547942,22.228955
70906,127740,,14.547086,14.060849,88.6525,-14.2,7.03,2.292,F5III,0.485,Boo,10.549,138,297.27424144135534,HD127740_TypF5_Mag7.03,"hms_tuple(h=14.0, m=33.0, s=8.63689042783065)","dms_tuple(d=14.0, m=1.0, s=47.11303219278392)",218.285987,14.552399,14.029754
70915,127743,,14.549364,3.659415,70.0771,0.0,7.4,3.172,F2,0.447,Vir,4.69,184,412.0336743557815,HD127743_TypF2_Mag7.4,"hms_tuple(h=14.0, m=33.0, s=16.304392908272973)","dms_tuple(d=3.0, m=37.0, s=41.985653788119635)",218.317935,14.554529,3.628329
70942,127986,,14.55563,36.959023,75.0188,2.0,6.39,2.014,F8IVw,0.521,Boo,13.627,85,169.01455281149524,HD127986_TypF8_Mag6.39,"hms_tuple(h=14.0, m=33.0, s=43.4815441039963)","dms_tuple(d=36.0, m=55.0, s=40.44520474559192)",218.431173,14.562078,36.927901
70951,127825,,14.557073,6.285758,59.9161,1.0,7.7,3.812,F7V,0.544,Vir,2.601,231,536.8905548349917,HD127825_TypF7_Mag7.7,"hms_tuple(h=14.0, m=33.0, s=44.13064346945362)","dms_tuple(d=6.0, m=15.0, s=16.81177876083204)",218.433878,14.562259,6.25467
70966,128385,,14.559861,65.395425,29.5334,0.0,6.6,4.248,F5,0.504,Dra,1.741,100,203.41887002054995,HD128385_TypF5_Mag6.6,"hms_tuple(h=14.0, m=34.0, s=20.016384817965474)","dms_tuple(d=65.0, m=21.0, s=51.22401466316205)",218.583402,14.572227,65.364229
71017,128093,,14.569915,32.534477,40.568,-8.0,6.32,3.279,F5V,0.45,Boo,4.25,80,158.89188662502437,HD128093_TypF5_Mag6.32,"hms_tuple(h=14.0, m=34.0, s=33.697327577749405)","dms_tuple(d=32.0, m=30.0, s=12.101096479759121)",218.640406,14.576027,32.503361
71024,128332,,14.571063,57.065258,29.2997,-22.0,6.46,4.126,F7V,0.526,Dra,1.948,90,179.78211266056408,HD128332_TypF7_Mag6.46,"hms_tuple(h=14.0, m=34.0, s=49.929678390543444)","dms_tuple(d=57.0, m=2.0, s=2.7427761771025416)",218.70804,14.580536,57.034095
71039,128577,,14.575131,66.794695,240.3846,0.0,7.52,0.615,F8,0.689,UMi,49.431,201,458.0511018694067,HD128577_TypF8_Mag7.52,"hms_tuple(h=14.0, m=35.0, s=17.506984834646744)","dms_tuple(d=66.0, m=45.0, s=48.568127059286326)",218.822946,14.588196,66.763491
71057,128167,,14.578,29.74513,15.8328,0.9,4.47,3.472,F3Vwvar,0.364,Boo,3.558,19,31.061653011964175,HD128167_TypF3_Mag4.47,"hms_tuple(h=14.0, m=35.0, s=2.16615399257023)","dms_tuple(d=29.0, m=42.0, s=50.464374634475746)",218.759026,14.583935,29.714018
71060,128608,,14.578766,65.971067,105.4852,0.0,7.97,2.854,F0,0.41,UMi,6.286,284,681.3080354866522,HD128608_TypF0_Mag7.97,"hms_tuple(h=14.0, m=35.0, s=29.073836378742612)","dms_tuple(d=65.0, m=56.0, s=23.524111680213764)",218.871141,14.591409,65.939868
71061,128185,,14.578913,28.394087,146.1988,-8.8,7.91,2.085,F8V,0.581,Boo,12.764,271,646.179090335777,HD128185_TypF8_Mag7.91,"hms_tuple(h=14.0, m=35.0, s=5.175047256260967)","dms_tuple(d=28.0, m=21.0, s=46.71536892726294)",218.771563,14.584771,28.362976
71062,127861,,14.578917,-35.463482,88.4956,0.0,7.32,2.585,F6V,0.491,Cen,8.054,173,383.9534407239423,HD127861_TypF6_Mag7.32,"hms_tuple(h=14.0, m=35.0, s=6.893372157463773)","dms_tuple(d=-35.0, m=-29.0, s=-40.297696562553256)",218.778722,14.585248,-35.494527
71078,128128,,14.582016,9.886536,127.3885,0.0,7.89,2.364,F8,0.563,Boo,9.872,267,634.876663483802,HD128128_TypF8_Mag7.89,"hms_tuple(h=14.0, m=35.0, s=14.092270898094483)","dms_tuple(d=9.0, m=51.0, s=19.60053485619696)",218.808718,14.587248,9.855445
71120,128143,,14.590885,-5.832938,77.4593,0.0,7.73,3.285,F5,0.461,Vir,4.227,236,551.2912113423957,HD128143_TypF5_Mag7.73,"hms_tuple(h=14.0, m=35.0, s=45.840337186197644)","dms_tuple(d=-5.0, m=-51.0, s=-50.45394707918419)",218.941001,14.596067,-5.864015
71133,128221,,14.593338,3.467584,72.2022,0.0,7.65,3.357,F2,0.455,Vir,3.955,222,513.7205296793568,HD128221_TypF2_Mag7.65,"hms_tuple(h=14.0, m=35.0, s=54.60695031947367)","dms_tuple(d=3.0, m=26.0, s=11.394685004452612)",218.977529,14.598502,3.436499
71135,128032,,14.593816,-36.551822,90.1713,0.0,7.93,3.155,F6V,0.526,Cen,4.764,275,657.682729265769,HD128032_TypF6_Mag7.93,"hms_tuple(h=14.0, m=36.0, s=0.8469697012587574)","dms_tuple(d=-36.0, m=-34.0, s=-58.31624002752335)",219.003529,14.600235,-36.582866
71160,128369,,14.597931,24.938883,81.5661,8.4,7.97,3.412,F5,0.475,Boo,3.76,284,681.3080354866522,HD128369_TypF5_Mag7.97,"hms_tuple(h=14.0, m=36.0, s=13.011349040482543)","dms_tuple(d=24.0, m=54.0, s=27.995151528576514)",219.054214,14.603614,24.907776
71180,128189,,14.602143,-22.177362,66.8003,0.0,7.22,3.096,F2V,0.368,Lib,5.03,160,351.52877406079745,HD128189_TypF2_Mag7.22,"hms_tuple(h=14.0, m=36.0, s=27.758461763116458)","dms_tuple(d=-22.0, m=-12.0, s=-30.322958564719045)",219.11566,14.607711,-22.208423
71202,128494,,14.6067,27.485089,122.2494,-8.6,7.02,1.584,F4III,0.443,Boo,20.249,137,294.66293556170405,HD128494_TypF4_Mag7.02,"hms_tuple(h=14.0, m=36.0, s=45.03177851557837)","dms_tuple(d=27.0, m=27.0, s=14.32638468539011)",219.187632,14.612509,27.45398
71239,128660,,14.615512,42.831164,60.9385,-2.0,6.59,2.666,F8,0.505,Boo,7.475,99,201.63200517568157,HD128660_TypF8_Mag6.59,"hms_tuple(h=14.0, m=37.0, s=21.13416616567349)","dms_tuple(d=42.0, m=48.0, s=0.12004447843708022)",219.338059,14.622537,42.800033
71240,128718,,14.615607,48.221633,106.0445,0.0,7.73,2.603,F2,0.467,Boo,7.921,236,551.2912113423957,HD128718_TypF2_Mag7.73,"hms_tuple(h=14.0, m=37.0, s=24.020732539805607)","dms_tuple(d=48.0, m=11.0, s=25.77237372075217)",219.350086,14.623339,48.190492
71242,128429,,14.616608,-12.305349,32.175,-70.0,6.2,3.662,F5V,0.464,Lib,2.987,73,142.92904788185962,HD128429_TypF5_Mag6.2,"hms_tuple(h=14.0, m=37.0, s=18.78412534829181)","dms_tuple(d=-12.0, m=-20.0, s=-11.111761291498823)",219.328267,14.621884,-12.33642
71260,128661,,14.619116,35.92975,123.4568,-16.5,7.13,1.672,F0V,0.128,Boo,18.672,149,324.6945236416619,HD128661_TypF0_Mag7.13,"hms_tuple(h=14.0, m=37.0, s=31.725563202354863)","dms_tuple(d=35.0, m=53.0, s=55.0676147705542)",219.38219,14.625479,35.89863
71283,128563,,14.624574,2.277238,74.7943,-1.7,6.45,2.081,F8,0.56,Vir,12.812,89,178.20287698386963,HD128563_TypF8_Mag6.45,"hms_tuple(h=14.0, m=37.0, s=47.037391013305836)","dms_tuple(d=2.0, m=14.0, s=46.15299669641061)",219.445989,14.629733,2.246154
71291,128703,,14.626405,31.615128,134.9528,0.0,7.66,2.009,F0,0.397,Boo,13.69,224,518.2731261472211,HD128703_TypF0_Mag7.66,"hms_tuple(h=14.0, m=37.0, s=56.84143752029797)","dms_tuple(d=31.0, m=35.0, s=2.448890989597885)",219.486839,14.632456,31.584014
71321,128941,,14.633536,51.578354,82.1693,-23.6,6.95,2.376,F2,0.468,Boo,9.763,130,277.01490180011757,HD128941_TypF2_Mag6.95,"hms_tuple(h=14.0, m=38.0, s=30.569827329951664)","dms_tuple(d=51.0, m=32.0, s=49.94144764285579)",219.627374,14.641825,51.547206
71374,129079,,14.643754,54.853221,66.2691,-24.7,7.44,3.333,F2,0.453,Boo,4.044,189,426.83476505925523,HD129079_TypF2_Mag7.44,"hms_tuple(h=14.0, m=39.0, s=9.72437586637426)","dms_tuple(d=54.0, m=49.0, s=19.432700577332298)",219.790518,14.652701,54.822065
71398,128614,,14.648877,-35.600626,52.5762,0.0,7.43,3.826,F5V,0.463,Cen,2.568,188,423.08537820947436,HD128614_TypF5_Mag7.43,"hms_tuple(h=14.0, m=39.0, s=18.788410464693897)","dms_tuple(d=-35.0, m=-37.0, s=-54.015417209196244)",219.828285,14.655219,-35.631671
71404,129333,,14.650088,64.291655,34.1297,-23.1,7.6,4.934,F8,0.626,Dra,0.926,214,491.5504291096121,HD129333_TypF8_Mag7.6,"hms_tuple(h=14.0, m=39.0, s=43.04663936012915)","dms_tuple(d=64.0, m=15.0, s=37.67199998595743)",219.929361,14.661957,64.260464
71411,128582,,14.653027,-46.58448,35.0018,-12.0,6.06,3.34,F7V,0.508,Lup,4.018,66,126.32105461095017,HD128582_TypF7_Mag6.06,"hms_tuple(h=14.0, m=39.0, s=37.912742550050496)","dms_tuple(d=-46.0, m=-36.0, s=-55.825720066604276)",219.90797,14.660531,-46.615507
71420,128691,,14.654553,-33.378496,138.6963,0.0,7.68,1.97,F3V,0.49,Cen,14.191,227,527.4997120883073,HD128691_TypF3_Mag7.68,"hms_tuple(h=14.0, m=39.0, s=38.62091433305096)","dms_tuple(d=-33.0, m=-24.0, s=-34.35815057365289)",219.91092,14.660728,-33.409544
71426,129390,,14.656354,64.153922,109.4092,0.0,7.55,2.355,F2,0.402,Dra,9.954,206,470.3371004243402,HD129390_TypF2_Mag7.55,"hms_tuple(h=14.0, m=40.0, s=5.392363261677957)","dms_tuple(d=64.0, m=7.0, s=21.83558200758739)",220.022468,14.668165,64.122732
71456,128787,,14.661376,-26.723682,42.7716,0.0,6.99,3.834,F5V,0.466,Hya,2.549,134,286.96584256768466,HD128787_TypF5_Mag6.99,"hms_tuple(h=14.0, m=40.0, s=1.7351620762660502)","dms_tuple(d=-26.0, m=-45.0, s=-17.056950621709177)",220.00723,14.667149,-26.754738
71483,129006,,14.668365,5.066929,270.2703,0.0,7.85,0.691,F0,0.322,Vir,46.089,259,612.8614298360975,HD129006_TypF0_Mag7.85,"hms_tuple(h=14.0, m=40.0, s=24.74262923792665)","dms_tuple(d=5.0, m=2.0, s=9.031413261241212)",220.103094,14.67354,5.035842
71491,129425,,14.669614,57.713183,52.687,0.0,7.88,4.271,F8,0.511,Dra,1.705,265,629.299802346522,HD129425_TypF8_Mag7.88,"hms_tuple(h=14.0, m=40.0, s=45.32069828779939)","dms_tuple(d=57.0, m=40.0, s=55.26547539489286)",220.188836,14.679256,57.682018
71496,129308,,14.671328,48.709014,106.7236,0.0,7.86,2.719,F0,0.0,Boo,7.119,261,618.2926139519136,HD129308_TypF0_Mag7.86,"hms_tuple(h=14.0, m=40.0, s=44.88463352416048)","dms_tuple(d=48.0, m=40.0, s=40.34034433562397)",220.187019,14.679135,48.677872
71507,128931,,14.673719,-29.301627,70.1262,27.2,7.82,3.591,F6V,0.462,Hya,3.189,253,596.8524553483364,HD128931_TypF6_Mag7.82,"hms_tuple(h=14.0, m=40.0, s=46.67417310578159)","dms_tuple(d=-29.0, m=-19.0, s=-57.64809888135062)",220.194476,14.679632,-29.33268
71532,129153,,14.678442,13.534325,50.813,-8.0,5.93,2.4,F0V,0.238,Boo,9.55,60,112.63224829649297,HD129153_TypF0_Mag5.93,"hms_tuple(h=14.0, m=41.0, s=1.4754738723107153)","dms_tuple(d=13.0, m=30.0, s=11.628461749334207)",220.256148,14.683743,13.50323
71537,129260,,14.678949,31.289883,116.9591,0.0,7.8,2.46,F5,0.488,Boo,9.036,249,586.4128089424291,HD129260_TypF5_Mag7.8,"hms_tuple(h=14.0, m=41.0, s=5.9244249205080735)","dms_tuple(d=31.0, m=15.0, s=31.56835505235449)",220.274685,14.684979,31.258769
71550,129354,,14.682826,38.150697,62.0732,0.0,7.42,3.455,F5,0.437,Boo,3.614,187,419.36892659107707,HD129354_TypF5_Mag7.42,"hms_tuple(h=14.0, m=41.0, s=21.760933746759434)","dms_tuple(d=38.0, m=7.0, s=10.465393894618842)",220.340671,14.689378,38.119574
71601,129600,,14.693219,51.39743,99.3049,0.0,7.26,2.275,F0,0.445,Boo,10.715,165,364.156405231697,HD129600_TypF0_Mag7.26,"hms_tuple(h=14.0, m=42.0, s=5.310584998930352)","dms_tuple(d=51.0, m=21.0, s=58.61657514884598)",220.522127,14.701475,51.366282
71616,129412,,14.696064,24.538309,62.8141,-0.5,7.66,3.67,F7V,0.493,Boo,2.965,224,518.2731261472211,HD129412_TypF7_Mag7.66,"hms_tuple(h=14.0, m=42.0, s=6.224440333989918)","dms_tuple(d=24.0, m=30.0, s=25.930342591938427)",220.525935,14.701729,24.507203
71645,129674,,14.700195,52.005319,67.5219,-11.0,7.55,3.403,F0,0.4,Boo,3.791,206,470.3371004243402,HD129674_TypF0_Mag7.55,"hms_tuple(h=14.0, m=42.0, s=30.825749339845316)","dms_tuple(d=51.0, m=58.0, s=27.011794185962117)",220.628441,14.708563,51.97417
71647,129070,,14.700685,-46.297947,100000.0,0.0,7.36,-12.64,F5V,-0.015,Lup,9908319.449,178,397.7458321127074,HD129070_TypF5_Mag7.36,"hms_tuple(h=14.0, m=42.0, s=29.339684750636792)","dms_tuple(d=-46.0, m=-19.0, s=-44.30890030906255)",220.622249,14.70815,-46.328975
71649,129798,,14.700889,61.261916,40.6669,-6.0,6.24,3.194,F2V,0.409,Dra,4.596,76,148.0633510554248,HD129798_TypF2_Mag6.24,"hms_tuple(h=14.0, m=42.0, s=41.75717996048533)","dms_tuple(d=61.0, m=13.0, s=50.65909404272418)",220.673988,14.711599,61.230739
71672,129501,,14.706418,21.293083,46.2963,0.0,7.47,4.142,F8,0.533,Boo,1.92,194,438.2834686761904,HD129501_TypF8_Mag7.47,"hms_tuple(h=14.0, m=42.0, s=43.01689865024329)","dms_tuple(d=21.0, m=15.0, s=43.12928086436614)",220.679237,14.711949,21.26198
71704,129537,,14.71179,14.708576,63.2111,-19.5,6.59,2.586,F2III,0.366,Boo,8.046,99,201.63200517568157,HD129537_TypF2_Mag6.59,"hms_tuple(h=14.0, m=43.0, s=1.6267039076976175)","dms_tuple(d=14.0, m=40.0, s=38.92796989007934)",220.756778,14.717119,14.67748
71719,129538,,14.715304,8.076183,198.0198,0.0,7.35,0.866,F2,0.377,Boo,39.228,177,394.25196723909164,HD129538_TypF2_Mag7.35,"hms_tuple(h=14.0, m=43.0, s=13.835568747682885)","dms_tuple(d=8.0, m=2.0, s=42.33581691196761)",220.807648,14.72051,8.045093
71730,129502,,14.717673,-5.658207,18.2715,4.7,3.87,2.561,F2III,0.385,Vir,8.234,12,18.29441213779549,HD129502_TypF2_Mag3.87,"hms_tuple(h=14.0, m=43.0, s=22.271382935340682)","dms_tuple(d=-5.0, m=-41.0, s=-21.422925707441607)",220.842797,14.722853,-5.689284
71759,129364,,14.722652,-41.024205,152.439,0.0,8.0,2.085,F5V,0.453,Cen,12.764,290,699.5823055523535,HD129364_TypF5_Mag8.0,"hms_tuple(h=14.0, m=43.0, s=46.15574036578252)","dms_tuple(d=-41.0, m=-3.0, s=-18.87085333545258)",220.942316,14.729488,-41.055242
71772,129454,,14.72431,-30.208203,99.6016,0.0,7.73,2.739,F6V,0.51,Cen,6.989,236,551.2912113423957,HD129454_TypF6_Mag7.73,"hms_tuple(h=14.0, m=43.0, s=48.995431189612475)","dms_tuple(d=-30.0, m=-14.0, s=-21.317753372986772)",220.954148,14.730277,-30.239255
71802,130173,,14.734314,61.098275,82.1693,-1.0,6.87,2.296,F2,0.409,Dra,10.51,123,258.1362429763933,HD130173_TypF2_Mag6.87,"hms_tuple(h=14.0, m=44.0, s=41.88780980786561)","dms_tuple(d=61.0, m=4.0, s=1.5537978494370464)",221.174533,14.744969,61.067098
71820,129698,,14.737133,-8.251926,45.5996,0.0,6.64,3.345,F5,0.431,Vir,3.999,103,210.72609108853683,HD129698_TypF5_Mag6.64,"hms_tuple(h=14.0, m=44.0, s=32.43113605432825)","dms_tuple(d=-8.0, m=-16.0, s=-58.802694322510405)",221.13513,14.742342,-8.283001
71833,129713,,14.739258,-9.48962,90.0901,0.0,7.65,2.877,F2,0.368,Lib,6.155,222,513.7205296793568,HD129713_TypF2_Mag7.65,"hms_tuple(h=14.0, m=44.0, s=40.14469400826627)","dms_tuple(d=-9.0, m=-31.0, s=-14.496937471740665)",221.16727,14.744485,-9.520694
71839,130044,,14.741167,45.185981,61.5385,-6.7,6.73,2.784,F0,0.292,Boo,6.705,110,228.14146549859603,HD130044_TypF0_Mag6.73,"hms_tuple(h=14.0, m=44.0, s=54.51558911962792)","dms_tuple(d=45.0, m=9.0, s=17.4463303377712)",221.227148,14.748477,45.154846
71842,129755,,14.741832,-3.363322,71.2251,0.0,7.58,3.317,F2,0.408,Vir,4.104,211,482.9526381068404,HD129755_TypF2_Mag7.58,"hms_tuple(h=14.0, m=44.0, s=49.18453515520284)","dms_tuple(d=-3.0, m=-23.0, s=-39.844496810973595)",221.204936,14.746996,-3.394401
71855,129784,,14.745838,-9.704063,70.8717,0.0,6.86,2.608,F2,0.427,Lib,7.885,122,255.86873171888556,HD129784_TypF2_Mag6.86,"hms_tuple(h=14.0, m=45.0, s=3.8446442545676973)","dms_tuple(d=-9.0, m=-44.0, s=-6.491014300736566)",221.266019,14.751068,-9.735136
71903,130460,,14.754642,65.329983,49.1159,0.0,7.22,3.764,F5,0.495,Dra,2.719,160,351.52877406079745,HD130460_TypF5_Mag7.22,"hms_tuple(h=14.0, m=46.0, s=1.1174147921289546)","dms_tuple(d=65.0, m=17.0, s=55.63404614608089)",221.504656,14.766977,65.298787
71926,130188,,14.75825,42.38247,83.8223,-21.1,7.32,2.703,F5,0.465,Boo,7.224,173,383.9534407239423,HD130188_TypF5_Mag7.32,"hms_tuple(h=14.0, m=45.0, s=54.809648738007866)","dms_tuple(d=42.0, m=21.0, s=4.824356895775281)",221.478374,14.765225,42.35134
71970,129926,,14.766691,-25.443181,30.2847,-19.7,5.15,2.744,F0V + G/K,0.315,Hya,6.957,33,56.59587992597486,HD129926_TypF0_Mag5.15,"hms_tuple(h=14.0, m=46.0, s=20.64271763211366)","dms_tuple(d=-25.0, m=-28.0, s=-27.258557130440124)",221.586011,14.772401,-25.474238
72026,130445,,14.775029,50.397972,67.8426,0.0,7.78,3.622,F5,0.533,Boo,3.099,245,576.1557641428401,HD130445_TypF5_Mag7.78,"hms_tuple(h=14.0, m=46.0, s=59.19611245966948)","dms_tuple(d=50.0, m=22.0, s=0.5760013085267701)",221.74665,14.78311,50.366827
72098,130582,,14.78987,47.909347,98.2318,0.0,7.88,2.919,F8,0.602,Boo,5.921,265,629.299802346522,HD130582_TypF8_Mag7.88,"hms_tuple(h=14.0, m=47.0, s=51.19934170078892)","dms_tuple(d=47.0, m=52.0, s=41.54506312218757)",221.963331,14.797555,47.878207
72109,130396,,14.792191,19.050034,48.8998,0.0,7.46,4.013,F8V,0.509,Boo,2.162,192,434.43351452893916,HD130396_TypF8_Mag7.46,"hms_tuple(h=14.0, m=47.0, s=51.515808500102196)","dms_tuple(d=19.0, m=1.0, s=8.161224017225663)",221.964649,14.797643,19.018934
72126,130240,,14.795387,-27.699063,50.4032,0.0,7.55,4.038,F8V,0.541,Hya,2.113,206,470.3371004243402,HD130240_TypF8_Mag7.55,"hms_tuple(h=14.0, m=48.0, s=4.35771629328741)","dms_tuple(d=-27.0, m=-43.0, s=-48.42450559845702)",222.018157,14.80121,-27.730118
72131,131207,,14.7958,71.601237,68.6813,0.0,7.86,3.676,F2,0.415,UMi,2.948,261,618.2926139519136,HD131207_TypF2_Mag7.86,"hms_tuple(h=14.0, m=48.0, s=43.57687281033307)","dms_tuple(d=71.0, m=34.0, s=11.993153848604834)",222.18157,14.812105,71.569998
72142,130555,,14.797208,35.654571,74.5712,0.0,7.55,3.187,F5,0.412,Boo,4.626,206,470.3371004243402,HD130555_TypF5_Mag7.55,"hms_tuple(h=14.0, m=48.0, s=12.777663261272636)","dms_tuple(d=35.0, m=37.0, s=24.42458467109418)",222.05324,14.803549,35.623451
72171,130225,,14.802507,-41.017283,73.4214,0.0,7.66,3.331,F7V,0.49,Cen,4.051,224,518.2731261472211,HD130225_TypF7_Mag7.66,"hms_tuple(h=14.0, m=48.0, s=33.63115139355955)","dms_tuple(d=-41.0, m=-2.0, s=-53.95169323443156)",222.14013,14.809342,-41.04832
72181,130556,,14.805761,21.318607,74.5156,0.0,7.89,3.529,F0,0.412,Boo,3.376,267,634.876663483802,HD130556_TypF0_Mag7.89,"hms_tuple(h=14.0, m=48.0, s=40.655152868643256)","dms_tuple(d=21.0, m=17.0, s=15.01558451188771)",222.169396,14.811293,21.287504
72185,130603,,14.806486,24.366876,84.674,-31.0,6.15,1.511,F2V,0.506,Boo,21.657,71,136.76080818184963,HD130603_TypF2_Mag6.15,"hms_tuple(h=14.0, m=48.0, s=43.71595145401315)","dms_tuple(d=24.0, m=20.0, s=8.772220412821241)",222.18215,14.812143,24.33577
72193,130360,,14.808067,-25.487024,50.2765,0.0,7.03,3.523,F5V,0.491,Hya,3.395,138,297.27424144135534,HD130360_TypF5_Mag7.03,"hms_tuple(h=14.0, m=48.0, s=49.60381999204884)","dms_tuple(d=-25.0, m=-31.0, s=-5.0931807285033415)",222.206683,14.813779,-25.518081
72220,130604,,14.814793,5.954404,55.5864,-1.3,6.83,3.105,F6V,0.458,Vir,4.989,119,249.18500877779775,HD130604_TypF6_Mag6.83,"hms_tuple(h=14.0, m=49.0, s=11.911130350077173)","dms_tuple(d=5.0, m=55.0, s=23.938477298265326)",222.29963,14.819975,5.923316
72242,130817,,14.818551,37.811179,40.6835,-35.0,6.15,3.103,F2V,0.389,Boo,4.998,71,136.76080818184963,HD130817_TypF2_Mag6.15,"hms_tuple(h=14.0, m=49.0, s=30.262180229460114)","dms_tuple(d=37.0, m=46.0, s=48.20238374033693)",222.376092,14.825073,37.780056
72251,130558,,14.819695,-10.827231,141.844,0.0,7.53,1.771,F8,0.528,Lib,17.045,203,462.11035531169057,HD130558_TypF8_Mag7.53,"hms_tuple(h=14.0, m=49.0, s=29.79701770949518)","dms_tuple(d=-10.0, m=-51.0, s=-29.89201092268786)",222.374154,14.824944,-10.858303
72260,130945,Merga,14.821853,46.116205,48.9956,-5.0,5.76,2.309,F7IVw,0.482,Boo,10.385,52,96.94439175940381,HD130945_TypF7_Mag5.76,"hms_tuple(h=14.0, m=49.0, s=45.42542386575107)","dms_tuple(d=46.0, m=5.0, s=6.246496360401466)",222.439273,14.829285,46.085068
72268,130620,,14.823713,-8.50435,177.6199,0.0,7.1,0.853,F5,0.455,Lib,39.701,146,316.2129549015887,HD130620_TypF5_Mag7.1,"hms_tuple(h=14.0, m=49.0, s=44.131353270346665)","dms_tuple(d=-8.0, m=-32.0, s=-7.528248795391619)",222.433881,14.828925,-8.535425
72281,131040,,14.82566,51.374503,57.1102,-5.0,6.49,2.706,F5IV,0.401,Boo,7.204,92,184.60428810635165,HD131040_TypF5_Mag6.49,"hms_tuple(h=14.0, m=50.0, s=2.083314222134902)","dms_tuple(d=51.0, m=20.0, s=36.0795678551284)",222.50868,14.833912,51.343355
72286,130987,,14.826427,46.574499,77.2798,0.0,7.53,3.09,F8,0.532,Boo,5.058,203,462.11035531169057,HD130987_TypF8_Mag7.53,"hms_tuple(h=14.0, m=50.0, s=2.116819903506695)","dms_tuple(d=46.0, m=32.0, s=36.101747315582884)",222.50882,14.833921,46.543362
72297,131041,,14.828143,48.720804,68.5871,-32.0,5.68,1.499,F6V+...,0.501,Boo,21.898,49,90.33759882152823,HD131041_TypF6_Mag5.68,"hms_tuple(h=14.0, m=50.0, s=9.425213234165852)","dms_tuple(d=48.0, m=41.0, s=22.78425567079637)",222.539272,14.835951,48.689662
72300,130726,,14.82838,7.986752,132.2751,-31.0,6.96,1.353,F5,0.71,Boo,25.05,131,279.4698106282087,HD130726_TypF5_Mag6.96,"hms_tuple(h=14.0, m=50.0, s=0.9050578397214792)","dms_tuple(d=7.0, m=57.0, s=20.384515856538172)",222.503771,14.833585,7.955662
72301,130818,,14.828619,23.032335,49.5786,1.9,7.12,3.644,F6IV,0.455,Boo,3.037,148,321.8423534887257,HD130818_TypF6_Mag7.12,"hms_tuple(h=14.0, m=50.0, s=3.1878727780124905)","dms_tuple(d=23.0, m=0.0, s=4.429835838180907)",222.513283,14.834219,23.001231
72304,130672,,14.829475,-9.202499,85.3242,0.0,7.65,2.995,F8,0.518,Lib,5.521,222,513.7205296793568,HD130672_TypF8_Mag7.65,"hms_tuple(h=14.0, m=50.0, s=4.910329416951242)","dms_tuple(d=-9.0, m=-14.0, s=-0.8623043196129743)",222.52046,14.834697,-9.233573
72326,130708,,14.833076,-13.508639,97.1817,0.0,7.98,3.042,F3V,0.432,Lib,5.287,286,687.3457941057625,HD130708_TypF3_Mag7.98,"hms_tuple(h=14.0, m=50.0, s=18.16079597485043)","dms_tuple(d=-13.0, m=-32.0, s=-22.951608578288614)",222.57567,14.838378,-13.539709
72332,130589,,14.834876,-37.398882,69.4927,0.0,7.85,3.64,F5V,0.495,Cen,3.048,259,612.8614298360975,HD130589_TypF5_Mag7.85,"hms_tuple(h=14.0, m=50.0, s=28.921927569383854)","dms_tuple(d=-37.0, m=-25.0, s=-47.727885723568875)",222.620508,14.841367,-37.429924
72336,131194,,14.837119,52.414383,51.1771,0.0,7.14,3.595,F5,0.542,Boo,3.177,151,327.5719697549974,HD131194_TypF5_Mag7.14,"hms_tuple(h=14.0, m=50.0, s=44.03048269417624)","dms_tuple(d=52.0, m=22.0, s=59.63862799567778)",222.68346,14.845564,52.383233
72346,133002,,14.838814,82.511944,43.29,-44.0,5.63,2.448,F9V,0.671,UMi,9.137,47,86.4389933825896,HD133002_TypF9_Mag5.63,"hms_tuple(h=14.0, m=52.0, s=41.534243594884686)","dms_tuple(d=82.0, m=28.0, s=49.679078272300785)",223.173059,14.878204,82.480466
72368,130801,,14.843384,-12.018234,101.3171,0.0,7.12,2.092,F2,0.472,Lib,12.682,148,321.8423534887257,HD130801_TypF2_Mag7.12,"hms_tuple(h=14.0, m=50.0, s=55.157168583640015)","dms_tuple(d=-12.0, m=-2.0, s=-57.498746395260554)",222.729822,14.848655,-12.049305
72372,130714,,14.843873,-32.466529,48.1928,0.0,7.46,4.045,F7V,0.507,Cen,2.099,192,434.43351452893916,HD130714_TypF7_Mag7.46,"hms_tuple(h=14.0, m=50.0, s=59.94471268517643)","dms_tuple(d=-32.0, m=-29.0, s=-51.281196452345625)",222.74977,14.849985,-32.497578
72376,130819,,14.844773,-15.997237,22.9779,-23.5,5.15,3.343,F3V,0.401,Lib,4.007,33,56.59587992597486,HD130819_TypF3_Mag5.15,"hms_tuple(h=14.0, m=51.0, s=0.4900855719186836)","dms_tuple(d=-16.0, m=-1.0, s=-41.89568115125667)",222.752042,14.850136,-16.028304
72444,130761,,14.858522,-47.083365,81.4996,0.0,8.0,3.444,F5V,0.447,Lup,3.651,290,699.5823055523535,HD130761_TypF5_Mag8.0,"hms_tuple(h=14.0, m=51.0, s=57.946979570636046)","dms_tuple(d=-47.0, m=-6.0, s=-51.80822171834848)",222.991446,14.866096,-47.114391
72449,130989,,14.85971,-17.790366,53.2765,25.8,6.55,2.917,F6V,0.483,Lib,5.932,96,194.64013421851007,HD130989_TypF6_Mag6.55,"hms_tuple(h=14.0, m=51.0, s=54.448049298041354)","dms_tuple(d=-17.0, m=-49.0, s=-17.15365835648214)",222.976867,14.865124,-17.821432
72454,131301,,14.860614,39.103246,61.4628,0.0,7.84,3.897,F5,0.456,Boo,2.405,257,607.4779541357369,HD131301_TypF5_Mag7.84,"hms_tuple(h=14.0, m=52.0, s=2.1128278982710924)","dms_tuple(d=39.0, m=4.0, s=19.63668187116582)",223.008803,14.867254,39.072121
72494,131525,,14.868252,52.589112,106.4963,0.0,7.7,2.563,F0,0.311,Boo,8.219,231,536.8905548349917,HD131525_TypF0_Mag7.7,"hms_tuple(h=14.0, m=52.0, s=36.23022180060673)","dms_tuple(d=52.0, m=33.0, s=28.66148452008133)",223.150959,14.876731,52.557962
72503,131160,,14.870116,-13.50518,170.068,0.0,7.8,1.647,F0/F2V,0.376,Lib,19.107,249,586.4128089424291,HD131160_TypF0_Mag7.8,"hms_tuple(h=14.0, m=52.0, s=31.504518523352516)","dms_tuple(d=-13.0, m=-32.0, s=-10.499220574211705)",223.131269,14.875418,-13.53625
72510,130904,,14.870974,-44.927158,95.6938,0.0,7.2,2.296,F6V,0.546,Lup,10.51,158,345.3801253121633,HD130904_TypF6_Mag7.2,"hms_tuple(h=14.0, m=52.0, s=41.730446274082595)","dms_tuple(d=-44.0, m=-57.0, s=-29.477695499379593)",223.173877,14.878258,-44.958188
72541,131196,,14.87549,-15.387674,223.2143,0.0,7.71,0.966,F2/F3V,0.433,Lib,35.777,233,541.648484297334,HD131196_TypF2_Mag7.71,"hms_tuple(h=14.0, m=52.0, s=51.0135429530375)","dms_tuple(d=-15.0, m=-25.0, s=-7.471037687372473)",223.212556,14.880837,-15.418742
72576,131252,,14.881375,-12.383653,89.2061,0.0,7.7,2.948,F2,0.48,Lib,5.765,231,536.8905548349917,HD131252_TypF2_Mag7.7,"hms_tuple(h=14.0, m=53.0, s=11.951022319816644)","dms_tuple(d=-12.0, m=-24.0, s=-53.00589225438358)",223.299796,14.886653,-12.414724
72579,131495,,14.881516,32.690909,72.3066,0.0,6.87,2.574,F2,0.432,Boo,8.136,123,258.1362429763933,HD131495_TypF2_Mag6.87,"hms_tuple(h=14.0, m=53.0, s=15.499353246199803)","dms_tuple(d=32.0, m=39.0, s=35.25557426856153)",223.314581,14.887639,32.659793
72580,131271,,14.881566,-8.695644,81.9672,12.0,7.83,3.262,F6V,0.519,Lib,4.317,255,602.141767772257,HD131271_TypF6_Mag7.83,"hms_tuple(h=14.0, m=53.0, s=12.411665272699395)","dms_tuple(d=-8.0, m=-43.0, s=-36.18600728782482)",223.301715,14.886781,-8.726718
72607,131599,,14.887716,40.816695,57.241,0.0,7.79,4.001,F5,0.465,Boo,2.186,247,581.2616622824664,HD131599_TypF5_Mag7.79,"hms_tuple(h=14.0, m=53.0, s=40.28594140277775)","dms_tuple(d=40.0, m=47.0, s=8.043528271720675)",223.417858,14.894524,40.785568
72619,131473,,14.889819,15.705167,47.6417,21.0,6.41,3.02,F6III,0.569,Boo,5.395,86,172.0234437188863,HD131473_TypF6_Mag6.41,"hms_tuple(h=14.0, m=53.0, s=42.62182211191188)","dms_tuple(d=15.0, m=40.0, s=26.65206262650699)",223.427591,14.895173,15.67407
72643,131337,,14.894478,-19.972547,124.3781,0.0,7.49,2.016,F2/F3V,0.458,Lib,13.602,197,446.0860343240754,HD131337_TypF2_Mag7.49,"hms_tuple(h=14.0, m=53.0, s=59.86890520212967)","dms_tuple(d=-20.0, m=-0.0, s=-12.997264186368795)",223.499454,14.899964,-20.00361
72646,131845,,14.894954,55.010016,147.0588,0.0,7.9,2.063,F0,0.406,Dra,13.026,269,640.5029468202126,HD131845_TypF0_Mag7.9,"hms_tuple(h=14.0, m=54.0, s=14.170040950117482)","dms_tuple(d=54.0, m=58.0, s=43.89314601514059)",223.559042,14.903936,54.978859
72677,131350,,14.900543,-31.628892,221.2389,0.0,7.98,1.256,F2/F3V,0.47,Cen,27.391,286,687.3457941057625,HD131350_TypF2_Mag7.98,"hms_tuple(h=14.0, m=54.0, s=23.756019462829983)","dms_tuple(d=-31.0, m=-39.0, s=-35.791821054545494)",223.598983,14.906599,-31.659942
72711,131861,,14.906815,45.298803,92.8505,-22.5,7.91,3.071,F5V,0.44,Boo,5.148,271,646.179090335777,HD131861_TypF5_Mag7.91,"hms_tuple(h=14.0, m=54.0, s=50.90064051906239)","dms_tuple(d=45.0, m=16.0, s=3.604785183463264)",223.712086,14.914139,45.267668
72725,131764,,14.909893,30.063651,100.3009,-33.7,6.84,1.833,F2,0.43,Boo,16.099,120,251.39328881580803,HD131764_TypF2_Mag6.84,"hms_tuple(h=14.0, m=54.0, s=57.04929084413649)","dms_tuple(d=30.0, m=1.0, s=57.138586025326674)",223.737705,14.915847,30.032538
72735,132326,,14.911384,67.963042,191.2046,0.0,7.97,1.563,F8,0.476,UMi,20.644,284,681.3080354866522,HD132326_TypF8_Mag7.97,"hms_tuple(h=14.0, m=55.0, s=30.373640391800194)","dms_tuple(d=67.0, m=55.0, s=54.59149133158121)",223.876557,14.925104,67.931831
72757,131435,,14.91523,-41.364777,41.2712,0.0,7.15,4.072,F5V,0.506,Cen,2.047,152,330.4749158245449,HD131435_TypF5_Mag7.15,"hms_tuple(h=14.0, m=55.0, s=19.565045176009477)","dms_tuple(d=-41.0, m=-23.0, s=-44.92807980106022)",223.831521,14.922101,-41.395813
72762,131634,,14.915924,-3.630476,99.7009,0.0,7.43,2.437,F2,0.396,Lib,9.23,188,423.08537820947436,HD131634_TypF2_Mag7.43,"hms_tuple(h=14.0, m=55.0, s=15.92107979691093)","dms_tuple(d=-3.0, m=-39.0, s=-41.598017753321415)",223.816338,14.921089,-3.661555
72802,131574,,14.925017,-37.16156,118.7648,0.0,7.59,2.217,F2V,0.412,Cen,11.303,212,487.2325692121131,HD131574_TypF2_Mag7.59,"hms_tuple(h=14.0, m=55.0, s=53.35587732474494)","dms_tuple(d=-37.0, m=-11.0, s=-33.36991549881759)",223.972316,14.931488,-37.192603
72825,132027,,14.9296,39.648454,104.8218,0.0,8.0,2.898,F0,0.414,Boo,6.037,290,699.5823055523535,HD132027_TypF0_Mag8.0,"hms_tuple(h=14.0, m=56.0, s=10.64961983404956)","dms_tuple(d=39.0, m=37.0, s=2.3824935155761295)",224.044373,14.936292,39.617328
72836,131789,,14.93144,-13.900707,239.8082,0.0,7.59,0.691,F2IV,0.325,Lib,46.089,212,487.2325692121131,HD131789_TypF2_Mag7.59,"hms_tuple(h=14.0, m=56.0, s=12.30314875928201)","dms_tuple(d=-13.0, m=-55.0, s=-54.39504658999397)",224.051263,14.936751,-13.931776
72865,131917,,14.938009,3.41612,131.406,0.0,7.11,1.517,F2,0.412,Vir,21.538,147,319.0152372679894,HD131917_TypF2_Mag7.11,"hms_tuple(h=14.0, m=56.0, s=35.42155515498507)","dms_tuple(d=3.0, m=23.0, s=6.124454302023139)",224.14759,14.943173,3.385035
72868,131811,,14.938721,-18.928234,63.6943,0.0,7.69,3.669,F5/F6V,0.496,Lib,2.968,229,532.1744198083834,HD131811_TypF5_Mag7.69,"hms_tuple(h=14.0, m=56.0, s=39.01677959883415)","dms_tuple(d=-18.0, m=-57.0, s=-33.47431596987917)",224.16257,14.944171,-18.959298
72869,131827,,14.938841,-16.800743,111.2347,0.0,7.28,2.049,F3III/IV,0.428,Lib,13.195,168,370.63931974020056,HD131827_TypF3_Mag7.28,"hms_tuple(h=14.0, m=56.0, s=39.21489625357012)","dms_tuple(d=-16.0, m=-49.0, s=-54.514418173058345)",224.163395,14.944226,-16.83181
72872,132254,,14.939724,49.628449,25.1067,-16.0,5.63,3.631,F7V,0.533,Boo,3.073,47,86.4389933825896,HD132254_TypF7_Mag5.63,"hms_tuple(h=14.0, m=56.0, s=51.63644934102379)","dms_tuple(d=49.0, m=35.0, s=50.29930235771758)",224.215152,14.947677,49.597305
72879,131751,,14.941872,-34.631829,61.0501,0.0,7.34,3.412,F8V,0.534,Cen,3.76,175,390.78879304975095,HD131751_TypF8_Mag7.34,"hms_tuple(h=14.0, m=56.0, s=53.30021858291488)","dms_tuple(d=-34.0, m=-39.0, s=-46.35096732710679)",224.222084,14.948139,-34.662875
72920,132035,,14.948863,4.150556,183.8235,0.0,7.85,1.528,F0,0.392,Vir,21.321,259,612.8614298360975,HD132035_TypF0_Mag7.85,"hms_tuple(h=14.0, m=57.0, s=14.511589160672429)","dms_tuple(d=4.0, m=7.0, s=10.091636441983383)",224.310465,14.954031,4.11947
72932,132276,,14.951904,35.490201,85.6898,0.0,7.36,2.695,F2,0.398,Boo,7.278,178,397.7458321127074,HD132276_TypF2_Mag7.36,"hms_tuple(h=14.0, m=57.0, s=29.636525383811403)","dms_tuple(d=35.0, m=27.0, s=32.69339844756473)",224.373486,14.958232,35.459081
72937,132052,,14.953055,-4.346462,26.9034,21.7,4.47,2.321,F0V,0.318,Lib,10.271,19,31.061653011964175,HD132052_TypF0_Mag4.47,"hms_tuple(h=14.0, m=57.0, s=29.60901538204041)","dms_tuple(d=-4.0, m=-22.0, s=-39.145259140301576)",224.373371,14.958225,-4.37754
72947,132560,,14.955734,57.649137,104.1667,-9.0,7.23,2.141,F2,0.488,Dra,12.123,161,354.6440255695144,HD132560_TypF2_Mag7.23,"hms_tuple(h=14.0, m=57.0, s=55.291495815692855)","dms_tuple(d=57.0, m=37.0, s=4.700608635825461)",224.480381,14.965359,57.617972
72953,131991,,14.956934,-22.153475,69.2521,0.0,7.95,3.748,F7V,0.553,Lib,2.759,280,669.391162362906,HD131991_TypF7_Mag7.95,"hms_tuple(h=14.0, m=57.0, s=45.002652494449364)","dms_tuple(d=-22.0, m=-11.0, s=-4.329849901685066)",224.437511,14.962501,-22.184536
72980,132133,,14.961968,-4.031674,78.3699,0.0,7.53,3.059,F5,0.561,Lib,5.205,203,462.11035531169057,HD132133_TypF5_Mag7.53,"hms_tuple(h=14.0, m=58.0, s=1.6882719358389409)","dms_tuple(d=-4.0, m=-3.0, s=-45.90949663228166)",224.507034,14.967136,-4.062753
73020,132408,,14.970207,26.816926,125.7862,0.0,7.53,2.032,F8,0.524,Boo,13.403,203,462.11035531169057,HD132408_TypF8_Mag7.53,"hms_tuple(h=14.0, m=58.0, s=33.53244975216299)","dms_tuple(d=26.0, m=47.0, s=8.942349495173403)",224.639719,14.975981,26.785817
73043,132374,,14.975302,9.497891,75.4717,0.0,7.81,3.421,F2,0.432,Boo,3.729,251,591.6096051155723,HD132374_TypF2_Mag7.81,"hms_tuple(h=14.0, m=58.0, s=49.90013448927371)","dms_tuple(d=9.0, m=28.0, s=0.479845754561552)",224.707917,14.980528,9.4668
73059,132234,,14.977983,-22.401524,117.3709,0.0,7.89,2.542,F6/F7V,0.529,Lib,8.379,267,634.876663483802,HD132234_TypF6_Mag7.89,"hms_tuple(h=14.0, m=59.0, s=0.8146820719252901)","dms_tuple(d=-22.0, m=-25.0, s=-57.30529991256077)",224.753395,14.98356,-22.432585
73073,132504,,14.980136,24.16974,122.399,0.0,7.14,1.701,F0,0.38,Boo,18.18,151,327.5719697549974,HD132504_TypF0_Mag7.14,"hms_tuple(h=14.0, m=59.0, s=8.824428666184616)","dms_tuple(d=24.0, m=8.0, s=19.08339759620617)",224.786768,14.985785,24.138634
73081,132375,,14.981329,-4.989256,33.7724,-29.0,6.08,3.437,F8V,0.509,Lib,3.675,67,128.56989215960064,HD132375_TypF8_Mag6.08,"hms_tuple(h=14.0, m=59.0, s=11.412585614340855)","dms_tuple(d=-5.0, m=-1.0, s=-13.201537811350192)",224.797552,14.986503,-5.020334
73125,132736,,14.990271,39.644893,61.5006,-24.0,6.7,2.756,F2,0.403,Boo,6.88,108,222.1820255290352,HD132736_TypF2_Mag6.7,"hms_tuple(h=14.0, m=59.0, s=49.063980592019476)","dms_tuple(d=39.0, m=36.0, s=49.56291318607043)",224.954433,14.996962,39.613767
73126,132242,,14.990888,-43.159833,255.7545,-10.0,6.1,-0.939,F5III,0.597,Lup,206.824,68,130.85876476286535,HD132242_TypF5_Mag6.1,"hms_tuple(h=14.0, m=59.0, s=52.64912999530992)","dms_tuple(d=-43.0, m=-11.0, s=-27.11892290535559)",224.969371,14.997958,-43.190866
73141,132772,,14.993598,39.265333,51.4933,12.0,5.64,2.081,F1III-IV,0.336,Boo,12.812,48,87.20501660577114,HD132772_TypF1_Mag5.64,"hms_tuple(h=15.0, m=0.0, s=0.9103479713161278)","dms_tuple(d=39.0, m=14.0, s=3.148998310010711)",225.003793,15.000253,39.234208
73155,132301,,14.995856,-43.811336,36.1141,-21.9,6.59,3.802,F5V,0.48,Lup,2.625,99,201.63200517568157,HD132301_TypF5_Mag6.59,"hms_tuple(h=15.0, m=0.0, s=10.810228726077753)","dms_tuple(d=-43.0, m=-50.0, s=-32.5256616913407)",225.045043,15.003003,-43.842368
73162,132611,,14.998131,8.478346,78.5546,0.0,7.75,3.274,F2,0.435,Boo,4.27,240,561.1056035680328,HD132611_TypF2_Mag7.75,"hms_tuple(h=15.0, m=0.0, s=12.031842750729282)","dms_tuple(d=8.0, m=26.0, s=50.121270932734916)",225.050133,15.003342,8.447256
73184,133482,,15.002844,70.614131,108.4599,0.0,7.67,2.494,F8,0.517,UMi,8.758,226,522.866067770482,HD133482_TypF8_Mag7.67,"hms_tuple(h=15.0, m=1.0, s=6.057861719892941)","dms_tuple(d=70.0, m=34.0, s=58.44233940788172)",225.275241,15.018349,70.582901
73206,132720,,15.006352,7.735493,56.8828,0.0,7.88,4.105,F5,0.594,Boo,1.986,265,629.299802346522,HD132720_TypF5_Mag7.88,"hms_tuple(h=15.0, m=0.0, s=41.59296179402432)","dms_tuple(d=7.0, m=42.0, s=15.85295505720211)",225.173304,15.011554,7.704404
73208,133109,,15.006615,55.618163,117.096,-23.2,7.15,1.807,F0,0.357,Dra,16.489,152,330.4749158245449,HD133109_TypF0_Mag7.15,"hms_tuple(h=15.0, m=0.0, s=56.648820014370216)","dms_tuple(d=55.0, m=35.0, s=13.216199611468937)",225.236037,15.015736,55.587004
73210,132864,,15.00725,31.615181,81.9672,0.0,7.57,3.002,F8,0.6,Boo,5.485,209,478.71030262103807,HD132864_TypF8_Mag7.57,"hms_tuple(h=15.0, m=0.0, s=47.883449909065945)","dms_tuple(d=31.0, m=35.0, s=2.6396907502288514)",225.199514,15.013301,31.584067
73252,132832,,15.017053,2.897458,73.5835,-9.0,6.72,2.386,F5,0.553,Vir,9.674,109,226.137433304753,HD132832_TypF5_Mag6.72,"hms_tuple(h=15.0, m=1.0, s=19.970768164218953)","dms_tuple(d=2.0, m=51.0, s=58.9429595510407)",225.333212,15.022214,2.866373
73257,132602,,15.017369,-33.839468,90.009,0.0,7.4,2.629,F5V,0.481,Cen,7.734,184,412.0336743557815,HD132602_TypF5_Mag7.4,"hms_tuple(h=15.0, m=1.0, s=24.877843468400016)","dms_tuple(d=-33.0, m=-52.0, s=-13.85517044091273)",225.353658,15.023577,-33.870515
73300,132932,,15.028873,0.714829,113.1222,0.0,7.74,2.472,F2,0.402,Vir,8.937,238,556.1767595666211,HD132932_TypF2_Mag7.74,"hms_tuple(h=15.0, m=2.0, s=2.5008437698683395)","dms_tuple(d=0.0, m=41.0, s=1.48572192065771)",225.51042,15.034028,0.683746
73408,133484,,15.051827,44.644518,55.6483,-20.0,6.59,2.863,F6IV,0.449,Boo,6.234,99,201.63200517568157,HD133484_TypF6_Mag6.59,"hms_tuple(h=15.0, m=3.0, s=32.645072285208414)","dms_tuple(d=44.0, m=36.0, s=48.1830659597415)",225.886021,15.059068,44.613384
73423,133233,,15.05568,4.834133,226.7574,0.0,7.64,0.862,F5,0.661,Vir,39.373,221,509.2079239683959,HD133233_TypF5_Mag7.64,"hms_tuple(h=15.0, m=3.0, s=39.07011564273091)","dms_tuple(d=4.0, m=48.0, s=10.966582017968278)",225.912792,15.060853,4.803046
73437,133075,,15.05887,-31.376229,151.5152,0.0,7.94,2.038,F3IV,0.534,Lup,13.329,277,663.5111201850515,HD133075_TypF3_Mag7.94,"hms_tuple(h=15.0, m=3.0, s=53.674307410837656)","dms_tuple(d=-31.0, m=-24.0, s=-26.206161124055996)",225.973643,15.06491,-31.407279
73472,133460,,15.063691,26.038738,65.8328,-3.5,7.29,3.198,F8V,0.559,Boo,4.579,169,373.9239290957076,HD133460_TypF8_Mag7.29,"hms_tuple(h=15.0, m=4.0, s=9.935188077778037)","dms_tuple(d=26.0, m=0.0, s=27.46872887350804)",226.041397,15.069426,26.00763
73481,133194,,15.067213,-28.061509,182.4818,0.0,7.73,1.424,F5III + A,0.47,Lib,23.464,236,551.2912113423957,HD133194_TypF5_Mag7.73,"hms_tuple(h=15.0, m=4.0, s=23.001686126489176)","dms_tuple(d=-28.0, m=-5.0, s=-33.228584104953995)",226.09584,15.073056,-28.092563
73486,134678,,15.068408,77.371844,67.3401,0.0,7.68,3.539,F7Vm,0.475,UMi,3.345,227,527.4997120883073,HD134678_TypF7_Mag7.68,"hms_tuple(h=15.0, m=5.0, s=30.94285339791014)","dms_tuple(d=77.0, m=20.0, s=25.905797510625916)",226.378929,15.091929,77.340529
73487,133408,,15.068455,5.492832,75.7576,-8.0,7.15,2.753,F0,0.306,Vir,6.899,152,330.4749158245449,HD133408_TypF0_Mag7.15,"hms_tuple(h=15.0, m=4.0, s=25.079354691201985)","dms_tuple(d=5.0, m=27.0, s=42.28080536788383)",226.104497,15.073633,5.461745
73536,133725,,15.078756,38.605227,49.1159,0.0,7.49,4.034,F8,0.503,Boo,2.12,197,446.0860343240754,HD133725_TypF8_Mag7.49,"hms_tuple(h=15.0, m=5.0, s=7.257426917184517)","dms_tuple(d=38.0, m=34.0, s=26.770971494565856)",226.280239,15.085349,38.574103
73537,133411,,15.079009,-14.997326,151.5152,0.0,7.91,2.008,F0V,0.442,Lib,13.703,271,646.179090335777,HD133411_TypF0_Mag7.91,"hms_tuple(h=15.0, m=5.0, s=3.6462868019370376)","dms_tuple(d=-15.0, m=-1.0, s=-42.21961201074308)",226.265193,15.084346,-15.028394
73541,133598,,15.07958,22.415203,65.6599,0.0,7.79,3.703,F5,0.456,Boo,2.876,247,581.2616622824664,HD133598_TypF5_Mag7.79,"hms_tuple(h=15.0, m=5.0, s=6.556878078002626)","dms_tuple(d=22.0, m=23.0, s=2.757012550480624)",226.27732,15.085155,22.384099
73608,134023,,15.08994,55.677312,169.2047,0.0,7.69,1.548,F8,0.523,Dra,20.931,229,532.1744198083834,HD134023_TypF8_Mag7.69,"hms_tuple(h=15.0, m=5.0, s=56.668393216624935)","dms_tuple(d=55.0, m=38.0, s=46.151991649575734)",226.486118,15.099075,55.646153
73621,133469,,15.092751,-30.550864,35.1124,0.0,6.48,3.753,F6V,0.489,Lup,2.747,91,182.98269364662428,HD133469_TypF6_Mag6.48,"hms_tuple(h=15.0, m=5.0, s=55.45856235296753)","dms_tuple(d=-30.0, m=-34.0, s=-54.895843164835014)",226.481077,15.098738,-30.581916
73648,133745,,15.099511,4.233492,88.6525,0.0,7.22,2.482,F0,0.23,Vir,8.855,160,351.52877406079745,HD133745_TypF0_Mag7.22,"hms_tuple(h=15.0, m=6.0, s=16.846348461126723)","dms_tuple(d=4.0, m=12.0, s=8.660963139943618)",226.570193,15.10468,4.202406
73671,133604,,15.103179,-23.322976,132.4503,-27.5,7.2,1.59,F3IV/V,0.41,Lib,20.137,158,345.3801253121633,HD133604_TypF3_Mag7.2,"hms_tuple(h=15.0, m=6.0, s=31.657089791800672)","dms_tuple(d=-23.0, m=-21.0, s=-14.528940671346788)",226.631905,15.108794,-23.354036
73685,133818,,15.105043,5.550397,98.2318,0.0,7.22,2.259,F0,0.33,Vir,10.874,160,351.52877406079745,HD133818_TypF0_Mag7.22,"hms_tuple(h=15.0, m=6.0, s=36.797955044994666)","dms_tuple(d=5.0, m=31.0, s=9.514614927079421)",226.653325,15.110222,5.51931
73686,134301,,15.105073,59.825124,142.0455,0.0,7.67,1.908,F2,0.455,Dra,15.024,226,522.866067770482,HD134301_TypF2_Mag7.67,"hms_tuple(h=15.0, m=6.0, s=55.14677302262939)","dms_tuple(d=59.0, m=47.0, s=38.22734277604695)",226.729778,15.115319,59.793952
73701,133841,,15.107744,3.009066,188.6792,0.0,7.31,0.931,F0,0.396,Vir,36.949,171,380.5807304870462,HD133841_TypF0_Mag7.31,"hms_tuple(h=15.0, m=6.0, s=46.46021573006834)","dms_tuple(d=2.0, m=58.0, s=40.73139274806195)",226.693584,15.112906,2.977981
73706,133532,,15.109029,-42.88566,153.6098,0.0,7.87,1.938,F2III,0.379,Lup,14.615,263,623.771929275639,HD133532_TypF2_Mag7.87,"hms_tuple(h=15.0, m=6.0, s=57.84319400351961)","dms_tuple(d=-42.0, m=-55.0, s=-0.09780612637655395)",226.741013,15.116068,-42.916694
73712,134044,,15.109765,36.456063,29.8329,-5.0,6.35,3.977,F8V,0.537,Boo,2.235,82,163.15373750039242,HD134044_TypF8_Mag6.35,"hms_tuple(h=15.0, m=6.0, s=58.216278382347184)","dms_tuple(d=36.0, m=25.0, s=29.791767908375277)",226.742568,15.116171,36.424942
73727,134280,,15.114188,53.315872,72.6744,0.0,7.91,3.603,F0,0.43,Boo,3.154,271,646.179090335777,HD134280_TypF0_Mag7.91,"hms_tuple(h=15.0, m=7.0, s=22.116484512268215)","dms_tuple(d=53.0, m=17.0, s=4.990930182997317)",226.842152,15.12281,53.28472
73753,133928,,15.119046,-2.280629,95.2381,0.0,7.64,2.746,F8,0.582,Lib,6.944,221,509.2079239683959,HD133928_TypF8_Mag7.64,"hms_tuple(h=15.0, m=7.0, s=27.13743662378036)","dms_tuple(d=-2.0, m=-18.0, s=-42.1532547859141)",226.863073,15.124205,-2.311709
73767,134083,,15.121682,24.869195,19.5542,-9.8,4.93,3.474,F5V,0.429,Boo,3.551,28,46.61073069928609,HD134083_TypF5_Mag4.93,"hms_tuple(h=15.0, m=7.0, s=38.50341540119359)","dms_tuple(d=24.0, m=50.0, s=17.11862906389854)",226.910431,15.127362,24.838089
73778,133913,,15.123897,-15.416758,95.1475,0.0,7.78,2.888,F2V,0.426,Lib,6.093,245,576.1557641428401,HD133913_TypF2_Mag7.78,"hms_tuple(h=15.0, m=7.0, s=45.281440710985095)","dms_tuple(d=-15.0, m=-26.0, s=-52.17333508426606)",226.938673,15.129245,-15.447826
73808,134646,,15.1306,63.117104,95.4198,-4.4,6.82,1.922,F4III SB,0.413,Dra,14.832,118,246.99612663521023,HD134646_TypF4_Mag6.82,"hms_tuple(h=15.0, m=8.0, s=31.155439607956197)","dms_tuple(d=63.0, m=5.0, s=9.307984495097799)",227.129814,15.141988,63.085919
73822,134086,,15.133362,-0.055709,114.5475,0.0,7.98,2.685,F2,0.397,Vir,7.345,286,687.3457941057625,HD134086_TypF2_Mag7.98,"hms_tuple(h=15.0, m=8.0, s=18.65994363756272)","dms_tuple(d=-0.0, m=-5.0, s=-12.448552159155533)",227.07775,15.138517,-0.086791
73865,134586,,15.142568,53.262419,97.1817,0.0,7.45,2.512,F0,0.31,Boo,8.614,191,430.6173790127683,HD134586_TypF0_Mag7.45,"hms_tuple(h=15.0, m=9.0, s=4.245718175626081)","dms_tuple(d=53.0, m=13.0, s=52.56061981351195)",227.26769,15.151179,53.231267
73876,134052,,15.145231,-29.365279,179.2115,0.0,7.89,1.623,F5IV/V,0.505,Lib,19.534,267,634.876663483802,HD134052_TypF5_Mag7.89,"hms_tuple(h=15.0, m=9.0, s=4.130682453628367)","dms_tuple(d=-29.0, m=-23.0, s=-46.7950241761298)",227.267211,15.151147,-29.396332
73898,134193,,15.149097,-11.790481,116.6861,0.0,7.57,2.235,F2,0.364,Lib,11.117,209,478.71030262103807,HD134193_TypF2_Mag7.57,"hms_tuple(h=15.0, m=9.0, s=15.708031908968536)","dms_tuple(d=-11.0, m=-49.0, s=-17.588726325423067)",227.31545,15.154363,-11.821552
73900,134285,,15.14926,1.68929,88.6525,10.6,7.51,2.772,F0,0.5,Vir,6.78,200,454.02750557766933,HD134285_TypF0_Mag7.51,"hms_tuple(h=15.0, m=9.0, s=15.900496533040211)","dms_tuple(d=1.0, m=39.0, s=29.542126238435316)",227.316252,15.154417,1.658206
73925,135119,,15.151735,69.653087,113.5074,0.0,7.13,1.855,F2,0.334,UMi,15.776,149,324.6945236416619,HD135119_TypF2_Mag7.13,"hms_tuple(h=15.0, m=9.0, s=59.53720702067983)","dms_tuple(d=69.0, m=37.0, s=18.711151898775142)",227.498072,15.166538,69.621864
73947,134788,,15.156209,57.112138,104.1667,0.0,7.44,2.351,F8,0.545,Dra,9.991,189,426.83476505925523,HD134788_TypF8_Mag7.44,"hms_tuple(h=15.0, m=9.0, s=56.49836751720997)","dms_tuple(d=57.0, m=4.0, s=51.510256513231525)",227.48541,15.165694,57.080975
73953,134370,,15.157788,3.865808,82.3723,0.0,7.07,2.491,F2,0.344,Vir,8.782,143,307.9529390460096,HD134370_TypF2_Mag7.07,"hms_tuple(h=15.0, m=9.0, s=46.63516183537894)","dms_tuple(d=3.0, m=50.0, s=4.999774356003428)",227.444313,15.162954,3.834722
73954,134495,,15.158192,24.676027,54.5554,0.0,7.41,3.726,F6V,0.471,Boo,2.816,185,415.6851208955647,HD134495_TypF6_Mag7.41,"hms_tuple(h=15.0, m=9.0, s=49.90767090334657)","dms_tuple(d=24.0, m=38.0, s=41.71459673489409)",227.457949,15.163863,24.644921
73974,134328,,15.163542,-20.520475,75.0188,0.0,7.22,2.844,F6V,0.483,Lib,6.345,160,351.52877406079745,HD134328_TypF6_Mag7.22,"hms_tuple(h=15.0, m=10.0, s=8.569204408604492)","dms_tuple(d=-20.0, m=-33.0, s=-5.53602288603912)",227.535705,15.169047,-20.551538
73987,134456,,15.166199,-0.879809,128.2051,0.0,7.77,2.23,F0,0.396,Lib,11.169,244,571.094717053101,HD134456_TypF0_Mag7.77,"hms_tuple(h=15.0, m=10.0, s=16.87546767963113)","dms_tuple(d=-0.0, m=-54.0, s=-39.20585051868002)",227.570314,15.171354,-0.910891
73990,134339,,15.16673,-22.72079,105.042,0.0,7.96,2.853,F5V,0.0,Lib,6.292,282,675.323313533301,HD134339_TypF5_Mag7.96,"hms_tuple(h=15.0, m=10.0, s=20.350484401156876)","dms_tuple(d=-22.0, m=-45.0, s=-6.661672158607246)",227.584794,15.17232,-22.75185
74057,134792,,15.181528,29.229152,64.2261,15.4,7.26,3.221,F6III,0.458,Boo,4.483,165,364.156405231697,HD134792_TypF6_Mag7.26,"hms_tuple(h=15.0, m=11.0, s=14.758561628458153)","dms_tuple(d=29.0, m=11.0, s=52.94580550249549)",227.811494,15.187433,29.198041
74073,134426,,15.18718,-40.715912,84.8176,0.0,7.66,3.018,F0IV,0.364,Lup,5.405,224,518.2731261472211,HD134426_TypF0_Mag7.66,"hms_tuple(h=15.0, m=11.0, s=38.34210366844687)","dms_tuple(d=-40.0, m=-44.0, s=-49.017822277543246)",227.909759,15.193984,-40.746949
74104,134852,,15.192849,20.043386,114.2857,0.0,7.14,1.85,F2II,0.341,Ser,15.849,151,327.5719697549974,HD134852_TypF2_Mag7.14,"hms_tuple(h=15.0, m=11.0, s=54.00559388900291)","dms_tuple(d=20.0, m=0.0, s=44.22475866148119)",227.975023,15.198335,20.012285
74109,134737,,15.193076,-2.260022,79.4281,0.0,7.21,2.71,F0,0.344,Ser,7.178,159,348.44088743422355,HD134737_TypF0_Mag7.21,"hms_tuple(h=15.0, m=11.0, s=53.64516818333783)","dms_tuple(d=-2.0, m=-17.0, s=-27.96812244449498)",227.973522,15.198235,-2.291102
74137,134853,,15.197202,11.475229,81.8331,0.0,7.92,3.355,F5,0.451,Ser,3.963,273,651.9055358919003,HD134853_TypF5_Mag7.92,"hms_tuple(h=15.0, m=12.0, s=8.860339435468063)","dms_tuple(d=11.0, m=26.0, s=38.88994261031243)",228.036918,15.202461,11.444136
74193,135181,,15.209575,35.97161,80.4505,0.0,7.85,3.322,F0,0.406,Boo,4.085,259,612.8614298360975,HD135181_TypF0_Mag7.85,"hms_tuple(h=15.0, m=12.0, s=57.390090277593515)","dms_tuple(d=35.0, m=56.0, s=25.763405548883043)",228.239125,15.215942,35.94049
74206,135004,,15.212521,3.544178,112.6126,0.0,7.77,2.512,F5,0.505,Ser,8.614,244,571.094717053101,HD135004_TypF5_Mag7.77,"hms_tuple(h=15.0, m=13.0, s=3.667259398900029)","dms_tuple(d=3.0, m=30.0, s=47.13283300455835)",228.26528,15.217685,3.513092
74364,135208,,15.241147,-18.428533,70.028,-22.9,6.76,2.534,F5V,0.429,Lib,8.441,113,234.26075154331102,HD135208_TypF5_Mag6.76,"hms_tuple(h=15.0, m=14.0, s=47.69251074480735)","dms_tuple(d=-18.0, m=-27.0, s=-34.552541869317395)",228.698719,15.246581,-18.459598
74375,135153,,15.2437,-31.519121,598.8024,-23.0,4.91,-3.976,F3III,0.374,Lup,3391.564,27,45.795454590658096,HD135153_TypF3_Mag4.91,"hms_tuple(h=15.0, m=14.0, s=59.09553355525844)","dms_tuple(d=-31.0, m=-33.0, s=-0.616717122991588)",228.746231,15.249749,-31.550171
74376,136064,,15.243926,67.346722,25.3421,-48.1,5.15,3.131,F9IV,0.55,UMi,4.871,33,56.59587992597486,HD136064_TypF9_Mag5.15,"hms_tuple(h=15.0, m=15.0, s=26.250948271402308)","dms_tuple(d=67.0, m=18.0, s=55.85343425388601)",228.859379,15.257292,67.315515
74402,135631,,15.24905,38.301111,121.8027,-34.3,7.11,1.682,F0,0.359,Boo,18.501,147,319.0152372679894,HD135631_TypF0_Mag7.11,"hms_tuple(h=15.0, m=15.0, s=20.216102736297614)","dms_tuple(d=38.0, m=16.0, s=11.954995629553764)",228.834234,15.255616,38.269987
74441,135576,,15.259816,10.126507,66.7557,0.0,7.11,2.988,F2IV,0.336,Ser,5.556,147,319.0152372679894,HD135576_TypF2_Mag7.11,"hms_tuple(h=15.0, m=15.0, s=54.18615069457928)","dms_tuple(d=10.0, m=5.0, s=43.49532389854929)",228.975776,15.265052,10.095415
74447,135390,,15.260937,-27.596288,122.1001,0.0,6.79,1.356,F0III,0.372,Lib,24.98,115,240.54417110761835,HD135390_TypF0_Mag6.79,"hms_tuple(h=15.0, m=16.0, s=0.31800012241035347)","dms_tuple(d=-27.0, m=-37.0, s=-38.4349351872973)",229.001325,15.266755,-27.627343
74462,135343,,15.264646,-36.998893,78.7402,0.0,7.91,3.429,F3V,0.443,Lup,3.702,271,646.179090335777,HD135343_TypF3_Mag7.91,"hms_tuple(h=15.0, m=16.0, s=15.970292791267724)","dms_tuple(d=-37.0, m=-1.0, s=-47.769553962071996)",229.066543,15.271103,-37.029936
74474,135578,,15.267103,-4.897934,62.5391,0.0,7.21,3.229,F8,0.512,Lib,4.45,159,348.44088743422355,HD135578_TypF8_Mag7.21,"hms_tuple(h=15.0, m=16.0, s=20.196401401433093)","dms_tuple(d=-4.0, m=-55.0, s=-44.44263943180076)",229.084152,15.272277,-4.929012
74478,135345,,15.267785,-41.491155,540.5405,-27.0,5.15,-3.514,F:+...,0.564,Lup,2216.154,33,56.59587992597486,HD135345_TypF:_Mag5.15,"hms_tuple(h=15.0, m=16.0, s=28.811295712697813)","dms_tuple(d=-41.0, m=-31.0, s=-19.88814220650795)",229.120047,15.27467,-41.522191
74501,135891,,15.272614,37.069543,36.4166,0.0,7.1,4.294,F8,0.601,Boo,1.669,146,316.2129549015887,HD135891_TypF8_Mag7.1,"hms_tuple(h=15.0, m=16.0, s=44.65769023671996)","dms_tuple(d=37.0, m=2.0, s=18.316636993133102)",229.186074,15.279072,37.038421
74524,135429,,15.277566,-44.358492,127.8772,0.0,7.95,2.416,F3/F5V,0.463,Lup,9.41,280,669.391162362906,HD135429_TypF3_Mag7.95,"hms_tuple(h=15.0, m=17.0, s=5.20557099505254)","dms_tuple(d=-44.0, m=-23.0, s=-22.283781814682584)",229.27169,15.284779,-44.389523
74545,135468,,15.281945,-46.202355,56.6251,0.0,6.44,2.675,F6V,0.514,Lup,7.413,88,176.63751357336122,HD135468_TypF6_Mag6.44,"hms_tuple(h=15.0, m=17.0, s=21.828838366803467)","dms_tuple(d=-46.0, m=-14.0, s=-0.17835633752326885)",229.340953,15.289397,-46.233383
74552,135549,,15.283157,-38.447608,45.0045,0.0,6.86,3.594,F3V,0.433,Lup,3.18,122,255.86873171888556,HD135549_TypF3_Mag6.86,"hms_tuple(h=15.0, m=17.0, s=23.06956358169174)","dms_tuple(d=-38.0, m=-28.0, s=-43.13595606436252)",229.346123,15.289742,-38.478649
74576,136727,,15.288005,71.21117,170.068,0.0,7.27,1.117,F8,0.403,UMi,31.131,166,367.38356293404297,HD136727_TypF8_Mag7.27,"hms_tuple(h=15.0, m=18.0, s=14.341037642706738)","dms_tuple(d=71.0, m=10.0, s=47.76449093855604)",229.559754,15.303984,71.179935
74595,135825,,15.292245,-10.500601,71.9942,0.0,7.31,3.024,F0,0.36,Lib,5.375,171,380.5807304870462,HD135825_TypF0_Mag7.31,"hms_tuple(h=15.0, m=17.0, s=50.95668519019185)","dms_tuple(d=-10.0, m=-31.0, s=-54.025119804929176)",229.46232,15.297488,-10.531674
74602,135927,,15.293566,7.844604,96.432,0.0,7.88,2.959,F0,0.407,Ser,5.707,265,629.299802346522,HD135927_TypF0_Mag7.88,"hms_tuple(h=15.0, m=17.0, s=55.56822126224603)","dms_tuple(d=7.0, m=48.0, s=48.65219075261365)",229.481534,15.298769,7.813514
74610,135777,,15.294418,-26.252513,80.9061,0.0,7.78,3.24,F5V,0.448,Lib,4.406,245,576.1557641428401,HD135777_TypF5_Mag7.78,"hms_tuple(h=15.0, m=18.0, s=0.6012592203089184)","dms_tuple(d=-26.0, m=-17.0, s=-0.8504797039353207)",229.502505,15.300167,-26.28357
74636,138818,,15.299305,83.859466,103.3058,0.0,7.74,2.669,F0,0.311,UMi,7.454,238,556.1767595666211,HD138818_TypF0_Mag7.74,"hms_tuple(h=15.0, m=20.0, s=50.09871114234201)","dms_tuple(d=83.0, m=49.0, s=40.44435271945076)",230.208745,15.34725,83.827901
74700,136160,,15.311646,10.427719,49.975,-45.5,7.11,3.616,F8V,0.497,Ser,3.116,147,319.0152372679894,HD136160_TypF8_Mag7.11,"hms_tuple(h=15.0, m=19.0, s=0.7920704375257515)","dms_tuple(d=10.0, m=23.0, s=47.85750426626521)",229.7533,15.316887,10.396627
74714,136291,,15.314267,29.917482,98.5222,0.0,7.84,2.872,F2,0.366,CrB,6.183,257,607.4779541357369,HD136291_TypF2_Mag7.84,"hms_tuple(h=15.0, m=19.0, s=12.764194800215591)","dms_tuple(d=29.0, m=53.0, s=10.930824358180473)",229.803184,15.320212,29.88637
74718,136118,,15.315409,-1.592386,46.5766,0.0,6.93,3.589,F8,0.553,Ser,3.194,128,272.1695876893252,HD136118_TypF8_Mag6.93,"hms_tuple(h=15.0, m=19.0, s=14.036574100172174)","dms_tuple(d=-1.0, m=-37.0, s=-24.480713527443925)",229.808486,15.320566,-1.623467
74745,136202,,15.321888,1.765408,25.3807,54.0,5.04,3.017,F8III-IV,0.54,Ser,5.41,30,51.361223874813795,HD136202_TypF8_Mag5.04,"hms_tuple(h=15.0, m=19.0, s=37.36202692232368)","dms_tuple(d=1.0, m=44.0, s=3.566676505762416)",229.905675,15.327045,1.734324
74782,136121,,15.327884,-24.269968,69.6379,0.0,7.29,3.076,F2/F3V,0.427,Lib,5.124,169,373.9239290957076,HD136121_TypF2_Mag7.29,"hms_tuple(h=15.0, m=20.0, s=0.7431712725875173)","dms_tuple(d=-24.0, m=-18.0, s=-3.6964308794421186)",230.003097,15.33354,-24.301027
74797,136205,,15.33058,-19.550249,58.7889,0.0,7.06,3.214,F5V,0.475,Lib,4.512,142,305.2478297284723,HD136205_TypF5_Mag7.06,"hms_tuple(h=15.0, m=20.0, s=9.783793607252989)","dms_tuple(d=-19.0, m=-34.0, s=-52.72602776128451)",230.040766,15.336051,-19.581313
74807,136848,,15.333226,60.339683,98.3284,0.0,7.74,2.777,F2,0.395,Dra,6.748,238,556.1767595666211,HD136848_TypF2_Mag7.74,"hms_tuple(h=15.0, m=20.0, s=37.077013093820455)","dms_tuple(d=60.0, m=18.0, s=30.632974487455726)",230.154488,15.343633,60.308509
74808,136257,,15.333357,-8.661707,47.081,28.6,7.53,4.166,F9V,0.545,Lib,1.878,203,462.11035531169057,HD136257_TypF9_Mag7.53,"hms_tuple(h=15.0, m=20.0, s=18.85756179766176)","dms_tuple(d=-8.0, m=-41.0, s=-34.01292114366839)",230.078573,15.338572,-8.692781
74809,136580,,15.333976,40.984168,41.0004,0.0,6.9,3.836,F5,0.51,Boo,2.544,125,265.0600588895962,HD136580_TypF5_Mag6.9,"hms_tuple(h=15.0, m=20.0, s=26.884006485977352)","dms_tuple(d=40.0, m=57.0, s=10.945368263203932)",230.112017,15.340801,40.95304
74810,136124,,15.334097,-32.864965,124.2236,0.0,7.88,2.409,F2V,0.408,Lup,9.471,265,629.299802346522,HD136124_TypF2_Mag7.88,"hms_tuple(h=15.0, m=20.0, s=24.849546025993874)","dms_tuple(d=-32.0, m=-53.0, s=-45.64895220467349)",230.10354,15.340236,-32.896014
74812,136882,,15.33475,60.380313,157.4803,0.0,7.62,1.634,F0,0.314,Dra,19.337,217,500.3012827613783,HD136882_TypF0_Mag7.62,"hms_tuple(h=15.0, m=20.0, s=42.6100722992409)","dms_tuple(d=60.0, m=20.0, s=56.90043097871751)",230.177542,15.345169,60.349139
74818,136440,,15.335706,16.185384,77.7001,0.0,7.76,3.308,F6IV-V,0.48,Ser,4.138,242,566.0781270342421,HD136440_TypF6_Mag7.76,"hms_tuple(h=15.0, m=20.0, s=27.86113589398127)","dms_tuple(d=16.0, m=9.0, s=15.431560496811016)",230.116088,15.341073,16.154287
74820,136276,,15.335939,-13.191652,110.1322,0.0,7.94,2.73,F2V,0.408,Lib,7.047,277,663.5111201850515,HD136276_TypF2_Mag7.94,"hms_tuple(h=15.0, m=20.0, s=28.442491725046892)","dms_tuple(d=-13.0, m=-13.0, s=-21.799506462692335)",230.11851,15.341234,-13.222722
74863,136751,,15.344909,44.434376,54.0541,-0.3,6.14,2.476,F4IVs,0.369,Boo,8.904,70,135.5594787266646,HD136751_TypF4_Mag6.14,"hms_tuple(h=15.0, m=21.0, s=7.6464600101724045)","dms_tuple(d=44.0, m=24.0, s=11.673220406519249)",230.28186,15.352124,44.403243
74866,136497,,15.345296,8.913719,67.1592,0.0,7.17,3.034,F5,0.451,Ser,5.326,154,336.35821375838816,HD136497_TypF5_Mag7.17,"hms_tuple(h=15.0, m=21.0, s=1.8475798978529667)","dms_tuple(d=8.0, m=52.0, s=57.462610633602935)",230.257698,15.350513,8.882629
74870,136206,,15.34638,-40.897982,87.108,0.0,7.82,3.12,F8,0.507,Lup,4.92,253,596.8524553483364,HD136206_TypF8_Mag7.82,"hms_tuple(h=15.0, m=21.0, s=11.529472044228015)","dms_tuple(d=-40.0, m=-55.0, s=-44.468779580208206)",230.298039,15.353203,-40.929019
74874,136654,,15.347249,31.480108,43.535,-30.0,6.9,3.706,F5,0.532,CrB,2.868,125,265.0600588895962,HD136654_TypF5_Mag6.9,"hms_tuple(h=15.0, m=21.0, s=11.84838262055564)","dms_tuple(d=31.0, m=26.0, s=56.377500004104206)",230.299368,15.353291,31.448994
74888,136407,,15.350382,-15.548342,56.6572,5.0,6.14,2.374,F2V,0.393,Lib,9.781,70,135.5594787266646,HD136407_TypF2_Mag6.14,"hms_tuple(h=15.0, m=21.0, s=20.639717625005858)","dms_tuple(d=-15.0, m=-34.0, s=-45.8752705189012)",230.335999,15.355733,-15.57941
74917,137000,,15.35748,52.344456,160.2564,0.0,7.67,1.646,F2,0.38,Boo,19.125,226,522.866067770482,HD137000_TypF2_Mag7.67,"hms_tuple(h=15.0, m=21.0, s=57.28202954962583)","dms_tuple(d=52.0, m=18.0, s=47.90204227947015)",230.488675,15.365912,52.313306
74922,137686,,15.358459,73.476639,62.2278,0.0,7.38,3.41,F5,0.422,UMi,3.767,181,404.82672424766696,HD137686_TypF5_Mag7.38,"hms_tuple(h=15.0, m=22.0, s=35.58010053152529)","dms_tuple(d=73.0, m=26.0, s=43.37211973318858)",230.64825,15.37655,73.445381
74928,136544,,15.359096,-6.826607,73.9098,0.0,7.45,3.106,F8,0.475,Lib,4.984,191,430.6173790127683,HD136544_TypF8_Mag7.45,"hms_tuple(h=15.0, m=21.0, s=51.43603754611178)","dms_tuple(d=-6.0, m=-51.0, s=-27.65904928193521)",230.464317,15.364288,-6.857683
74967,136696,,15.3667,5.596584,131.0616,0.0,7.36,1.773,F5,0.523,Ser,17.014,178,397.7458321127074,HD136696_TypF5_Mag7.36,"hms_tuple(h=15.0, m=22.0, s=18.764613410754123)","dms_tuple(d=5.0, m=33.0, s=55.787662101102455)",230.578186,15.371879,5.565497
75102,136762,,15.392439,-34.745581,81.5661,0.0,7.99,3.432,F8/G0V,0.624,Lup,3.691,288,693.4370594020932,HD136762_TypF8_Mag7.99,"hms_tuple(h=15.0, m=23.0, s=55.372477862829044)","dms_tuple(d=-34.0, m=-46.0, s=-35.857615404381136)",230.980719,15.398715,-34.776627
75110,137125,,15.394868,17.866969,181.4882,0.0,7.93,1.636,F0,0.4,Ser,19.302,275,657.682729265769,HD137125_TypF0_Mag7.93,"hms_tuple(h=15.0, m=24.0, s=1.0184291164902959)","dms_tuple(d=17.0, m=50.0, s=9.131532811829857)",231.004243,15.400283,17.83587
75112,137006,,15.395475,-1.022384,51.1247,-2.0,6.11,2.567,F0V,0.264,Ser,8.188,68,132.01843644392628,HD137006_TypF0_Mag6.11,"hms_tuple(h=15.0, m=24.0, s=2.2698594447311393)","dms_tuple(d=-1.0, m=-3.0, s=-12.475383022074809)",231.009458,15.400631,-1.053465
75149,137052,,15.403303,-10.322266,31.2305,-10.0,4.92,2.447,F5IV,0.453,Lib,9.145,27,46.201294366895745,HD137052_TypF5_Mag4.92,"hms_tuple(h=15.0, m=24.0, s=30.754660941391734)","dms_tuple(d=-10.0, m=-21.0, s=-12.019724241696537)",231.128144,15.408543,-10.353339
75164,137184,,15.405512,8.481554,180.8318,0.0,7.05,0.764,F8,0.764,Ser,43.092,141,302.5664825365462,HD137184_TypF8_Mag7.05,"hms_tuple(h=15.0, m=24.0, s=38.60359877468781)","dms_tuple(d=8.0, m=27.0, s=1.6700601849254326)",231.160848,15.410723,8.450464
75181,137391,Alkalurops,15.408181,37.377167,34.6861,-8.6,4.31,1.609,F0V,0.309,Boo,19.788,17,26.972193656161743,HD137391_TypF0_Mag4.31,"hms_tuple(h=15.0, m=24.0, s=52.79379751514014)","dms_tuple(d=37.0, m=20.0, s=45.761447945662326)",231.219974,15.414665,37.346045
75218,137294,,15.413672,10.992832,70.2741,0.0,7.17,2.936,F2,0.448,Ser,5.829,154,336.35821375838816,HD137294_TypF2_Mag7.17,"hms_tuple(h=15.0, m=25.0, s=8.120793833565187)","dms_tuple(d=10.0, m=57.0, s=42.26238594194413)",231.283837,15.418922,10.96174
75242,137055,,15.417574,-32.156196,144.7178,0.0,7.41,1.607,F0V,0.337,Lup,19.824,185,415.6851208955647,HD137055_TypF0_Mag7.41,"hms_tuple(h=15.0, m=25.0, s=25.192982245926032)","dms_tuple(d=-32.0, m=-11.0, s=-14.083821606637912)",231.354971,15.423665,-32.187246
75258,137425,,15.420442,24.816911,92.2509,0.0,7.89,3.065,F2,0.377,Ser,5.176,267,634.876663483802,HD137425_TypF2_Mag7.89,"hms_tuple(h=15.0, m=25.0, s=34.03079057046767)","dms_tuple(d=24.0, m=47.0, s=8.896437081961324)",231.391795,15.42612,24.785805
75291,137373,,15.428998,-1.254421,53.3049,0.0,7.11,3.476,F2,0.427,Ser,3.545,147,319.0152372679894,HD137373_TypF2_Mag7.11,"hms_tuple(h=15.0, m=26.0, s=2.954193918932333)","dms_tuple(d=-1.0, m=-17.0, s=-7.807822089780103)",231.512309,15.434154,-1.285502
75330,137557,,15.435811,18.171181,263.8522,-6.3,7.87,0.763,F8,0.606,Ser,43.132,263,623.771929275639,HD137557_TypF8_Mag7.87,"hms_tuple(h=15.0, m=26.0, s=28.446863821119592)","dms_tuple(d=18.0, m=8.0, s=24.293630478154853)",231.618529,15.441235,18.140082
75365,137870,,15.445451,45.603915,53.7057,0.0,7.16,3.51,F8,0.516,Boo,3.436,153,333.40358783117154,HD137870_TypF8_Mag7.16,"hms_tuple(h=15.0, m=27.0, s=10.133109502651223)","dms_tuple(d=45.0, m=34.0, s=22.005955079177966)",231.792221,15.452815,45.572779
75375,137410,,15.447011,-27.972123,120.048,0.0,7.78,2.383,F7V,0.569,Lib,9.701,245,576.1557641428401,HD137410_TypF7_Mag7.78,"hms_tuple(h=15.0, m=27.0, s=10.257009575310434)","dms_tuple(d=-28.0, m=-0.0, s=-11.439360282912503)",231.792738,15.452849,-28.003178
75406,137722,,15.452921,13.379769,193.7984,0.0,7.68,1.243,F0,0.38,Ser,27.72,227,527.4997120883073,HD137722_TypF0_Mag7.68,"hms_tuple(h=15.0, m=27.0, s=29.587588904571334)","dms_tuple(d=13.0, m=20.0, s=55.227397252031096)",231.873282,15.458219,13.348674
75452,137761,,15.461704,6.101281,196.0784,0.0,7.72,1.258,F8,0.594,Ser,27.34,234,546.4485785781236,HD137761_TypF8_Mag7.72,"hms_tuple(h=15.0, m=28.0, s=0.7957549269190167)","dms_tuple(d=6.0, m=4.0, s=12.695190524232771)",232.003316,15.466888,6.070193
75465,137909,Nusakan,15.463818,29.105703,34.2818,-19.0,3.66,0.985,F0p,0.319,CrB,35.156,10,15.20027068337529,HD137909_TypF0_Mag3.66,"hms_tuple(h=15.0, m=28.0, s=10.977045962550562)","dms_tuple(d=29.0, m=4.0, s=28.529935904749095)",232.045738,15.469716,29.074592
75484,137854,,15.467925,11.861666,123.1527,0.0,6.93,1.478,F0,0.367,Ser,22.325,128,272.1695876893252,HD137854_TypF0_Mag6.93,"hms_tuple(h=15.0, m=28.0, s=23.48945688665694)","dms_tuple(d=11.0, m=49.0, s=50.06182214004781)",232.097873,15.473192,11.830573
75522,138100,,15.475356,38.723741,57.7701,-17.4,6.69,2.881,F0,0.37,Boo,6.132,107,220.23034203703895,HD138100_TypF0_Mag6.69,"hms_tuple(h=15.0, m=28.0, s=55.056699497570065)","dms_tuple(d=38.0, m=41.0, s=33.420734844630715)",232.229403,15.48196,38.692617
75537,138057,,15.478637,27.13853,67.3854,0.0,7.64,3.497,F8,0.47,CrB,3.477,221,509.2079239683959,HD138057_TypF8_Mag7.64,"hms_tuple(h=15.0, m=29.0, s=3.9398491165810867)","dms_tuple(d=27.0, m=6.0, s=26.71542284282623)",232.266416,15.484428,27.107421
75553,138367,,15.481127,57.445179,44.5038,-31.5,6.91,3.668,F6IV-V,0.49,Dra,2.97,126,267.409023780344,HD138367_TypF6_Mag6.91,"hms_tuple(h=15.0, m=29.0, s=26.513108838580592)","dms_tuple(d=57.0, m=24.0, s=50.45412656402334)",232.360471,15.490698,57.414015
75589,137785,,15.488688,-38.634999,60.5327,0.0,6.44,2.53,F2V,0.351,Lup,8.472,88,176.63751357336122,HD137785_TypF2_Mag6.44,"hms_tuple(h=15.0, m=29.0, s=43.04307229237011)","dms_tuple(d=-38.0, m=-39.0, s=-57.742551120106214)",232.429346,15.49529,-38.66604
75632,138246,,15.495721,35.175236,61.0874,0.0,7.96,4.03,F8,0.503,Boo,2.128,282,675.323313533301,HD138246_TypF8_Mag7.96,"hms_tuple(h=15.0, m=30.0, s=7.289219212916009)","dms_tuple(d=35.0, m=8.0, s=38.82094855846219)",232.530372,15.502025,35.144117
75639,140363,,15.497421,82.263616,69.541,0.0,6.93,2.719,F0,0.378,UMi,7.119,128,272.1695876893252,HD140363_TypF0_Mag6.93,"hms_tuple(h=15.0, m=32.0, s=8.012730368344307)","dms_tuple(d=82.0, m=13.0, s=55.74430126208199)",233.033386,15.535559,82.232151
75663,138339,,15.501538,39.909049,70.2741,0.0,7.63,3.396,F8,0.554,Boo,3.816,219,504.73495772895257,HD138339_TypF8_Mag7.63,"hms_tuple(h=15.0, m=30.0, s=29.717709485463217)","dms_tuple(d=39.0, m=52.0, s=40.52304850241228)",232.623824,15.508255,39.877923
75739,138290,,15.515398,8.579092,50.6329,-1.0,6.57,3.048,F4Vw,0.38,Ser,5.258,97,198.10522595363804,HD138290_TypF4_Mag6.57,"hms_tuple(h=15.0, m=31.0, s=14.197971951733166)","dms_tuple(d=8.0, m=32.0, s=52.806533316537525)",232.809158,15.520611,8.548002
75754,138089,,15.517669,-35.639781,115.4734,0.0,7.95,2.638,F0V,0.272,Lup,7.67,280,669.391162362906,HD138089_TypF0_Mag7.95,"hms_tuple(h=15.0, m=31.0, s=26.450804601795994)","dms_tuple(d=-35.0, m=-40.0, s=-14.973222824275467)",232.860212,15.524014,-35.670826
75771,138253,,15.522066,-12.985306,90.7441,0.0,7.71,2.921,F5V,0.574,Lib,5.91,233,541.648484297334,HD138253_TypF5_Mag7.71,"hms_tuple(h=15.0, m=31.0, s=38.48369824949472)","dms_tuple(d=-13.0, m=-0.0, s=-58.9546196052936)",232.910349,15.527357,-13.016376
75774,138525,,15.522863,36.616599,74.7943,-50.0,6.39,2.021,F6III,0.529,CrB,13.539,85,169.01455281149524,HD138525_TypF6_Mag6.39,"hms_tuple(h=15.0, m=31.0, s=45.41695176189165)","dms_tuple(d=36.0, m=35.0, s=7.720553426275956)",232.939237,15.529282,36.585478
75807,138482,,15.529263,20.377422,120.919,0.0,7.75,2.338,F2,0.471,Ser,10.111,240,561.1056035680328,HD138482_TypF2_Mag7.75,"hms_tuple(h=15.0, m=32.0, s=5.1383548255134315)","dms_tuple(d=20.0, m=20.0, s=46.75311579409538)",233.02141,15.534761,20.34632
75808,138868,,15.529444,59.720432,87.26,0.0,7.92,3.216,F8,0.516,Dra,4.504,273,651.9055358919003,HD138868_TypF8_Mag7.92,"hms_tuple(h=15.0, m=32.0, s=22.767028309977206)","dms_tuple(d=59.0, m=41.0, s=21.33749432841455)",233.094863,15.539658,59.68926
75901,138486,,15.549973,-17.246992,140.647,0.0,7.84,2.099,F3IV/V,0.448,Lib,12.601,257,607.4779541357369,HD138486_TypF3_Mag7.84,"hms_tuple(h=15.0, m=33.0, s=19.336475025693716)","dms_tuple(d=-17.0, m=-16.0, s=-41.009217694965514)",233.330569,15.555371,-17.278058
75952,138750,,15.561179,9.35347,116.144,0.0,7.92,2.595,F8,0.574,Ser,7.98,273,651.9055358919003,HD138750_TypF8_Mag7.92,"hms_tuple(h=15.0, m=33.0, s=59.04949034475251)","dms_tuple(d=9.0, m=19.0, s=20.564732124317544)",233.49604,15.566403,9.322379
75965,138803,,15.564641,17.137359,64.3087,-21.0,6.49,2.449,F3III,0.341,Ser,9.129,92,184.60428810635165,HD138803_TypF3_Mag6.49,"hms_tuple(h=15.0, m=34.0, s=12.123254345930548)","dms_tuple(d=17.0, m=6.0, s=22.538161435749657)",233.550514,15.570034,17.106261
75976,138686,,15.567634,-14.229524,196.8504,0.0,7.25,0.779,F5III,0.495,Lib,42.501,164,360.95759541392204,HD138686_TypF5_Mag7.25,"hms_tuple(h=15.0, m=34.0, s=22.62912159856313)","dms_tuple(d=-14.0, m=-15.0, s=-38.13510076169422)",233.594288,15.572953,-14.260593
76000,138763,,15.572447,-5.695094,25.5624,-38.0,6.52,4.482,F7V,0.577,Lib,1.403,94,189.555805541093,HD138763_TypF7_Mag6.52,"hms_tuple(h=15.0, m=34.0, s=39.45898296219909)","dms_tuple(d=-5.0, m=-43.0, s=-34.216003584397754)",233.664412,15.577627,-5.726171
76043,138917,,15.580041,10.538867,69.9301,-38.0,3.8,-0.423,F0IV,0.268,Ser,128.588,11,17.19871816311646,HD138917_TypF0_Mag3.8,"hms_tuple(h=15.0, m=35.0, s=7.020823300063483)","dms_tuple(d=10.0, m=30.0, s=27.989927525335645)",233.779253,15.585284,10.507775
76058,138936,,15.584606,1.669219,56.4016,-20.0,6.55,2.794,F0III,0.281,Ser,6.644,96,194.64013421851007,HD138936_TypF0_Mag6.55,"hms_tuple(h=15.0, m=35.0, s=23.14590941029735)","dms_tuple(d=1.0, m=38.0, s=17.286592085389145)",233.846441,15.589763,1.638135
76081,138886,,15.58861,-12.507396,166.6667,0.0,7.87,1.761,F5V,0.539,Lib,17.203,263,623.771929275639,HD138886_TypF5_Mag7.87,"hms_tuple(h=15.0, m=35.0, s=38.00610457582252)","dms_tuple(d=-12.0, m=-32.0, s=-18.48026676720906)",233.908359,15.593891,-12.538467
76092,138741,,15.591133,-41.504874,86.2069,0.0,7.44,2.762,F5V,0.478,Lup,6.842,189,426.83476505925523,HD138741_TypF5_Mag7.44,"hms_tuple(h=15.0, m=35.0, s=52.86935215442199)","dms_tuple(d=-41.0, m=-32.0, s=-9.276461963451084)",233.970289,15.598019,-41.53591
76131,139044,,15.596901,1.227507,78.8022,0.0,6.7,2.217,F0,0.325,Ser,11.303,108,222.1820255290352,HD139044_TypF0_Mag6.7,"hms_tuple(h=15.0, m=36.0, s=7.404368806013792)","dms_tuple(d=1.0, m=11.0, s=47.12484090509857)",234.030852,15.602057,1.196424
76133,139086,,15.597505,12.916326,68.2594,0.0,7.59,3.419,F8,0.591,Ser,3.736,212,487.2325692121131,HD139086_TypF8_Mag7.59,"hms_tuple(h=15.0, m=36.0, s=10.054075666575244)","dms_tuple(d=12.0, m=53.0, s=6.834198909654248)",234.041892,15.602793,12.885232
76149,139478,,15.601162,52.069815,58.8928,-16.0,6.7,2.85,F4IIIp,0.329,Boo,6.31,108,222.1820255290352,HD139478_TypF4_Mag6.7,"hms_tuple(h=15.0, m=36.0, s=34.350392595058)","dms_tuple(d=52.0, m=2.0, s=19.196836254041045)",234.143127,15.609542,52.038666
76189,139225,,15.608121,16.119085,52.0562,-2.0,5.93,2.348,F3V,0.354,Ser,10.018,60,112.63224829649297,HD139225_TypF3_Mag5.93,"hms_tuple(h=15.0, m=36.0, s=48.54867550685228)","dms_tuple(d=16.0, m=5.0, s=16.755395979865284)",234.202286,15.613486,16.087988
76196,139061,,15.609972,-17.015188,76.2195,0.0,7.74,3.33,F3/F5V,0.412,Lib,4.055,238,556.1767595666211,HD139061_TypF3_Mag7.74,"hms_tuple(h=15.0, m=36.0, s=55.30860896859849)","dms_tuple(d=-17.0, m=-2.0, s=-46.51565001752715)",234.230453,15.615364,-17.046254
76221,139389,,15.614839,29.991182,36.7782,-13.0,6.46,3.632,F5V:,0.433,CrB,3.07,90,179.78211266056408,HD139389_TypF5_Mag6.46,"hms_tuple(h=15.0, m=37.0, s=14.83924644656895)","dms_tuple(d=29.0, m=57.0, s=36.25050273845318)",234.31183,15.620789,29.96007
76256,139375,,15.623215,12.301634,116.9591,0.0,7.12,1.78,F0,0.408,Ser,16.904,148,321.8423534887257,HD139375_TypF0_Mag7.12,"hms_tuple(h=15.0, m=37.0, s=42.56456241454771)","dms_tuple(d=12.0, m=16.0, s=13.945114195994677)",234.427352,15.62849,12.27054
76292,139343,,15.629322,-3.605245,97.9432,0.0,8.0,3.045,F8,0.559,Ser,5.272,290,699.5823055523535,HD139343_TypF8_Mag8.0,"hms_tuple(h=15.0, m=38.0, s=4.153357609899615)","dms_tuple(d=-3.0, m=-38.0, s=-10.766500796572984)",234.517306,15.634487,-3.636324
76299,139184,,15.630918,-31.252081,89.6861,0.0,7.49,2.726,F3/F5V,0.471,Lup,7.073,197,446.0860343240754,HD139184_TypF3_Mag7.49,"hms_tuple(h=15.0, m=38.0, s=13.018431435574911)","dms_tuple(d=-31.0, m=-16.0, s=-59.27391905717997)",234.554243,15.63695,-31.283132
76301,139569,,15.631586,30.102974,75.8725,-23.9,7.89,3.49,F8...,0.591,CrB,3.499,267,634.876663483802,HD139569_TypF8_Mag7.89,"hms_tuple(h=15.0, m=38.0, s=15.152603712313777)","dms_tuple(d=30.0, m=4.0, s=18.70121397719572)",234.563136,15.637542,30.071861
76307,139457,,15.633114,10.239876,44.9236,38.1,7.07,3.808,F8V,0.531,Ser,2.611,143,307.9529390460096,HD139457_TypF8_Mag7.07,"hms_tuple(h=15.0, m=38.0, s=18.06563010896454)","dms_tuple(d=10.0, m=12.0, s=31.623340360441006)",234.575273,15.638352,10.208784
76309,139327,,15.633301,-14.530401,92.2509,0.0,7.39,2.565,F0V,0.387,Lib,8.204,182,408.41430272357115,HD139327_TypF0_Mag7.39,"hms_tuple(h=15.0, m=38.0, s=19.0561753146892)","dms_tuple(d=-14.0, m=-33.0, s=-41.29124936512383)",234.579401,15.638627,-14.56147
76327,139691,,15.636922,36.24683,110.2536,-29.0,7.07,1.858,F5,1.7,CrB,15.733,143,307.9529390460096,HD139691_TypF5_Mag7.07,"hms_tuple(h=15.0, m=38.0, s=35.91965036108718)","dms_tuple(d=36.0, m=12.0, s=56.55402441545789)",234.649665,15.643311,36.215709
76332,139798,,15.637833,46.797751,35.7015,-2.0,5.76,2.997,F2V,0.353,Boo,5.511,52,96.94439175940381,HD139798_TypF2_Mag5.76,"hms_tuple(h=15.0, m=38.0, s=43.29003150731168)","dms_tuple(d=46.0, m=45.0, s=59.8073939865543)",234.680375,15.645358,46.766613
76346,139364,,15.640379,-19.91318,47.5737,0.0,6.65,3.263,F3V,0.448,Lib,4.313,104,212.59354781364726,HD139364_TypF3_Mag6.65,"hms_tuple(h=15.0, m=38.0, s=45.1050695914806)","dms_tuple(d=-19.0, m=-56.0, s=-39.276284497786094)",234.687938,15.645863,-19.944243
76366,139460,,15.64443,-8.794714,24.3962,4.0,6.56,4.623,F6IV-V,0.52,Lib,1.233,97,196.3650370330839,HD139460_TypF6_Mag6.56,"hms_tuple(h=15.0, m=38.0, s=58.72707757858649)","dms_tuple(d=-8.0, m=-49.0, s=-32.83767479735204)",234.744696,15.649646,-8.825788
76367,139461,,15.644467,-8.79149,26.6241,0.0,6.45,4.324,F6V,0.505,Lib,1.623,89,178.20287698386963,HD139461_TypF6_Mag6.45,"hms_tuple(h=15.0, m=38.0, s=58.86011353886332)","dms_tuple(d=-8.0, m=-49.0, s=-21.23128562027418)",234.74525,15.649683,-8.822564
76368,140412,,15.644823,68.822007,57.5705,0.0,7.45,3.649,F5,0.455,UMi,3.023,191,430.6173790127683,HD140412_TypF5_Mag7.45,"hms_tuple(h=15.0, m=39.0, s=32.65652975667791)","dms_tuple(d=68.0, m=47.0, s=26.844776677517075)",234.886069,15.659071,68.79079
76379,139643,,15.645823,15.414346,113.8952,0.0,7.97,2.687,F5,0.454,Ser,7.332,284,681.3080354866522,HD139643_TypF5_Mag7.97,"hms_tuple(h=15.0, m=39.0, s=4.209058483320263)","dms_tuple(d=15.0, m=22.0, s=59.69748953971987)",234.767538,15.651169,15.383249
76458,141652,,15.66075,79.983216,120.048,-32.1,6.89,1.493,F2,0.392,UMi,22.019,124,262.73172769318006,HD141652_TypF2_Mag6.89,"hms_tuple(h=15.0, m=41.0, s=25.05795915077954)","dms_tuple(d=79.0, m=57.0, s=6.621206906258976)",235.354408,15.690294,79.951839
76477,139628,,15.665137,-19.769141,57.2082,0.0,6.88,3.093,F3V,0.43,Lib,5.044,123,260.4238489413245,HD139628_TypF3_Mag6.88,"hms_tuple(h=15.0, m=40.0, s=14.215940162416985)","dms_tuple(d=-19.0, m=-48.0, s=-0.7364183406974689)",235.059233,15.670616,-19.800205
76508,140138,,15.671583,44.83101,72.6216,0.0,7.54,3.235,F2,0.451,Boo,4.426,204,466.20558189854603,HD140138_TypF2_Mag7.54,"hms_tuple(h=15.0, m=40.0, s=43.850791642744724)","dms_tuple(d=44.0, m=47.0, s=59.55305571161375)",235.182712,15.678847,44.799876
76511,140208,,15.672106,48.05491,63.3714,0.0,7.78,3.771,F5,0.493,Boo,2.701,245,576.1557641428401,HD140208_TypF5_Mag7.78,"hms_tuple(h=15.0, m=40.0, s=47.32698279427012)","dms_tuple(d=48.0, m=1.0, s=25.570799436533207)",235.197196,15.679813,48.02377
76514,140139,,15.672619,43.846373,73.2601,-23.0,7.16,2.836,F0,0.325,Boo,6.391,153,333.40358783117154,HD140139_TypF0_Mag7.16,"hms_tuple(h=15.0, m=40.0, s=47.14533782779071)","dms_tuple(d=43.0, m=48.0, s=54.866159235872374)",235.196439,15.679763,43.815241
76545,139731,,15.677173,-25.592517,94.2507,0.0,7.96,3.089,F0V,0.408,Lib,5.063,282,675.323313533301,HD139731_TypF0_Mag7.96,"hms_tuple(h=15.0, m=40.0, s=58.40354370299181)","dms_tuple(d=-25.0, m=-37.0, s=-24.86755574938286)",235.243348,15.68289,-25.623574
76587,139677,,15.685254,-39.982789,117.2333,0.0,6.51,1.165,F5V,0.446,Lup,29.785,93,187.8907161370077,HD139677_TypF5_Mag6.51,"hms_tuple(h=15.0, m=41.0, s=31.14339300079095)","dms_tuple(d=-40.0, m=-0.0, s=-49.77916386228571)",235.379764,15.691984,-40.013828
76592,139664,,15.686505,-44.661205,17.4368,-5.4,4.64,3.433,F5IV-V,0.413,Lup,3.688,22,36.0881506505888,HD139664_TypF5_Mag4.64,"hms_tuple(h=15.0, m=41.0, s=37.52133938314245)","dms_tuple(d=-44.0, m=-41.0, s=-32.048628520032594)",235.406339,15.693756,-44.692236
76637,139941,,15.698107,-23.272062,159.2357,-23.7,7.92,1.91,F3/F5V,0.594,Lib,14.997,273,651.9055358919003,HD139941_TypF3_Mag7.92,"hms_tuple(h=15.0, m=42.0, s=13.390145280615968)","dms_tuple(d=-23.0, m=-18.0, s=-11.238738606817549)",235.555792,15.703719,-23.303122
76673,140254,,15.704409,9.650835,97.561,0.0,7.69,2.744,F5,0.417,Ser,6.957,229,532.1744198083834,HD140254_TypF5_Mag7.69,"hms_tuple(h=15.0, m=42.0, s=34.693779126132114)","dms_tuple(d=9.0, m=37.0, s=11.07773023566267)",235.644557,15.709637,9.619744
76689,140320,,15.707472,18.216088,71.582,0.0,7.89,3.616,F5,0.45,Ser,3.116,267,634.876663483802,HD140320_TypF5_Mag7.89,"hms_tuple(h=15.0, m=42.0, s=46.4314853999457)","dms_tuple(d=18.0, m=11.0, s=5.958667430986395)",235.693465,15.712898,18.184989
76699,140612,,15.710536,45.762053,101.4199,-26.6,7.01,1.979,F0,0.368,Boo,14.073,136,292.07456782282145,HD140612_TypF0_Mag7.01,"hms_tuple(h=15.0, m=43.0, s=4.514066394458354)","dms_tuple(d=45.0, m=43.0, s=51.30169419017932)",235.768809,15.717921,45.730917
76717,140164,,15.712876,-16.013694,64.1437,0.0,7.05,3.014,F7V,0.519,Lib,5.425,141,302.5664825365462,HD140164_TypF7_Mag7.05,"hms_tuple(h=15.0, m=43.0, s=5.662479642469691)","dms_tuple(d=-16.0, m=-2.0, s=-41.140822748460266)",235.773594,15.71824,-16.044761
76736,142297,,15.717112,80.122941,122.6994,0.0,8.0,2.556,F0,0.276,UMi,8.272,290,699.5823055523535,HD142297_TypF0_Mag8.0,"hms_tuple(h=15.0, m=44.0, s=49.44566422567206)","dms_tuple(d=80.0, m=5.0, s=29.615951068956292)",236.206024,15.747068,80.09156
76751,140192,,15.719878,-25.415585,126.2626,0.0,7.11,1.604,F0V,0.406,Lib,19.879,147,319.0152372679894,HD140192_TypF0_Mag7.11,"hms_tuple(h=15.0, m=43.0, s=32.111204414328824)","dms_tuple(d=-25.0, m=-26.0, s=-47.913068096732445)",235.883797,15.725586,-25.446643
76756,140571,,15.720654,31.384581,68.8705,0.0,7.26,3.07,F8,0.455,CrB,5.152,165,364.156405231697,HD140571_TypF8_Mag7.26,"hms_tuple(h=15.0, m=43.0, s=36.08425581708133)","dms_tuple(d=31.0, m=21.0, s=12.480729823801937)",235.900351,15.72669,31.353467
76782,140370,,15.725762,-10.123595,59.312,0.0,7.77,3.904,F5,0.498,Lib,2.39,244,571.094717053101,HD140370_TypF5_Mag7.77,"hms_tuple(h=15.0, m=43.0, s=51.59523191533964)","dms_tuple(d=-10.0, m=-9.0, s=-16.804796795526613)",235.96498,15.730999,-10.154668
76784,140572,,15.725852,22.920501,64.0205,0.0,7.22,3.188,F8V,0.521,Ser,4.622,160,351.52877406079745,HD140572_TypF8_Mag7.22,"hms_tuple(h=15.0, m=43.0, s=53.21002143156022)","dms_tuple(d=22.0, m=53.0, s=21.827868130712318)",235.971708,15.731447,22.889397
76796,140399,,15.729164,-9.315432,80.4505,0.0,7.67,3.142,F0,0.389,Lib,4.822,226,522.866067770482,HD140399_TypF0_Mag7.67,"hms_tuple(h=15.0, m=44.0, s=3.796792004389573)","dms_tuple(d=-9.0, m=-20.0, s=-47.42072422106176)",236.01582,15.734388,-9.346506
76857,140614,,15.741729,3.370041,59.2417,0.0,7.26,3.397,F5,0.415,Ser,3.812,165,364.156405231697,HD140614_TypF5_Mag7.26,"hms_tuple(h=15.0, m=44.0, s=48.81267693567736)","dms_tuple(d=3.0, m=20.0, s=20.240205869662447)",236.203386,15.746892,3.338956
76873,141173,,15.745021,58.433645,68.7285,-19.4,7.36,3.174,F0,0.381,Dra,4.682,178,397.7458321127074,HD141173_TypF0_Mag7.36,"hms_tuple(h=15.0, m=45.0, s=17.49266293852756)","dms_tuple(d=58.0, m=24.0, s=8.920244473387697)",236.322886,15.754859,58.402478
76892,140812,,15.748849,21.444392,57.8704,-27.5,7.49,3.678,F5V,0.451,Ser,2.943,197,446.0860343240754,HD140812_TypF5_Mag7.49,"hms_tuple(h=15.0, m=45.0, s=15.789050963645224)","dms_tuple(d=21.0, m=24.0, s=47.84110918695802)",236.315788,15.754386,21.413289
76955,141336,,15.761966,57.262998,114.1553,0.0,7.79,2.503,F5,0.471,Dra,8.686,247,581.2616622824664,HD141336_TypF5_Mag7.79,"hms_tuple(h=15.0, m=46.0, s=17.36312674434984)","dms_tuple(d=57.0, m=13.0, s=54.60457527839935)",236.572346,15.77149,57.231835
76963,141398,,15.763301,59.31213,173.0104,0.0,7.82,1.63,F2,0.45,Dra,19.409,253,596.8524553483364,HD141398_TypF2_Mag7.82,"hms_tuple(h=15.0, m=46.0, s=24.210338970567733)","dms_tuple(d=59.0, m=16.0, s=51.45548574852455)",236.600876,15.773392,59.28096
76966,140721,,15.764012,-16.950743,66.0939,0.0,7.67,3.569,F5/F6V,0.478,Lib,3.254,226,522.866067770482,HD140721_TypF5_Mag7.67,"hms_tuple(h=15.0, m=46.0, s=9.84592978519757)","dms_tuple(d=-16.0, m=-58.0, s=-54.5138810478673)",236.541025,15.769402,-16.981809
76998,140722,,15.770238,-28.061481,71.1238,-21.0,6.49,2.23,F0V,0.332,Lib,11.169,92,184.60428810635165,HD140722_TypF0_Mag6.49,"hms_tuple(h=15.0, m=46.0, s=33.891680639423214)","dms_tuple(d=-28.0, m=-5.0, s=-33.12778422291274)",236.641215,15.776081,-28.092535
77016,141186,,15.773477,36.445999,80.1925,0.0,7.56,3.039,F5,0.495,CrB,5.302,208,474.5052325085976,HD141186_TypF5_Mag7.56,"hms_tuple(h=15.0, m=46.0, s=47.57648983201307)","dms_tuple(d=36.0, m=24.0, s=53.561418855910006)",236.698235,15.779882,36.414878
77053,142006,,15.780282,70.374182,56.338,0.0,7.76,4.006,F8,0.49,UMi,2.176,242,566.0781270342421,HD142006_TypF8_Mag7.76,"hms_tuple(h=15.0, m=47.0, s=44.179746423019424)","dms_tuple(d=70.0, m=20.0, s=34.632972843849075)",236.934082,15.795605,70.342954
77098,141103,,15.78808,-0.269915,48.6618,0.0,6.94,3.504,F5,0.512,Ser,3.455,129,274.581557295345,HD141103_TypF5_Mag6.94,"hms_tuple(h=15.0, m=47.0, s=35.64497841570173)","dms_tuple(d=-0.0, m=-18.0, s=-3.5894499858075335)",236.898521,15.793235,-0.300997
77116,141730,,15.79056,59.485745,308.642,0.0,7.84,0.393,F5,0.73,Dra,60.646,257,607.4779541357369,HD141730_TypF5_Mag7.84,"hms_tuple(h=15.0, m=48.0, s=2.529104630729222)","dms_tuple(d=59.0, m=27.0, s=16.46729361875032)",237.010538,15.800703,59.454574
77135,141128,,15.793917,-9.480442,49.2368,0.0,7.0,3.539,F5,0.468,Lib,3.345,135,289.50893673230235,HD141128_TypF5_Mag7.0,"hms_tuple(h=15.0, m=47.0, s=56.91658876547791)","dms_tuple(d=-9.0, m=-30.0, s=-41.456168402517335)",236.987152,15.799143,-9.511516
77136,141352,,15.794658,28.469454,84.9618,0.0,7.43,2.784,F6V,0.471,CrB,6.705,188,423.08537820947436,HD141352_TypF6_Mag7.43,"hms_tuple(h=15.0, m=48.0, s=1.872051708776894)","dms_tuple(d=28.0, m=26.0, s=18.03624964438427)",237.0078,15.80052,28.438343
77159,140973,,15.800407,-37.675455,120.7729,0.0,7.47,2.06,F6II,0.375,Lup,13.062,194,438.2834686761904,HD140973_TypF6_Mag7.47,"hms_tuple(h=15.0, m=48.0, s=24.92045825852827)","dms_tuple(d=-37.0, m=-42.0, s=-23.389242676207118)",237.103835,15.806922,-37.706497
77190,141107,,15.806275,-28.789124,66.4011,0.0,7.68,3.569,F2V,0.429,Sco,3.254,227,527.4997120883073,HD141107_TypF2_Mag7.68,"hms_tuple(h=15.0, m=48.0, s=43.77016328860577)","dms_tuple(d=-28.0, m=-49.0, s=-12.639498331014067)",237.182376,15.812158,-28.820178
77222,141529,,15.814747,23.241543,52.7148,0.0,7.82,4.21,F8,0.546,Ser,1.803,253,596.8524553483364,HD141529_TypF8_Mag7.82,"hms_tuple(h=15.0, m=49.0, s=13.280103325562322)","dms_tuple(d=23.0, m=12.0, s=37.57782521889823)",237.305334,15.820356,23.210438
77245,142089,,15.821012,60.527377,94.0734,0.0,7.92,3.053,F5,0.526,Dra,5.234,273,651.9055358919003,HD142089_TypF5_Mag7.92,"hms_tuple(h=15.0, m=49.0, s=53.32329461086886)","dms_tuple(d=60.0, m=29.0, s=46.32885232283627)",237.47218,15.831479,60.496202
77253,141530,,15.822262,10.081381,171.8213,0.0,7.83,1.655,F0,0.379,Ser,18.967,255,602.141767772257,HD141530_TypF0_Mag7.83,"hms_tuple(h=15.0, m=49.0, s=38.9891138268807)","dms_tuple(d=10.0, m=3.0, s=1.041876488752962)",237.412455,15.827497,10.050289
77297,141465,,15.831193,-17.901946,44.0335,4.4,6.82,3.601,F3V,0.407,Lib,3.159,118,246.99612663521023,HD141465_TypF3_Mag6.82,"hms_tuple(h=15.0, m=50.0, s=11.799097086517918)","dms_tuple(d=-17.0, m=-55.0, s=-58.841254545110644)",237.549163,15.836611,-17.933011
77299,141692,,15.831398,14.065665,104.2753,0.0,7.54,2.449,F8,0.584,Ser,9.129,204,466.20558189854603,HD141692_TypF8_Mag7.54,"hms_tuple(h=15.0, m=50.0, s=12.16049224658775)","dms_tuple(d=14.0, m=2.0, s=4.450615419915778)",237.550669,15.836711,14.03457
77317,141515,,15.834219,-18.142758,83.8926,0.0,7.62,3.001,F2V,0.423,Lib,5.49,217,500.3012827613783,HD141515_TypF2_Mag7.62,"hms_tuple(h=15.0, m=50.0, s=22.719435513280928)","dms_tuple(d=-18.0, m=-10.0, s=-25.76358129809364)",237.594664,15.839644,-18.173823
77337,141296,,15.837862,-45.401714,45.2694,2.0,6.11,2.831,F0V,0.299,Nor,6.421,68,132.01843644392628,HD141296_TypF0_Mag6.11,"hms_tuple(h=15.0, m=50.0, s=42.74685249288268)","dms_tuple(d=-45.0, m=-25.0, s=-57.876162875362525)",237.678112,15.845207,-45.432743
77373,141597,,15.844403,-23.258187,54.5554,0.0,7.46,3.776,F5/F6V,0.495,Sco,2.689,192,434.43351452893916,HD141597_TypF5_Mag7.46,"hms_tuple(h=15.0, m=51.0, s=0.05363855359107106)","dms_tuple(d=-23.0, m=-17.0, s=-21.288792521608286)",237.750223,15.850015,-23.289247
77395,142108,,15.849241,42.565409,115.4734,-1.0,7.39,2.078,F5,0.486,Her,12.847,182,408.41430272357115,HD142108_TypF5_Mag7.39,"hms_tuple(h=15.0, m=51.0, s=22.45067324186337)","dms_tuple(d=42.0, m=32.0, s=3.403655712621685)",237.843544,15.856236,42.534279
77403,141972,,15.851286,22.317619,113.3787,0.0,7.86,2.587,F0,0.457,Ser,8.039,261,618.2926139519136,HD141972_TypF0_Mag7.86,"hms_tuple(h=15.0, m=51.0, s=24.684439912805942)","dms_tuple(d=22.0, m=17.0, s=11.45498642457909)",237.852852,15.856857,22.286515
77405,141683,,15.851448,-22.626633,87.5657,0.0,7.69,2.978,F7V,0.546,Sco,5.608,229,532.1744198083834,HD141683_TypF7_Mag7.69,"hms_tuple(h=15.0, m=51.0, s=25.321453161535032)","dms_tuple(d=-22.0, m=-39.0, s=-27.69683483702238)",237.855506,15.857034,-22.657694
77471,141898,,15.865827,-12.537548,330.033,0.0,7.48,-0.113,F5V,0.631,Lib,96.65,195,442.16754115556887,HD141898_TypF5_Mag7.48,"hms_tuple(h=15.0, m=52.0, s=15.989532371448263)","dms_tuple(d=-12.0, m=-34.0, s=-7.02736302855044)",238.066623,15.871108,-12.568619
77494,141815,,15.870538,-34.121818,77.5194,0.0,7.64,3.193,F7V+...,0.542,Lup,4.6,221,509.2079239683959,HD141815_TypF7_Mag7.64,"hms_tuple(h=15.0, m=52.0, s=36.36068817495712)","dms_tuple(d=-34.0, m=-9.0, s=-10.313823438662553)",238.151503,15.876767,-34.152865
77523,142373,,15.877903,42.451518,15.8932,-56.4,4.6,3.594,F9V,0.563,Her,3.18,21,34.83674370151837,HD142373_TypF9_Mag4.6,"hms_tuple(h=15.0, m=53.0, s=5.588081423483686)","dms_tuple(d=42.0, m=25.0, s=13.396742023397223)",238.273284,15.884886,42.420388
77572,142131,,15.888248,-14.716809,99.108,0.0,7.78,2.799,F7V,0.581,Lib,6.613,245,576.1557641428401,HD142131_TypF7_Mag7.78,"hms_tuple(h=15.0, m=53.0, s=36.88169375421538)","dms_tuple(d=-14.0, m=-44.0, s=-52.35939653699674)",238.403674,15.893578,-14.747878
77579,142197,,15.88963,-3.029161,53.7924,0.0,7.4,3.746,F5,0.471,Ser,2.764,184,412.0336743557815,HD142197_TypF5_Mag7.4,"hms_tuple(h=15.0, m=53.0, s=41.25122283855276)","dms_tuple(d=-3.0, m=-3.0, s=-36.86599567227969)",238.42188,15.894792,-3.060241
77598,142357,,15.893019,16.074933,94.7867,2.0,6.21,1.326,F5II-III,0.413,Ser,25.68,74,144.19568653254458,HD142357_TypF5_Mag6.21,"hms_tuple(h=15.0, m=53.0, s=54.17718992859875)","dms_tuple(d=16.0, m=2.0, s=37.80835271325486)",238.475738,15.898383,16.043836
77601,143105,,15.893488,68.720113,48.6618,0.0,6.76,3.324,F5,0.544,Dra,4.078,113,234.26075154331102,HD143105_TypF5_Mag6.76,"hms_tuple(h=15.0, m=54.0, s=27.61661590691901)","dms_tuple(d=68.0, m=41.0, s=20.028917042818648)",238.615069,15.907671,68.688897
77680,142535,,15.912317,9.250135,61.6143,0.0,7.96,4.012,F8,0.579,Ser,2.164,282,675.323313533301,HD142535_TypF8_Mag7.96,"hms_tuple(h=15.0, m=55.0, s=3.1407550582855492)","dms_tuple(d=9.0, m=13.0, s=8.559079880517544)",238.763086,15.917539,9.219044
77721,142254,,15.921099,-42.605126,45.106,-17.0,6.68,3.409,F0V,0.402,Nor,3.771,106,218.29580245415895,HD142254_TypF0_Mag6.68,"hms_tuple(h=15.0, m=55.0, s=41.180662716455174)","dms_tuple(d=-42.0, m=-38.0, s=-10.177112966424033)",238.921586,15.928106,-42.63616
77765,142456,,15.928312,-26.747217,75.5287,0.0,7.33,2.939,F7V,0.498,Sco,5.813,174,387.3560399526628,HD142456_TypF7_Mag7.33,"hms_tuple(h=15.0, m=56.0, s=2.7090682553891554)","dms_tuple(d=-26.0, m=-46.0, s=-41.78285384626662)",239.011288,15.934086,-26.778273
77773,142556,,15.929492,-15.15929,62.6174,0.0,7.78,3.797,F6V,0.526,Lib,2.638,245,576.1557641428401,HD142556_TypF6_Mag7.78,"hms_tuple(h=15.0, m=56.0, s=5.399756959399014)","dms_tuple(d=-15.0, m=-11.0, s=-25.289442391675152)",239.022499,15.934833,-15.190358
77775,142908,,15.929884,37.946958,41.5628,-11.6,5.43,2.336,F0IV,0.352,CrB,10.13,41,72.45599625567901,HD142908_TypF0_Mag5.43,"hms_tuple(h=15.0, m=56.0, s=11.104252970773985)","dms_tuple(d=37.0, m=54.0, s=57.0060699342838)",239.046268,15.936418,37.915835
77811,142978,,15.935303,39.429395,79.1139,0.0,7.85,3.359,F2,0.412,CrB,3.948,259,612.8614298360975,HD142978_TypF2_Mag7.85,"hms_tuple(h=15.0, m=56.0, s=31.104595325606397)","dms_tuple(d=39.0, m=23.0, s=53.77129981585938)",239.129602,15.941973,39.39827
77821,142542,,15.937229,-31.785882,51.8403,18.0,6.29,2.717,F3/F5V,0.462,Lup,7.132,79,154.74136248456367,HD142542_TypF3_Mag6.29,"hms_tuple(h=15.0, m=56.0, s=35.862599385811365)","dms_tuple(d=-31.0, m=-49.0, s=-0.9551095564737011)",239.149427,15.943295,-31.816932
77822,142640,,15.937342,-14.399402,61.8047,-6.0,6.32,2.365,F6V,0.485,Lib,9.863,80,158.89188662502437,HD142640_TypF6_Mag6.32,"hms_tuple(h=15.0, m=56.0, s=33.592445324398454)","dms_tuple(d=-14.0, m=-25.0, s=-49.69530748220379)",239.139969,15.942665,-14.430471
77835,142860,,15.940882,15.661617,11.2537,6.6,3.85,3.594,F6V,0.478,Ser,3.18,12,17.974421506591604,HD142860_TypF6_Mag3.85,"hms_tuple(h=15.0, m=56.0, s=46.44451790456699)","dms_tuple(d=15.0, m=37.0, s=49.87221659009535)",239.193519,15.946235,15.63052
77860,142910,,15.945979,12.477928,96.2464,0.0,6.94,2.023,F2,0.407,Ser,13.515,129,274.581557295345,HD142910_TypF2_Mag6.94,"hms_tuple(h=15.0, m=57.0, s=4.527769742652339)","dms_tuple(d=12.0, m=26.0, s=48.60290856237924)",239.268866,15.951258,12.446834
77888,142882,,15.952577,-5.39834,69.0608,0.0,7.99,3.794,F5,0.476,Lib,2.645,288,693.4370594020932,HD142882_TypF5_Mag7.99,"hms_tuple(h=15.0, m=57.0, s=27.917552051968215)","dms_tuple(d=-5.0, m=-25.0, s=-45.90258561998013)",239.366323,15.957755,-5.429417
77893,142749,,15.953798,-27.642561,73.3676,0.0,7.29,2.962,F3V,0.448,Sco,5.691,169,373.9239290957076,HD142749_TypF3_Mag7.29,"hms_tuple(h=15.0, m=57.0, s=34.62646411606045)","dms_tuple(d=-27.0, m=-40.0, s=-25.017541871007154)",239.394277,15.959618,-27.673616
77943,143466,,15.963196,54.749762,33.5796,-11.0,4.96,2.33,F0IV,0.269,Dra,10.186,28,47.860939175324326,HD143466_TypF0_Mag4.96,"hms_tuple(h=15.0, m=58.0, s=19.633322371199284)","dms_tuple(d=54.0, m=43.0, s=6.981319738660545)",239.581806,15.97212,54.718606
77956,142943,,15.966048,-17.089993,70.6215,0.0,7.81,3.565,F6V,0.521,Lib,3.266,251,591.6096051155723,HD142943_TypF6_Mag7.81,"hms_tuple(h=15.0, m=58.0, s=17.189998465913874)","dms_tuple(d=-17.0, m=-7.0, s=-15.813381647476206)",239.571625,15.971442,-17.121059
77985,143328,,15.973412,37.827477,67.2948,6.8,7.33,3.19,F2,0.399,CrB,4.613,174,387.3560399526628,HD143328_TypF2_Mag7.33,"hms_tuple(h=15.0, m=58.0, s=47.7669590266413)","dms_tuple(d=37.0, m=47.0, s=46.8750981985454)",239.699029,15.979935,37.796354
78030,142945,,15.981148,-38.99759,36.9276,0.0,8.0,5.163,F8V,0.581,Lup,0.75,290,699.5823055523535,HD142945_TypF8_Mag8.0,"hms_tuple(h=15.0, m=59.0, s=16.020513658879878)","dms_tuple(d=-39.0, m=-1.0, s=-43.068191578822166)",239.816752,15.987783,-39.02863
78046,143292,,15.98384,18.325878,71.736,0.0,7.79,3.511,F8,0.517,Ser,3.432,247,581.2616622824664,HD143292_TypF8_Mag7.79,"hms_tuple(h=15.0, m=59.0, s=21.36862377540524)","dms_tuple(d=18.0, m=17.0, s=41.20226845427652)",239.839036,15.989269,18.294778
78049,143584,,15.984552,49.881043,48.9956,4.0,6.04,2.589,F0IV,0.289,Her,8.024,65,124.11155185705773,HD143584_TypF0_Mag6.04,"hms_tuple(h=15.0, m=59.0, s=33.16659389325224)","dms_tuple(d=49.0, m=50.0, s=59.6357211501811)",239.888194,15.992546,49.849899
78143,143332,,16.000737,-7.122713,89.3655,0.0,8.0,3.244,F8,0.544,Lib,4.389,290,699.5823055523535,HD143332_TypF8_Mag8.0,"hms_tuple(h=16.0, m=0.0, s=21.355511240216174)","dms_tuple(d=-7.0, m=-9.0, s=-13.639663990486497)",240.088981,16.005932,-7.153789
78163,143333,,16.005447,-16.53335,35.2113,-25.0,5.47,2.737,F7V,0.517,Lib,7.002,42,75.05876355198704,HD143333_TypF7_Mag5.47,"hms_tuple(h=16.0, m=0.0, s=38.969373641990046)","dms_tuple(d=-16.0, m=-33.0, s=-51.90057356073055)",240.162372,16.010825,-16.564417
78165,144282,,16.005865,67.627406,156.7398,0.0,7.02,1.044,F2,0.439,Dra,33.297,137,294.66293556170405,HD144282_TypF2_Mag7.02,"hms_tuple(h=16.0, m=1.0, s=9.802559673823339)","dms_tuple(d=67.0, m=35.0, s=46.30957462130709)",240.290844,16.01939,67.596197
78172,143551,,16.006549,15.667424,263.1579,0.0,7.92,0.819,F0,0.366,Ser,40.964,273,651.9055358919003,HD143551_TypF0_Mag7.92,"hms_tuple(h=16.0, m=0.0, s=42.846264419372915)","dms_tuple(d=15.0, m=38.0, s=10.777396064225968)",240.178526,16.011902,15.636327
78208,143597,,16.015044,13.271648,97.2763,0.0,7.05,2.11,F8V,0.528,Ser,12.474,141,302.5664825365462,HD143597_TypF8_Mag7.05,"hms_tuple(h=16.0, m=1.0, s=13.221886666559044)","dms_tuple(d=13.0, m=14.0, s=25.992171459810578)",240.305091,16.020339,13.240553
78226,143707,,16.017753,26.172413,101.5228,0.0,7.9,2.867,F2,0.432,CrB,6.212,269,640.5029468202126,HD143707_TypF2_Mag7.9,"hms_tuple(h=16.0, m=1.0, s=24.581974269953264)","dms_tuple(d=26.0, m=8.0, s=28.698185762096955)",240.352425,16.023495,26.141305
78227,143401,,16.017839,-27.047836,91.9118,0.0,7.62,2.803,F2V,0.406,Sco,6.589,217,500.3012827613783,HD143401_TypF2_Mag7.62,"hms_tuple(h=16.0, m=1.0, s=25.06173955206009)","dms_tuple(d=-27.0, m=-4.0, s=-44.01001415681861)",240.354424,16.023628,-27.078892
78237,143235,,16.019503,-46.538368,110.8647,0.0,7.59,2.366,F6V,0.505,Nor,9.854,212,487.2325692121131,HD143235_TypF6_Mag7.59,"hms_tuple(h=16.0, m=1.0, s=37.20336659189854)","dms_tuple(d=-46.0, m=-34.0, s=-9.822840159737325)",240.405014,16.027001,-46.569395
78275,143615,,16.028106,-3.763435,55.5864,0.0,6.87,3.145,F2,0.395,Oph,4.808,123,258.1362429763933,HD143615_TypF2_Mag6.87,"hms_tuple(h=16.0, m=1.0, s=59.779091616695155)","dms_tuple(d=-3.0, m=-47.0, s=-40.24998006483656)",240.49908,16.033272,-3.794514
78289,144284,,16.031532,58.565251,21.0349,-7.7,4.01,2.395,F8IV-V,0.528,Dra,9.594,13,20.69966021473337,HD144284_TypF8_Mag4.01,"hms_tuple(h=16.0, m=2.0, s=29.065100272233053)","dms_tuple(d=58.0, m=32.0, s=2.7002671136972367)",240.621105,16.041407,58.534083
78308,143463,,16.036212,-42.700229,38.3289,-25.0,6.91,3.992,F6V,0.501,Nor,2.204,126,267.409023780344,HD143463_TypF6_Mag6.91,"hms_tuple(h=16.0, m=2.0, s=35.626105625670164)","dms_tuple(d=-42.0, m=-43.0, s=-52.5473360665967)",240.648442,16.043229,-42.731263
78333,144004,,16.044006,26.612083,172.4138,0.0,7.67,1.487,F5,0.571,CrB,22.141,226,522.866067770482,HD144004_TypF5_Mag7.67,"hms_tuple(h=16.0, m=2.0, s=59.171532044145465)","dms_tuple(d=26.0, m=34.0, s=51.508390577652676)",240.746548,16.04977,26.580975
78337,143819,,16.04512,-3.658159,114.0251,0.0,7.61,2.325,F2,0.466,Oph,10.233,216,495.90655392467346,HD143819_TypF2_Mag7.61,"hms_tuple(h=16.0, m=3.0, s=1.0272569136600396)","dms_tuple(d=-3.0, m=-41.0, s=-21.2567266343666)",240.75428,16.050285,-3.689238
78361,143783,,16.047687,-13.812022,107.6426,0.0,7.81,2.65,F0V,0.353,Sco,7.586,251,591.6096051155723,HD143783_TypF0_Mag7.81,"hms_tuple(h=16.0, m=3.0, s=10.785033400727855)","dms_tuple(d=-13.0, m=-50.0, s=-35.129355068990264)",240.794938,16.052996,-13.843091
78362,143649,,16.047712,-30.944523,94.0734,0.0,7.78,2.913,F7V,0.55,Lup,5.954,245,576.1557641428401,HD143649_TypF7_Mag7.78,"hms_tuple(h=16.0, m=3.0, s=13.406552313102509)","dms_tuple(d=-30.0, m=-58.0, s=-32.06649495633059)",240.805861,16.053724,-30.975574
78376,143841,,16.04968,-8.048205,70.2247,0.0,7.12,2.888,F2,0.427,Oph,6.093,148,321.8423534887257,HD143841_TypF2_Mag7.12,"hms_tuple(h=16.0, m=3.0, s=17.590752762083355)","dms_tuple(d=-8.0, m=-4.0, s=-45.407775920540274)",240.823295,16.054886,-8.07928
78382,143993,,16.05061,13.991424,200.0,0.0,7.95,1.445,F2,0.397,Ser,23.014,280,669.391162362906,HD143993_TypF2_Mag7.95,"hms_tuple(h=16.0, m=3.0, s=21.317514896355476)","dms_tuple(d=13.0, m=57.0, s=37.18327390368856)",240.838823,16.055922,13.960329
78407,143766,,16.054482,-26.7171,48.2625,0.0,6.96,3.542,F7V,0.505,Sco,3.336,131,279.4698106282087,HD143766_TypF7_Mag6.96,"hms_tuple(h=16.0, m=3.0, s=36.91555871986736)","dms_tuple(d=-26.0, m=-44.0, s=-53.36177767957281)",240.903815,16.060254,-26.748156
78425,143790,,16.059545,-32.000538,55.2181,28.0,6.0,2.29,F5IV/V,0.47,Lup,10.568,63,119.80781072170208,HD143790_TypF5_Mag6.0,"hms_tuple(h=16.0, m=3.0, s=56.251232916197296)","dms_tuple(d=-32.0, m=-1.0, s=-53.71573278256619)",240.98438,16.065625,-32.031588
78453,144085,,16.064027,8.229824,136.7989,0.0,7.86,2.18,F2,0.344,Ser,11.695,261,618.2926139519136,HD144085_TypF2_Mag7.86,"hms_tuple(h=16.0, m=4.0, s=9.245542110385543)","dms_tuple(d=8.0, m=11.0, s=55.44290302117659)",241.038523,16.069235,8.198734
78463,145368,,16.066767,73.148371,54.3774,-14.4,6.85,3.173,F5,0.488,UMi,4.686,121,253.62113865358353,HD145368_TypF5_Mag6.85,"hms_tuple(h=16.0, m=5.0, s=4.2583746158172175)","dms_tuple(d=73.0, m=7.0, s=1.6203237503236778)",241.267743,16.084516,73.117117
78486,143902,,16.071617,-33.213718,109.6491,-28.0,6.1,0.9,F3III,0.338,Lup,38.019,68,130.85876476286535,HD143902_TypF3_Mag6.1,"hms_tuple(h=16.0, m=4.0, s=40.00931517162826)","dms_tuple(d=-33.0, m=-14.0, s=-41.158124260821296)",241.166705,16.07778,-33.244766
78501,144172,,16.074886,0.67222,49.776,0.0,6.81,3.325,F8,0.451,Ser,4.074,117,244.8264719937363,HD144172_TypF8_Mag6.81,"hms_tuple(h=16.0, m=4.0, s=48.1474841991448)","dms_tuple(d=0.0, m=38.0, s=28.09346161108536)",241.200615,16.080041,0.641137
78506,143928,,16.076899,-37.862951,37.8788,-6.0,5.91,3.018,F3V,0.409,Lup,5.405,59,110.66217874985526,HD143928_TypF3_Mag5.91,"hms_tuple(h=16.0, m=5.0, s=0.35127215019201685)","dms_tuple(d=-37.0, m=-53.0, s=-38.373858260059706)",241.251464,16.083431,-37.893993
78525,143941,,16.080764,-40.737668,366.3004,0.0,7.83,0.011,F7V,0.761,Lup,86.218,255,602.141767772257,HD143941_TypF7_Mag7.83,"hms_tuple(h=16.0, m=5.0, s=15.252521229393778)","dms_tuple(d=-40.0, m=-46.0, s=-7.339297983866686)",241.313552,16.08757,-40.768705
78544,144134,,16.08414,-18.539472,66.0502,0.0,6.74,2.641,F5V,0.465,Sco,7.649,111,230.16325744576756,HD144134_TypF5_Mag6.74,"hms_tuple(h=16.0, m=5.0, s=22.480000231682595)","dms_tuple(d=-18.0, m=-34.0, s=-13.93253742850419)",241.343667,16.089578,-18.570537
78581,144309,,16.090878,-6.290473,77.1605,0.0,7.86,3.423,F5,0.453,Oph,3.722,261,618.2926139519136,HD144309_TypF5_Mag7.86,"hms_tuple(h=16.0, m=5.0, s=45.83104473195476)","dms_tuple(d=-6.0, m=-19.0, s=-17.578430188692664)",241.440963,16.096064,-6.32155
78586,144176,,16.091364,-26.959351,90.2527,0.0,8.0,3.223,F3V,0.407,Sco,4.475,290,699.5823055523535,HD144176_TypF3_Mag8.0,"hms_tuple(h=16.0, m=5.0, s=49.7353216995748)","dms_tuple(d=-26.0, m=-59.0, s=-25.46437973742627)",241.457231,16.097149,-26.990407
78608,144362,,16.09571,-6.291129,87.3362,-11.0,6.35,1.644,F2IV,0.413,Oph,19.16,82,163.15373750039242,HD144362_TypF2_Mag6.35,"hms_tuple(h=16.0, m=6.0, s=3.2262684141835507)","dms_tuple(d=-6.0, m=-19.0, s=-19.940028011935453)",241.513443,16.100896,-6.322206
78656,144492,,16.106212,-4.754209,74.6269,-14.0,7.94,3.576,F4V,0.442,Oph,3.233,277,663.5111201850515,HD144492_TypF4_Mag7.94,"hms_tuple(h=16.0, m=6.0, s=40.98483154564377)","dms_tuple(d=-4.0, m=-47.0, s=-7.033113962801281)",241.67077,16.111385,-4.785287
78660,144582,,16.106423,5.412666,129.8701,0.0,7.39,1.822,F0,0.44,Ser,16.263,182,408.41430272357115,HD144582_TypF0_Mag7.39,"hms_tuple(h=16.0, m=6.0, s=41.761679408046746)","dms_tuple(d=5.0, m=22.0, s=53.68347051813373)",241.674007,16.1116,5.381579
78695,144724,,16.114014,16.352426,103.7344,0.0,7.85,2.77,F0,0.407,Her,6.792,259,612.8614298360975,HD144724_TypF0_Mag7.85,"hms_tuple(h=16.0, m=7.0, s=9.786347049228823)","dms_tuple(d=16.0, m=19.0, s=16.782166489364272)",241.790776,16.119385,16.321328
78696,144451,,16.114287,-21.863833,98.5222,0.0,7.84,2.872,F0V,0.358,Sco,6.183,257,607.4779541357369,HD144451_TypF0_Mag7.84,"hms_tuple(h=16.0, m=7.0, s=11.432481703313897)","dms_tuple(d=-21.0, m=-53.0, s=-41.6197549517247)",241.797635,16.119842,-21.894894
78729,144415,,16.121168,-36.755676,54.7945,26.0,5.72,2.026,F0/F2V,0.298,Lup,13.477,51,93.58270978529147,HD144415_TypF0_Mag5.72,"hms_tuple(h=16.0, m=7.0, s=39.37550299837682)","dms_tuple(d=-36.0, m=-47.0, s=-12.189600944386143)",241.914065,16.127604,-36.786719
78740,144639,,16.122289,-13.134655,215.0538,10.0,7.74,1.077,F3IV,0.549,Sco,32.3,238,556.1767595666211,HD144639_TypF3_Mag7.74,"hms_tuple(h=16.0, m=7.0, s=39.29804660280098)","dms_tuple(d=-13.0, m=-9.0, s=-56.61050356714682)",241.913742,16.127583,-13.165725
78752,144839,,16.123801,13.336464,86.0585,-30.0,7.32,2.646,F3III,0.344,Ser,7.614,173,383.9534407239423,HD144839_TypF3_Mag7.32,"hms_tuple(h=16.0, m=7.0, s=44.75217449603434)","dms_tuple(d=13.0, m=18.0, s=19.329547171102917)",241.936467,16.129098,13.305369
78829,144892,,16.140903,-10.102308,64.6831,8.2,6.69,2.636,F7V...,0.507,Sco,7.684,107,220.23034203703895,HD144892_TypF7_Mag6.69,"hms_tuple(h=16.0, m=8.0, s=46.10157879063877)","dms_tuple(d=-10.0, m=-8.0, s=-0.17166880781374516)",242.19209,16.146139,-10.133381
78875,145424,,16.148545,45.353278,97.561,0.0,7.87,2.924,F5,0.399,Her,5.894,263,623.771929275639,HD145424_TypF5_Mag7.87,"hms_tuple(h=16.0, m=9.0, s=21.153980634068716)","dms_tuple(d=45.0, m=19.0, s=19.714424331878035)",242.338142,16.155876,45.322143
78897,144880,,16.15309,-32.100335,54.0541,3.9,7.45,3.786,F7V,0.506,Sco,2.664,191,430.6173790127683,HD144880_TypF7_Mag7.45,"hms_tuple(h=16.0, m=9.0, s=33.03714542575932)","dms_tuple(d=-32.0, m=-7.0, s=-52.9844771055042)",242.387655,16.159177,-32.131385
78898,145184,,16.153501,12.932341,71.4796,0.0,7.67,3.399,F0,0.417,Ser,3.805,226,522.866067770482,HD145184_TypF0_Mag7.67,"hms_tuple(h=16.0, m=9.0, s=31.640893683719753)","dms_tuple(d=12.0, m=54.0, s=4.488143661948243)",242.381837,16.158789,12.901247
78911,145435,,16.154869,41.095202,37.3832,0.0,6.69,3.827,F5,0.53,Her,2.566,107,220.23034203703895,HD145435_TypF5_Mag6.69,"hms_tuple(h=16.0, m=9.0, s=42.140245147752466)","dms_tuple(d=41.0, m=3.0, s=50.66712909247826)",242.425584,16.161706,41.064074
78925,145228,,16.157768,11.74791,101.833,-54.0,7.04,2.001,F0V,0.387,Ser,13.791,140,299.90868873980725,HD145228_TypF0_Mag7.04,"hms_tuple(h=16.0, m=9.0, s=46.91641263234118)","dms_tuple(d=11.0, m=43.0, s=0.5406112306940258)",242.445485,16.163032,11.716817
78962,145100,,16.165354,-18.34062,46.5116,-25.0,6.43,3.092,F3V,0.447,Sco,5.049,87,175.0859005727711,HD145100_TypF3_Mag6.43,"hms_tuple(h=16.0, m=10.0, s=14.827718742174056)","dms_tuple(d=-18.0, m=-22.0, s=-18.06606199495093)",242.561782,16.170785,-18.371685
78993,145605,,16.171041,40.555712,54.6448,0.0,7.71,4.022,F5,0.548,Her,2.144,233,541.648484297334,HD145605_TypF5_Mag7.71,"hms_tuple(h=16.0, m=10.0, s=40.160258673836324)","dms_tuple(d=40.0, m=31.0, s=28.506214701351382)",242.667334,16.177822,40.524585
79028,145728,,16.177686,42.783919,173.0104,0.0,7.64,1.45,F2,0.454,Her,22.909,221,509.2079239683959,HD145728_TypF2_Mag7.64,"hms_tuple(h=16.0, m=11.0, s=4.941278047507467)","dms_tuple(d=42.0, m=45.0, s=10.03833192685022)",242.770589,16.184706,42.752788
79029,145436,,16.178441,10.037909,88.8889,0.0,7.53,2.786,F6V,0.43,Ser,6.693,203,462.11035531169057,HD145436_TypF6_Mag7.53,"hms_tuple(h=16.0, m=11.0, s=1.2309853581663788)","dms_tuple(d=10.0, m=0.0, s=24.54282344579326)",242.755129,16.183675,10.006817
79064,145676,,16.185528,26.892185,93.1099,3.0,7.52,2.675,F5,0.445,CrB,7.413,201,458.0511018694067,HD145676_TypF5_Mag7.52,"hms_tuple(h=16.0, m=11.0, s=28.70186081448992)","dms_tuple(d=26.0, m=51.0, s=39.87443972079433)",242.869591,16.191306,26.861076
79069,145173,,16.185983,-40.128093,86.0585,0.0,7.89,3.216,F5V,0.475,Sco,4.504,267,634.876663483802,HD145173_TypF5_Mag7.89,"hms_tuple(h=16.0, m=11.0, s=33.81956542120804)","dms_tuple(d=-40.0, m=-9.0, s=-32.87275013387102)",242.890915,16.192728,-40.159131
79071,145873,,16.186588,47.560006,141.6431,0.0,7.9,2.144,F0,0.41,Her,12.089,269,640.5029468202126,HD145873_TypF0_Mag7.9,"hms_tuple(h=16.0, m=11.0, s=39.19934742795107)","dms_tuple(d=47.0, m=31.0, s=43.91999169754342)",242.913331,16.194222,47.528867
79079,145191,,16.188256,-41.119803,64.7249,-14.0,5.86,1.805,F0IV,0.273,Sco,16.52,56,105.88644663402476,HD145191_TypF0_Mag5.86,"hms_tuple(h=16.0, m=11.0, s=42.36598863494493)","dms_tuple(d=-41.0, m=-9.0, s=-3.02310143955026)",242.926525,16.195102,-41.15084
79081,145158,,16.188559,-45.33343,37.7216,-5.0,6.65,3.767,F8V,0.482,Nor,2.711,104,212.59354781364726,HD145158_TypF8_Mag6.65,"hms_tuple(h=16.0, m=11.0, s=45.22411520036741)","dms_tuple(d=-45.0, m=-21.0, s=-52.054216860377664)",242.938434,16.195896,-45.36446
79086,145729,,16.189928,28.43854,43.0663,0.0,7.59,4.419,F8,0.555,CrB,1.487,212,487.2325692121131,HD145729_TypF8_Mag7.59,"hms_tuple(h=16.0, m=11.0, s=44.83789019164362)","dms_tuple(d=28.0, m=24.0, s=26.745980662616944)",242.936825,16.195788,28.407429
79096,145589,,16.191601,9.712027,162.3377,-27.0,6.52,0.468,F0IV,0.268,Her,56.598,94,189.555805541093,HD145589_TypF0_Mag6.52,"hms_tuple(h=16.0, m=11.0, s=48.58839747962463)","dms_tuple(d=9.0, m=40.0, s=51.36872384929276)",242.952452,16.19683,9.680936
79150,145680,,16.202676,-0.110784,161.5509,0.0,7.84,1.798,F8,0.64,Ser,16.626,257,607.4779541357369,HD145680_TypF8_Mag7.84,"hms_tuple(h=16.0, m=12.0, s=28.190379230794633)","dms_tuple(d=-0.0, m=-8.0, s=-30.718371623287197)",243.11746,16.207831,-0.141866
79157,146079,,16.204217,46.226029,72.9395,0.0,7.8,3.485,F8,0.558,Her,3.516,249,586.4128089424291,HD146079_TypF8_Mag7.8,"hms_tuple(h=16.0, m=12.0, s=41.989242532172284)","dms_tuple(d=46.0, m=11.0, s=41.61214652563331)",243.174955,16.211664,46.194892
79188,145445,,16.210924,-39.742134,94.2507,0.0,7.74,2.869,F3V,0.41,Sco,6.2,238,556.1767595666211,HD145445_TypF3_Mag7.74,"hms_tuple(h=16.0, m=13.0, s=3.4704710724210486)","dms_tuple(d=-39.0, m=-46.0, s=-23.42250398362978)",243.26446,16.217631,-39.773173
79200,145976,,16.212629,26.670583,73.2601,-8.0,6.48,2.156,F3V,0.391,CrB,11.956,91,182.98269364662428,HD145976_TypF3_Mag6.48,"hms_tuple(h=16.0, m=13.0, s=6.224948667042156)","dms_tuple(d=26.0, m=38.0, s=22.108150685548082)",243.275937,16.218396,26.639474
79210,145573,,16.214055,-28.132001,88.968,0.0,7.98,3.234,F3V,0.472,Sco,4.43,286,687.3457941057625,HD145573_TypF3_Mag7.98,"hms_tuple(h=16.0, m=13.0, s=11.646725233601956)","dms_tuple(d=-28.0, m=-9.0, s=-46.9994869996944)",243.298528,16.219902,-28.163055
79239,146135,,16.220257,38.072414,69.8324,-16.0,7.08,2.86,F2,0.363,CrB,6.252,144,310.68202106935195,HD146135_TypF2_Mag7.08,"hms_tuple(h=16.0, m=13.0, s=36.487295616056485)","dms_tuple(d=38.0, m=2.0, s=28.647008051395346)",243.40203,16.226802,38.041291
79245,145853,,16.220744,-1.402084,98.5222,0.0,7.7,2.732,F8,0.551,Ser,7.034,231,536.8905548349917,HD145853_TypF8_Mag7.7,"hms_tuple(h=16.0, m=13.0, s=33.24092908120633)","dms_tuple(d=-1.0, m=-25.0, s=-59.394137779562186)",243.388504,16.2259,-1.433165
79246,145510,,16.220774,-44.073641,67.3401,0.0,7.52,3.379,F0IV,0.326,Nor,3.876,201,458.0511018694067,HD145510_TypF0_Mag7.52,"hms_tuple(h=16.0, m=13.0, s=40.62892165826611)","dms_tuple(d=-44.0, m=-6.0, s=-16.822001488298497)",243.419287,16.227952,-44.104673
79255,145658,,16.222873,-32.130254,95.057,0.0,7.88,2.99,F3V,0.415,Sco,5.546,265,629.299802346522,HD145658_TypF3_Mag7.88,"hms_tuple(h=16.0, m=13.0, s=44.2631375100288)","dms_tuple(d=-32.0, m=-9.0, s=-40.692740299966204)",243.43443,16.228962,-32.161304
79279,145736,,16.227286,-29.056898,93.1099,0.0,7.54,2.695,F8V,0.598,Sco,7.278,204,466.20558189854603,HD145736_TypF8_Mag7.54,"hms_tuple(h=16.0, m=13.0, s=59.464599563979164)","dms_tuple(d=-29.0, m=-5.0, s=-16.62475188644663)",243.497769,16.233185,-29.087951
79292,146168,,16.229951,28.732197,133.1558,0.0,7.72,2.098,F2...,0.451,CrB,12.612,234,546.4485785781236,HD146168_TypF2_Mag7.72,"hms_tuple(h=16.0, m=14.0, s=8.979614118864845)","dms_tuple(d=28.0, m=42.0, s=3.9099329931917737)",243.537415,16.235828,28.701086
79300,145779,,16.230833,-30.212184,165.2893,0.0,7.6,1.509,F8V,0.576,Sco,21.697,214,491.5504291096121,HD145779_TypF8_Mag7.6,"hms_tuple(h=16.0, m=14.0, s=12.479101257462446)","dms_tuple(d=-30.0, m=-14.0, s=-35.64933588820679)",243.551996,16.2368,-30.243236
79347,145996,,16.237935,-10.414497,78.9889,0.0,7.28,2.792,F8,0.495,Sco,6.656,168,370.63931974020056,HD145996_TypF8_Mag7.28,"hms_tuple(h=16.0, m=14.0, s=35.43543463423674)","dms_tuple(d=-10.0, m=-26.0, s=-44.051011726684095)",243.647648,16.243177,-10.44557
79353,146102,,16.239479,2.647193,98.6193,2.9,6.93,1.96,F5,0.543,Ser,14.322,128,272.1695876893252,HD146102_TypF5_Mag6.93,"hms_tuple(h=16.0, m=14.0, s=40.70048278264892)","dms_tuple(d=2.0, m=36.0, s=57.98978179848277)",243.669585,16.244639,2.616108
79365,146361,,16.24469,33.858613,21.0793,-12.2,5.23,3.611,F8V,0.599,CrB,3.13,35,60.73498993870038,HD146361_TypF8_Mag5.23,"hms_tuple(h=16.0, m=15.0, s=3.2221917770769437)","dms_tuple(d=33.0, m=49.0, s=38.98450157017294)",243.763426,16.250895,33.827496
79386,145812,,16.24896,-45.991588,120.048,0.0,7.59,2.193,F2III,0.356,Nor,11.556,212,487.2325692121131,HD145812_TypF2_Mag7.59,"hms_tuple(h=16.0, m=15.0, s=22.980385480174448)","dms_tuple(d=-46.0, m=-1.0, s=-21.418594750110174)",243.845752,16.256383,-46.022616
79392,146279,,16.250356,11.490028,94.7867,0.0,7.55,2.666,F0,0.331,Her,7.475,206,470.3371004243402,HD146279_TypF0_Mag7.55,"hms_tuple(h=16.0, m=15.0, s=20.21573008970563)","dms_tuple(d=11.0, m=27.0, s=32.16629210873194)",243.834232,16.255615,11.458935
79403,146173,,16.252984,-7.361633,92.9368,0.0,7.93,3.089,F0,0.529,Oph,5.063,275,657.682729265769,HD146173_TypF0_Mag7.93,"hms_tuple(h=16.0, m=15.0, s=29.454667326055528)","dms_tuple(d=-7.0, m=-23.0, s=-33.750868055447896)",243.872728,16.258182,-7.392709
79443,146870,,16.263132,53.236672,78.2473,6.0,6.95,2.483,F0,0.403,Dra,8.847,130,277.01490180011757,HD146870_TypF0_Mag6.95,"hms_tuple(h=16.0, m=16.0, s=18.257489529339352)","dms_tuple(d=53.0, m=12.0, s=19.871655220434832)",244.076073,16.271738,53.20552
79445,146234,,16.263198,-15.593935,361.0108,0.0,7.88,0.092,F6/F7II,0.74,Sco,80.02,265,629.299802346522,HD146234_TypF6_Mag7.88,"hms_tuple(h=16.0, m=16.0, s=6.781598865159708)","dms_tuple(d=-15.0, m=-37.0, s=-30.009909411460995)",244.028257,16.26855,-15.625003
79464,146177,,16.267696,-30.621795,166.6667,0.0,7.73,1.621,F0,0.418,Sco,19.57,236,551.2912113423957,HD146177_TypF0_Mag7.73,"hms_tuple(h=16.0, m=16.0, s=25.27636029298975)","dms_tuple(d=-30.0, m=-39.0, s=-10.247129220002762)",244.105318,16.273688,-30.652846
79487,146433,,16.272112,-1.648134,47.4383,0.0,7.07,3.689,F8,0.521,Ser,2.913,143,307.9529390460096,HD146433_TypF8_Mag7.07,"hms_tuple(h=16.0, m=16.0, s=38.16789484222994)","dms_tuple(d=-1.0, m=-40.0, s=-45.17333063432716)",244.159033,16.277269,-1.679215
79555,146829,,16.285919,29.428335,163.9344,0.0,7.53,1.457,F0,0.355,CrB,22.761,203,462.11035531169057,HD146829_TypF0_Mag7.53,"hms_tuple(h=16.0, m=17.0, s=30.607669128000055)","dms_tuple(d=29.0, m=23.0, s=50.00374700646802)",244.377532,16.291835,29.397223
79556,147160,,16.286063,56.918425,112.7396,0.0,7.95,2.69,F2,0.356,Dra,7.311,280,669.391162362906,HD147160_TypF2_Mag7.95,"hms_tuple(h=16.0, m=17.0, s=43.79556646114111)","dms_tuple(d=56.0, m=53.0, s=14.145595369840862)",244.432482,16.295499,56.887263
79569,146543,,16.289149,-15.327998,139.2758,6.0,7.54,1.821,F0V,0.367,Sco,16.278,204,466.20558189854603,HD146543_TypF0_Mag7.54,"hms_tuple(h=16.0, m=17.0, s=40.180425446895924)","dms_tuple(d=-15.0, m=-21.0, s=-32.63764812364386)",244.417418,16.294495,-15.359066
79579,148048,,16.291791,75.75533,29.7354,-9.5,4.95,2.584,F5V,0.393,UMi,8.061,28,47.44052080584776,HD148048_TypF5_Mag4.95,"hms_tuple(h=16.0, m=18.0, s=45.700574599957804)","dms_tuple(d=75.0, m=43.0, s=26.553436636363585)",244.690419,16.312695,75.724043
79592,146418,,16.295928,-37.753903,79.4913,0.0,7.65,3.148,F3V,0.451,Sco,4.795,222,513.7205296793568,HD146418_TypF3_Mag7.65,"hms_tuple(h=16.0, m=18.0, s=8.820933202764252)","dms_tuple(d=-37.0, m=-47.0, s=-5.80163140603986)",244.536754,16.30245,-37.784945
79593,146700,,16.295954,-4.036725,64.1026,0.0,7.21,3.176,F5,0.511,Oph,4.673,159,348.44088743422355,HD146700_TypF5_Mag7.21,"hms_tuple(h=16.0, m=18.0, s=4.037988495194327)","dms_tuple(d=-4.0, m=-4.0, s=-4.093079991528583)",244.516825,16.301122,-4.067804
79609,146677,,16.299927,-13.444744,115.2074,0.0,7.36,2.053,F0V,0.351,Sco,13.146,178,397.7458321127074,HD146677_TypF0_Mag7.36,"hms_tuple(h=16.0, m=18.0, s=18.819283385068957)","dms_tuple(d=-13.0, m=-28.0, s=-32.929830111798424)",244.578414,16.305228,-13.475814
79641,146546,,16.305876,-36.565912,64.3501,0.0,7.76,3.717,F7/F8V,0.544,Sco,2.839,242,566.0781270342421,HD146546_TypF7_Mag7.76,"hms_tuple(h=16.0, m=18.0, s=44.26718908862995)","dms_tuple(d=-36.0, m=-35.0, s=-49.040168384925664)",244.684447,16.312296,-36.596956
79652,146741,,16.307536,-17.387683,75.7002,0.0,7.36,2.965,F3V,0.415,Sco,5.675,178,397.7458321127074,HD146741_TypF3_Mag7.36,"hms_tuple(h=16.0, m=18.0, s=46.5781880470243)","dms_tuple(d=-17.0, m=-25.0, s=-7.496311504945652)",244.694076,16.312938,-17.418749
79719,146745,,16.321444,-35.490897,111.3586,0.0,6.63,1.396,F3IV/V,0.375,Sco,24.077,102,208.87503841075554,HD146745_TypF3_Mag6.63,"hms_tuple(h=16.0, m=19.0, s=39.99835476820181)","dms_tuple(d=-35.0, m=-31.0, s=-18.991560945996753)",244.91666,16.327777,-35.521942
79737,146836,,16.325758,-30.906716,48.2625,-8.0,5.53,2.112,F5IV,0.466,Sco,12.451,44,79.13926573372774,HD146836_TypF5_Mag5.53,"hms_tuple(h=16.0, m=19.0, s=54.36358750750742)","dms_tuple(d=-30.0, m=-56.0, s=-15.961463477332813)",244.976515,16.331768,-30.937767
79738,148004,,16.325759,70.368572,41.9111,0.0,7.52,4.408,F8,0.564,UMi,1.502,201,458.0511018694067,HD148004_TypF8_Mag7.52,"hms_tuple(h=16.0, m=20.0, s=27.88182984745049)","dms_tuple(d=70.0, m=20.0, s=14.437135311914062)",245.116174,16.341078,70.337344
79765,147365,,16.33199,39.708584,26.3783,-29.0,5.48,3.374,F3IV-V,0.41,Her,3.894,42,75.72393506468185,HD147365_TypF3_Mag5.48,"hms_tuple(h=16.0, m=20.0, s=19.274578654132313)","dms_tuple(d=39.0, m=40.0, s=38.85016106026171)",245.080311,16.338687,39.677458
79817,147135,,16.34117,-12.911038,94.697,0.0,6.56,1.678,F0III/IV,0.385,Sco,18.569,97,196.3650370330839,HD147135_TypF0_Mag6.56,"hms_tuple(h=16.0, m=20.0, s=47.25240885705375)","dms_tuple(d=-12.0, m=-56.0, s=-31.590075987907937)",245.196885,16.346459,-12.942108
79870,147639,,16.353312,43.819767,209.6436,0.0,7.94,1.333,F0,0.355,Her,25.515,277,663.5111201850515,HD147639_TypF0_Mag7.94,"hms_tuple(h=16.0, m=21.0, s=37.62868766492403)","dms_tuple(d=43.0, m=47.0, s=19.084726664333402)",245.406786,16.360452,43.788635
79874,147442,,16.354095,22.988454,66.1813,0.0,7.92,3.816,F8,0.551,Her,2.592,273,651.9055358919003,HD147442_TypF8_Mag7.92,"hms_tuple(h=16.0, m=21.0, s=34.894926751985054)","dms_tuple(d=22.0, m=57.0, s=26.458405544660764)",245.395396,16.359693,22.95735
79897,147149,,16.357219,-33.301267,150.3759,0.0,7.39,1.504,F3V,0.465,Sco,21.797,182,408.41430272357115,HD147149_TypF3_Mag7.39,"hms_tuple(h=16.0, m=21.0, s=48.19878729768817)","dms_tuple(d=-33.0, m=-19.0, s=-56.33411355374051)",245.450828,16.363389,-33.332315
79937,147449,,16.367875,1.029039,27.2702,-45.5,4.82,2.642,F0V,0.338,Ser,7.642,25,42.29961929288719,HD147449_TypF0_Mag4.82,"hms_tuple(h=16.0, m=22.0, s=22.90953751168587)","dms_tuple(d=0.0, m=59.0, s=52.640691719909256)",245.595456,16.37303,0.997956
79952,147531,,16.372025,3.084997,73.3138,0.0,7.32,2.994,F5,0.433,Oph,5.526,173,383.9534407239423,HD147531_TypF5_Mag7.32,"hms_tuple(h=16.0, m=22.0, s=37.87311321430195)","dms_tuple(d=3.0, m=3.0, s=14.082743156267412)",245.657805,16.377187,3.053912
79997,147473,,16.381554,-17.019142,91.4913,0.0,6.87,2.063,F0V,0.373,Sco,13.026,123,258.1362429763933,HD147473_TypF0_Mag6.87,"hms_tuple(h=16.0, m=23.0, s=13.004219716854664)","dms_tuple(d=-17.0, m=-3.0, s=-0.7500358375875749)",245.804184,16.386946,-17.050208
80017,147735,,16.384925,13.839813,195.6947,-42.0,7.95,1.492,F2...,0.366,Her,22.039,280,669.391162362906,HD147735_TypF2_Mag7.95,"hms_tuple(h=16.0, m=23.0, s=24.839011832363838)","dms_tuple(d=13.0, m=48.0, s=31.38420124937909)",245.853496,16.390233,13.808718
80021,148049,,16.385297,50.344215,50.5306,0.0,7.42,3.902,F8,0.516,Her,2.394,187,419.36892659107707,HD148049_TypF8_Mag7.42,"hms_tuple(h=16.0, m=23.0, s=36.12800754191426)","dms_tuple(d=50.0, m=18.0, s=47.05123390859114)",245.900533,16.393369,50.31307
80027,148033,,16.385792,47.630112,185.5288,0.0,7.8,1.458,F8,0.535,Her,22.74,249,586.4128089424291,HD148033_TypF8_Mag7.8,"hms_tuple(h=16.0, m=23.0, s=36.37055187957799)","dms_tuple(d=47.0, m=35.0, s=56.3010869724593)",245.901544,16.393436,47.598973
80034,147387,,16.386493,-34.92495,122.6994,0.0,7.17,1.726,F2V,0.375,Sco,17.766,154,336.35821375838816,HD147387_TypF2_Mag7.17,"hms_tuple(h=16.0, m=23.0, s=34.01620923285236)","dms_tuple(d=-34.0, m=-57.0, s=-21.585142008847242)",245.891734,16.392782,-34.955996
80064,147435,,16.395898,-41.247172,83.8926,0.0,7.53,2.911,F2/F3IV:,0.1,Sco,5.965,203,462.11035531169057,HD147435_TypF2_Mag7.53,"hms_tuple(h=16.0, m=24.0, s=9.925220291036965)","dms_tuple(d=-41.0, m=-16.0, s=-41.55076362076443)",246.041355,16.402757,-41.278209
80071,148085,,16.396624,42.111302,242.1308,0.0,8.0,1.08,F0,0.282,Her,32.211,290,699.5823055523535,HD148085_TypF0_Mag8.0,"hms_tuple(h=16.0, m=24.0, s=12.848464011634633)","dms_tuple(d=42.0, m=4.0, s=48.62117742905298)",246.053535,16.403569,42.080173
80097,147753,,16.401074,-11.02363,233.1002,-32.8,7.58,0.742,F2,0.548,Oph,43.974,211,482.9526381068404,HD147753_TypF2_Mag7.58,"hms_tuple(h=16.0, m=24.0, s=22.773960582961763)","dms_tuple(d=-11.0, m=-3.0, s=-16.92774300043112)",246.094892,16.406326,-11.054702
80109,147887,,16.403141,7.459182,74.0741,0.0,7.99,3.642,F8,0.637,Her,3.042,288,693.4370594020932,HD147887_TypF8_Mag7.99,"hms_tuple(h=16.0, m=24.0, s=30.02137040577736)","dms_tuple(d=7.0, m=25.0, s=41.134276783478896)",246.125089,16.408339,7.428093
80111,147775,,16.403325,-11.897783,144.7178,-7.4,7.56,1.757,F2,0.435,Oph,17.266,208,474.5052325085976,HD147775_TypF2_Mag7.56,"hms_tuple(h=16.0, m=24.0, s=30.936299533885006)","dms_tuple(d=-11.0, m=-55.0, s=-43.875559037682876)",246.128901,16.408593,-11.928854
80121,148329,,16.404845,55.331974,42.4989,0.0,6.93,3.788,F8,0.575,Dra,2.66,128,272.1695876893252,HD148329_TypF8_Mag6.93,"hms_tuple(h=16.0, m=24.0, s=50.03954682735156)","dms_tuple(d=55.0, m=18.0, s=2.9387155290362443)",246.208498,16.4139,55.300816
80148,147652,,16.40888,-35.175257,75.4717,0.0,7.54,3.151,F3/F5V,0.5,Sco,4.782,204,466.20558189854603,HD147652_TypF3_Mag7.54,"hms_tuple(h=16.0, m=24.0, s=54.67898473331786)","dms_tuple(d=-35.0, m=-12.0, s=-22.689116784302428)",246.227829,16.415189,-35.206303
80155,147907,,16.410958,-2.488093,61.0501,0.0,7.21,3.282,F2,0.43,Oph,4.238,159,348.44088743422355,HD147907_TypF2_Mag7.21,"hms_tuple(h=16.0, m=24.0, s=58.02347349549052)","dms_tuple(d=-2.0, m=-31.0, s=-9.02297351079092)",246.241764,16.416118,-2.519173
80171,148253,,16.413353,44.689945,72.7273,0.0,7.17,2.862,F5,0.478,Her,6.24,154,336.35821375838816,HD148253_TypF5_Mag7.17,"hms_tuple(h=16.0, m=25.0, s=14.159087313421992)","dms_tuple(d=44.0, m=39.0, s=31.71997187686543)",246.308996,16.4206,44.658811
80224,148941,,16.424778,71.384578,33.4784,0.0,7.09,4.466,F8,0.624,UMi,1.424,145,313.4352882448582,HD148941_TypF8_Mag7.09,"hms_tuple(h=16.0, m=26.0, s=27.239496909180048)","dms_tuple(d=71.0, m=21.0, s=12.027779917880252)",246.613498,16.4409,71.353341
80226,148433,,16.425558,51.138472,114.8106,-21.0,7.23,1.93,F0,0.356,Her,14.723,161,354.6440255695144,HD148433_TypF0_Mag7.23,"hms_tuple(h=16.0, m=26.0, s=1.5641560440096214)","dms_tuple(d=51.0, m=6.0, s=26.369940604859607)",246.506517,16.433768,51.107325
80232,147857,,16.426823,-32.076732,76.746,0.0,7.4,2.975,F3V,0.425,Sco,5.623,184,412.0336743557815,HD147857_TypF3_Mag7.4,"hms_tuple(h=16.0, m=25.0, s=58.47027915761345)","dms_tuple(d=-32.0, m=-6.0, s=-28.0137849676089)",246.493626,16.432908,-32.107782
80237,149681,,16.42874,78.963854,42.8816,-12.0,5.55,2.389,F0V,0.249,UMi,9.647,45,80.54814688107709,HD149681_TypF0_Mag5.55,"hms_tuple(h=16.0, m=27.0, s=20.13186801447972)","dms_tuple(d=78.0, m=55.0, s=57.01776783240575)",246.833883,16.455592,78.932505
80327,148198,,16.450462,-17.768696,52.9101,0.0,7.22,3.602,F5V,0.509,Oph,3.156,160,351.52877406079745,HD148198_TypF5_Mag7.22,"hms_tuple(h=16.0, m=27.0, s=21.152881002287245)","dms_tuple(d=-17.0, m=-47.0, s=-59.141736722159806)",246.838137,16.455876,-17.799762
80343,148211,,16.453587,-22.126796,51.7598,-17.1,7.69,4.12,F8/G0V,0.552,Oph,1.959,229,532.1744198083834,HD148211_TypF8_Mag7.69,"hms_tuple(h=16.0, m=27.0, s=32.94965022494296)","dms_tuple(d=-22.0, m=-9.0, s=-28.285551877720252)",246.88729,16.459153,-22.157857
80358,148453,,16.457125,21.224238,70.6714,0.0,7.99,3.744,F5,0.491,Her,2.769,288,693.4370594020932,HD148453_TypF5_Mag7.99,"hms_tuple(h=16.0, m=27.0, s=45.552807365638444)","dms_tuple(d=21.0, m=11.0, s=35.28754058612208)",246.939803,16.462654,21.193135
80432,148394,,16.471127,-16.212186,74.9064,-10.0,7.19,2.817,F5V,0.441,Oph,6.504,156,342.3462494285041,HD148394_TypF5_Mag7.19,"hms_tuple(h=16.0, m=28.0, s=35.38545256914858)","dms_tuple(d=-16.0, m=-14.0, s=-35.711317574128145)",247.147439,16.476496,-16.243253
80440,148352,,16.473657,-24.750276,77.9423,0.0,7.51,3.051,F2V,0.408,Oph,5.243,200,454.02750557766933,HD148352_TypF2_Mag7.51,"hms_tuple(h=16.0, m=28.0, s=45.60405426962262)","dms_tuple(d=-24.0, m=-46.0, s=-52.803328180032736)",247.190017,16.479334,-24.781334
80468,148621,,16.479335,13.612501,132.626,0.0,7.55,1.937,F0,0.218,Her,14.629,206,470.3371004243402,HD148621_TypF0_Mag7.55,"hms_tuple(h=16.0, m=29.0, s=4.696546688133765)","dms_tuple(d=13.0, m=34.0, s=53.06179062281785)",247.269569,16.484638,13.581406
80474,148515,,16.480265,-8.128843,50.9424,0.3,6.49,2.955,F2V,0.41,Oph,5.728,92,184.60428810635165,HD148515_TypF2_Mag6.49,"hms_tuple(h=16.0, m=29.0, s=7.70051656574168)","dms_tuple(d=-8.0, m=-9.0, s=-35.704306209792094)",247.282085,16.485472,-8.159918
80516,148895,,16.489809,43.015707,393.7008,0.0,7.82,-0.156,F0,0.203,Her,100.554,253,596.8524553483364,HD148895_TypF0_Mag7.82,"hms_tuple(h=16.0, m=29.0, s=48.67915579139236)","dms_tuple(d=42.0, m=59.0, s=4.473717457904627)",247.45283,16.496855,42.984576
80525,148441,,16.490998,-33.320533,90.6618,0.0,7.51,2.723,F5V,0.479,Sco,7.093,200,454.02750557766933,HD148441_TypF5_Mag7.51,"hms_tuple(h=16.0, m=29.0, s=49.80810146349398)","dms_tuple(d=-33.0, m=-21.0, s=-5.691623062880922)",247.457534,16.497169,-33.351581
80551,148711,,16.497532,5.970781,134.0483,0.0,6.9,1.264,F5,0.428,Her,27.189,125,265.0600588895962,HD148711_TypF5_Mag6.9,"hms_tuple(h=16.0, m=30.0, s=9.772084391062208)","dms_tuple(d=5.0, m=56.0, s=22.895623035195598)",247.540717,16.502714,5.939693
80591,148816,,16.507906,4.178224,42.7168,-47.9,7.27,4.117,F8V,0.545,Her,1.964,166,367.38356293404297,HD148816_TypF8_Mag7.27,"hms_tuple(h=16.0, m=30.0, s=47.0670384172152)","dms_tuple(d=4.0, m=8.0, s=49.696345272998315)",247.696113,16.513074,4.147138
80609,148911,,16.511439,18.634104,92.081,0.0,7.93,3.109,F2,0.424,Her,4.97,275,657.682729265769,HD148911_TypF2_Mag7.93,"hms_tuple(h=16.0, m=31.0, s=0.7601309301898596)","dms_tuple(d=18.0, m=36.0, s=10.814745645260757)",247.753167,16.516878,18.603004
80637,149044,,16.515339,30.940888,91.4077,0.0,7.17,2.365,F5,0.573,Her,9.863,154,336.35821375838816,HD149044_TypF5_Mag7.17,"hms_tuple(h=16.0, m=31.0, s=16.848856470272153)","dms_tuple(d=30.0, m=54.0, s=35.187914845575676)",247.820204,16.521347,30.909774
80638,149083,,16.515475,38.064581,203.252,0.0,7.98,1.44,F5,0.48,Her,23.121,286,687.3457941057625,HD149083_TypF5_Mag7.98,"hms_tuple(h=16.0, m=31.0, s=19.26957567927957)","dms_tuple(d=38.0, m=2.0, s=0.4482494431630357)",247.83029,16.522019,38.033458
80657,148859,,16.52172,-7.920854,100.6036,-28.6,7.32,2.307,F2,0.497,Oph,10.404,173,383.9534407239423,HD148859_TypF2_Mag7.32,"hms_tuple(h=16.0, m=31.0, s=36.92888726087148)","dms_tuple(d=-7.0, m=-57.0, s=-6.944601653733002)",247.90387,16.526925,-7.951929
80716,149304,,16.532245,44.2642,73.4214,0.0,7.77,3.441,F5,0.478,Her,3.661,244,571.094717053101,HD149304_TypF5_Mag7.77,"hms_tuple(h=16.0, m=32.0, s=21.980837351383116)","dms_tuple(d=44.0, m=13.0, s=59.040710145309276)",248.091587,16.539439,44.233067
80717,149059,,16.53235,9.414423,78.6782,-28.0,6.51,2.031,F2,0.429,Her,13.415,93,187.8907161370077,HD149059_TypF2_Mag6.51,"hms_tuple(h=16.0, m=32.0, s=15.268385600289776)","dms_tuple(d=9.0, m=22.0, s=59.99532690102811)",248.063618,16.537575,9.383332
80721,148967,,16.533619,-9.69605,81.2348,18.5,7.28,2.731,F5,0.496,Oph,7.04,168,370.63931974020056,HD148967_TypF5_Mag7.28,"hms_tuple(h=16.0, m=32.0, s=19.85579269756414)","dms_tuple(d=-9.0, m=-43.0, s=-37.64424133972824)",248.082732,16.538849,-9.727123
80763,149013,,16.543926,-15.987533,44.3066,0.0,7.02,3.788,F8V,0.543,Oph,2.66,137,294.66293556170405,HD149013_TypF8_Mag7.02,"hms_tuple(h=16.0, m=32.0, s=57.43994648545538)","dms_tuple(d=-16.0, m=-1.0, s=-6.961315584426018)",248.239333,16.549289,-16.0186
80801,149394,,16.553471,30.907499,121.2121,-12.4,7.77,2.352,F2,0.413,Her,9.982,244,571.094717053101,HD149394_TypF2_Mag7.77,"hms_tuple(h=16.0, m=33.0, s=34.11651655290029)","dms_tuple(d=30.0, m=52.0, s=34.98766347597126)",248.392152,16.559477,30.876385
80815,149200,,16.556495,-4.261975,53.8213,0.0,7.24,3.585,F5,0.533,Oph,3.206,163,357.7868844682338,HD149200_TypF5_Mag7.24,"hms_tuple(h=16.0, m=33.0, s=41.990935019019275)","dms_tuple(d=-4.0, m=-17.0, s=-34.992337679303915)",248.424962,16.561664,-4.293053
80817,149002,,16.557463,-37.244651,154.7988,0.0,8.0,2.051,F0V,0.341,Sco,13.17,290,699.5823055523535,HD149002_TypF0_Mag8.0,"hms_tuple(h=16.0, m=33.0, s=50.18716531415038)","dms_tuple(d=-37.0, m=-16.0, s=-32.49708581345999)",248.459113,16.563941,-37.275694
80819,149420,,16.558091,30.499067,170.6485,-16.2,6.87,0.709,F0III,0.242,Her,45.331,123,258.1362429763933,HD149420_TypF0_Mag6.87,"hms_tuple(h=16.0, m=33.0, s=50.65729792587746)","dms_tuple(d=30.0, m=28.0, s=4.634273285152517)",248.461072,16.564071,30.467954
80838,149504,,16.561619,38.091062,55.8659,-46.0,6.59,2.854,F5,0.442,Her,6.286,99,201.63200517568157,HD149504_TypF5_Mag6.59,"hms_tuple(h=16.0, m=34.0, s=5.396498764921489)","dms_tuple(d=38.0, m=3.0, s=35.77970947442395)",248.522485,16.568166,38.059939
80845,149061,,16.563453,-34.440655,187.9699,0.0,7.76,1.39,Fm...,0.427,Sco,24.21,242,566.0781270342421,HD149061_TypFm_Mag7.76,"hms_tuple(h=16.0, m=34.0, s=10.94001108158892)","dms_tuple(d=-34.0, m=-28.0, s=-18.125491496659834)",248.545583,16.569706,-34.471702
80852,149062,,16.564438,-35.542523,340.1361,-18.3,7.71,0.052,F8IV,0.944,Sco,83.023,233,541.648484297334,HD149062_TypF8_Mag7.71,"hms_tuple(h=16.0, m=34.0, s=14.791439057926539)","dms_tuple(d=-35.0, m=-34.0, s=-24.84490531078677)",248.561631,16.570775,-35.573568
80944,149684,,16.583876,33.213269,124.2236,0.0,7.88,2.409,F8,0.449,Her,9.471,265,629.299802346522,HD149684_TypF8_Mag7.88,"hms_tuple(h=16.0, m=35.0, s=24.125845595166595)","dms_tuple(d=33.0, m=10.0, s=55.74914416725392)",248.850524,16.590035,33.182153
80972,151043,,16.589257,77.755187,83.1947,0.0,6.89,2.29,F8,0.639,UMi,10.568,124,262.73172769318006,HD151043_TypF8_Mag6.89,"hms_tuple(h=16.0, m=36.0, s=48.60082734370451)","dms_tuple(d=77.0, m=43.0, s=25.913630614082876)",249.202503,16.6135,77.723865
81023,151340,,16.598859,79.204742,123.1527,0.0,7.79,2.338,F2,0.438,UMi,10.111,247,581.2616622824664,HD151340_TypF2_Mag7.79,"hms_tuple(h=16.0, m=37.0, s=34.684552844055645)","dms_tuple(d=79.0, m=10.0, s=24.19266897744592)",249.394519,16.626301,79.173387
81032,149652,,16.600841,1.381389,55.5247,0.0,7.25,3.528,F5,0.523,Oph,3.379,164,360.95759541392204,HD149652_TypF5_Mag7.25,"hms_tuple(h=16.0, m=36.0, s=21.589476898115265)","dms_tuple(d=1.0, m=21.0, s=1.0995362323656366)",249.089956,16.605997,1.350305
81038,149754,,16.602173,17.471759,276.2431,0.0,7.85,0.644,F2,0.394,Her,48.128,259,612.8614298360975,HD149754_TypF2_Mag7.85,"hms_tuple(h=16.0, m=36.0, s=27.273723229893108)","dms_tuple(d=17.0, m=26.0, s=26.376959279968446)",249.113641,16.607576,17.44066
81065,149890,,16.607222,30.941683,39.0016,-5.7,7.1,4.145,F8V,0.555,Her,1.914,146,316.2129549015887,HD149890_TypF8_Mag7.1,"hms_tuple(h=16.0, m=36.0, s=47.62783615112852)","dms_tuple(d=30.0, m=54.0, s=38.049911305380704)",249.198449,16.61323,30.910569
81071,149662,,16.608719,-8.854009,103.1992,-30.0,6.88,1.812,F2,0.563,Oph,16.413,123,260.4238489413245,HD149662_TypF2_Mag6.88,"hms_tuple(h=16.0, m=36.0, s=50.17050567308786)","dms_tuple(d=-8.0, m=-53.0, s=-6.299475711115292)",249.209044,16.613936,-8.885083
81085,150631,,16.610843,69.793067,106.9519,0.0,8.0,2.854,F5,0.443,Dra,6.286,290,699.5823055523535,HD150631_TypF5_Mag8.0,"hms_tuple(h=16.0, m=37.0, s=32.67898425043711)","dms_tuple(d=69.0, m=45.0, s=42.63534257428887)",249.386162,16.625744,69.761843
81088,149481,,16.611527,-35.916366,59.2417,0.0,6.89,3.027,F2V,0.374,Sco,5.36,124,262.73172769318006,HD149481_TypF2_Mag6.89,"hms_tuple(h=16.0, m=37.0, s=4.419297655082062)","dms_tuple(d=-35.0, m=-56.0, s=-50.67784425760294)",249.268414,16.617894,-35.947411
81092,149663,,16.612552,-13.720931,80.9061,0.0,7.7,3.16,F5V,0.523,Oph,4.742,231,536.8905548349917,HD149663_TypF5_Mag7.7,"hms_tuple(h=16.0, m=37.0, s=4.291573035618796)","dms_tuple(d=-13.0, m=-45.0, s=-7.202071672045918)",249.267882,16.617859,-13.752001
81094,149804,,16.612661,10.720354,177.9359,0.0,7.82,1.569,F0,0.405,Her,20.531,253,596.8524553483364,HD149804_TypF0_Mag7.82,"hms_tuple(h=16.0, m=37.0, s=4.464012881215069)","dms_tuple(d=10.0, m=41.0, s=21.342511782943205)",249.2686,16.617907,10.689262
81102,149931,,16.613599,26.532179,87.6424,-29.1,7.92,3.206,F5,0.463,Her,4.546,273,651.9055358919003,HD149931_TypF5_Mag7.92,"hms_tuple(h=16.0, m=37.0, s=9.691883444085931)","dms_tuple(d=26.0, m=30.0, s=3.854317845929245)",249.290383,16.619359,26.501071
81116,150693,,16.616475,69.821651,113.7656,0.3,7.94,2.66,F0,0.33,Dra,7.516,277,663.5111201850515,HD150693_TypF0_Mag7.94,"hms_tuple(h=16.0, m=37.0, s=53.026877633060394)","dms_tuple(d=69.0, m=47.0, s=25.536958493937618)",249.470945,16.631396,69.790427
81176,150012,,16.630003,13.687035,69.7837,-21.0,6.3,2.081,F5III-IV,0.433,Her,12.812,79,156.1126819853037,HD150012_TypF5_Mag6.3,"hms_tuple(h=16.0, m=38.0, s=7.107364228390338)","dms_tuple(d=13.0, m=39.0, s=21.383931960829585)",249.529614,16.635308,13.65594
81185,150825,,16.633266,69.162592,158.2278,0.0,7.61,1.614,F0,0.284,Dra,19.697,216,495.90655392467346,HD150825_TypF0_Mag7.61,"hms_tuple(h=16.0, m=38.0, s=51.85020282891031)","dms_tuple(d=69.0, m=7.0, s=52.94211369293748)",249.716043,16.647736,69.131373
81215,149866,,16.638674,-22.892902,98.1354,0.0,7.53,2.571,F3V,0.44,Oph,8.158,203,462.11035531169057,HD149866_TypF3_Mag7.53,"hms_tuple(h=16.0, m=38.0, s=39.374356901843726)","dms_tuple(d=-22.0, m=-55.0, s=-26.26420791437738)",249.66406,16.644271,-22.923962
81275,150295,,16.651649,24.696196,86.1326,0.0,7.83,3.154,F5,0.435,Her,4.769,255,602.141767772257,HD150295_TypF5_Mag7.83,"hms_tuple(h=16.0, m=39.0, s=26.356169944026533)","dms_tuple(d=24.0, m=39.0, s=54.32291669238424)",249.859817,16.657321,24.66509
81323,150017,,16.659779,-7.512316,92.4214,-35.1,7.46,2.631,F0,0.385,Oph,7.72,192,434.43351452893916,HD150017_TypF0_Mag7.46,"hms_tuple(h=16.0, m=39.0, s=53.923119362614216)","dms_tuple(d=-7.0, m=-32.0, s=-36.209165630721714)",249.97468,16.664979,-7.543391
81325,150340,,16.660091,23.001687,414.9378,1.0,7.54,-0.55,F0,0.379,Her,144.544,204,466.20558189854603,HD150340_TypF0_Mag7.54,"hms_tuple(h=16.0, m=39.0, s=56.482499115583664)","dms_tuple(d=22.0, m=58.0, s=14.097154378637526)",249.985344,16.66569,22.970583
81330,150177,,16.660869,-9.554589,40.0641,-19.0,6.33,3.316,F3V,0.492,Oph,4.108,81,160.2999881121757,HD150177_TypF3_Mag6.33,"hms_tuple(h=16.0, m=39.0, s=57.947885094454534)","dms_tuple(d=-9.0, m=-35.0, s=-8.385118472117625)",249.99145,16.666097,-9.585663
81358,150258,,16.667164,-6.081258,65.9631,-6.8,6.72,2.623,F8,0.548,Oph,7.777,109,226.137433304753,HD150258_TypF8_Mag6.72,"hms_tuple(h=16.0, m=40.0, s=20.453219714603676)","dms_tuple(d=-6.0, m=-6.0, s=-44.405124131715965)",250.085222,16.672348,-6.112335
81413,150554,,16.682345,21.948149,45.6413,0.0,7.67,4.373,F8,0.591,Her,1.552,226,522.866067770482,HD150554_TypF8_Mag7.67,"hms_tuple(h=16.0, m=41.0, s=16.44439111957979)","dms_tuple(d=21.0, m=55.0, s=1.3643972782219294)",250.318518,16.687901,21.917046
81425,150211,,16.684649,-37.891762,78.064,0.0,7.77,3.308,F5/F6V,0.479,Sco,4.138,244,571.094717053101,HD150211_TypF5_Mag7.77,"hms_tuple(h=16.0, m=41.0, s=28.26048176036494)","dms_tuple(d=-37.0, m=-55.0, s=-22.0933065486264)",250.367752,16.691183,-37.922804
81443,150680,,16.688113,31.602726,10.7158,-70.4,2.81,2.66,F9IV,0.65,Her,7.516,5,7.180439148804108,HD150680_TypF9_Mag2.81,"hms_tuple(h=16.0, m=41.0, s=38.987339451068124)","dms_tuple(d=31.0, m=34.0, s=17.801747002936565)",250.412447,16.694163,31.571612
81453,150681,,16.689308,30.273131,74.5156,0.0,7.5,3.139,F0,0.456,Her,4.835,198,450.03925321819855,HD150681_TypF0_Mag7.5,"hms_tuple(h=16.0, m=41.0, s=42.988835107262844)","dms_tuple(d=30.0, m=14.0, s=31.26566791595934)",250.42912,16.695275,30.242018
81474,150710,,16.692984,30.875759,57.6701,0.0,7.07,3.265,F5,0.525,Her,4.305,143,307.9529390460096,HD150710_TypF5_Mag7.07,"hms_tuple(h=16.0, m=41.0, s=56.356160688573596)","dms_tuple(d=30.0, m=50.0, s=40.723804669885055)",250.484817,16.698988,30.844646
81478,150682,,16.693527,26.91688,43.7445,-12.0,5.92,2.715,F2III,0.402,Her,7.145,59,111.64286808383503,HD150682_TypF2_Mag5.92,"hms_tuple(h=16.0, m=41.0, s=57.50280451149848)","dms_tuple(d=26.0, m=53.0, s=8.776337983645703)",250.489595,16.699306,26.885771
81481,150749,,16.694291,34.589366,80.5802,-4.0,7.64,3.109,F5,0.407,Her,4.97,221,509.2079239683959,HD150749_TypF5_Mag7.64,"hms_tuple(h=16.0, m=42.0, s=1.9802042564126054)","dms_tuple(d=34.0, m=33.0, s=29.69180032195993)",250.508251,16.70055,34.558248
81483,150557,,16.695134,1.181231,55.5864,-45.0,5.74,2.015,F2.7III-IV,0.336,Oph,13.614,52,95.24872114276333,HD150557_TypF2_Mag5.74,"hms_tuple(h=16.0, m=42.0, s=1.042861785596756)","dms_tuple(d=1.0, m=9.0, s=0.5313926608633324)",250.504345,16.70029,1.150148
81503,150453,,16.698247,-19.924377,42.0521,5.0,5.55,2.431,F3V,0.436,Oph,9.281,45,80.54814688107709,HD150453_TypF3_Mag5.55,"hms_tuple(h=16.0, m=42.0, s=13.431269945569397)","dms_tuple(d=-19.0, m=-57.0, s=-19.585442958326666)",250.555964,16.703731,-19.95544
81512,150813,,16.700588,33.102112,78.3085,0.0,7.9,3.431,F5,0.397,Her,3.695,269,640.5029468202126,HD150813_TypF5_Mag7.9,"hms_tuple(h=16.0, m=42.0, s=24.260993537579907)","dms_tuple(d=33.0, m=4.0, s=15.584463697456954)",250.601087,16.706739,33.070996
81517,150618,,16.702033,1.24171,81.4996,0.0,7.59,3.034,F2,0.4,Oph,5.326,212,487.2325692121131,HD150618_TypF2_Mag7.59,"hms_tuple(h=16.0, m=42.0, s=25.87966546691149)","dms_tuple(d=1.0, m=12.0, s=38.25559432730163)",250.607832,16.707189,1.210627
81549,151044,,16.707714,49.936441,29.3341,-12.5,6.48,4.143,F8V,0.541,Her,1.918,91,182.98269364662428,HD151044_TypF8_Mag6.48,"hms_tuple(h=16.0, m=42.0, s=56.582831226077985)","dms_tuple(d=49.0, m=54.0, s=19.068083869672705)",250.735762,16.715717,49.905297
81596,150421,,16.717657,-46.070293,869.5652,-16.0,6.22,-3.477,F5Iab,0.821,Ara,2141.904,74,145.4735501476104,HD150421_TypF5_Mag6.22,"hms_tuple(h=16.0, m=43.0, s=30.327709591794587)","dms_tuple(d=-46.0, m=-6.0, s=-4.756058902389668)",250.876365,16.725091,-46.101321
81603,152303,,16.71838,77.513973,36.1011,7.0,5.99,3.202,F4V,0.43,UMi,4.562,62,118.75539918732655,HD152303_TypF4_Mag5.99,"hms_tuple(h=16.0, m=44.0, s=31.787878057546095)","dms_tuple(d=77.0, m=28.0, s=57.560388830360125)",251.132449,16.742163,77.482656
81650,151267,,16.729253,51.542481,162.6016,0.0,7.83,1.774,F5,0.546,Dra,16.998,255,602.141767772257,HD151267_TypF5_Mag7.83,"hms_tuple(h=16.0, m=44.0, s=15.12752418136131)","dms_tuple(d=51.0, m=30.0, s=40.798951475429135)",251.063031,16.737535,51.511333
81660,151087,,16.731027,34.038803,53.3333,-10.0,6.02,2.385,F2.5III-IV,0.321,Her,9.683,64,121.94069588643114,HD151087_TypF2_Mag6.02,"hms_tuple(h=16.0, m=44.0, s=14.082680208713896)","dms_tuple(d=34.0, m=0.0, s=27.667643843162182)",251.058678,16.737245,34.007685
81682,151070,,16.736268,23.517492,156.4945,-38.0,6.87,0.898,F5III,0.563,Her,38.089,123,258.1362429763933,HD151070_TypF5_Mag6.87,"hms_tuple(h=16.0, m=44.0, s=30.79772431403768)","dms_tuple(d=23.0, m=29.0, s=10.99315210399169)",251.128324,16.741888,23.486387
81708,151387,,16.742929,49.862945,95.6023,2.0,7.22,2.318,F0,0.301,Her,10.299,160,351.52877406079745,HD151387_TypF0_Mag7.22,"hms_tuple(h=16.0, m=45.0, s=3.3130231476619088)","dms_tuple(d=49.0, m=49.0, s=54.483063788459276)",251.263804,16.75092,49.831801
81730,150863,,16.747181,-27.456113,99.3049,0.0,7.94,2.955,F2IV,0.415,Sco,5.728,277,663.5111201850515,HD150863_TypF2_Mag7.94,"hms_tuple(h=16.0, m=45.0, s=10.76967728278646)","dms_tuple(d=-27.0, m=-29.0, s=-13.805519806104485)",251.294874,16.752992,-27.487168
81749,151237,,16.751454,28.357925,215.9827,-46.0,7.14,0.468,F8II+...,0.541,Her,56.598,151,327.5719697549974,HD151237_TypF8_Mag7.14,"hms_tuple(h=16.0, m=45.0, s=26.31546845387902)","dms_tuple(d=28.0, m=19.0, s=36.53232196207966)",251.359648,16.75731,28.326815
81756,150937,,16.752408,-23.184045,92.4214,-36.0,6.98,2.151,F3V,0.446,Oph,12.012,133,284.4450873609016,HD150937_TypF3_Mag6.98,"hms_tuple(h=16.0, m=45.0, s=28.860408618034228)","dms_tuple(d=-23.0, m=-12.0, s=-54.37788042854123)",251.370252,16.758017,-23.215105
81769,151613,,16.754946,56.781857,26.1097,-3.6,4.84,2.756,F2V,0.375,Dra,6.88,26,43.05266060062844,HD151613_TypF2_Mag4.84,"hms_tuple(h=16.0, m=45.0, s=51.650772299707626)","dms_tuple(d=56.0, m=45.0, s=2.502289985713446)",251.465212,16.764347,56.750695
81794,150926,,16.759886,-33.850453,69.0608,0.0,7.11,2.914,F7V,0.558,Sco,5.948,147,319.0152372679894,HD150926_TypF7_Mag7.11,"hms_tuple(h=16.0, m=45.0, s=57.94192040473831)","dms_tuple(d=-33.0, m=-52.0, s=-53.401118202039584)",251.491425,16.766095,-33.8815
81799,151669,,16.760591,55.313946,135.8696,0.0,6.96,1.294,F2,0.377,Dra,26.448,131,279.4698106282087,HD151669_TypF2_Mag6.96,"hms_tuple(h=16.0, m=46.0, s=10.710342100677792)","dms_tuple(d=55.0, m=16.0, s=58.038097802991615)",251.544626,16.769642,55.282788
81828,151219,,16.766111,4.041803,158.2278,0.0,7.12,1.124,F2,0.408,Her,30.931,148,321.8423534887257,HD151219_TypF2_Mag7.12,"hms_tuple(h=16.0, m=46.0, s=16.60187963553824)","dms_tuple(d=4.0, m=0.0, s=38.58119473355224)",251.569174,16.771278,4.010717
81841,151482,,16.769551,33.793664,249.3766,1.0,7.8,0.816,F0,0.328,Her,41.077,249,586.4128089424291,HD151482_TypF0_Mag7.8,"hms_tuple(h=16.0, m=46.0, s=32.70484980056892)","dms_tuple(d=33.0, m=45.0, s=45.168409848866986)",251.63627,16.775751,33.762547
81861,151651,,16.77328,47.543308,62.8931,0.0,8.0,4.007,F5,0.495,Her,2.174,290,699.5823055523535,HD151651_TypF5_Mag8.0,"hms_tuple(h=16.0, m=46.0, s=51.2818018362546)","dms_tuple(d=47.0, m=30.0, s=43.807311715107744)",251.713674,16.780912,47.512169
81891,151372,,16.781388,2.242459,60.9385,0.0,6.72,2.796,F0,0.356,Oph,6.631,109,226.137433304753,HD151372_TypF0_Mag6.72,"hms_tuple(h=16.0, m=47.0, s=11.567352295874684)","dms_tuple(d=2.0, m=12.0, s=40.94871087420781)",251.798197,16.786546,2.211375
81934,151465,,16.790266,2.160938,57.5374,0.0,7.71,3.91,F5,0.49,Oph,2.377,233,541.648484297334,HD151465_TypF5_Mag7.71,"hms_tuple(h=16.0, m=47.0, s=43.52715084934317)","dms_tuple(d=2.0, m=7.0, s=47.47337848292716)",251.931363,16.795424,2.129854
81949,151240,,16.793407,-33.699658,66.0502,0.0,7.79,3.691,F5V,0.451,Sco,2.908,247,581.2616622824664,HD151240_TypF5_Mag7.79,"hms_tuple(h=16.0, m=47.0, s=58.578163832172265)","dms_tuple(d=-33.0, m=-43.0, s=-50.53983413271908)",251.994076,16.799605,-33.730706
82020,151379,,16.810485,-37.251963,65.189,0.0,7.39,3.319,F5V,0.475,Sco,4.096,182,408.41430272357115,HD151379_TypF5_Mag7.39,"hms_tuple(h=16.0, m=49.0, s=1.0686309162997532)","dms_tuple(d=-37.0, m=-16.0, s=-58.820247955841296)",252.254453,16.816964,-37.283006
82023,151878,,16.811519,35.92205,172.7116,0.0,7.21,1.023,F2...,0.379,Her,33.947,159,348.44088743422355,HD151878_TypF2_Mag7.21,"hms_tuple(h=16.0, m=49.0, s=4.374135197728037)","dms_tuple(d=35.0, m=53.0, s=27.347653232051243)",252.268226,16.817882,35.89093
82024,151766,,16.811868,18.318926,108.8139,0.0,7.59,2.407,F8,0.558,Her,9.489,212,487.2325692121131,HD151766_TypF8_Mag7.59,"hms_tuple(h=16.0, m=49.0, s=2.2686399077647934)","dms_tuple(d=18.0, m=17.0, s=16.175093732801145)",252.259453,16.817297,18.287826
82032,151317,,16.813718,-46.401069,49.6278,0.0,7.88,4.401,F7V,0.569,Ara,1.512,265,629.299802346522,HD151317_TypF7_Mag7.88,"hms_tuple(h=16.0, m=49.0, s=16.309289315645117)","dms_tuple(d=-46.0, m=-25.0, s=-55.5473900276894)",252.317955,16.821197,-46.432096
82051,151632,,16.81661,-8.930014,60.6796,-25.2,7.96,4.045,F5,0.499,Oph,2.099,282,675.323313533301,HD151632_TypF5_Mag7.96,"hms_tuple(h=16.0, m=49.0, s=18.582017976618772)","dms_tuple(d=-8.0, m=-57.0, s=-39.917220425864315)",252.327425,16.821828,-8.961088
82053,151936,,16.816922,34.071776,86.6551,0.0,7.96,3.271,F5,0.466,Her,4.282,282,675.323313533301,HD151936_TypF5_Mag7.96,"hms_tuple(h=16.0, m=49.0, s=23.313379202702436)","dms_tuple(d=34.0, m=2.0, s=26.37028649395063)",252.347139,16.823143,34.040658
82082,151783,,16.82379,0.890529,92.9368,0.0,7.38,2.539,F0,0.399,Oph,8.402,181,404.82672424766696,HD151783_TypF0_Mag7.38,"hms_tuple(h=16.0, m=49.0, s=44.20281022028462)","dms_tuple(d=0.0, m=51.0, s=34.00514587342144)",252.434178,16.828945,0.859446
82093,153143,,16.825489,75.379306,305.8104,-28.0,7.53,0.103,F2,0.441,UMi,79.214,203,462.11035531169057,HD153143_TypF2_Mag7.53,"hms_tuple(h=16.0, m=50.0, s=45.122790208266395)","dms_tuple(d=75.0, m=20.0, s=52.886797835321886)",252.688012,16.845867,75.348024
82107,152013,,16.828894,28.385177,77.4593,0.0,7.82,3.375,F8,0.457,Her,3.89,253,596.8524553483364,HD152013_TypF8_Mag7.82,"hms_tuple(h=16.0, m=50.0, s=5.104877228475857)","dms_tuple(d=28.0, m=21.0, s=14.639406643383666)",252.52127,16.834751,28.354067
82117,151769,,16.830563,-10.783,31.9795,-1.0,4.64,2.116,F7IV,0.478,Oph,12.405,22,36.0881506505888,HD151769_TypF7_Mag4.64,"hms_tuple(h=16.0, m=50.0, s=8.919025841498751)","dms_tuple(d=-10.0, m=-48.0, s=-50.66056122368224)",252.537163,16.835811,-10.814072
82120,151939,,16.832546,15.376989,90.2527,0.0,6.98,2.203,F6V,0.508,Her,11.45,133,284.4450873609016,HD151939_TypF6_Mag6.98,"hms_tuple(h=16.0, m=50.0, s=16.408410676501717)","dms_tuple(d=15.0, m=20.0, s=45.2124212414347)",252.568368,16.837891,15.345892
82153,151900,,16.839514,-2.654356,60.9385,31.0,6.32,2.396,F1III-IV,0.401,Oph,9.585,80,158.89188662502437,HD151900_TypF1_Mag6.32,"hms_tuple(h=16.0, m=50.0, s=40.82752344554592)","dms_tuple(d=-2.0, m=-41.0, s=-7.569227376617107)",252.670115,16.844674,-2.685436
82208,152113,,16.85206,9.404321,64.2261,-34.6,6.68,2.641,F6IV,0.529,Oph,7.649,106,218.29580245415895,HD152113_TypF6_Mag6.68,"hms_tuple(h=16.0, m=51.0, s=26.223837912137924)","dms_tuple(d=9.0, m=22.0, s=23.62816091853432)",252.859266,16.857284,9.37323
82222,151902,,16.855984,-24.834176,233.6449,0.0,7.68,0.837,F6V,0.498,Sco,40.29,227,527.4997120883073,HD151902_TypF6_Mag7.68,"hms_tuple(h=16.0, m=51.0, s=41.99510297588148)","dms_tuple(d=-24.0, m=-51.0, s=-54.84299431282636)",252.92498,16.861665,-24.865234
82254,152342,,16.862908,25.400185,64.0615,-29.1,7.1,3.067,F4III,0.354,Her,5.167,146,316.2129549015887,HD152342_TypF4_Mag7.1,"hms_tuple(h=16.0, m=52.0, s=7.00599393831169)","dms_tuple(d=25.0, m=22.0, s=8.680506399598471)",253.029192,16.868613,25.369078
82258,152380,,16.863916,28.666392,58.4112,-24.4,6.62,2.788,F6V,0.479,Her,6.68,101,207.04024568445064,HD152380_TypF6_Mag6.62,"hms_tuple(h=16.0, m=52.0, s=11.240333070680038)","dms_tuple(d=28.0, m=38.0, s=7.01221318695076)",253.046835,16.869789,28.635281
82260,151982,,16.864376,-26.873835,99.5025,0.0,7.54,2.551,F0V,0.37,Sco,8.31,204,466.20558189854603,HD151982_TypF0_Mag7.54,"hms_tuple(h=16.0, m=52.0, s=12.562726411455856)","dms_tuple(d=-26.0, m=-54.0, s=-17.607132505397374)",253.052345,16.870156,-26.904891
82273,152128,,16.867951,-14.803005,82.1693,0.0,7.73,3.156,F5V,0.471,Oph,4.76,236,551.2912113423957,HD152128_TypF5_Mag7.73,"hms_tuple(h=16.0, m=52.0, s=23.82011761791489)","dms_tuple(d=-14.0, m=-50.0, s=-2.664694288598213)",253.09925,16.873283,-14.834074
82316,152446,,16.878095,18.062132,51.7331,0.0,6.81,3.241,F8IV,0.529,Her,4.401,117,244.8264719937363,HD152446_TypF8_Mag6.81,"hms_tuple(h=16.0, m=53.0, s=0.6571303898707015)","dms_tuple(d=18.0, m=1.0, s=51.71762606233244)",253.252738,16.883516,18.031033
82319,153845,,16.878853,76.852632,150.6024,-1.5,7.35,1.461,F0,0.333,UMi,22.678,177,394.25196723909164,HD153845_TypF0_Mag7.35,"hms_tuple(h=16.0, m=54.0, s=5.264501499997323)","dms_tuple(d=76.0, m=49.0, s=16.776660547728852)",253.521935,16.901462,76.821327
82328,153720,,16.881991,75.392811,100.0,-13.6,6.82,1.82,F0,0.318,UMi,16.293,118,246.99612663521023,HD153720_TypF0_Mag6.82,"hms_tuple(h=16.0, m=54.0, s=8.596190633753622)","dms_tuple(d=75.0, m=21.0, s=41.50410530792442)",253.535817,16.902388,75.361529
82335,152598,,16.882796,31.701674,29.1886,-22.0,5.34,3.014,F0V,0.319,Her,5.425,38,66.92500564733533,HD152598_TypF0_Mag5.34,"hms_tuple(h=16.0, m=53.0, s=19.86931132619219)","dms_tuple(d=31.0, m=40.0, s=14.014099690976423)",253.332789,16.888853,31.670559
82365,152468,,16.889964,1.348313,213.2196,0.0,7.57,0.926,F0,0.418,Oph,37.119,209,478.71030262103807,HD152468_TypF0_Mag7.57,"hms_tuple(h=16.0, m=53.0, s=42.43202741271659)","dms_tuple(d=1.0, m=19.0, s=2.026044713844257)",253.4268,16.89512,1.317229
82373,152392,,16.890651,-7.456138,92.3361,0.0,7.97,3.143,F8,0.525,Oph,4.817,284,681.3080354866522,HD152392_TypF8_Mag7.97,"hms_tuple(h=16.0, m=53.0, s=45.05989824377508)","dms_tuple(d=-7.0, m=-29.0, s=-13.968552986462015)",253.43775,16.89585,-7.487213
82377,152449,,16.891419,-1.130484,67.6133,0.0,7.84,3.69,F8,0.544,Oph,2.911,257,607.4779541357369,HD152449_TypF8_Mag7.84,"hms_tuple(h=16.0, m=53.0, s=47.668936410739775)","dms_tuple(d=-1.0, m=-9.0, s=-41.63502853914011)",253.448621,16.896575,-1.161565
82395,153752,,16.893933,74.291704,240.3846,-21.2,7.73,0.825,F0,0.389,Dra,40.738,236,551.2912113423957,HD153752_TypF0_Mag7.73,"hms_tuple(h=16.0, m=54.0, s=46.567124754910196)","dms_tuple(d=74.0, m=15.0, s=37.57155316985745)",253.69403,16.912935,74.260437
82427,152615,,16.900903,8.432888,145.3488,0.0,7.76,1.948,F8,0.604,Oph,14.481,242,566.0781270342421,HD152615_TypF8_Mag7.76,"hms_tuple(h=16.0, m=54.0, s=22.008838459172466)","dms_tuple(d=8.0, m=24.0, s=6.47262321201211)",253.591703,16.906114,8.401798
82439,152654,,16.902799,15.623451,128.866,-32.1,7.2,1.649,F2III,0.489,Her,19.072,158,345.3801253121633,HD152654_TypF2_Mag7.2,"hms_tuple(h=16.0, m=54.0, s=29.34213167884309)","dms_tuple(d=15.0, m=35.0, s=32.47475146561598)",253.622259,16.908151,15.592354
82440,152569,,16.902946,-1.612304,76.6284,-20.0,6.25,1.828,F0V,0.283,Oph,16.173,76,149.37548995214374,HD152569_TypF0_Mag6.25,"hms_tuple(h=16.0, m=54.0, s=29.169958132971487)","dms_tuple(d=-1.0, m=-38.0, s=-36.18544818340382)",253.621541,16.908103,-1.643385
82458,152250,,16.906438,-44.891882,203.252,-16.0,7.41,0.87,F0Vn,0.388,Sco,39.084,185,415.6851208955647,HD152250_TypF0_Mag7.41,"hms_tuple(h=16.0, m=54.0, s=49.38473901974646)","dms_tuple(d=-44.0, m=-55.0, s=-22.484326289091427)",253.70577,16.913718,-44.922912
82463,152293,,16.907484,-42.478891,440.5286,-24.0,5.84,-2.38,F5Ib-II,0.626,Sco,779.83,56,104.0343690357312,HD152293_TypF5_Mag5.84,"hms_tuple(h=16.0, m=54.0, s=52.11565919629692)","dms_tuple(d=-42.0, m=-30.0, s=-35.73187599709513)",253.717149,16.914477,-42.509926
82485,152433,,16.911238,-32.190155,56.5611,0.0,7.68,3.917,F8V,0.544,Sco,2.362,227,527.4997120883073,HD152433_TypF8_Mag7.68,"hms_tuple(h=16.0, m=55.0, s=2.391569004649341)","dms_tuple(d=-32.0, m=-13.0, s=-16.336066130555764)",253.759965,16.917331,-32.221204
82487,152335,,16.911597,-43.560002,207.9002,0.0,7.07,0.481,F7V,0.647,Sco,55.924,143,307.9529390460096,HD152335_TypF7_Mag7.07,"hms_tuple(h=16.0, m=55.0, s=7.3701388514237465)","dms_tuple(d=-43.0, m=-35.0, s=-27.724838816484976)",253.780709,16.918714,-43.591035
82512,152877,,16.915326,28.13713,194.9318,-36.9,7.32,0.871,F0,0.325,Her,39.048,173,383.9534407239423,HD152877_TypF0_Mag7.32,"hms_tuple(h=16.0, m=55.0, s=16.211124027937274)","dms_tuple(d=28.0, m=6.0, s=21.671254099765633)",253.817546,16.92117,28.10602
82517,152535,,16.915882,-24.508272,168.6341,0.0,7.97,1.835,F5V,0.543,Oph,16.069,284,681.3080354866522,HD152535_TypF5_Mag7.97,"hms_tuple(h=16.0, m=55.0, s=17.574458125814374)","dms_tuple(d=-24.0, m=-32.0, s=-21.589888678869613)",253.823227,16.921548,-24.539331
82541,152680,,16.920163,-11.305701,113.6364,-27.6,7.76,2.482,F5,0.634,Oph,8.855,242,566.0781270342421,HD152680_TypF5_Mag7.76,"hms_tuple(h=16.0, m=55.0, s=31.512793368669634)","dms_tuple(d=-11.0, m=-20.0, s=-12.382382150516946)",253.881303,16.92542,-11.336773
82545,152830,,16.921108,13.61991,77.5795,-5.0,6.35,1.901,F5II,0.339,Her,15.122,82,163.15373750039242,HD152830_TypF5_Mag6.35,"hms_tuple(h=16.0, m=55.0, s=35.07994324176735)","dms_tuple(d=13.0, m=35.0, s=19.73416491799398)",253.896166,16.926411,13.588815
82550,152878,,16.922945,21.492445,127.8772,0.0,7.54,2.006,F8,0.584,Her,13.728,204,466.20558189854603,HD152878_TypF8_Mag7.54,"hms_tuple(h=16.0, m=55.0, s=42.541215995569814)","dms_tuple(d=21.0, m=27.0, s=40.831727385092904)",253.927255,16.928484,21.461342
82606,153597,,16.93375,65.134796,15.2579,-20.9,4.88,3.963,F6Vvar,0.481,Dra,2.264,27,44.59920005658938,HD153597_TypF6_Mag4.88,"hms_tuple(h=16.0, m=56.0, s=45.58000694337437)","dms_tuple(d=65.0, m=6.0, s=12.964483117084455)",254.189917,16.945994,65.103601
82626,154099,,16.937982,73.127867,90.1713,-13.0,6.29,1.515,F0V,0.259,Dra,21.577,79,154.74136248456367,HD154099_TypF0_Mag6.29,"hms_tuple(h=16.0, m=57.0, s=20.557124635833475)","dms_tuple(d=73.0, m=5.0, s=47.806719715566715)",254.335655,16.95571,73.096613
82632,154181,,16.938558,74.282624,49.5295,-9.3,7.09,3.616,F5,0.493,Dra,3.116,145,313.4352882448582,HD154181_TypF5_Mag7.09,"hms_tuple(h=16.0, m=57.0, s=27.17868103370506)","dms_tuple(d=74.0, m=15.0, s=4.883957432423358)",254.363245,16.95755,74.251357
82644,153697,,16.94036,65.039124,69.9301,-21.0,6.4,2.177,F1V,0.383,Dra,11.727,85,170.51236146755156,HD153697_TypF1_Mag6.4,"hms_tuple(h=16.0, m=57.0, s=9.218043602631383)","dms_tuple(d=65.0, m=0.0, s=28.54704636437191)",254.288409,16.952561,65.00793
82659,153063,,16.944204,15.642709,86.4304,0.0,7.67,2.987,F5,0.483,Her,5.562,226,522.866067770482,HD153063_TypF5_Mag7.67,"hms_tuple(h=16.0, m=56.0, s=58.40193999994284)","dms_tuple(d=15.0, m=36.0, s=41.80348341570067)",254.243341,16.949556,15.611612
82686,152767,,16.949919,-38.433391,206.1856,0.0,7.81,1.239,F0IV/V,0.433,Sco,27.823,251,591.6096051155723,HD152767_TypF0_Mag7.81,"hms_tuple(h=16.0, m=57.0, s=23.40809018161309)","dms_tuple(d=-38.0, m=-27.0, s=-51.95483209413567)",254.347534,16.956502,-38.464432
82776,153134,,16.967318,-12.084342,94.6074,0.0,7.85,2.97,F5,0.515,Oph,5.649,259,612.8614298360975,HD153134_TypF5_Mag7.85,"hms_tuple(h=16.0, m=58.0, s=21.324255592028578)","dms_tuple(d=-12.0, m=-6.0, s=-55.487319764500995)",254.588851,16.97259,-12.115413
82827,153376,,16.977201,15.454363,51.3347,-43.4,6.89,3.338,F8V,0.646,Her,4.025,124,262.73172769318006,HD153376_TypF8_Mag6.89,"hms_tuple(h=16.0, m=58.0, s=57.17356224138513)","dms_tuple(d=15.0, m=25.0, s=23.75854840775844)",254.738223,16.982548,15.423266
82834,153229,,16.978211,-14.869671,51.8941,-13.0,6.48,2.904,F3IV/V,0.391,Oph,6.003,91,182.98269364662428,HD153229_TypF3_Mag6.48,"hms_tuple(h=16.0, m=59.0, s=0.7620480628125392)","dms_tuple(d=-14.0, m=-54.0, s=-2.662060357450571)",254.753175,16.983545,-14.900739
82853,153559,,16.982885,31.469956,68.918,0.0,7.74,3.548,F5,0.455,Her,3.317,238,556.1767595666211,HD153559_TypF5_Mag7.74,"hms_tuple(h=16.0, m=59.0, s=20.13562611340575)","dms_tuple(d=31.0, m=26.0, s=19.830345724185747)",254.833898,16.988927,31.438842
82867,153473,,16.986625,14.079296,84.4595,0.0,7.35,2.717,F2IV,0.4,Her,7.132,177,394.25196723909164,HD153473_TypF2_Mag7.35,"hms_tuple(h=16.0, m=59.0, s=30.978830361367784)","dms_tuple(d=14.0, m=2.0, s=53.522167942911665)",254.879078,16.991939,14.048201
82881,153377,,16.989308,-1.687674,63.9795,0.0,7.55,3.52,F2,0.416,Oph,3.404,206,470.3371004243402,HD153377_TypF2_Mag7.55,"hms_tuple(h=16.0, m=59.0, s=40.073874856897476)","dms_tuple(d=-1.0, m=-43.0, s=-7.517200908681616)",254.916974,16.994465,-1.718755
82887,153475,,16.991538,9.703452,281.6901,0.0,7.96,0.711,F0,0.468,Oph,45.248,282,675.323313533301,HD153475_TypF0_Mag7.96,"hms_tuple(h=16.0, m=59.0, s=48.361117088051344)","dms_tuple(d=9.0, m=40.0, s=20.498752775291962)",254.951505,16.996767,9.672361
82899,153157,,16.993207,-41.285712,100000.0,0.0,7.88,-12.12,F5/F6IV,0.581,Sco,6137620.052,265,629.299802346522,HD153157_TypF5_Mag7.88,"hms_tuple(h=17.0, m=0.0, s=0.2522149744990543)","dms_tuple(d=-41.0, m=-19.0, s=-0.2945397999985744)",255.001051,17.00007,-41.316748
82914,153601,,16.997562,17.806145,117.9245,0.0,7.34,1.982,F2IV,0.306,Her,14.035,175,390.78879304975095,HD153601_TypF2_Mag7.34,"hms_tuple(h=17.0, m=0.0, s=10.710183950656926)","dms_tuple(d=17.0, m=46.0, s=30.165352758232586)",255.044626,17.002975,17.775046
82940,153363,,17.002641,-24.98907,33.7041,19.0,5.74,3.102,F3V,0.407,Oph,5.003,52,95.24872114276333,HD153363_TypF3_Mag5.74,"hms_tuple(h=17.0, m=0.0, s=29.98603495340717)","dms_tuple(d=-25.0, m=-1.0, s=-12.460776742813948)",255.124942,17.008329,-25.020128
82946,153234,,17.003958,-44.988548,56.4972,0.0,6.5,2.74,F3V,0.403,Sco,6.982,92,186.24025315238663,HD153234_TypF3_Mag6.5,"hms_tuple(h=17.0, m=0.0, s=40.50094836209439)","dms_tuple(d=-45.0, m=-1.0, s=-10.481293183922844)",255.168754,17.01125,-45.019578
82948,153627,,17.004547,10.822813,42.3908,0.0,7.38,4.244,F8,0.594,Oph,1.747,181,404.82672424766696,HD153627_TypF8_Mag7.38,"hms_tuple(h=17.0, m=0.0, s=35.260019594670666)","dms_tuple(d=10.0, m=47.0, s=30.194563839341555)",255.146917,17.009794,10.791721
82962,154955,,17.007674,75.225153,93.8967,0.0,6.98,2.117,F2,0.414,UMi,12.394,133,284.4450873609016,HD154955_TypF2_Mag6.98,"hms_tuple(h=17.0, m=1.0, s=40.241799695699285)","dms_tuple(d=75.0, m=11.0, s=37.9438151465331)",255.417674,17.027845,75.193873
82966,153970,,17.008021,45.778807,45.2899,0.0,7.48,4.2,F8,0.52,Her,1.82,195,442.16754115556887,HD153970_TypF8_Mag7.48,"hms_tuple(h=17.0, m=0.0, s=55.46804445759648)","dms_tuple(d=45.0, m=44.0, s=51.61598144201548)",255.231117,17.015408,45.747671
83008,153739,,17.018249,2.552412,117.6471,0.0,7.95,2.597,F2,0.43,Oph,7.965,280,669.391162362906,HD153739_TypF2_Mag7.95,"hms_tuple(h=17.0, m=1.0, s=24.271104235841676)","dms_tuple(d=2.0, m=31.0, s=16.778493114758817)",255.35113,17.023409,2.521327
83014,153847,,17.018671,21.497194,115.0748,12.6,7.24,1.935,F0,0.329,Her,14.655,163,357.7868844682338,HD153847_TypF0_Mag7.24,"hms_tuple(h=17.0, m=1.0, s=27.155465803492405)","dms_tuple(d=21.0, m=27.0, s=57.92810941141397)",255.363148,17.02421,21.466091
83015,153796,,17.0187,11.340936,96.3391,0.0,7.73,2.811,F0,0.384,Oph,6.54,236,551.2912113423957,HD153796_TypF0_Mag7.73,"hms_tuple(h=17.0, m=1.0, s=26.244212205549786)","dms_tuple(d=11.0, m=18.0, s=35.43560064473084)",255.359351,17.023957,11.309843
83018,153897,,17.019341,27.196528,42.5894,-31.0,6.57,3.423,F5V,0.427,Her,3.722,97,198.10522595363804,HD153897_TypF5_Mag6.57,"hms_tuple(h=17.0, m=1.0, s=30.485067365328575)","dms_tuple(d=27.0, m=9.0, s=55.507982785257184)",255.377021,17.025135,27.165419
83049,154355,,17.025313,58.556315,64.433,0.0,7.28,3.234,F5,0.523,Dra,4.43,168,370.63931974020056,HD154355_TypF5_Mag7.28,"hms_tuple(h=17.0, m=2.0, s=6.667643200578084)","dms_tuple(d=58.0, m=31.0, s=30.530774590226315)",255.527782,17.035185,58.525147
83061,155154,,17.027802,75.297497,46.5983,1.0,6.17,2.828,F0IVn,0.306,UMi,6.439,72,139.1955000198045,HD155154_TypF0_Mag6.17,"hms_tuple(h=17.0, m=2.0, s=53.05119316203417)","dms_tuple(d=75.0, m=15.0, s=58.37856640192172)",255.721047,17.04807,75.266216
83085,153915,,17.032041,7.658556,65.6168,0.0,7.99,3.905,F8,0.504,Oph,2.388,288,693.4370594020932,HD153915_TypF8_Mag7.99,"hms_tuple(h=17.0, m=2.0, s=14.069977581235378)","dms_tuple(d=7.0, m=37.0, s=38.880011824849134)",255.558625,17.037242,7.627467
83168,154274,,17.051434,34.540232,207.9002,0.0,7.78,1.191,F0,0.285,Her,29.08,245,576.1557641428401,HD154274_TypF0_Mag7.78,"hms_tuple(h=17.0, m=3.0, s=27.68171123535666)","dms_tuple(d=34.0, m=30.0, s=32.8096376522609)",255.86534,17.057689,34.509114
83184,154375,,17.053803,40.953765,117.6471,0.0,7.99,2.637,F8,0.538,Her,7.677,288,693.4370594020932,HD154375_TypF8_Mag7.99,"hms_tuple(h=17.0, m=3.0, s=38.24990026952946)","dms_tuple(d=40.0, m=55.0, s=21.494742904076247)",255.909375,17.060625,40.922637
83219,155090,,17.060701,69.798187,88.0282,0.0,7.9,3.177,F5,0.481,Dra,4.669,269,640.5029468202126,HD155090_TypF5_Mag7.9,"hms_tuple(h=17.0, m=4.0, s=32.180789725913996)","dms_tuple(d=69.0, m=46.0, s=1.0672022849144014)",256.134087,17.075606,69.766963
83233,153890,,17.064146,-38.152572,64.6831,-15.0,5.91,1.856,F3V,0.409,Sco,15.762,59,110.66217874985526,HD153890_TypF3_Mag5.91,"hms_tuple(h=17.0, m=4.0, s=14.533652933754695)","dms_tuple(d=-38.0, m=-11.0, s=-1.0079277518991603)",256.060557,17.070704,-38.183613
83254,154038,,17.067236,-27.215217,190.1141,0.0,7.74,1.345,F6IV,0.538,Oph,25.235,238,556.1767595666211,HD154038_TypF6_Mag7.74,"hms_tuple(h=17.0, m=4.0, s=22.92220330328604)","dms_tuple(d=-27.0, m=-14.0, s=-46.58092103037518)",256.095509,17.073034,-27.246272
83259,154578,,17.068139,46.089867,71.8391,29.8,7.84,3.558,F7V,0.447,Her,3.287,257,607.4779541357369,HD154578_TypF7_Mag7.84,"hms_tuple(h=17.0, m=4.0, s=32.042259223734106)","dms_tuple(d=46.0, m=3.0, s=31.429875741919204)",256.133509,17.075567,46.058731
83343,154417,,17.088005,0.702559,20.6654,-15.8,6.0,4.424,F9V,0.578,Oph,1.48,63,119.80781072170208,HD154417_TypF9_Mag6.0,"hms_tuple(h=17.0, m=5.0, s=35.375996766238416)","dms_tuple(d=0.0, m=40.0, s=17.313762147184235)",256.3974,17.09316,0.671476
83350,154905,,17.088929,54.470042,27.4348,-16.5,4.91,2.718,F5,0.471,Dra,7.125,27,45.795454590658096,HD154905_TypF5_Mag4.91,"hms_tuple(h=17.0, m=5.0, s=52.05234223494699)","dms_tuple(d=54.0, m=26.0, s=19.992049376932073)",256.466885,17.097792,54.438887
83360,154443,,17.089846,3.438611,153.6098,0.0,7.31,1.378,F0,0.334,Oph,24.479,171,380.5807304870462,HD154443_TypF0_Mag7.31,"hms_tuple(h=17.0, m=5.0, s=42.03518820759484)","dms_tuple(d=3.0, m=24.0, s=27.091980317163546)",256.425147,17.09501,3.407526
83429,154287,,17.103314,-38.625283,97.2763,0.0,7.73,2.79,F3V,0.428,Sco,6.668,236,551.2912113423957,HD154287_TypF3_Mag7.73,"hms_tuple(h=17.0, m=6.0, s=35.69344819911976)","dms_tuple(d=-38.0, m=-39.0, s=-22.765003354377313)",256.648723,17.109915,-38.656324
83441,154519,,17.106144,-12.411076,127.2265,0.0,7.93,2.407,F2/F3IV/V,0.455,Oph,9.489,275,657.682729265769,HD154519_TypF2_Mag7.93,"hms_tuple(h=17.0, m=6.0, s=41.12142666865793)","dms_tuple(d=-12.0, m=-26.0, s=-31.728597996127093)",256.671339,17.111423,-12.442147
83443,154337,,17.106467,-37.10157,58.3431,0.0,7.82,3.99,F8V,0.506,Sco,2.208,253,596.8524553483364,HD154337_TypF8_Mag7.82,"hms_tuple(h=17.0, m=6.0, s=46.55739667545845)","dms_tuple(d=-37.0, m=-7.0, s=-57.40622513529729)",256.693989,17.112933,-37.132613
83451,154312,,17.108121,-39.305119,70.373,0.0,7.95,3.713,F7V,0.558,Sco,2.85,280,669.391162362906,HD154312_TypF7_Mag7.95,"hms_tuple(h=17.0, m=6.0, s=53.22804677093643)","dms_tuple(d=-39.0, m=-20.0, s=-10.17091378814996)",256.721784,17.114786,-39.336159
83452,154520,,17.108179,-13.934883,107.7586,0.0,7.47,2.308,F6V,0.503,Oph,10.394,194,438.2834686761904,HD154520_TypF6_Mag7.47,"hms_tuple(h=17.0, m=6.0, s=48.56638156149074)","dms_tuple(d=-13.0, m=-57.0, s=-57.42852765015513)",256.70236,17.113491,-13.965952
83509,154796,,17.119709,12.125999,59.4884,0.0,7.47,3.598,F5,0.448,Oph,3.168,194,438.2834686761904,HD154796_TypF5_Mag7.47,"hms_tuple(h=17.0, m=7.0, s=29.93039866127873)","dms_tuple(d=12.0, m=5.0, s=41.659716760182874)",256.87471,17.124981,12.094905
83535,154861,,17.125114,12.879437,173.3102,0.0,7.94,1.746,F2,0.458,Her,17.442,277,663.5111201850515,HD154861_TypF2_Mag7.94,"hms_tuple(h=17.0, m=7.0, s=49.443676331808035)","dms_tuple(d=12.0, m=50.0, s=54.03392614051867)",256.956015,17.130401,12.848343
83541,155479,,17.12614,63.439396,154.0832,0.0,7.87,1.931,F5,0.518,Dra,14.71,263,623.771929275639,HD155479_TypF5_Mag7.87,"hms_tuple(h=17.0, m=8.0, s=15.559453664525051)","dms_tuple(d=63.0, m=24.0, s=29.55397052078638)",257.064831,17.137655,63.408209
83552,154892,,17.128141,15.210445,91.9963,0.0,7.89,3.071,F8V,0.479,Her,5.148,267,634.876663483802,HD154892_TypF8_Mag7.89,"hms_tuple(h=17.0, m=8.0, s=0.5351541610093591)","dms_tuple(d=15.0, m=10.0, s=45.65460781921615)",257.00223,17.133482,15.179349
83557,154987,,17.129626,27.13789,76.6284,0.0,7.99,3.568,F0,0.395,Her,3.257,288,693.4370594020932,HD154987_TypF0_Mag7.99,"hms_tuple(h=17.0, m=8.0, s=7.500129920411496)","dms_tuple(d=27.0, m=6.0, s=24.411425490446845)",257.031251,17.135417,27.106781
83564,155356,,17.130864,56.171024,77.7605,0.0,7.89,3.436,F5,0.435,Dra,3.678,267,634.876663483802,HD155356_TypF5_Mag7.89,"hms_tuple(h=17.0, m=8.0, s=24.415887608270452)","dms_tuple(d=56.0, m=8.0, s=23.510044361419773)",257.101733,17.140116,56.139864
83569,155060,,17.13218,32.105485,36.5497,0.0,7.21,4.396,F8,0.562,Her,1.519,159,348.44088743422355,HD155060_TypF8_Mag7.21,"hms_tuple(h=17.0, m=8.0, s=17.747469521290498)","dms_tuple(d=32.0, m=4.0, s=27.731864238140815)",257.073948,17.138263,32.07437
83572,155025,,17.133096,27.101412,122.6994,0.0,7.69,2.246,F2,0.38,Her,11.005,229,532.1744198083834,HD155025_TypF2_Mag7.69,"hms_tuple(h=17.0, m=8.0, s=19.98534266069754)","dms_tuple(d=27.0, m=4.0, s=13.090776346149937)",257.083272,17.138885,27.070303
83589,155513,,17.13543,61.159619,106.2699,-7.0,6.72,1.588,F5,0.528,Dra,20.174,109,226.137433304753,HD155513_TypF5_Mag6.72,"hms_tuple(h=17.0, m=8.0, s=45.979868802835426)","dms_tuple(d=61.0, m=7.0, s=42.39133701973856)",257.191583,17.146106,61.128442
83597,154974,,17.137703,16.093927,72.3066,-25.8,6.67,2.374,F8IV,0.505,Her,9.781,105,216.3782561854747,HD154974_TypF8_Mag6.67,"hms_tuple(h=17.0, m=8.0, s=35.04143192732954)","dms_tuple(d=16.0, m=3.0, s=46.18668529575672)",257.146006,17.143067,16.06283
83600,154589,,17.138136,-41.024505,970.8738,0.0,6.89,-3.046,F2II,0.561,Sco,1440.124,124,262.73172769318006,HD154589_TypF2_Mag6.89,"hms_tuple(h=17.0, m=8.0, s=41.898252592481526)","dms_tuple(d=-41.0, m=-3.0, s=-19.950851606004676)",257.174576,17.144972,-41.055542
83604,155092,,17.139254,28.23373,76.1615,3.7,7.07,2.661,F2,0.42,Her,7.509,143,307.9529390460096,HD155092_TypF2_Mag7.07,"hms_tuple(h=17.0, m=8.0, s=42.370914517991025)","dms_tuple(d=28.0, m=12.0, s=9.430846754486595)",257.176545,17.145103,28.20262
83609,154865,,17.140292,-12.03334,81.4996,0.0,7.7,3.144,F8,0.513,Oph,4.813,231,536.8905548349917,HD154865_TypF8_Mag7.7,"hms_tuple(h=17.0, m=8.0, s=44.02703715722225)","dms_tuple(d=-12.0, m=-3.0, s=-51.88029461890238)",257.183446,17.145563,-12.064411
83638,154783,,17.146539,-30.40373,78.2473,-30.0,5.93,1.463,Fm,0.276,Sco,22.636,60,112.63224829649297,HD154783_TypFm_Mag5.93,"hms_tuple(h=17.0, m=9.0, s=9.062770994277116)","dms_tuple(d=-30.0, m=-26.0, s=-5.214092927301692)",257.287762,17.152517,-30.434782
83659,154909,,17.150373,-16.903345,101.626,0.0,7.71,2.675,F0V,0.311,Oph,7.413,233,541.648484297334,HD154909_TypF0_Mag7.71,"hms_tuple(h=17.0, m=9.0, s=20.74063597084205)","dms_tuple(d=-16.0, m=-56.0, s=-3.8812508647149)",257.336419,17.155761,-16.934411
83684,155228,,17.157555,22.09182,58.8928,7.0,7.03,3.18,F6V,0.539,Her,4.656,138,297.27424144135534,HD155228_TypF6_Mag7.03,"hms_tuple(h=17.0, m=9.0, s=47.2206546566062)","dms_tuple(d=22.0, m=3.0, s=38.579449535101844)",257.446753,17.163117,22.060717
83692,155394,,17.159911,38.293489,83.612,0.0,7.37,2.759,F5,0.466,Her,6.861,180,401.2706596517492,HD155394_TypF5_Mag7.37,"hms_tuple(h=17.0, m=9.0, s=59.31322267188989)","dms_tuple(d=38.0, m=15.0, s=44.515836159879996)",257.497138,17.166476,38.262366
83693,155286,,17.16049,23.577925,98.912,0.0,7.89,2.914,F5,0.465,Her,5.948,267,634.876663483802,HD155286_TypF5_Mag7.89,"hms_tuple(h=17.0, m=9.0, s=58.006213030471656)","dms_tuple(d=23.0, m=32.0, s=48.551716493087156)",257.491693,17.166113,23.54682
83695,155193,,17.161413,10.038689,59.5948,0.0,7.0,3.124,F8IV,0.561,Oph,4.902,135,289.50893673230235,HD155193_TypF8_Mag7.0,"hms_tuple(h=17.0, m=9.0, s=59.93023062385902)","dms_tuple(d=10.0, m=0.0, s=27.3508208093574)",257.499709,17.166647,10.007597
83704,155078,,17.163319,-10.523301,41.3223,-3.0,5.43,2.349,F5IV,0.465,Oph,10.009,41,72.45599625567901,HD155078_TypF5_Mag5.43,"hms_tuple(h=17.0, m=10.0, s=6.824477007343432)","dms_tuple(d=-10.0, m=-33.0, s=-15.745042817106452)",257.528435,17.168562,-10.554374
83762,155395,,17.175167,21.215601,129.7017,0.0,7.58,2.015,F5,0.393,Her,13.614,211,482.9526381068404,HD155395_TypF5_Mag7.58,"hms_tuple(h=17.0, m=10.0, s=50.50284436090777)","dms_tuple(d=21.0, m=11.0, s=4.194373152621154)",257.710429,17.180695,21.184498
83764,155559,,17.175579,39.851945,70.922,0.0,7.54,3.286,F5,0.452,Her,4.223,204,466.20558189854603,HD155559_TypF5_Mag7.54,"hms_tuple(h=17.0, m=10.0, s=56.245203309842395)","dms_tuple(d=39.0, m=49.0, s=14.948966083884443)",257.734355,17.18229,39.820819
83776,155213,,17.178728,-12.701216,93.7207,0.0,6.71,1.851,F3V,0.176,Oph,15.834,108,224.15100485964183,HD155213_TypF3_Mag6.71,"hms_tuple(h=17.0, m=11.0, s=2.4453261394535275)","dms_tuple(d=-12.0, m=-43.0, s=-56.23159949844279)",257.760189,17.184013,-12.732287
83811,155543,,17.188034,24.252415,77.3994,0.0,6.94,2.496,F2,0.392,Her,8.742,129,274.581557295345,HD155543_TypF2_Mag6.94,"hms_tuple(h=17.0, m=11.0, s=37.27040749611007)","dms_tuple(d=24.0, m=13.0, s=16.713071953659835)",257.905293,17.193686,24.221309
83823,155423,,17.189607,4.690274,42.9,0.0,6.77,3.608,F8,0.569,Oph,3.139,113,236.33677266456448,HD155423_TypF8_Mag6.77,"hms_tuple(h=17.0, m=11.0, s=41.20344638126255)","dms_tuple(d=4.0, m=39.0, s=33.07465681616577)",257.921681,17.194779,4.659187
83870,156051,,17.198528,57.96761,69.735,0.0,7.14,2.923,F5,0.464,Dra,5.899,151,327.5719697549974,HD156051_TypF5_Mag7.14,"hms_tuple(h=17.0, m=12.0, s=29.65681344890811)","dms_tuple(d=57.0, m=56.0, s=11.199736753868592)",258.12357,17.208238,57.936444
83884,155203,,17.202552,-43.239189,22.5276,-27.0,3.32,1.556,F3p,0.441,Sco,20.778,8,11.260850571594883,HD155203_TypF3_Mag3.32,"hms_tuple(h=17.0, m=12.0, s=34.67269085399238)","dms_tuple(d=-43.0, m=-16.0, s=-12.800032895545996)",258.14447,17.209631,-43.270222
83907,155546,,17.206263,-0.773888,111.8568,0.0,7.8,2.557,F0,0.465,Oph,8.264,249,586.4128089424291,HD155546_TypF0_Mag7.8,"hms_tuple(h=17.0, m=12.0, s=41.10535390662335)","dms_tuple(d=-0.0, m=-48.0, s=-17.890597804303354)",258.171272,17.211418,-0.80497
83924,156295,,17.209047,62.874337,43.0478,-5.0,5.54,2.37,F0IV,0.216,Dra,9.817,44,79.84059869753548,HD156295_TypF0_Mag5.54,"hms_tuple(h=17.0, m=13.0, s=13.225660287370715)","dms_tuple(d=62.0, m=50.0, s=35.350636243379085)",258.305107,17.22034,62.843153
83939,155469,,17.210979,-21.606048,86.2813,0.0,7.03,2.35,F2V,0.408,Oph,10.0,138,297.27424144135534,HD155469_TypF2_Mag7.03,"hms_tuple(h=17.0, m=12.0, s=59.48778610143421)","dms_tuple(d=-21.0, m=-38.0, s=-13.59473468864934)",258.247866,17.216524,-21.63711
83958,155646,,17.215096,0.352028,69.4927,58.0,6.65,2.44,F6III,0.504,Oph,9.204,104,212.59354781364726,HD155646_TypF6_Mag6.65,"hms_tuple(h=17.0, m=13.0, s=12.902613482243623)","dms_tuple(d=0.0, m=19.0, s=15.403311273027143)",258.303761,17.220251,0.320945
83971,155714,,17.216469,7.749369,95.6023,-42.2,6.87,1.968,F0,0.379,Oph,14.217,123,258.1362429763933,HD155714_TypF0_Mag6.87,"hms_tuple(h=17.0, m=13.0, s=18.014775879556737)","dms_tuple(d=7.0, m=43.0, s=5.806508737878318)",258.325062,17.221671,7.71828
83977,156162,,17.218406,54.139307,108.8139,-18.3,6.91,1.727,F0,0.307,Dra,17.75,126,267.409023780344,HD156162_TypF0_Mag6.91,"hms_tuple(h=17.0, m=13.0, s=37.91449323774685)","dms_tuple(d=54.0, m=6.0, s=29.349229138164787)",258.407977,17.227198,54.108153
84005,156280,,17.225111,55.475203,74.239,0.0,7.61,3.257,F5,0.432,Dra,4.337,216,495.90655392467346,HD156280_TypF5_Mag7.61,"hms_tuple(h=17.0, m=14.0, s=3.115362697430726)","dms_tuple(d=55.0, m=26.0, s=38.56166148674106)",258.512981,17.234199,55.444045
84031,155536,,17.231663,-38.294939,102.8807,0.0,6.74,1.678,F5V,0.458,Sco,18.569,111,230.16325744576756,HD155536_TypF5_Mag6.74,"hms_tuple(h=17.0, m=14.0, s=17.641150578628242)","dms_tuple(d=-38.0, m=-19.0, s=-33.52837094557003)",258.573505,17.238234,-38.32598
84038,155650,,17.233895,-27.796569,840.3361,0.0,6.68,-2.942,F2III,0.578,Oph,1308.579,106,218.29580245415895,HD155650_TypF2_Mag6.68,"hms_tuple(h=17.0, m=14.0, s=23.005318481825157)","dms_tuple(d=-27.0, m=-49.0, s=-39.44569728393276)",258.595855,17.239724,-27.827624
84041,156389,,17.235233,56.133792,86.3558,-2.9,7.79,3.109,F2,0.457,Dra,4.97,247,581.2616622824664,HD156389_TypF2_Mag7.79,"hms_tuple(h=17.0, m=14.0, s=40.11206982019843)","dms_tuple(d=56.0, m=6.0, s=9.47523712583461)",258.667134,17.244476,56.102632
84048,155979,,17.23614,19.17962,71.3776,0.0,7.91,3.642,F8,0.485,Her,3.042,271,646.179090335777,HD155979_TypF8_Mag7.91,"hms_tuple(h=17.0, m=14.0, s=29.747572905069433)","dms_tuple(d=19.0, m=8.0, s=54.670348393460415)",258.623948,17.241597,19.14852
84055,155685,,17.237291,-26.984418,93.2836,0.0,6.64,1.791,F2/F3V,0.427,Oph,16.734,103,210.72609108853683,HD155685_TypF2_Mag6.64,"hms_tuple(h=17.0, m=14.0, s=35.077165059359174)","dms_tuple(d=-27.0, m=-0.0, s=-55.705476230220086)",258.646155,17.243077,-27.015474
84061,155633,,17.238083,-35.129672,95.057,0.0,7.92,3.03,F2V,0.411,Sco,5.346,273,651.9055358919003,HD155633_TypF2_Mag7.92,"hms_tuple(h=17.0, m=14.0, s=39.79704978465634)","dms_tuple(d=-35.0, m=-9.0, s=-38.583340478559194)",258.665821,17.244388,-35.160718
84064,155967,,17.238904,14.552555,53.1915,-15.8,7.42,3.791,F6V,0.474,Her,2.652,187,419.36892659107707,HD155967_TypF6_Mag7.42,"hms_tuple(h=17.0, m=14.0, s=39.22350277428478)","dms_tuple(d=14.0, m=31.0, s=17.25291602358908)",258.663431,17.244229,14.521459
84093,156559,,17.245505,58.384063,79.4913,0.0,7.89,3.388,F2,0.413,Dra,3.844,267,634.876663483802,HD156559_TypF2_Mag7.89,"hms_tuple(h=17.0, m=15.0, s=19.185322419924944)","dms_tuple(d=58.0, m=21.0, s=10.425635685404586)",258.829939,17.255329,58.352896
84098,156128,,17.246634,24.079235,142.6534,0.0,7.93,2.159,F0,0.337,Her,11.923,275,657.682729265769,HD156128_TypF0_Mag7.93,"hms_tuple(h=17.0, m=15.0, s=8.202869728275175)","dms_tuple(d=24.0, m=2.0, s=53.26575359730896)",258.784179,17.252279,24.048129
84124,155634,,17.251586,-45.878683,129.3661,0.0,7.57,2.011,F2IV/V,0.407,Ara,13.665,209,478.71030262103807,HD155634_TypF2_Mag7.57,"hms_tuple(h=17.0, m=15.0, s=32.37957214467713)","dms_tuple(d=-45.0, m=-54.0, s=-34.96136078367783)",258.884915,17.258994,-45.909711
84164,156023,,17.259627,-10.297451,108.1081,12.2,7.33,2.161,F5,0.462,Oph,11.901,174,387.3560399526628,HD156023_TypF5_Mag7.33,"hms_tuple(h=17.0, m=15.0, s=53.519570229411784)","dms_tuple(d=-10.0, m=-19.0, s=-42.68580829326453)",258.972998,17.264867,-10.328524
84170,155854,,17.261058,-34.352242,193.0502,0.0,7.85,1.422,F0V,0.37,Sco,23.507,259,612.8614298360975,HD155854_TypF0_Mag7.85,"hms_tuple(h=17.0, m=16.0, s=2.294216370540312)","dms_tuple(d=-34.0, m=-22.0, s=-59.83911746943022)",259.009559,17.267304,-34.383289
84171,156034,,17.261412,-9.808807,204.0816,0.0,6.93,0.381,F5,0.796,Oph,61.32,128,272.1695876893252,HD156034_TypF5_Mag6.93,"hms_tuple(h=17.0, m=15.0, s=59.91698277803579)","dms_tuple(d=-9.0, m=-50.0, s=-23.569060733711922)",258.999654,17.266644,-9.83988
84200,156058,,17.266578,-16.196015,108.6957,0.0,7.7,2.519,F3V,0.48,Oph,8.559,231,536.8905548349917,HD156058_TypF3_Mag7.7,"hms_tuple(h=17.0, m=16.0, s=19.007464135251837)","dms_tuple(d=-16.0, m=-13.0, s=-37.49577507721227)",259.079198,17.271947,-16.227082
84206,156890,,17.268024,60.713907,182.4818,-21.5,6.91,0.604,F0,0.385,Dra,49.934,126,267.409023780344,HD156890_TypF0_Mag6.91,"hms_tuple(h=17.0, m=16.0, s=42.784735191065124)","dms_tuple(d=60.0, m=40.0, s=57.83431670078585)",259.17827,17.278551,60.682732
84230,155974,,17.272671,-35.750297,31.4367,-1.0,6.09,3.603,F6V,0.479,Sco,3.154,67,129.70927982877768,HD155974_TypF6_Mag6.09,"hms_tuple(h=17.0, m=16.0, s=44.48971733180343)","dms_tuple(d=-35.0, m=-46.0, s=-52.83027313696721)",259.185374,17.279025,-35.781342
84273,156632,,17.281666,39.468474,74.7384,0.0,7.48,3.112,F5,0.48,Her,4.957,195,442.16754115556887,HD156632_TypF5_Mag7.48,"hms_tuple(h=17.0, m=17.0, s=18.024861305592594)","dms_tuple(d=39.0, m=26.0, s=14.455485174681257)",259.325104,17.28834,39.437349
84274,156096,,17.281754,-30.351422,69.1563,0.0,7.27,3.071,F0V,0.336,Sco,5.148,166,367.38356293404297,HD156096_TypF0_Mag7.27,"hms_tuple(h=17.0, m=17.0, s=15.825242238300348)","dms_tuple(d=-30.0, m=-22.0, s=-56.905523453453384)",259.315939,17.287729,-30.382474
84289,156536,,17.283827,26.715343,68.4463,-38.0,7.51,3.333,F3IV,0.415,Her,4.044,200,454.02750557766933,HD156536_TypF3_Mag7.51,"hms_tuple(h=17.0, m=17.0, s=22.545893710270377)","dms_tuple(d=26.0, m=41.0, s=3.2439669713335206)",259.343941,17.289596,26.684234
84292,156098,,17.284349,-32.66284,48.3793,-36.0,5.53,2.107,F6V,0.514,Sco,12.508,44,79.13926573372774,HD156098_TypF6_Mag5.53,"hms_tuple(h=17.0, m=17.0, s=25.706568103916823)","dms_tuple(d=-32.0, m=-41.0, s=-37.99988984178185)",259.357111,17.290474,-32.693889
84307,156484,,17.287678,13.868835,153.8462,0.0,7.85,1.915,F2,0.401,Her,14.928,259,612.8614298360975,HD156484_TypF2_Mag7.85,"hms_tuple(h=17.0, m=17.0, s=34.75219359995549)","dms_tuple(d=13.0, m=50.0, s=15.863300356035381)",259.394801,17.292987,13.83774
84341,156458,,17.293602,1.742502,89.3655,0.0,6.86,2.104,F0,0.416,Oph,12.543,122,255.86873171888556,HD156458_TypF0_Mag6.86,"hms_tuple(h=17.0, m=17.0, s=55.532203675547294)","dms_tuple(d=1.0, m=42.0, s=41.105151659266994)",259.481384,17.298759,1.711418
84343,157222,,17.293839,64.033162,172.4138,0.0,7.39,1.207,F2,0.35,Dra,28.655,182,408.41430272357115,HD157222_TypF2_Mag7.39,"hms_tuple(h=17.0, m=18.0, s=20.154518512026414)","dms_tuple(d=64.0, m=0.0, s=7.101651149076815)",259.583977,17.305598,64.001973
84362,156696,,17.298758,28.906342,108.1081,-26.0,7.47,2.301,F0,0.258,Her,10.462,194,438.2834686761904,HD156696_TypF0_Mag7.47,"hms_tuple(h=17.0, m=18.0, s=16.720176497706234)","dms_tuple(d=28.0, m=52.0, s=30.831189789188613)",259.569667,17.304644,28.875231
84373,156539,,17.301372,3.147106,74.7943,3.0,6.87,2.501,F2,0.412,Oph,8.702,123,258.1362429763933,HD156539_TypF2_Mag6.87,"hms_tuple(h=17.0, m=18.0, s=23.523398916556175)","dms_tuple(d=3.0, m=6.0, s=57.674938972379906)",259.598014,17.306534,3.116021
84384,156549,,17.304123,-0.764745,95.1475,0.0,7.91,3.018,F8,0.53,Oph,5.405,271,646.179090335777,HD156549_TypF8_Mag7.91,"hms_tuple(h=17.0, m=18.0, s=33.40131253321886)","dms_tuple(d=-0.0, m=-47.0, s=-44.97582778078751)",259.639172,17.309278,-0.795827
84392,156730,,17.305878,23.432129,132.8021,0.0,7.79,2.174,F5,0.503,Her,11.76,247,581.2616622824664,HD156730_TypF5_Mag7.79,"hms_tuple(h=17.0, m=18.0, s=41.38065661023205)","dms_tuple(d=23.0, m=24.0, s=3.686684542193177)",259.672419,17.311495,23.401024
84437,156635,,17.31401,-2.810583,40.3388,0.0,6.66,3.631,F8,0.534,Oph,3.073,104,214.47755395891784,HD156635_TypF8_Mag6.66,"hms_tuple(h=17.0, m=19.0, s=9.015568689534916)","dms_tuple(d=-2.0, m=-50.0, s=-29.985914072983633)",259.787565,17.319171,-2.841663
84443,160034,,17.314478,83.336851,76.8049,0.0,7.55,3.123,F8,0.574,UMi,4.907,206,470.3371004243402,HD160034_TypF8_Mag7.55,"hms_tuple(h=17.0, m=21.0, s=31.30229259798739)","dms_tuple(d=83.0, m=18.0, s=19.16703447087798)",260.380426,17.358695,83.305324
84445,156697,,17.314663,6.08545,165.2893,-25.0,6.51,0.419,F0n,0.388,Oph,59.211,93,187.8907161370077,HD156697_TypF0_Mag6.51,"hms_tuple(h=17.0, m=19.0, s=11.447607330641176)","dms_tuple(d=6.0, m=3.0, s=15.70364300336287)",259.797698,17.319847,6.054362
84453,156586,,17.31609,-15.220268,89.5255,0.0,7.81,3.05,F7V,0.553,Ser,5.248,251,591.6096051155723,HD156586_TypF7_Mag7.81,"hms_tuple(h=17.0, m=19.0, s=17.158125792452097)","dms_tuple(d=-15.0, m=-15.0, s=-4.8100277090306065)",259.821492,17.321433,-15.251336
84525,156825,,17.330597,-4.049051,96.3391,0.0,7.87,2.951,F5,0.51,Oph,5.749,263,623.771929275639,HD156825_TypF5_Mag7.87,"hms_tuple(h=17.0, m=20.0, s=8.753073549181067)","dms_tuple(d=-4.0, m=-4.0, s=-48.466639382101775)",260.036471,17.335765,-4.08013
84526,157224,,17.330814,45.308627,67.0241,0.0,6.66,2.529,F0,0.332,Her,8.48,104,214.47755395891784,HD157224_TypF0_Mag6.66,"hms_tuple(h=17.0, m=20.0, s=17.301604986862174)","dms_tuple(d=45.0, m=16.0, s=38.97112015885057)",260.07209,17.338139,45.277492
84596,157373,,17.342699,48.188791,39.6511,31.0,6.36,3.369,F6Vawvar,0.427,Her,3.912,83,164.59960755259254,HD157373_TypF6_Mag6.36,"hms_tuple(h=17.0, m=21.0, s=1.5341094091249374)","dms_tuple(d=48.0, m=9.0, s=27.54141579866655)",260.256392,17.350426,48.15765
84605,157804,,17.345019,65.639945,132.9787,0.0,7.71,2.091,F2,0.44,Dra,12.694,233,541.648484297334,HD157804_TypF2_Mag7.71,"hms_tuple(h=17.0, m=21.0, s=27.003763421017766)","dms_tuple(d=65.0, m=36.0, s=31.491358486001673)",260.362516,17.357501,65.608748
84624,156971,,17.347953,-10.69641,47.7783,12.0,6.46,3.064,F1III+...,0.326,Ser,5.181,90,179.78211266056408,HD156971_TypF1_Mag6.46,"hms_tuple(h=17.0, m=21.0, s=11.51759523212462)","dms_tuple(d=-10.0, m=-43.0, s=-38.93685533630389)",260.29799,17.353199,-10.727482
84629,156848,,17.348517,-27.344463,86.6551,0.0,7.94,3.251,F7/F8IV+...,0.485,Oph,4.361,277,663.5111201850515,HD156848_TypF7_Mag7.94,"hms_tuple(h=17.0, m=21.0, s=15.558130551111446)","dms_tuple(d=-27.0, m=-22.0, s=-31.865984393484155)",260.314826,17.354322,-27.375518
84635,156897,,17.350101,-21.112933,17.3551,-8.8,4.39,3.193,F2/F3V,0.394,Oph,4.6,18,28.944790901286467,HD156897_TypF2_Mag4.39,"hms_tuple(h=17.0, m=21.0, s=20.259798279627148)","dms_tuple(d=-21.0, m=-8.0, s=-38.38259914335367)",260.334416,17.355628,-21.143995
84646,157089,,17.35196,1.443051,36.3372,-162.6,6.95,4.148,F9V,0.571,Oph,1.909,130,277.01490180011757,HD157089_TypF9_Mag6.95,"hms_tuple(h=17.0, m=21.0, s=25.618358535818118)","dms_tuple(d=1.0, m=24.0, s=43.08253398761536)",260.356743,17.357116,1.411967
84651,158063,,17.352903,69.800708,248.139,0.0,7.38,0.407,F8,0.626,Dra,59.869,181,404.82672424766696,HD158063_TypF8_Mag7.38,"hms_tuple(h=17.0, m=22.0, s=4.1143958731541375)","dms_tuple(d=69.0, m=46.0, s=10.14273318384312)",260.517143,17.36781,69.769484
84654,156999,,17.353219,-12.057271,59.4177,0.0,7.68,3.81,F8,0.472,Ser,2.606,227,527.4997120883073,HD156999_TypF8_Mag7.68,"hms_tuple(h=17.0, m=21.0, s=30.565932943609084)","dms_tuple(d=-12.0, m=-5.0, s=-18.03181258256359)",260.377358,17.358491,-12.088342
84660,157329,,17.354087,31.256907,71.7875,0.0,6.9,2.62,F8,0.573,Her,7.798,125,265.0600588895962,HD157329_TypF8_Mag6.9,"hms_tuple(h=17.0, m=21.0, s=36.41364710587794)","dms_tuple(d=31.0, m=13.0, s=32.854902926279976)",260.401724,17.360115,31.225793
84685,157427,,17.360774,35.823573,80.0,0.0,7.45,2.935,F0,0.408,Her,5.834,191,430.6173790127683,HD157427_TypF0_Mag7.45,"hms_tuple(h=17.0, m=22.0, s=1.663715323371946)","dms_tuple(d=35.0, m=47.0, s=32.830944466154506)",260.506932,17.367129,35.792453
84689,157482,,17.362116,39.974649,73.9645,3.0,5.55,1.205,F9Vn...,0.667,Her,28.708,45,80.54814688107709,HD157482_TypF9_Mag5.55,"hms_tuple(h=17.0, m=22.0, s=7.821678124593063)","dms_tuple(d=39.0, m=56.0, s=36.682683017374416)",260.53259,17.368839,39.943523
84740,157393,,17.373604,15.13686,57.7367,0.0,7.73,3.923,F8,0.492,Her,2.349,236,551.2912113423957,HD157393_TypF8_Mag7.73,"hms_tuple(h=17.0, m=22.0, s=44.195272701620354)","dms_tuple(d=15.0, m=6.0, s=20.748866694769106)",260.684147,17.378943,15.105764
84747,157466,,17.374346,24.879447,29.3083,29.1,6.88,4.545,F8V,0.526,Her,1.324,123,260.4238489413245,HD157466_TypF8_Mag6.88,"hms_tuple(h=17.0, m=22.0, s=48.09550943418827)","dms_tuple(d=24.0, m=50.0, s=54.0257882545248)",260.700398,17.380027,24.84834
84759,157060,,17.37721,-35.910699,36.6435,-6.0,6.42,3.6,F8V,0.541,Sco,3.162,87,173.54791719623321,HD157060_TypF8_Mag6.42,"hms_tuple(h=17.0, m=23.0, s=0.8764538644780373)","dms_tuple(d=-35.0, m=-56.0, s=-30.27667259992711)",260.753652,17.383577,-35.941744
84775,156979,,17.379577,-45.614274,869.5652,6.9,6.68,-3.017,F7/F8Ib/II,0.83,Sco,1402.168,106,218.29580245415895,HD156979_TypF7_Mag6.68,"hms_tuple(h=17.0, m=23.0, s=13.02100784894236)","dms_tuple(d=-45.0, m=-38.0, s=-43.090742608897585)",260.804254,17.38695,-45.645303
84779,157565,,17.38,27.859358,58.2072,0.0,7.57,3.745,F5,0.426,Her,2.767,209,478.71030262103807,HD157565_TypF5_Mag7.57,"hms_tuple(h=17.0, m=23.0, s=8.98343917327054)","dms_tuple(d=27.0, m=49.0, s=41.6932213466643)",260.787431,17.385829,27.828248
84840,157264,,17.392409,-31.700421,74.0192,0.0,7.76,3.413,F0V,0.389,Sco,3.757,242,566.0781270342421,HD157264_TypF0_Mag7.76,"hms_tuple(h=17.0, m=23.0, s=54.490432685323924)","dms_tuple(d=-31.0, m=-43.0, s=-53.295897175324285)",260.977043,17.39847,-31.731471
84845,157379,,17.393396,-16.038313,79.8085,0.0,6.65,2.14,F3IV/V,0.43,Ser,12.134,104,212.59354781364726,HD157379_TypF3_Mag6.65,"hms_tuple(h=17.0, m=23.0, s=55.53686777307661)","dms_tuple(d=-16.0, m=-4.0, s=-9.769135362238615)",260.981404,17.39876,-16.06938
84858,157906,,17.395722,47.270708,84.8176,-26.9,7.92,3.278,F8...,0.563,Her,4.254,273,651.9055358919003,HD157906_TypF8_Mag7.92,"hms_tuple(h=17.0, m=24.0, s=11.931337578724879)","dms_tuple(d=47.0, m=14.0, s=22.449260308289922)",261.049714,17.403314,47.239569
84888,157853,,17.400627,38.582782,175.4386,27.0,6.48,0.259,F8IV,0.716,Her,68.612,91,182.98269364662428,HD157853_TypF8_Mag6.48,"hms_tuple(h=17.0, m=24.0, s=25.98561523820763)","dms_tuple(d=38.0, m=33.0, s=5.9690918310576535)",261.108273,17.407218,38.551658
84897,157728,,17.40183,22.960285,42.6985,-20.0,5.7,2.548,F0IV,0.229,Her,8.333,50,91.94583891191142,HD157728_TypF0_Mag5.7,"hms_tuple(h=17.0, m=24.0, s=26.73673305825787)","dms_tuple(d=22.0, m=55.0, s=45.05011442812901)",261.111403,17.407427,22.929181
84919,158064,,17.407239,50.425134,90.8265,0.0,7.62,2.829,F2,0.414,Dra,6.433,217,500.3012827613783,HD158064_TypF2_Mag7.62,"hms_tuple(h=17.0, m=24.0, s=55.16877655731264)","dms_tuple(d=50.0, m=23.0, s=38.35898235413822)",261.22987,17.415325,50.393989
84951,157316,,17.411971,-45.008235,58.3771,0.0,6.66,2.829,F3V,0.388,Sco,6.433,104,214.47755395891784,HD157316_TypF3_Mag6.66,"hms_tuple(h=17.0, m=25.0, s=9.356779494699197)","dms_tuple(d=-45.0, m=-2.0, s=-21.35436398366039)",261.288987,17.419266,-45.039265
84962,157387,,17.414074,-41.50049,76.8049,0.0,7.79,3.363,F6V,0.524,Sco,3.934,247,581.2616622824664,HD157387_TypF6_Mag7.79,"hms_tuple(h=17.0, m=25.0, s=15.45527202572714)","dms_tuple(d=-41.0, m=-31.0, s=-53.4940876093367)",261.314397,17.42096,-41.531526
85001,157925,,17.422261,22.441277,231.4815,-25.0,7.95,1.127,F0III,0.369,Her,30.846,280,669.391162362906,HD157925_TypF0_Mag7.95,"hms_tuple(h=17.0, m=25.0, s=40.21224220038846)","dms_tuple(d=22.0, m=24.0, s=36.62331256428985)",261.417551,17.427837,22.410173
85029,157935,,17.428026,16.383968,134.9528,-51.9,6.64,0.989,F5III,0.377,Her,35.027,103,210.72609108853683,HD157935_TypF5_Mag6.64,"hms_tuple(h=17.0, m=26.0, s=0.23266750150924054)","dms_tuple(d=16.0, m=21.0, s=10.33325421128609)",261.500969,17.433398,16.35287
85047,157856,,17.432743,-1.651777,61.8429,-24.0,6.44,2.484,F3V,0.457,Oph,8.839,88,176.63751357336122,HD157856_TypF3_Mag6.44,"hms_tuple(h=17.0, m=26.0, s=16.43952948428705)","dms_tuple(d=-1.0, m=-40.0, s=-58.28811868233444)",261.568498,17.4379,-1.682858
85105,157950,,17.443856,-5.086596,30.0752,0.4,4.53,2.139,F3V,0.385,Oph,12.145,20,32.75029184487014,HD157950_TypF3_Mag4.53,"hms_tuple(h=17.0, m=26.0, s=56.512593032464906)","dms_tuple(d=-5.0, m=-7.0, s=-3.6252162214658057)",261.735469,17.449031,-5.117674
85121,158225,,17.446101,31.21925,73.3676,0.1,7.14,2.812,F5V,0.483,Her,6.534,151,327.5719697549974,HD158225_TypF5_Mag7.14,"hms_tuple(h=17.0, m=27.0, s=7.655408859429542)","dms_tuple(d=31.0, m=11.0, s=17.28987166503316)",261.781898,17.452127,31.188136
85137,157968,,17.450597,-12.512488,43.4972,-40.0,6.2,3.008,F7V,0.517,Ser,5.455,73,142.92904788185962,HD157968_TypF7_Mag6.2,"hms_tuple(h=17.0, m=27.0, s=21.159680394683562)","dms_tuple(d=-12.0, m=-32.0, s=-36.81144924976991)",261.838165,17.455878,-12.543559
85163,157919,,17.455909,-29.867033,34.2114,37.0,4.28,1.609,F3III,0.402,Oph,19.788,17,26.267634453870414,HD157919_TypF3_Mag4.28,"hms_tuple(h=17.0, m=27.0, s=42.67791071421129)","dms_tuple(d=-29.0, m=-53.0, s=-53.10724658441018)",261.927825,17.461855,-29.898085
85174,158251,,17.459108,16.456866,73.6377,-11.0,7.24,2.904,F0,0.1,Her,6.003,163,357.7868844682338,HD158251_TypF0_Mag7.24,"hms_tuple(h=17.0, m=27.0, s=52.1351056016303)","dms_tuple(d=16.0, m=25.0, s=32.7657945819837)",261.96723,17.464482,16.425768
85214,158170,,17.467316,-8.208374,97.371,-64.0,6.37,1.428,F5IV,0.57,Oph,23.378,84,166.05829091964327,HD158170_TypF5_Mag6.37,"hms_tuple(h=17.0, m=28.0, s=21.087866566643925)","dms_tuple(d=-8.0, m=-14.0, s=-22.015640094992364)",262.087866,17.472524,-8.239449
85231,158122,,17.471165,-20.96369,102.3541,-10.0,7.93,2.879,F5V,0.481,Oph,6.143,275,657.682729265769,HD158122_TypF5_Mag7.93,"hms_tuple(h=17.0, m=28.0, s=36.070242407256785)","dms_tuple(d=-20.0, m=-59.0, s=-41.10836097027061)",262.150293,17.476686,-20.994752
85258,158821,,17.476609,51.361259,119.1895,0.0,7.63,2.249,F5,0.511,Dra,10.975,219,504.73495772895257,HD158821_TypF5_Mag7.63,"hms_tuple(h=17.0, m=29.0, s=5.491132921040389)","dms_tuple(d=51.0, m=19.0, s=48.40127908596003)",262.27288,17.484859,51.330111
85260,158140,,17.477436,-25.51067,103.6269,10.8,7.06,1.983,F3IV/V,0.401,Oph,14.022,142,305.2478297284723,HD158140_TypF3_Mag7.06,"hms_tuple(h=17.0, m=28.0, s=59.33627354034144)","dms_tuple(d=-25.0, m=-32.0, s=-30.21868553555322)",262.247234,17.483149,-25.541727
85264,158103,,17.478006,-31.384212,89.7666,0.0,7.6,2.834,F0V,0.373,Sco,6.403,214,491.5504291096121,HD158103_TypF0_Mag7.6,"hms_tuple(h=17.0, m=29.0, s=2.5657574285892792)","dms_tuple(d=-31.0, m=-24.0, s=-54.94492519722115)",262.260691,17.484046,-31.415262
85285,158868,,17.482825,50.870288,110.9878,-29.0,7.08,1.854,F0,0.5,Dra,15.791,144,310.68202106935195,HD158868_TypF0_Mag7.08,"hms_tuple(h=17.0, m=29.0, s=27.555175176785554)","dms_tuple(d=50.0, m=50.0, s=20.909757781836902)",262.364813,17.490988,50.839142
85301,158302,,17.485366,-14.080649,146.1988,0.0,7.91,2.085,F5/F6V,0.594,Ser,12.764,271,646.179090335777,HD158302_TypF5_Mag7.91,"hms_tuple(h=17.0, m=29.0, s=26.451749814977745)","dms_tuple(d=-14.0, m=-6.0, s=-42.18561995558417)",262.360216,17.490681,-14.111718
85315,158373,,17.487957,-9.990632,114.9425,0.0,7.62,2.318,F2,0.4,Oph,10.299,217,500.3012827613783,HD158373_TypF2_Mag7.62,"hms_tuple(h=17.0, m=29.0, s=35.48944997523677)","dms_tuple(d=-10.0, m=-1.0, s=-18.138446442962106)",262.397873,17.493192,-10.021705
85342,158462,,17.492429,-0.16912,119.9041,0.0,7.81,2.416,F0,0.388,Oph,9.41,251,591.6096051155723,HD158462_TypF0_Mag7.81,"hms_tuple(h=17.0, m=29.0, s=51.301235630751876)","dms_tuple(d=-0.0, m=-12.0, s=-0.7277803969155627)",262.463755,17.497584,-0.200202
85359,159329,,17.49568,63.852655,45.208,-28.7,7.66,4.384,F9V,0.581,Dra,1.536,224,518.2731261472211,HD159329_TypF9_Mag7.66,"hms_tuple(h=17.0, m=30.0, s=26.51060676715673)","dms_tuple(d=63.0, m=49.0, s=17.27951088850034)",262.610461,17.507364,63.821467
85400,158576,,17.505554,-4.369398,89.2061,0.0,6.72,1.968,F0,0.319,Oph,14.217,109,226.137433304753,HD158576_TypF0_Mag6.72,"hms_tuple(h=17.0, m=30.0, s=38.60598721092572)","dms_tuple(d=-4.0, m=-24.0, s=-1.714783513483411)",262.660858,17.510724,-4.400476
85412,158289,,17.508075,-43.754096,232.5581,0.0,7.5,0.667,F2/F3III,0.443,Sco,47.119,198,450.03925321819855,HD158289_TypF2_Mag7.5,"hms_tuple(h=17.0, m=30.0, s=54.77397986108059)","dms_tuple(d=-43.0, m=-47.0, s=-6.462022038535338)",262.728225,17.515215,-43.785128
85421,158306,,17.509421,-43.22607,81.4996,0.0,6.94,2.384,F3/F5III/IV,0.393,Sco,9.692,129,274.581557295345,HD158306_TypF3_Mag6.94,"hms_tuple(h=17.0, m=30.0, s=59.395599423177714)","dms_tuple(d=-43.0, m=-15.0, s=-25.571713991240586)",262.747482,17.516499,-43.257103
85422,158806,,17.509761,17.520785,49.3827,0.0,6.91,3.442,F6IV,0.505,Her,3.658,126,267.409023780344,HD158806_TypF6_Mag6.91,"hms_tuple(h=17.0, m=30.0, s=54.59576048124433)","dms_tuple(d=17.0, m=29.0, s=22.870382664630142)",262.727482,17.515165,17.489686
85427,159026,,17.511169,38.882202,290.6977,-27.0,6.43,-0.887,F6III,0.51,Her,197.151,87,175.0859005727711,HD159026_TypF6_Mag6.43,"hms_tuple(h=17.0, m=31.0, s=4.036372622031479)","dms_tuple(d=38.0, m=51.0, s=3.879480297691771)",262.766818,17.517788,38.851078
85440,158443,,17.513439,-33.609903,100000.0,13.8,7.9,-12.1,F8/G0II,0.894,Sco,6025595.861,269,640.5029468202126,HD158443_TypF8_Mag7.9,"hms_tuple(h=17.0, m=31.0, s=10.670077257493347)","dms_tuple(d=-33.0, m=-38.0, s=-27.422259069360848)",262.794459,17.519631,-33.640951
85442,158527,,17.513777,-23.841602,97.1817,-72.2,7.39,2.452,F2IV,0.375,Oph,9.103,182,408.41430272357115,HD158527_TypF2_Mag7.39,"hms_tuple(h=17.0, m=31.0, s=9.890032831219173)","dms_tuple(d=-23.0, m=-52.0, s=-21.580515695618203)",262.791208,17.519414,-23.872661
85443,158736,,17.513959,1.578229,57.9039,0.0,7.93,4.116,F8,0.527,Oph,1.966,275,657.682729265769,HD158736_TypF8_Mag7.93,"hms_tuple(h=17.0, m=31.0, s=8.81588972503323)","dms_tuple(d=1.0, m=32.0, s=49.72289058006652)",262.786733,17.519116,1.547145
85446,158737,,17.514313,1.119553,67.8887,0.0,7.14,2.981,F0,0.328,Oph,5.592,151,327.5719697549974,HD158737_TypF0_Mag7.14,"hms_tuple(h=17.0, m=31.0, s=10.086871417571217)","dms_tuple(d=1.0, m=5.0, s=18.49079491774619)",262.792029,17.519469,1.08847
85480,158719,,17.52162,-10.971458,55.9284,0.0,7.45,3.712,F5,0.521,Ser,2.852,191,430.6173790127683,HD158719_TypF5_Mag7.45,"hms_tuple(h=17.0, m=31.0, s=36.73620536603522)","dms_tuple(d=-11.0, m=-0.0, s=-9.108720515833113)",262.903068,17.526871,-11.00253
85485,158468,,17.522133,-39.018034,99.7009,0.0,7.14,2.147,F6V,0.538,Sco,12.056,151,327.5719697549974,HD158468_TypF6_Mag7.14,"hms_tuple(h=17.0, m=31.0, s=43.573426422607895)","dms_tuple(d=-39.0, m=-2.0, s=-56.666480496393774)",262.931556,17.52877,-39.049074
85525,158476,,17.530305,-46.036783,446.4286,-29.0,6.04,-2.209,F8/G0Ib,0.805,Ara,666.193,65,124.11155185705773,HD158476_TypF8_Mag6.04,"hms_tuple(h=17.0, m=32.0, s=15.844258140330965)","dms_tuple(d=-46.0, m=-4.0, s=-4.120287235531919)",263.066018,17.537735,-46.067811
85576,158741,,17.540175,-34.279405,120.4819,-50.0,6.16,0.755,F2IV,0.36,Sco,43.451,71,137.97278383067092,HD158741_TypF2_Mag6.16,"hms_tuple(h=17.0, m=32.0, s=47.09589156126157)","dms_tuple(d=-34.0, m=-18.0, s=-37.62626772186593)",263.196233,17.546416,-34.310452
85604,159225,,17.546913,19.377225,121.0654,0.0,7.79,2.375,F8,0.444,Her,9.772,247,581.2616622824664,HD159225_TypF8_Mag7.79,"hms_tuple(h=17.0, m=33.0, s=8.554042241912612)","dms_tuple(d=19.0, m=20.0, s=46.047621675828054)",263.285642,17.552376,19.346124
85643,160198,,17.555021,67.20372,71.9424,0.0,7.65,3.365,F2,0.456,Dra,3.926,222,513.7205296793568,HD160198_TypF2_Mag7.65,"hms_tuple(h=17.0, m=34.0, s=5.9074902554505115)","dms_tuple(d=67.0, m=10.0, s=21.04936728862299)",263.524615,17.568308,67.172514
85649,159332,,17.55634,19.256677,37.6506,-59.0,5.65,2.771,F6V,0.505,Her,6.786,48,87.97782833441168,HD159332_TypF6_Mag5.65,"hms_tuple(h=17.0, m=33.0, s=42.4767682923428)","dms_tuple(d=19.0, m=13.0, s=32.07526521457822)",263.426987,17.561799,19.225576
85655,159086,,17.557499,-18.339789,166.6667,0.0,7.75,1.641,F3V,0.511,Oph,19.213,240,561.1056035680328,HD159086_TypF3_Mag7.75,"hms_tuple(h=17.0, m=33.0, s=46.54962456079204)","dms_tuple(d=-18.0, m=-22.0, s=-15.07446501939313)",263.443957,17.56293,-18.370854
85661,159269,,17.559221,7.178289,78.3085,0.0,7.62,3.151,F2,0.372,Oph,4.782,217,500.3012827613783,HD159269_TypF2_Mag7.62,"hms_tuple(h=17.0, m=33.0, s=51.897641438563085)","dms_tuple(d=7.0, m=8.0, s=49.92041260748657)",263.46624,17.564416,7.1472
85689,159172,,17.566371,-17.83629,145.1379,0.0,7.91,2.101,F2V,0.418,Oph,12.578,271,646.179090335777,HD159172_TypF2_Mag7.91,"hms_tuple(h=17.0, m=34.0, s=18.43267941565813)","dms_tuple(d=-17.0, m=-52.0, s=-2.479892217582176)",263.576803,17.571787,-17.867356
85691,159160,,17.567327,-23.031446,75.5287,0.0,7.36,2.969,F0IV,0.356,Oph,5.655,178,397.7458321127074,HD159160_TypF0_Mag7.36,"hms_tuple(h=17.0, m=34.0, s=22.54584060755093)","dms_tuple(d=-23.0, m=-3.0, s=-45.02207199480466)",263.593941,17.572929,-23.062506
85700,159307,,17.569005,-3.055603,65.2316,0.0,7.4,3.328,F8,0.447,Oph,4.063,184,412.0336743557815,HD159307_TypF8_Mag7.4,"hms_tuple(h=17.0, m=34.0, s=27.001683328292927)","dms_tuple(d=-3.0, m=-5.0, s=-12.057108745859502)",263.612507,17.574167,-3.086683
85701,160078,,17.56921,60.089374,66.1376,0.0,7.28,3.178,F5,0.517,Dra,4.664,168,370.63931974020056,HD160078_TypF5_Mag7.28,"hms_tuple(h=17.0, m=34.0, s=46.334911066150255)","dms_tuple(d=60.0, m=3.0, s=29.523893306513287)",263.693062,17.579537,60.058201
85726,159357,,17.574837,-1.760575,64.2261,0.0,8.0,3.961,F8,0.482,Oph,2.268,290,699.5823055523535,HD159357_TypF8_Mag8.0,"hms_tuple(h=17.0, m=34.0, s=47.978998721108326)","dms_tuple(d=-1.0, m=-47.0, s=-29.96056171571624)",263.699912,17.579994,-1.791656
85734,159273,,17.575941,-18.220834,205.3388,0.0,7.11,0.548,F0IV/V,0.405,Oph,52.578,147,319.0152372679894,HD159273_TypF0_Mag7.11,"hms_tuple(h=17.0, m=34.0, s=52.92739453605918)","dms_tuple(d=-18.0, m=-15.0, s=-6.8368976581894)",263.720531,17.581369,-18.251899
85753,159733,,17.579287,34.751445,204.499,-19.0,6.94,0.387,F0,0.223,Her,60.982,129,274.581557295345,HD159733_TypF0_Mag6.94,"hms_tuple(h=17.0, m=35.0, s=8.009883504801962)","dms_tuple(d=34.0, m=43.0, s=13.175415443590737)",263.783375,17.585558,34.720327
85758,159583,,17.57969,19.137299,80.7754,0.0,7.88,3.344,F5,0.448,Her,4.003,265,629.299802346522,HD159583_TypF5_Mag7.88,"hms_tuple(h=17.0, m=35.0, s=6.5225414103878165)","dms_tuple(d=19.0, m=6.0, s=22.314903807505857)",263.777177,17.585145,19.106199
85760,159481,,17.580147,6.023857,91.0747,2.3,7.4,2.603,F8,0.518,Oph,7.921,184,412.0336743557815,HD159481_TypF8_Mag7.4,"hms_tuple(h=17.0, m=35.0, s=7.1878906779474505)","dms_tuple(d=5.0, m=59.0, s=33.96904715250443)",263.77995,17.58533,5.992769
85815,159279,,17.591745,-37.847865,85.7633,0.0,7.9,3.233,F3V,0.453,Sco,4.434,269,640.5029468202126,HD159279_TypF3_Mag7.9,"hms_tuple(h=17.0, m=35.0, s=53.792055065740385)","dms_tuple(d=-37.0, m=-52.0, s=-44.06433765172039)",263.974134,17.598276,-37.878907
85822,159397,,17.592782,-24.628318,55.8347,0.0,7.7,3.965,F5V,0.47,Oph,2.259,231,536.8905548349917,HD159397_TypF5_Mag7.7,"hms_tuple(h=17.0, m=35.0, s=54.434035053093055)","dms_tuple(d=-24.0, m=-39.0, s=-33.75501268936375)",263.976808,17.598454,-24.659376
85855,159340,,17.600178,-38.102236,101.5228,0.0,6.94,1.907,F0/F2IV,0.273,Sco,15.038,129,274.581557295345,HD159340_TypF0_Mag6.94,"hms_tuple(h=17.0, m=36.0, s=24.23256185482586)","dms_tuple(d=-38.0, m=-7.0, s=-59.79859462442107)",264.100969,17.606731,-38.133277
85873,161128,,17.602838,74.009132,174.5201,0.0,7.81,1.601,F5,0.561,Dra,19.934,251,591.6096051155723,HD161128_TypF5_Mag7.81,"hms_tuple(h=17.0, m=37.0, s=17.449442062326455)","dms_tuple(d=73.0, m=58.0, s=40.32472461331736)",264.322706,17.621514,73.977868
85909,160291,,17.60944,48.457734,54.1419,0.0,7.44,3.772,F6V,0.549,Her,2.699,189,426.83476505925523,HD160291_TypF6_Mag7.44,"hms_tuple(h=17.0, m=37.0, s=1.9486096779945683)","dms_tuple(d=48.0, m=25.0, s=35.73422423867498)",264.258119,17.617208,48.426593
85920,160933,,17.611111,69.57073,45.683,-53.0,6.33,3.031,F9V,0.596,Dra,5.341,81,160.2999881121757,HD160933_TypF9_Mag6.33,"hms_tuple(h=17.0, m=37.0, s=33.08544287729546)","dms_tuple(d=69.0, m=32.0, s=22.22816978293622)",264.387856,17.625857,69.539508
85938,160922,,17.615859,68.75797,23.1642,-14.4,4.77,2.946,F5V,0.43,Dra,5.776,24,40.47413878431086,HD160922_TypF5_Mag4.77,"hms_tuple(h=17.0, m=37.0, s=48.238854286566664)","dms_tuple(d=68.0, m=43.0, s=36.313175922340406)",264.450995,17.630066,68.726754
85958,159800,,17.620335,-14.001103,93.5454,0.0,7.93,3.075,F2V,0.409,Ser,5.129,275,657.682729265769,HD159800_TypF2_Mag7.93,"hms_tuple(h=17.0, m=37.0, s=32.33349220987975)","dms_tuple(d=-14.0, m=-1.0, s=-55.82029708975696)",264.384723,17.625648,-14.032172
85964,159532,Sargas,17.62198,-42.997824,92.081,1.0,1.86,-2.961,F1II,0.406,Sco,1331.68,2,3.105510529752515,HD159532_TypF1_Mag1.86,"hms_tuple(h=17.0, m=37.0, s=44.513048614416846)","dms_tuple(d=-43.0, m=-1.0, s=-43.88751933983826)",264.435471,17.629031,-43.028858
85988,160137,,17.624883,20.59604,82.9876,-23.7,7.68,3.085,F0,0.375,Her,5.082,227,527.4997120883073,HD160137_TypF0_Mag7.68,"hms_tuple(h=17.0, m=37.0, s=49.39854282156688)","dms_tuple(d=20.0, m=33.0, s=53.77709946089027)",264.455827,17.630388,20.564938
85997,159876,,17.626445,-15.398557,32.2789,-43.0,3.54,0.995,F0IIIp,0.262,Ser,34.834,9,13.673197936459072,HD159876_TypF0_Mag3.54,"hms_tuple(h=17.0, m=37.0, s=54.45255176315868)","dms_tuple(d=-15.0, m=-25.0, s=-46.64979929747233)",264.476886,17.631792,-15.429625
86000,159877,,17.626724,-15.571038,473.9336,-8.0,5.94,-2.439,F0IV,0.357,Ser,823.379,60,113.63039640648289,HD159877_TypF0_Mag5.94,"hms_tuple(h=17.0, m=37.0, s=55.473047045228725)","dms_tuple(d=-15.0, m=-36.0, s=-7.580790329272844)",264.481138,17.632076,-15.602106
86001,162092,,17.626858,79.213294,136.9863,0.0,7.38,1.697,F2,0.439,Dra,18.247,181,404.82672424766696,HD162092_TypF2_Mag7.38,"hms_tuple(h=17.0, m=39.0, s=15.558118954566282)","dms_tuple(d=79.0, m=10.0, s=54.97907381741811)",264.814825,17.654322,79.181939
86003,159654,,17.627101,-40.81354,295.858,0.0,7.27,-0.085,F5Ib,0.702,Sco,94.189,166,367.38356293404297,HD159654_TypF5_Mag7.27,"hms_tuple(h=17.0, m=38.0, s=2.0937505328330985)","dms_tuple(d=-40.0, m=-50.0, s=-40.47806388373942)",264.508724,17.633915,-40.844577
86062,160570,,17.639066,47.146024,206.1856,0.0,7.7,1.129,F8,0.453,Her,30.789,231,536.8905548349917,HD160570_TypF8_Mag7.7,"hms_tuple(h=17.0, m=38.0, s=47.90563286025218)","dms_tuple(d=47.0, m=6.0, s=53.58774489903851)",264.699607,17.64664,47.114885
86077,160780,,17.643962,55.759611,121.2121,0.0,7.47,2.052,F5,0.573,Dra,13.158,194,438.2834686761904,HD160780_TypF5_Mag7.47,"hms_tuple(h=17.0, m=39.0, s=11.21687669557815)","dms_tuple(d=55.0, m=43.0, s=42.427542678886425)",264.796737,17.653116,55.728452
86089,159808,,17.646198,-44.100305,156.9859,0.0,7.9,1.921,F5V,0.48,Sco,14.846,269,640.5029468202126,HD159808_TypF5_Mag7.9,"hms_tuple(h=17.0, m=39.0, s=12.166986057656572)","dms_tuple(d=-44.0, m=-7.0, s=-52.81223190006472)",264.800696,17.65338,-44.131337
86106,160365,,17.649404,13.329262,99.9001,0.0,6.12,1.122,F6III,0.567,Oph,30.988,69,133.18838514701395,HD160365_TypF6_Mag6.12,"hms_tuple(h=17.0, m=39.0, s=16.92240782494764)","dms_tuple(d=13.0, m=17.0, s=53.402372098748714)",264.82051,17.654701,13.298167
86107,160295,,17.649409,2.658411,121.9512,0.0,7.71,2.279,F0,0.413,Oph,10.676,233,541.648484297334,HD160295_TypF0_Mag7.71,"hms_tuple(h=17.0, m=39.0, s=16.448649321377786)","dms_tuple(d=2.0, m=37.0, s=38.37454494892398)",264.818536,17.654569,2.627326
86109,160043,,17.650186,-28.412557,75.5858,-3.0,7.68,3.288,F5V,0.451,Oph,4.215,227,527.4997120883073,HD160043_TypF5_Mag7.68,"hms_tuple(h=17.0, m=39.0, s=21.77390259125417)","dms_tuple(d=-28.0, m=-26.0, s=-36.9999006320208)",264.840725,17.656048,-28.443611
86113,160314,,17.651261,2.054179,114.9425,0.0,7.74,2.438,F0,0.405,Oph,9.221,238,556.1767595666211,HD160314_TypF0_Mag7.74,"hms_tuple(h=17.0, m=39.0, s=23.10789637233114)","dms_tuple(d=2.0, m=1.0, s=23.14132889769379)",264.846283,17.656419,2.023095
86115,160487,,17.651439,27.050397,94.8767,-2.8,7.48,2.594,F5,0.482,Her,7.987,195,442.16754115556887,HD160487_TypF5_Mag7.48,"hms_tuple(h=17.0, m=39.0, s=26.01067214594991)","dms_tuple(d=27.0, m=1.0, s=9.436987155492602)",264.858378,17.657225,27.019288
86118,160089,,17.651656,-26.937564,51.4139,0.0,7.7,4.145,F8V,0.573,Oph,1.914,231,536.8905548349917,HD160089_TypF8_Mag7.7,"hms_tuple(h=17.0, m=39.0, s=26.782490838095043)","dms_tuple(d=-26.0, m=-58.0, s=-7.0312696633305904)",264.861594,17.65744,-26.96862
86123,160761,,17.65233,48.441143,121.6545,0.0,7.94,2.514,F2,0.296,Her,8.598,277,663.5111201850515,HD160761_TypF2_Mag7.94,"hms_tuple(h=17.0, m=39.0, s=36.34348470831185)","dms_tuple(d=48.0, m=24.0, s=36.00674770625346)",264.901431,17.660095,48.410002
86124,160315,,17.652362,2.02805,112.9944,-0.9,6.25,0.985,F4IV...,1.021,Oph,35.156,76,149.37548995214374,HD160315_TypF4_Mag6.25,"hms_tuple(h=17.0, m=39.0, s=27.07119918739295)","dms_tuple(d=1.0, m=59.0, s=49.07701465371588)",264.862797,17.65752,1.996966
86131,160739,,17.654227,47.244789,183.1502,0.0,7.97,1.656,F8,0.451,Her,18.95,284,681.3080354866522,HD160739_TypF8_Mag7.97,"hms_tuple(h=17.0, m=39.0, s=42.53597618939068)","dms_tuple(d=47.0, m=12.0, s=49.14104453715879)",264.927233,17.661816,47.21365
86132,160542,,17.654427,30.253358,70.2247,-5.5,7.18,2.948,F2,0.453,Her,5.765,155,339.33902361009757,HD160542_TypF2_Mag7.18,"hms_tuple(h=17.0, m=39.0, s=37.41291559733412)","dms_tuple(d=30.0, m=13.0, s=20.082954743999153)",264.905887,17.660392,30.222245
86148,160276,,17.65781,-11.266976,113.3787,0.0,7.92,2.647,F0,0.417,Ser,7.607,273,651.9055358919003,HD160276_TypF0_Mag7.92,"hms_tuple(h=17.0, m=39.0, s=47.039433470823724)","dms_tuple(d=-11.0, m=-17.0, s=-52.97251417506061)",264.945998,17.663067,-11.298048
86152,160254,,17.658393,-13.649682,76.0456,0.0,7.57,3.165,F0V,0.404,Ser,4.721,209,478.71030262103807,HD160254_TypF0_Mag7.57,"hms_tuple(h=17.0, m=39.0, s=49.31337542567235)","dms_tuple(d=-13.0, m=-40.0, s=-50.705919138944466)",264.955472,17.663698,-13.680752
86167,160488,,17.661156,13.283887,122.1001,0.0,7.54,2.106,F5,0.522,Oph,12.52,204,466.20558189854603,HD160488_TypF5_Mag7.54,"hms_tuple(h=17.0, m=39.0, s=59.226045308961375)","dms_tuple(d=13.0, m=15.0, s=10.052529117243125)",264.996775,17.666452,13.252792
86176,160388,,17.663133,-4.968013,140.4494,3.0,7.78,2.042,F2,0.491,Oph,13.28,245,576.1557641428401,HD160388_TypF2_Mag7.78,"hms_tuple(h=17.0, m=40.0, s=5.906380196159944)","dms_tuple(d=-4.0, m=-59.0, s=-56.72680798071127)",265.02461,17.668307,-4.999091
86207,160454,,17.669406,-3.535938,114.9425,0.0,7.68,2.378,F0,0.46,Oph,9.745,227,527.4997120883073,HD160454_TypF0_Mag7.68,"hms_tuple(h=17.0, m=40.0, s=28.454341919513126)","dms_tuple(d=-3.0, m=-34.0, s=-1.261528884148504)",265.11856,17.674571,-3.567017
86213,161538,,17.671348,69.150283,75.5287,0.0,7.01,2.619,F2,0.442,Dra,7.805,136,292.07456782282145,HD161538_TypF2_Mag7.01,"hms_tuple(h=17.0, m=41.0, s=8.916065587433195)","dms_tuple(d=69.0, m=7.0, s=8.630031478741103)",265.28715,17.68581,69.119064
86214,161285,,17.671692,63.675363,68.4932,0.0,6.79,2.612,F5,0.559,Dra,7.856,115,240.54417110761835,HD161285_TypF5_Mag6.79,"hms_tuple(h=17.0, m=40.0, s=59.890901191690205)","dms_tuple(d=63.0, m=38.0, s=39.03127819377062)",265.249545,17.683303,63.644175
86232,160282,,17.676802,-35.648176,157.2327,0.0,7.66,1.677,F3/F5V,0.496,Sco,18.587,224,518.2731261472211,HD160282_TypF3_Mag7.66,"hms_tuple(h=17.0, m=40.0, s=59.33200749129526)","dms_tuple(d=-35.0, m=-40.0, s=-45.19518112246601)",265.247217,17.683148,-35.679221
86328,160935,,17.696591,21.501471,89.8473,-27.2,6.73,1.962,F8IV,0.52,Her,14.296,110,228.14146549859603,HD160935_TypF8_Mag6.73,"hms_tuple(h=17.0, m=42.0, s=7.668051180936004)","dms_tuple(d=21.0, m=28.0, s=13.32529322310279)",265.53195,17.70213,21.470368
86346,162003,Dziban,17.698978,72.148843,22.8363,-13.7,4.57,2.777,F5IV-V,0.434,Dra,6.748,21,33.926749183991966,HD162003_TypF5_Mag4.57,"hms_tuple(h=17.0, m=42.0, s=56.753666150268884)","dms_tuple(d=72.0, m=7.0, s=3.3562631286929445)",265.736474,17.715765,72.117599
86355,160910,,17.699621,15.95243,34.8554,-44.0,5.54,2.829,F4Vw,0.387,Her,6.433,44,79.84059869753548,HD160910_TypF4_Mag5.54,"hms_tuple(h=17.0, m=42.0, s=17.932569201602462)","dms_tuple(d=15.0, m=55.0, s=16.79798721871677)",265.574719,17.704981,15.921333
86428,166798,,17.713887,85.670106,111.4827,0.0,7.58,2.344,F0,0.348,Dra,10.055,211,482.9526381068404,HD166798_TypF0_Mag7.58,"hms_tuple(h=17.0, m=46.0, s=54.00692614602974)","dms_tuple(d=85.0, m=38.0, s=18.022557098084917)",266.725029,17.781669,85.63834
86443,161287,,17.717629,37.56967,250.0,0.0,7.98,0.99,F2,0.351,Her,34.995,286,687.3457941057625,HD161287_TypF2_Mag7.98,"hms_tuple(h=17.0, m=43.0, s=26.86672740640688)","dms_tuple(d=37.0, m=32.0, s=18.77124692713778)",265.861945,17.72413,37.538548
86457,160839,,17.721586,-27.883981,462.963,-26.0,6.4,-1.928,F0III/IV,0.438,Oph,514.28,85,170.51236146755156,HD160839_TypF0_Mag6.4,"hms_tuple(h=17.0, m=43.0, s=38.70985466997581)","dms_tuple(d=-27.0, m=-54.0, s=-54.12853061484583)",265.911291,17.727419,-27.915036
86464,161149,,17.722784,14.295168,120.3369,-42.0,6.22,0.818,F5II,0.426,Her,41.002,74,145.4735501476104,HD161149_TypF5_Mag6.22,"hms_tuple(h=17.0, m=43.0, s=41.16941715373031)","dms_tuple(d=14.0, m=15.0, s=50.66061529905426)",265.921539,17.728103,14.264072
86468,160915,,17.723833,-21.683194,17.6523,10.2,4.86,3.626,F6/F7V,0.469,Oph,3.087,26,43.81910796782462,HD160915_TypF6_Mag4.86,"hms_tuple(h=17.0, m=43.0, s=45.77287249191045)","dms_tuple(d=-21.0, m=-42.0, s=-51.32004185644263)",265.94072,17.729381,-21.714256
86476,160852,,17.725026,-30.176963,120.4819,0.0,7.79,2.385,F0IV/V,0.26,Sco,9.683,247,581.2616622824664,HD160852_TypF0_Mag7.79,"hms_tuple(h=17.0, m=43.0, s=51.56620957201426)","dms_tuple(d=-30.0, m=-12.0, s=-28.853890531609068)",265.964859,17.730991,-30.208015
86501,161023,,17.730114,-13.508699,43.9947,-7.0,6.36,3.143,F0V,0.384,Ser,4.817,83,164.59960755259254,HD161023_TypF0_Mag6.36,"hms_tuple(h=17.0, m=44.0, s=7.4976007882233375)","dms_tuple(d=-13.0, m=-32.0, s=-23.16760837021647)",266.03124,17.735416,-13.539769
86507,162195,,17.732169,69.074005,62.1118,0.0,7.82,3.854,F8,0.554,Dra,2.503,253,596.8524553483364,HD162195_TypF8_Mag7.82,"hms_tuple(h=17.0, m=44.0, s=47.69065234090618)","dms_tuple(d=69.0, m=2.0, s=34.03119282212856)",266.198711,17.746581,69.042786
86543,161038,,17.738275,-23.678992,125.7862,0.0,7.33,1.832,F0V,0.353,Sgr,16.114,174,387.3560399526628,HD161038_TypF0_Mag7.33,"hms_tuple(h=17.0, m=44.0, s=38.05745767747965)","dms_tuple(d=-23.0, m=-42.0, s=-36.18515233472152)",266.158573,17.743905,-23.710051
86546,161100,,17.738798,-16.864789,59.6659,0.0,7.49,3.611,F6V,0.536,Sgr,3.13,197,446.0860343240754,HD161100_TypF6_Mag7.49,"hms_tuple(h=17.0, m=44.0, s=39.06666669501874)","dms_tuple(d=-16.0, m=-53.0, s=-45.079788939470404)",266.162778,17.744185,-16.895855
86551,161083,,17.739993,-22.194905,71.5308,8.0,6.58,2.308,F0V,0.33,Sgr,10.394,98,199.86083644579665,HD161083_TypF0_Mag6.58,"hms_tuple(h=17.0, m=44.0, s=44.020968543532604)","dms_tuple(d=-22.0, m=-13.0, s=-33.477691465560326)",266.183421,17.745561,-22.225966
86594,161550,,17.747447,31.131848,124.6883,-36.8,7.69,2.211,F8...,0.49,Her,11.366,229,532.1744198083834,HD161550_TypF8_Mag7.69,"hms_tuple(h=17.0, m=45.0, s=12.481021998414121)","dms_tuple(d=31.0, m=6.0, s=2.6430627913549642)",266.302004,17.753467,31.100734
86601,161796,,17.748742,50.044301,100000.0,-52.3,7.02,-12.98,F3Ib,0.451,Her,13551894.124,137,294.66293556170405,HD161796_TypF3_Mag7.02,"hms_tuple(h=17.0, m=45.0, s=24.348250657806148)","dms_tuple(d=50.0, m=0.0, s=47.36322959502672)",266.351451,17.756763,50.013156
86650,161247,,17.760371,-28.407462,74.5712,0.0,7.99,3.627,F3V,0.456,Sgr,3.085,288,693.4370594020932,HD161247_TypF3_Mag7.99,"hms_tuple(h=17.0, m=45.0, s=58.43888615467279)","dms_tuple(d=-28.0, m=-26.0, s=-18.657922232838473)",266.493495,17.766233,-28.438516
86730,162036,,17.777921,45.877993,173.0104,0.0,7.97,1.78,F2,0.393,Her,16.904,284,681.3080354866522,HD162036_TypF2_Mag7.97,"hms_tuple(h=17.0, m=47.0, s=7.155420677458153)","dms_tuple(d=45.0, m=50.0, s=48.68491256796972)",266.779814,17.785321,45.846857
86778,161750,,17.786103,4.429311,95.1475,0.0,7.86,2.968,F0,0.51,Oph,5.66,261,618.2926139519136,HD161750_TypF0_Mag7.86,"hms_tuple(h=17.0, m=47.0, s=28.582330939396456)","dms_tuple(d=4.0, m=23.0, s=53.60871761763349)",266.869093,17.791273,4.398225
86802,161592,,17.792674,-27.830788,302.1148,-13.0,4.53,-2.871,F7II,0.6,Sgr,1225.745,20,32.75029184487014,HD161592_TypF7_Mag4.53,"hms_tuple(h=17.0, m=47.0, s=54.61633938380032)","dms_tuple(d=-27.0, m=-51.0, s=-42.63395381518308)",266.977568,17.798505,-27.861843
86803,161471,,17.793078,-40.126997,591.716,-28.0,2.99,-5.871,F3Ia,0.509,Sco,19426.743,6,8.416331590136519,HD161471_TypF3_Mag2.99,"hms_tuple(h=17.0, m=47.0, s=59.361173498826076)","dms_tuple(d=-40.0, m=-9.0, s=-28.92715628471251)",266.997338,17.799823,-40.158035
86885,161773,,17.806258,-23.232583,97.9432,0.0,7.89,2.935,F0V,0.413,Sgr,5.834,267,634.876663483802,HD161773_TypF0_Mag7.89,"hms_tuple(h=17.0, m=48.0, s=42.72775520234376)","dms_tuple(d=-23.0, m=-15.0, s=-49.11449198280451)",267.178032,17.811869,-23.263643
86891,161718,,17.807294,-30.299472,79.1766,0.0,7.99,3.497,F7/F8V,0.529,Sco,3.477,288,693.4370594020932,HD161718_TypF7_Mag7.99,"hms_tuple(h=17.0, m=48.0, s=47.757822330245574)","dms_tuple(d=-30.0, m=-19.0, s=-49.88575215782504)",267.198991,17.813266,-30.330524
86928,164372,,17.814408,79.332683,119.1895,0.0,7.51,2.129,F2,0.379,Dra,12.257,200,454.02750557766933,HD164372_TypF2_Mag7.51,"hms_tuple(h=17.0, m=50.0, s=31.82834689006029)","dms_tuple(d=79.0, m=18.0, s=4.768241931334387)",267.632618,17.842175,79.301325
86931,162056,,17.816067,4.967556,86.5052,0.0,7.51,2.825,F0IV,0.453,Oph,6.457,200,454.02750557766933,HD162056_TypF0_Mag7.51,"hms_tuple(h=17.0, m=49.0, s=16.46701062607633)","dms_tuple(d=4.0, m=56.0, s=11.28894148420045)",267.318613,17.821241,4.936469
86940,162898,,17.817755,62.798828,49.0196,0.0,6.7,3.248,F2,0.373,Dra,4.373,108,222.1820255290352,HD162898_TypF2_Mag6.7,"hms_tuple(h=17.0, m=49.0, s=44.47031370921252)","dms_tuple(d=62.0, m=46.0, s=3.5194213249150152)",267.435293,17.82902,62.767644
86952,161852,,17.821484,-30.597447,49.554,0.0,6.65,3.175,F2IV/V,0.355,Sco,4.677,104,212.59354781364726,HD161852_TypF2_Mag6.65,"hms_tuple(h=17.0, m=49.0, s=38.907731106804135)","dms_tuple(d=-30.0, m=-37.0, s=-42.59443703755352)",267.412116,17.827474,-30.628498
86963,163989,,17.824155,76.962881,31.7561,-23.0,5.02,2.511,F6IV-Vs,0.518,Dra,8.622,30,50.462856093257514,HD163989_TypF6_Mag5.02,"hms_tuple(h=17.0, m=50.0, s=49.026258083880236)","dms_tuple(d=76.0, m=55.0, s=53.666050130175336)",267.704276,17.846952,76.931574
86992,162467,,17.831263,31.03733,131.5789,0.0,7.63,2.034,F0,0.353,Her,13.378,219,504.73495772895257,HD162467_TypF0_Mag7.63,"hms_tuple(h=17.0, m=50.0, s=14.197105924763775)","dms_tuple(d=31.0, m=0.0, s=22.378684952691685)",267.559155,17.837277,31.006216
87012,162044,,17.834858,-26.810759,133.3333,0.0,7.97,2.345,F2IV,0.441,Sgr,10.046,284,681.3080354866522,HD162044_TypF2_Mag7.97,"hms_tuple(h=17.0, m=50.0, s=26.286320934391938)","dms_tuple(d=-26.0, m=-50.0, s=-30.53379236221616)",267.609526,17.840635,-26.841815
87021,162970,,17.836028,59.040193,215.9827,0.0,7.67,0.998,F0,0.288,Dra,34.738,226,522.866067770482,HD162970_TypF0_Mag7.67,"hms_tuple(h=17.0, m=50.0, s=45.74008404706973)","dms_tuple(d=59.0, m=0.0, s=32.48567476553603)",267.690584,17.846039,59.009024
87054,162405,,17.843026,7.232819,106.6098,0.0,7.72,2.581,F2,0.437,Oph,8.084,234,546.4485785781236,HD162405_TypF2_Mag7.72,"hms_tuple(h=17.0, m=50.0, s=53.59788208264007)","dms_tuple(d=7.0, m=12.0, s=6.228231026568949)",267.723325,17.848222,7.20173
87073,162102,,17.847874,-33.705673,88.6525,-17.4,8.0,3.262,F6Ib,1.66,Sco,4.317,290,699.5823055523535,HD162102_TypF6_Mag8.0,"hms_tuple(h=17.0, m=51.0, s=14.660928098145973)","dms_tuple(d=-33.0, m=-44.0, s=-12.193805623522849)",267.811087,17.854072,-33.736721
87091,162501,,17.851167,8.530827,97.9432,0.0,6.97,2.015,F0,0.351,Oph,13.614,132,281.9464748828664,HD162501_TypF0_Mag6.97,"hms_tuple(h=17.0, m=51.0, s=22.964002927559477)","dms_tuple(d=8.0, m=29.0, s=59.052695082521325)",267.845683,17.856379,8.499737
87106,162880,,17.85286,44.907756,118.0638,0.0,7.34,1.979,F0,0.397,Her,14.073,175,390.78879304975095,HD162880_TypF0_Mag7.34,"hms_tuple(h=17.0, m=51.0, s=36.48284742954445)","dms_tuple(d=44.0, m=52.0, s=35.83815539118859)",267.902012,17.860134,44.876622
87110,162826,,17.853896,40.072463,33.6022,2.0,6.55,3.918,F8V:,0.541,Her,2.359,96,194.64013421851007,HD162826_TypF8_Mag6.55,"hms_tuple(h=17.0, m=51.0, s=38.26436577626367)","dms_tuple(d=40.0, m=2.0, s=28.81253675098094)",267.909435,17.860629,40.041337
87127,162343,,17.860868,-23.677448,134.0483,0.0,7.34,1.704,F5V,0.623,Sgr,18.13,175,390.78879304975095,HD162343_TypF5_Mag7.34,"hms_tuple(h=17.0, m=51.0, s=59.39201782375619)","dms_tuple(d=-23.0, m=-42.0, s=-30.6267583720458)",267.997467,17.866498,-23.708507
87137,162705,,17.863315,15.006564,199.6008,0.0,7.53,1.029,F0,0.358,Her,33.76,203,462.11035531169057,HD162705_TypF0_Mag7.53,"hms_tuple(h=17.0, m=52.0, s=7.143130992548947)","dms_tuple(d=14.0, m=58.0, s=31.68372464281191)",268.029763,17.868651,14.975468
87162,162691,,17.866906,6.7297,75.9301,0.0,7.6,3.198,F2,0.435,Oph,4.579,214,491.5504291096121,HD162691_TypF2_Mag7.6,"hms_tuple(h=17.0, m=52.0, s=19.545871039034353)","dms_tuple(d=6.0, m=41.0, s=55.001504762851994)",268.081441,17.872096,6.698612
87198,164445,,17.871982,76.000669,232.5581,0.0,7.37,0.537,F0,0.326,Dra,53.113,180,401.2706596517492,HD164445_TypF0_Mag7.37,"hms_tuple(h=17.0, m=53.0, s=35.67693692644383)","dms_tuple(d=75.0, m=58.0, s=9.760384511066604)",268.398654,17.893244,75.969378
87213,162865,,17.875336,16.900513,83.5422,-4.1,6.6,1.99,F3III-IV,0.44,Her,13.932,100,203.41887002054995,HD162865_TypF3_Mag6.6,"hms_tuple(h=17.0, m=52.0, s=50.60075068413312)","dms_tuple(d=16.0, m=52.0, s=9.893410274317489)",268.210836,17.880722,16.869415
87224,162829,,17.877492,8.648131,160.2564,0.0,7.79,1.766,F0,0.366,Oph,17.124,247,581.2616622824664,HD162829_TypF0_Mag7.79,"hms_tuple(h=17.0, m=52.0, s=57.739784834940906)","dms_tuple(d=8.0, m=37.0, s=1.3467018526849017)",268.240582,17.882705,8.617041
87251,162396,,17.881265,-41.996522,31.6156,-14.0,6.19,3.69,F8V,0.523,Sco,2.911,73,141.67353559361956,HD162396_TypF8_Mag6.19,"hms_tuple(h=17.0, m=53.0, s=17.535360512047475)","dms_tuple(d=-42.0, m=-1.0, s=-39.20636357983028)",268.323064,17.888204,-42.027557
87260,162517,,17.882668,-35.624314,63.3312,-21.0,6.03,2.022,F2V,0.342,Sco,13.527,64,123.02133555198672,HD162517_TypF2_Mag6.03,"hms_tuple(h=17.0, m=53.0, s=20.442780110216745)","dms_tuple(d=-35.0, m=-39.0, s=-19.292099632949657)",268.335178,17.889012,-35.655359
87272,162739,,17.884734,-13.65023,62.9327,0.0,7.14,3.146,F5V,0.518,Ser,4.804,151,327.5719697549974,HD162739_TypF5_Mag7.14,"hms_tuple(h=17.0, m=53.0, s=24.141019890921882)","dms_tuple(d=-13.0, m=-40.0, s=-52.678717236166506)",268.350588,17.890039,-13.6813
87280,162796,,17.886546,-10.371801,94.8767,0.0,7.92,3.034,F5,0.576,Ser,5.326,273,651.9055358919003,HD162796_TypF5_Mag7.92,"hms_tuple(h=17.0, m=53.0, s=30.432447947719936)","dms_tuple(d=-10.0, m=-24.0, s=-10.345556420523963)",268.376802,17.891787,-10.402874
87286,162917,,17.887274,6.101424,31.1236,-33.0,5.77,3.305,F4IV-V,0.425,Oph,4.15,53,97.80351392798568,HD162917_TypF4_Mag5.77,"hms_tuple(h=17.0, m=53.0, s=32.847759879937826)","dms_tuple(d=6.0, m=4.0, s=13.20999005017839)",268.386866,17.892458,6.070336
87321,163130,,17.893385,24.777223,134.9528,0.0,7.59,1.939,F0,0.33,Her,14.602,212,487.2325692121131,HD163130_TypF0_Mag7.59,"hms_tuple(h=17.0, m=53.0, s=56.619059802735876)","dms_tuple(d=24.0, m=44.0, s=46.0197948683151)",268.485913,17.899061,24.746117
87322,163714,,17.89347,61.04387,49.8008,0.0,7.88,4.394,F8,0.599,Dra,1.522,265,629.299802346522,HD163714_TypF8_Mag7.88,"hms_tuple(h=17.0, m=54.0, s=14.783650987292276)","dms_tuple(d=61.0, m=0.0, s=45.69655852000665)",268.561599,17.904107,61.012693
87349,163079,,17.899138,7.923272,126.1034,0.0,7.97,2.466,F5,0.48,Oph,8.987,284,681.3080354866522,HD163079_TypF5_Mag7.97,"hms_tuple(h=17.0, m=54.0, s=15.63096861744441)","dms_tuple(d=7.0, m=53.0, s=31.85672797444468)",268.565129,17.904342,7.892182
87367,165309,,17.901604,78.679631,152.439,0.0,7.6,1.685,F2,0.428,Dra,18.45,214,491.5504291096121,HD165309_TypF2_Mag7.6,"hms_tuple(h=17.0, m=55.0, s=40.05250011333601)","dms_tuple(d=78.0, m=38.0, s=53.839625580617394)",268.916885,17.927792,78.648289
87383,163151,,17.903936,11.130558,83.3333,-41.0,6.24,1.636,F5Vn,0.474,Oph,19.302,76,148.0633510554248,HD163151_TypF5_Mag6.24,"hms_tuple(h=17.0, m=54.0, s=33.080052791355854)","dms_tuple(d=11.0, m=5.0, s=58.07551732223715)",268.637834,17.909189,11.099465
87393,162763,,17.906772,-38.626532,50.6329,0.0,7.18,3.658,F3V,0.435,Sco,2.998,155,339.33902361009757,HD162763_TypF3_Mag7.18,"hms_tuple(h=17.0, m=54.0, s=48.14266257174239)","dms_tuple(d=-38.0, m=-39.0, s=-27.261396640341786)",268.700594,17.913373,-38.657573
87406,163102,,17.908286,-3.462455,52.2466,0.0,7.32,3.73,F5,0.516,Oph,2.805,173,383.9534407239423,HD163102_TypF5_Mag7.32,"hms_tuple(h=17.0, m=54.0, s=48.42087087274706)","dms_tuple(d=-3.0, m=-29.0, s=-36.72297067728422)",268.701754,17.91345,-3.493534
87436,163117,,17.915478,-11.63182,68.1199,0.0,6.96,2.794,F2,0.42,Ser,6.644,131,279.4698106282087,HD163117_TypF2_Mag6.96,"hms_tuple(h=17.0, m=55.0, s=14.668722468900341)","dms_tuple(d=-11.0, m=-39.0, s=-46.409668885076485)",268.81112,17.920741,-11.662892
87456,164613,,17.919762,72.005127,323.6246,-2.0,5.43,-2.12,F2.5II-III,0.34,Dra,613.762,41,72.45599625567901,HD164613_TypF2_Mag5.43,"hms_tuple(h=17.0, m=56.0, s=11.110070495936384)","dms_tuple(d=71.0, m=58.0, s=25.983620977821147)",269.046292,17.936419,71.973884
87460,163363,,17.920967,15.280402,93.4579,0.0,7.91,3.057,F8,0.599,Her,5.214,271,646.179090335777,HD163363_TypF8_Mag7.91,"hms_tuple(h=17.0, m=55.0, s=34.71513993676325)","dms_tuple(d=15.0, m=14.0, s=57.49956153984982)",268.894646,17.92631,15.249305
87472,163929,,17.923233,55.971394,56.3698,-27.0,6.09,2.335,F0IV,0.316,Dra,10.139,67,129.70927982877768,HD163929_TypF0_Mag6.09,"hms_tuple(h=17.0, m=55.0, s=56.772431637232046)","dms_tuple(d=55.0, m=56.0, s=24.844141438034626)",268.986552,17.932437,55.940234
87476,163506,,17.923663,26.049991,100000.0,-29.0,5.47,-14.53,F2Iavar,0.341,Her,56493697.481,42,75.05876355198704,HD163506_TypF2_Mag5.47,"hms_tuple(h=17.0, m=55.0, s=45.83636719915347)","dms_tuple(d=26.0, m=1.0, s=7.97948320117797)",268.940985,17.929399,26.018883
87587,163611,,17.947892,4.98759,75.5858,-38.5,7.59,3.198,F4Vvar,0.449,Oph,4.579,212,487.2325692121131,HD163611_TypF4_Mag7.59,"hms_tuple(h=17.0, m=57.0, s=11.037574291859471)","dms_tuple(d=4.0, m=57.0, s=23.411275321103062)",269.29599,17.953066,4.956503
87604,164059,,17.951413,45.855955,70.028,-27.6,6.75,2.524,F5,0.524,Her,8.519,112,232.20296653338022,HD164059_TypF5_Mag6.75,"hms_tuple(h=17.0, m=57.0, s=31.71607274181156)","dms_tuple(d=45.0, m=49.0, s=29.34826139007555)",269.38215,17.95881,45.824819
87609,163968,,17.952382,36.86039,67.2495,0.0,7.32,3.182,F0,0.355,Her,4.647,173,383.9534407239423,HD163968_TypF0_Mag7.32,"hms_tuple(h=17.0, m=57.0, s=31.758782914733104)","dms_tuple(d=36.0, m=49.0, s=45.36691004487125)",269.382328,17.958822,36.829269
87626,163750,,17.955193,12.626598,73.2064,0.0,7.44,3.117,F8,0.521,Oph,4.934,189,426.83476505925523,HD163750_TypF8_Mag7.44,"hms_tuple(h=17.0, m=57.0, s=37.70912368815999)","dms_tuple(d=12.0, m=35.0, s=43.81439718790716)",269.407121,17.960475,12.595504
87685,164078,,17.968058,32.648062,63.0517,3.0,6.66,2.662,F5,0.466,Her,7.502,104,214.47755395891784,HD164078_TypF5_Mag6.66,"hms_tuple(h=17.0, m=58.0, s=27.039998713648288)","dms_tuple(d=32.0, m=37.0, s=1.0065723342978572)",269.612667,17.974178,32.616946
87692,163930,,17.968606,15.139416,88.4173,-45.0,7.24,2.507,F6V,0.602,Her,8.654,163,357.7868844682338,HD163930_TypF6_Mag7.24,"hms_tuple(h=17.0, m=58.0, s=26.202704175113638)","dms_tuple(d=15.0, m=6.0, s=29.95045770563408)",269.609178,17.973945,15.10832
87700,163520,,17.969687,-37.337636,127.2265,0.0,7.65,2.127,F3V,0.42,Sco,12.28,222,513.7205296793568,HD163520_TypF3_Mag7.65,"hms_tuple(h=17.0, m=58.0, s=34.22243763460216)","dms_tuple(d=-37.0, m=-22.0, s=-7.242603837473212)",269.642593,17.976173,-37.368679
87725,164136,,17.975041,30.189277,263.8522,-22.0,4.41,-2.697,F2II,0.38,Her,1044.239,18,29.46008213929217,HD164136_TypF2_Mag4.41,"hms_tuple(h=17.0, m=58.0, s=51.6093462714619)","dms_tuple(d=30.0, m=9.0, s=29.39163589944428)",269.715039,17.981003,30.158164
87785,163976,,17.98465,-5.048439,101.2146,0.0,7.4,2.374,F8,0.582,Oph,9.781,184,412.0336743557815,HD163976_TypF8_Mag7.4,"hms_tuple(h=17.0, m=59.0, s=23.369886023970423)","dms_tuple(d=-5.0, m=-4.0, s=-46.26014229533716)",269.847375,17.989825,-5.079517
87789,164983,,17.986262,64.14395,44.1112,0.0,7.68,4.457,F2,0.456,Dra,1.436,227,527.4997120883073,HD164983_TypF2_Mag7.68,"hms_tuple(h=17.0, m=59.0, s=53.04591428896174)","dms_tuple(d=64.0, m=6.0, s=45.93655355173155)",269.971025,17.998068,64.11276
87798,164984,,17.987145,64.142577,73.0994,0.0,7.31,2.99,F2,0.435,Dra,5.546,171,380.5807304870462,HD164984_TypF2_Mag7.31,"hms_tuple(h=17.0, m=59.0, s=56.222615683672075)","dms_tuple(d=64.0, m=6.0, s=40.993777161232856)",269.984261,17.998951,64.111387
87807,164138,,17.988473,12.085862,111.9821,0.0,7.94,2.694,F8,0.543,Oph,7.285,277,663.5111201850515,HD164138_TypF8_Mag7.94,"hms_tuple(h=17.0, m=59.0, s=37.47795488326119)","dms_tuple(d=12.0, m=3.0, s=17.166654349682346)",269.906158,17.993744,12.054769
87815,164115,,17.990854,6.41895,111.7318,0.0,7.21,1.969,F0,0.434,Oph,14.204,159,348.44088743422355,HD164115_TypF0_Mag7.21,"hms_tuple(h=17.0, m=59.0, s=45.747051355548365)","dms_tuple(d=6.0, m=23.0, s=16.302536801224647)",269.940613,17.996041,6.387862
118833,110380,,12.694171,-1.449235,11.8301,-19.6,3.52,3.155,F0 V,,Vir,4.764,9,13.434037737961937,HD110380_TypF0_Mag3.52,"hms_tuple(h=12.0, m=41.0, s=57.57851755615789)","dms_tuple(d=-1.0, m=-28.0, s=-49.13758311923189)",190.48991,12.699327,-1.480316
118864,114379,,13.166389,17.528977,14.3246,-27.7,5.17,4.39,F5 V,,Com,1.528,33,57.603431202905156,HD114379_TypF5_Mag5.17,"hms_tuple(h=13.0, m=10.0, s=18.457437264074628)","dms_tuple(d=17.0, m=29.0, s=52.36155314381307)",197.576906,13.171794,17.497878
119053,144070,Graffias,16.072774,-11.374611,24.3309,-32.2,4.84,2.909,F6 IV-V,0.45,Sco,5.976,26,43.05266060062844,HD144070_TypF6_Mag4.84,"hms_tuple(h=16.0, m=4.0, s=40.916971734951915)","dms_tuple(d=-11.0, m=-24.0, s=-20.458147128124295)",241.170487,16.078032,-11.405683
119054,144069,,16.072774,-11.374611,24.3309,-29.4,5.0,3.069,F6 IV-V,,Sco,5.157,29,49.58020181325081,HD144069_TypF6_Mag5.0,"hms_tuple(h=16.0, m=4.0, s=40.916971734951915)","dms_tuple(d=-11.0, m=-24.0, s=-20.458147128124295)",241.170487,16.078032,-11.405683
119122,154906,Alrakis,17.088714,54.469093,23.2558,-14.3,5.63,3.797,F7 V,0.47,Dra,2.638,47,86.4389933825896,HD154906_TypF7_Mag5.63,"hms_tuple(h=17.0, m=5.0, s=51.27760300104143)","dms_tuple(d=54.0, m=26.0, s=16.57565857416273)",256.463657,17.097577,54.437938
