,hd,proper,ra,dec,dist,rv,mag,absmag,spect,ci,con,lum,exp,modexp,tgtfn,adjra_hms,adjdec_dms,adjra_deg,adjra_hour,adjdec_deg
58401,104324,,12.013192,-12.157554,75.358,0.0,7.96,3.574,G0,0.602,Crv,3.239,282,675.323313533301,HD104324_TypG0_Mag7.96,"hms_tuple(h=12.0, m=1.0, s=6.475878472727601)","dms_tuple(d=-12.0, m=-11.0, s=-19.050268648815347)",180.276983,12.018466,-12.188625
58427,104356,,12.017149,-1.768166,157.9779,36.0,6.32,0.327,G8III:,1.204,Vir,64.447,80,158.89188662502437,HD104356_TypG8_Mag6.32,"hms_tuple(h=12.0, m=1.0, s=20.30227582635945)","dms_tuple(d=-1.0, m=-47.0, s=-57.28813680806411)",180.334593,12.022306,-1.799247
58456,104417,,12.023571,-34.050327,218.3406,0.0,7.11,0.414,G8III,0.928,Hya,59.484,147,319.0152372679894,HD104417_TypG8_Mag7.11,"hms_tuple(h=12.0, m=1.0, s=47.26054046179456)","dms_tuple(d=-34.0, m=-4.0, s=-52.94656534776209)",180.446919,12.029795,-34.081374
58485,104452,,12.028966,22.0943,155.0388,11.1,6.57,0.618,G0II,0.661,Com,49.295,97,198.10522595363804,HD104452_TypG0_Mag6.57,"hms_tuple(h=12.0, m=2.0, s=4.300605905141026)","dms_tuple(d=22.0, m=3.0, s=47.50744007042414)",180.517919,12.034528,22.063197
58493,104471,,12.029477,-34.650317,55.9597,-4.0,6.91,3.171,G0V,0.586,Hya,4.695,126,267.409023780344,HD104471_TypG0_Mag6.91,"hms_tuple(h=12.0, m=2.0, s=8.683254752117904)","dms_tuple(d=-34.0, m=-40.0, s=-52.90767772691254)",180.53618,12.035745,-34.681363
58532,104556,,12.041386,43.084081,57.0776,-12.6,6.64,2.858,G8Vw...,0.86,UMa,6.263,103,210.72609108853683,HD104556_TypG8_Mag6.64,"hms_tuple(h=12.0, m=2.0, s=54.384618641526146)","dms_tuple(d=43.0, m=3.0, s=10.619698173247798)",180.726603,12.04844,43.05295
58605,104698,,12.055873,81.688302,304.878,0.0,7.5,0.079,G5,0.943,Cam,80.984,198,450.03925321819855,HD104698_TypG5_Mag7.5,"hms_tuple(h=12.0, m=5.0, s=29.032795102234132)","dms_tuple(d=81.0, m=39.0, s=24.71006184540329)",181.37097,12.091398,81.656864
58736,104914,,12.080551,-32.80244,219.2982,0.0,7.83,1.125,G8III/IV,0.986,Hya,30.903,255,602.141767772257,HD104914_TypG8_Mag7.83,"hms_tuple(h=12.0, m=5.0, s=12.068370326850442)","dms_tuple(d=-32.0, m=-50.0, s=-0.559242707396379)",181.300285,12.086686,-32.833489
58771,104986,,12.086755,73.454553,174.5201,-54.0,7.5,1.291,G9III,1.113,Dra,26.522,198,450.03925321819855,HD104986_TypG9_Mag7.5,"hms_tuple(h=12.0, m=6.0, s=17.361357739076908)","dms_tuple(d=73.0, m=25.0, s=23.863410347536274)",181.572339,12.104823,73.423295
58772,104979,,12.086817,8.732985,50.0501,-32.2,4.12,0.623,G8III,0.967,Vir,49.068,15,22.809337388005808,HD104979_TypG8_Mag4.12,"hms_tuple(h=12.0, m=5.0, s=31.314018565183233)","dms_tuple(d=8.0, m=42.0, s=6.820817250742834)",181.380475,12.092032,8.701895
58774,104982,,12.087054,-28.717232,35.9066,7.2,7.78,5.004,G5V,0.651,Hya,0.868,245,576.1557641428401,HD104982_TypG5_Mag7.78,"hms_tuple(h=12.0, m=5.0, s=34.559967646588774)","dms_tuple(d=-28.0, m=-44.0, s=-53.82860512320548)",181.394,12.092933,-28.748286
58776,104985,Tonatiuh,12.087451,76.905734,97.0874,-20.0,5.78,0.844,G9III,1.029,Cam,40.031,53,98.67024964581141,HD104985_TypG9_Mag5.78,"hms_tuple(h=12.0, m=6.0, s=36.540777653976306)","dms_tuple(d=76.0, m=52.0, s=27.940498387089292)",181.652253,12.11015,76.874428
58804,105031,,12.092892,51.931185,369.0037,-18.0,7.09,-0.745,G8III compSB,0.632,UMa,172.982,145,313.4352882448582,HD105031_TypG8_Mag7.09,"hms_tuple(h=12.0, m=6.0, s=4.485215427241371)","dms_tuple(d=51.0, m=54.0, s=0.13003351188899614)",181.518688,12.101246,51.900036
58834,105089,,12.099948,-3.131591,178.2531,17.0,6.37,0.115,G8III:,0.997,Vir,78.343,84,166.05829091964327,HD105089_TypG8_Mag6.37,"hms_tuple(h=12.0, m=6.0, s=18.397828826446414)","dms_tuple(d=-3.0, m=-9.0, s=-45.613658915845825)",181.576658,12.105111,-3.16267
58843,105113,,12.101446,-32.961231,51.6529,0.0,6.49,2.925,G0V,0.623,Hya,5.888,92,184.60428810635165,HD105113_TypG0_Mag6.49,"hms_tuple(h=12.0, m=6.0, s=27.330021557147575)","dms_tuple(d=-32.0, m=-59.0, s=-32.20610413206714)",181.613875,12.107592,-32.992279
58964,105328,,12.127509,-23.975875,39.2003,0.0,6.72,3.754,G2V,0.613,Crv,2.744,109,226.137433304753,HD105328_TypG2_Mag6.72,"hms_tuple(h=12.0, m=7.0, s=59.346357438635096)","dms_tuple(d=-24.0, m=-0.0, s=-24.962788793206414)",181.997276,12.133152,-24.006934
59091,105590,,12.157926,-11.857064,22.2222,4.0,6.81,5.076,G0...,0.666,Crv,0.812,117,244.8264719937363,HD105590_TypG0_Mag6.81,"hms_tuple(h=12.0, m=9.0, s=47.497057193503025)","dms_tuple(d=-11.0, m=-53.0, s=-17.287298450230963)",182.447904,12.163194,-11.888135
59112,105717,,12.163619,77.390427,78.7402,0.0,6.87,2.389,G5,1.032,Cam,9.647,123,258.1362429763933,HD105717_TypG5_Mag6.87,"hms_tuple(h=12.0, m=11.0, s=13.824898780424775)","dms_tuple(d=77.0, m=21.0, s=32.80332738271113)",182.807604,12.187174,77.359112
59165,105771,,12.174395,29.068194,185.1852,-3.5,7.48,1.142,G9III,0.994,Com,30.423,195,442.16754115556887,HD105771_TypG9_Mag7.48,"hms_tuple(h=12.0, m=10.0, s=49.04652486265917)","dms_tuple(d=29.0, m=2.0, s=13.497696811441813)",182.704361,12.180291,29.037083
59197,105837,,12.182752,-46.321984,36.6166,14.0,7.52,4.702,G0/G1V,0.57,Cen,1.146,201,458.0511018694067,HD105837_TypG0_Mag7.52,"hms_tuple(h=12.0, m=11.0, s=24.792702005110243)","dms_tuple(d=-46.0, m=-21.0, s=-10.84193498725142)",182.853303,12.19022,-46.353012
59231,105898,,12.187555,24.753577,228.3105,-40.7,7.51,0.717,G2V,0.829,Com,44.999,200,454.02750557766933,HD105898_TypG2_Mag7.51,"hms_tuple(h=12.0, m=11.0, s=35.62717543179673)","dms_tuple(d=24.0, m=43.0, s=20.894288829073275)",182.898447,12.19323,24.722471
59269,105968,,12.194526,-10.570607,178.5714,0.0,7.13,0.871,G5,0.917,Vir,39.048,149,324.6945236416619,HD105968_TypG5_Mag7.13,"hms_tuple(h=12.0, m=11.0, s=59.17258768873609)","dms_tuple(d=-10.0, m=-36.0, s=-6.046482340657775)",182.996552,12.19977,-10.60168
59273,105953,,12.194977,-30.603804,408.1633,0.0,7.67,-0.384,G8III,0.962,Hya,124.051,226,522.866067770482,HD105953_TypG8_Mag7.67,"hms_tuple(h=12.0, m=12.0, s=3.48394796940525)","dms_tuple(d=-30.0, m=-38.0, s=-5.479608892788406)",183.014516,12.200968,-30.634855
59349,106116,,12.208012,-3.084472,34.8554,14.3,7.43,4.719,G4V,0.701,Vir,1.128,188,423.08537820947436,HD106116_TypG4_Mag7.43,"hms_tuple(h=12.0, m=12.0, s=47.427390630318484)","dms_tuple(d=-3.0, m=-6.0, s=-55.985413835882945)",183.197614,12.213174,-3.115552
59389,106156,,12.21598,10.037716,30.9885,-8.8,7.92,5.464,G8V,0.792,Vir,0.568,273,651.9055358919003,HD106156_TypG8_Mag7.92,"hms_tuple(h=12.0, m=13.0, s=16.371374158359657)","dms_tuple(d=10.0, m=0.0, s=23.84802409814384)",183.318214,12.221214,10.006624
59406,106210,,12.22031,10.821655,34.459,-26.5,7.57,4.883,G3V,0.667,Vir,0.97,209,478.71030262103807,HD106210_TypG3_Mag7.57,"hms_tuple(h=12.0, m=13.0, s=32.006746823636405)","dms_tuple(d=10.0, m=47.0, s=26.025767773154058)",183.383361,12.225557,10.790563
59427,106252,,12.224864,10.041638,37.7074,0.0,7.41,4.528,G0,0.635,Vir,1.345,185,415.6851208955647,HD106252_TypG0_Mag7.41,"hms_tuple(h=12.0, m=13.0, s=48.354001796639494)","dms_tuple(d=10.0, m=0.0, s=37.96721084145602)",183.451475,12.230098,10.010546
59441,106270,,12.227024,-9.513381,84.8896,0.0,7.58,2.936,G5,0.743,Vir,5.829,211,482.9526381068404,HD106270_TypG5_Mag7.58,"hms_tuple(h=12.0, m=13.0, s=56.103604404834044)","dms_tuple(d=-9.0, m=-32.0, s=-40.03645738708627)",183.483765,12.232251,-9.544455
59463,106314,,12.232159,2.260221,65.9196,0.0,6.91,2.815,G5,0.903,Vir,6.516,126,267.409023780344,HD106314_TypG5_Mag6.91,"hms_tuple(h=12.0, m=14.0, s=14.343175495936435)","dms_tuple(d=2.0, m=13.0, s=44.89185256308488)",183.559763,12.237318,2.229137
59469,106336,,12.233629,-32.386963,93.0233,0.0,7.38,2.537,G8III+...,0.758,Hya,8.418,181,404.82672424766696,HD106336_TypG8_Mag7.38,"hms_tuple(h=12.0, m=14.0, s=23.046887972970467)","dms_tuple(d=-32.0, m=-25.0, s=-4.84396277970518)",183.596029,12.239735,-32.418012
59497,106398,,12.238364,26.504797,421.9409,55.6,7.41,-0.716,G8III,0.924,Com,168.422,185,415.6851208955647,HD106398_TypG8_Mag7.41,"hms_tuple(h=12.0, m=14.0, s=38.84094600798761)","dms_tuple(d=26.0, m=28.0, s=25.279229891510795)",183.661837,12.244122,26.473689
59507,106423,,12.240924,8.782384,55.2792,0.0,7.5,3.787,G0,0.616,Vir,2.662,198,450.03925321819855,HD106423_TypG0_Mag7.5,"hms_tuple(h=12.0, m=14.0, s=46.101703141189745)","dms_tuple(d=8.0, m=45.0, s=4.657051506202237)",183.69209,12.246139,8.751294
59509,106421,,12.240976,23.661217,98.1354,8.0,7.34,2.381,G5,0.661,Com,9.719,175,390.78879304975095,HD106421_TypG5_Mag7.34,"hms_tuple(h=12.0, m=14.0, s=47.76866617648338)","dms_tuple(d=23.0, m=37.0, s=48.402591406186275)",183.699036,12.246602,23.630112
59543,106489,,12.249295,-41.139424,32.5733,-3.0,7.49,4.926,G5V,0.649,Cen,0.932,197,446.0860343240754,HD106489_TypG5_Mag7.49,"hms_tuple(h=12.0, m=15.0, s=22.113767724601274)","dms_tuple(d=-41.0, m=-10.0, s=-13.658587966750702)",183.842141,12.256143,-41.170461
59560,106515,,12.251825,-7.257327,35.1865,21.6,7.34,4.608,G5...,0.815,Vir,1.25,175,390.78879304975095,HD106515_TypG5_Mag7.34,"hms_tuple(h=12.0, m=15.0, s=25.27787945617561)","dms_tuple(d=-7.0, m=-17.0, s=-18.249615643383095)",183.855324,12.257022,-7.288403
59577,106556,,12.254344,47.115501,689.6552,0.0,7.28,-1.913,G5II,1.01,CVn,507.224,168,370.63931974020056,HD106556_TypG5_Mag7.28,"hms_tuple(h=12.0, m=15.0, s=42.89080527292555)","dms_tuple(d=47.0, m=5.0, s=3.7051608178842343)",183.928712,12.261914,47.084363
59625,106622,,12.264658,-6.16041,148.5884,0.0,7.47,1.61,G5,0.929,Vir,19.77,194,438.2834686761904,HD106622_TypG5_Mag7.47,"hms_tuple(h=12.0, m=16.0, s=11.43439884944982)","dms_tuple(d=-6.0, m=-11.0, s=-29.352061658110316)",184.047643,12.269843,-6.191487
59790,107028,,12.300102,68.79704,162.6016,-29.2,7.65,1.594,G5,0.853,Dra,20.063,222,513.7205296793568,HD107028_TypG5_Mag7.65,"hms_tuple(h=12.0, m=18.0, s=51.603401033830636)","dms_tuple(d=68.0, m=45.0, s=56.964201291617655)",184.715014,12.314334,68.765823
59808,106991,,12.303798,-20.840399,120.048,0.0,7.31,1.913,G1/G2V,0.623,Crv,14.955,171,380.5807304870462,HD106991_TypG1_Mag7.31,"hms_tuple(h=12.0, m=18.0, s=33.53268839674442)","dms_tuple(d=-20.0, m=-52.0, s=-17.261224253730063)",184.63972,12.309315,-20.871461
59819,107052,,12.306412,60.356138,328.9474,0.0,7.77,0.184,G5,1.065,UMa,73.519,244,571.094717053101,HD107052_TypG5_Mag7.77,"hms_tuple(h=12.0, m=19.0, s=0.5654936358082807)","dms_tuple(d=60.0, m=19.0, s=29.87075453141074)",184.752356,12.316824,60.324964
59834,107038,,12.308922,-8.904421,67.7507,-12.7,7.49,3.335,G0,0.586,Vir,4.036,197,446.0860343240754,HD107038_TypG0_Mag7.49,"hms_tuple(h=12.0, m=18.0, s=50.903896721654434)","dms_tuple(d=-8.0, m=-56.0, s=-7.782506399400688)",184.7121,12.31414,-8.935495
59841,107045,,12.310279,-39.418401,192.6782,0.0,7.54,1.116,G8/K0III,0.894,Cen,31.16,204,466.20558189854603,HD107045_TypG8_Mag7.54,"hms_tuple(h=12.0, m=19.0, s=1.0358332271655968)","dms_tuple(d=-39.0, m=-26.0, s=-57.98549203287507)",184.754316,12.316954,-39.44944
59863,107076,,12.315024,-40.127827,42.2654,0.0,7.95,4.82,G2V,0.606,Cen,1.028,280,669.391162362906,HD107076_TypG2_Mag7.95,"hms_tuple(h=12.0, m=19.0, s=18.367070299367896)","dms_tuple(d=-40.0, m=-9.0, s=-31.9151516267317)",184.826529,12.321769,-40.158865
59889,107146,,12.318474,16.548297,27.4574,6.2,7.04,4.847,G2V,0.604,Com,1.003,140,299.90868873980725,HD107146_TypG2_Mag7.04,"hms_tuple(h=12.0, m=19.0, s=25.86183583320775)","dms_tuple(d=16.0, m=31.0, s=1.917068671024822)",184.857758,12.323851,16.517199
59953,107249,,12.332823,-41.359687,336.7003,0.0,7.0,-0.636,G8III,0.873,Cen,156.459,135,289.50893673230235,HD107249_TypG8_Mag7.0,"hms_tuple(h=12.0, m=20.0, s=22.897908292006264)","dms_tuple(d=-41.0, m=-23.0, s=-26.604109448298345)",185.095408,12.339694,-41.390723
59955,107286,,12.332943,43.608874,266.6667,0.0,7.68,0.55,G8III,0.84,CVn,52.481,227,527.4997120883073,HD107286_TypG8_Mag7.68,"hms_tuple(h=12.0, m=20.0, s=24.210082088825402)","dms_tuple(d=43.0, m=34.0, s=39.871248540604256)",185.100875,12.340058,43.577742
60006,107414,,12.343284,63.67026,137.3626,0.0,7.22,1.531,G5,1.032,Dra,21.262,160,351.52877406079745,HD107414_TypG5_Mag7.22,"hms_tuple(h=12.0, m=21.0, s=17.614588535690388)","dms_tuple(d=63.0, m=38.0, s=20.660563052795737)",185.323394,12.354893,63.639072
60016,107383,,12.345286,17.792868,88.8889,42.0,4.72,-0.024,G8III,1.01,Com,89.043,23,38.72743863222232,HD107383_TypG8_Mag4.72,"hms_tuple(h=12.0, m=21.0, s=2.5151369287543446)","dms_tuple(d=17.0, m=45.0, s=42.36820074942926)",185.26048,12.350699,17.761769
60043,107467,,12.350683,45.514721,173.913,0.0,7.39,1.188,G8III,0.966,CVn,29.161,182,408.41430272357115,HD107467_TypG8_Mag7.39,"hms_tuple(h=12.0, m=21.0, s=28.926306736917837)","dms_tuple(d=45.0, m=29.0, s=0.9081508165286323)",185.370526,12.358035,45.483586
60046,107485,,12.351135,38.023826,341.2969,0.0,7.48,-0.186,G9III,0.982,CVn,103.371,195,442.16754115556887,HD107485_TypG9_Mag7.48,"hms_tuple(h=12.0, m=21.0, s=27.632480272078794)","dms_tuple(d=37.0, m=59.0, s=33.73046466137794)",185.365135,12.357676,37.992703
60110,107597,,12.363867,40.709328,313.4796,0.0,7.98,0.499,G9III,0.976,CVn,55.005,286,687.3457941057625,HD107597_TypG9_Mag7.98,"hms_tuple(h=12.0, m=22.0, s=14.390025898020582)","dms_tuple(d=40.0, m=40.0, s=41.52294118952682)",185.559958,12.370664,40.678201
60130,107670,,12.367873,61.591395,134.2282,0.0,6.74,1.101,G5,1.104,UMa,31.594,111,230.16325744576756,HD107670_TypG5_Mag6.74,"hms_tuple(h=12.0, m=22.0, s=43.30832349441451)","dms_tuple(d=61.0, m=33.0, s=36.778781979789414)",185.680451,12.378697,61.560216
60137,107603,,12.369061,-35.511965,307.6923,0.0,7.02,-0.421,G5III,0.95,Cen,128.351,137,294.66293556170405,HD107603_TypG5_Mag7.02,"hms_tuple(h=12.0, m=22.0, s=31.425542744789254)","dms_tuple(d=-35.0, m=-32.0, s=-34.83625666387013)",185.63094,12.375396,-35.54301
60144,107760,,12.370109,73.248483,42.4088,-98.9,7.97,4.833,G7V,0.744,Dra,1.016,284,681.3080354866522,HD107760_TypG7_Mag7.97,"hms_tuple(h=12.0, m=23.0, s=16.659668891512496)","dms_tuple(d=73.0, m=13.0, s=2.0196102859142684)",185.819415,12.387961,73.217228
60146,107620,,12.370801,-38.451593,183.8235,0.0,7.53,1.208,G8III,0.978,Cen,28.629,203,462.11035531169057,HD107620_TypG8_Mag7.53,"hms_tuple(h=12.0, m=22.0, s=38.58927412013131)","dms_tuple(d=-38.0, m=-28.0, s=-57.48193474796153)",185.660789,12.377386,-38.482634
60184,107692,,12.379105,-39.177681,25.4907,0.0,6.7,4.668,G3IV/V,0.639,Cen,1.182,108,222.1820255290352,HD107692_TypG3_Mag6.7,"hms_tuple(h=12.0, m=23.0, s=8.726851090591907)","dms_tuple(d=-39.0, m=-12.0, s=-31.394810835824956)",185.786362,12.385757,-39.208721
60194,107762,,12.380451,43.808292,353.3569,0.0,7.89,0.149,G9III,0.945,CVn,75.928,267,634.876663483802,HD107762_TypG9_Mag7.89,"hms_tuple(h=12.0, m=23.0, s=15.324154138402406)","dms_tuple(d=43.0, m=46.0, s=37.77479882918385)",185.813851,12.38759,43.77716
60266,107903,,12.393394,60.903089,225.7336,0.0,7.69,0.922,G5,0.945,UMa,37.256,229,532.1744198083834,HD107903_TypG5_Mag7.69,"hms_tuple(h=12.0, m=24.0, s=14.341091242466888)","dms_tuple(d=60.0, m=52.0, s=18.886914821250684)",186.059755,12.403984,60.871913
60284,107922,,12.397446,54.15851,436.6812,0.0,7.73,-0.471,G5,1.1,UMa,134.4,236,551.2912113423957,HD107922_TypG5_Mag7.73,"hms_tuple(h=12.0, m=24.0, s=22.473161454009585)","dms_tuple(d=54.0, m=7.0, s=38.47984590603801)",186.093638,12.406243,54.127356
60298,107950,,12.400414,51.562257,118.4834,-12.0,4.76,-0.608,G7III,0.877,CVn,152.475,24,40.11860728562187,HD107950_TypG7_Mag4.76,"hms_tuple(h=12.0, m=24.0, s=31.32007492533816)","dms_tuple(d=51.0, m=31.0, s=51.99238403844731)",186.1305,12.4087,51.531109
60401,108134,,12.418069,60.697354,42.3191,-45.3,7.38,4.247,G0p,0.569,UMa,1.743,181,404.82672424766696,HD108134_TypG0_Mag7.38,"hms_tuple(h=12.0, m=25.0, s=42.927249714634286)","dms_tuple(d=60.0, m=39.0, s=58.24374290363096)",186.428864,12.428591,60.666179
60402,108150,,12.418437,63.802781,176.6784,-4.0,6.31,0.074,G8III,0.919,Dra,81.358,80,157.49615413316394,HD108150_TypG8_Mag6.31,"hms_tuple(h=12.0, m=25.0, s=48.361474419535)","dms_tuple(d=63.0, m=46.0, s=17.733949387987877)",186.451506,12.4301,63.771593
60404,108063,,12.419041,-42.514312,53.9665,34.0,6.1,2.439,G4IV,0.652,Cen,9.213,68,130.85876476286535,HD108063_TypG4_Mag6.1,"hms_tuple(h=12.0, m=25.0, s=33.73513739923624)","dms_tuple(d=-42.0, m=-32.0, s=-43.247262205536)",186.390563,12.426038,-42.545346
60434,108186,,12.424475,48.37122,261.0966,0.0,7.75,0.666,G9III-IV,1.03,CVn,47.163,240,561.1056035680328,HD108186_TypG9_Mag7.75,"hms_tuple(h=12.0, m=25.0, s=56.02711843806176)","dms_tuple(d=48.0, m=20.0, s=24.284467178273417)",186.483446,12.43223,48.340079
60435,108141,,12.424718,-19.358662,220.2643,0.0,7.82,1.105,G8III/IV,0.877,Crv,31.477,253,596.8524553483364,HD108141_TypG8_Mag7.82,"hms_tuple(h=12.0, m=25.0, s=48.657304112187916)","dms_tuple(d=-19.0, m=-23.0, s=-23.01353440912493)",186.452739,12.430183,-19.389726
60453,108189,,12.42794,-0.282177,154.7988,0.0,7.72,1.771,G5,0.795,Vir,17.045,234,546.4485785781236,HD108189_TypG5_Mag7.72,"hms_tuple(h=12.0, m=25.0, s=59.14099970429376)","dms_tuple(d=-0.0, m=-18.0, s=-47.73260978997499)",186.496421,12.433095,-0.313259
60458,108225,,12.43082,39.018616,80.1925,-4.0,5.01,0.489,G8III-IV,0.955,CVn,55.514,29,50.01958205719782,HD108225_TypG8_Mag5.01,"hms_tuple(h=12.0, m=26.0, s=14.825824688891629)","dms_tuple(d=38.0, m=59.0, s=14.969141590632375)",186.561774,12.437452,38.987491
60509,108399,,12.440107,71.929827,123.3046,6.0,6.33,0.875,G8III:,1.028,Dra,38.905,81,160.2999881121757,HD108399_TypG8_Mag6.33,"hms_tuple(h=12.0, m=27.0, s=24.1109188741315)","dms_tuple(d=71.0, m=53.0, s=54.9061882487149)",186.850462,12.456697,71.898585
60601,108468,,12.459193,17.834339,209.6436,-23.8,7.44,0.833,G5III,0.96,Com,40.439,189,426.83476505925523,HD108468_TypG5_Mag7.44,"hms_tuple(h=12.0, m=27.0, s=52.58486091752587)","dms_tuple(d=17.0, m=48.0, s=11.663650824229137)",186.969104,12.464607,17.80324
60611,108472,,12.46099,6.154396,250.6266,0.0,7.68,0.685,G5,0.878,Vir,46.345,227,527.4997120883073,HD108472_TypG5_Mag7.68,"hms_tuple(h=12.0, m=27.0, s=58.227202826639086)","dms_tuple(d=6.0, m=7.0, s=23.909014427553217)",186.992613,12.466174,6.123308
60615,108471,,12.461689,8.610344,156.4945,-6.0,6.36,0.388,G8III,0.935,Vir,60.926,83,164.59960755259254,HD108471_TypG8_Mag6.36,"hms_tuple(h=12.0, m=28.0, s=0.847113338087695)","dms_tuple(d=8.0, m=34.0, s=45.31362854983442)",187.00353,12.466902,8.579254
60617,108474,,12.462887,-2.385302,448.4305,0.0,7.98,-0.278,G5,0.782,Vir,112.512,286,687.3457941057625,HD108474_TypG5_Mag7.98,"hms_tuple(h=12.0, m=28.0, s=4.966437381547166)","dms_tuple(d=-2.0, m=-24.0, s=-58.975711084287)",187.020693,12.468046,-2.416382
60620,108477,,12.463735,-16.631844,254.4529,-8.0,6.3,-0.728,G5II,0.868,Crv,170.294,79,156.1126819853037,HD108477_TypG5_Mag6.3,"hms_tuple(h=12.0, m=28.0, s=8.816106328770417)","dms_tuple(d=-16.0, m=-39.0, s=-46.4786219553892)",187.036734,12.469116,-16.662911
60627,108510,,12.465415,-8.677994,29.8329,0.0,6.75,4.377,G0,0.584,Vir,1.546,112,232.20296653338022,HD108510_TypG0_Mag6.75,"hms_tuple(h=12.0, m=28.0, s=14.267178466611057)","dms_tuple(d=-8.0, m=-42.0, s=-32.64606650471322)",187.059447,12.47063,-8.709068
60642,108574,,12.467913,44.794311,43.611,-0.1,7.5,4.302,G5...,0.58,CVn,1.657,198,450.03925321819855,HD108574_TypG5_Mag7.5,"hms_tuple(h=12.0, m=28.0, s=30.622173362550313)","dms_tuple(d=44.0, m=45.0, s=47.43689448850148)",187.127592,12.475173,44.763177
60731,108693,,12.485475,31.390385,173.6111,-47.4,7.91,1.712,G0,0.627,CVn,17.997,271,646.179090335777,HD108693_TypG0_Mag7.91,"hms_tuple(h=12.0, m=29.0, s=29.441197182965197)","dms_tuple(d=31.0, m=21.0, s=33.37510373387943)",187.372672,12.491511,31.359271
60747,108774,,12.489679,66.893909,239.2344,0.0,7.03,0.136,G5,0.906,Dra,76.842,138,297.27424144135534,HD108774_TypG5_Mag7.03,"hms_tuple(h=12.0, m=30.0, s=10.070319746347423)","dms_tuple(d=66.0, m=51.0, s=45.73642917171355)",187.54196,12.502797,66.862705
60756,108793,,12.492514,56.331945,58.9623,0.0,7.73,3.877,G5,0.635,UMa,2.45,236,551.2912113423957,HD108793_TypG5_Mag7.73,"hms_tuple(h=12.0, m=30.0, s=6.496020151602977)","dms_tuple(d=56.0, m=18.0, s=2.823937997147823)",187.527067,12.501804,56.300784
60803,108861,,12.501178,58.767773,119.7605,-17.0,6.07,0.678,G8III-IV,0.988,UMa,46.644,66,127.44051305929695,HD108861_TypG8_Mag6.07,"hms_tuple(h=12.0, m=30.0, s=39.99744535052869)","dms_tuple(d=58.0, m=44.0, s=11.77701652183373)",187.666656,12.51111,58.736605
60804,108799,,12.501327,-13.393184,24.6488,1.9,6.37,4.411,G1/G2V,0.591,Crv,1.498,84,166.05829091964327,HD108799_TypG1_Mag6.37,"hms_tuple(h=12.0, m=30.0, s=23.85517707612337)","dms_tuple(d=-13.0, m=-25.0, s=-27.314008791665145)",187.599397,12.506626,-13.424254
60847,108877,,12.509561,3.508232,337.8378,-4.8,7.34,-0.304,G8III...,0.901,Vir,115.239,175,390.78879304975095,HD108877_TypG8_Mag7.34,"hms_tuple(h=12.0, m=30.0, s=53.01054701153802)","dms_tuple(d=3.0, m=28.0, s=37.727351274638465)",187.720877,12.514725,3.477146
60854,108942,,12.511657,50.974538,49.2854,0.0,7.91,4.446,G5,0.697,CVn,1.451,271,646.179090335777,HD108942_TypG5_Mag7.91,"hms_tuple(h=12.0, m=31.0, s=11.416218852076696)","dms_tuple(d=50.0, m=56.0, s=36.20889894819413)",187.797568,12.519838,50.943391
60942,109014,,12.527423,-5.052592,124.0695,2.0,6.19,0.722,G9III:,1.041,Vir,44.792,73,141.67353559361956,HD109014_TypG9_Mag6.19,"hms_tuple(h=12.0, m=31.0, s=57.35280610347658)","dms_tuple(d=-5.0, m=-5.0, s=-1.2109285742091913)",187.98897,12.532598,-5.08367
60972,109155,,12.533448,63.758105,332.2259,0.0,7.95,0.343,G5,0.903,Dra,63.504,280,669.391162362906,HD109155_TypG5_Mag7.95,"hms_tuple(h=12.0, m=32.0, s=42.33473883205747)","dms_tuple(d=63.0, m=43.0, s=36.90109798488777)",188.176395,12.545093,63.726917
60977,109213,,12.534155,74.811532,233.1002,-30.3,7.42,0.582,G9III+...,1.089,Dra,50.957,187,419.36892659107707,HD109213_TypG9_Mag7.42,"hms_tuple(h=12.0, m=33.0, s=13.644729133519178)","dms_tuple(d=74.0, m=46.0, s=48.928425280902275)",188.306853,12.55379,74.780258
60981,109098,,12.534569,-1.772358,53.3618,0.0,7.31,3.674,G0,0.644,Vir,2.954,171,380.5807304870462,HD109098_TypG0_Mag7.31,"hms_tuple(h=12.0, m=32.0, s=23.014318546354957)","dms_tuple(d=-1.0, m=-48.0, s=-12.379323053151552)",188.095893,12.539726,-1.803439
61025,109159,,12.544787,-17.220682,101.4199,0.0,7.97,2.939,G6IV,0.853,Crv,5.813,284,681.3080354866522,HD109159_TypG6_Mag7.97,"hms_tuple(h=12.0, m=33.0, s=0.6641017445173247)","dms_tuple(d=-17.0, m=-15.0, s=-6.293312269340845)",188.252767,12.550184,-17.251748
61038,109160,,12.547242,-30.044734,181.4882,0.0,6.79,0.496,G8III,0.864,Hya,55.157,115,240.54417110761835,HD109160_TypG8_Mag6.79,"hms_tuple(h=12.0, m=33.0, s=11.515054276618457)","dms_tuple(d=-30.0, m=-4.0, s=-32.83007011867966)",188.297979,12.553199,-30.075786
61052,109217,,12.5508,10.295671,144.9275,1.0,6.29,0.484,G8III,0.953,Vir,55.77,79,154.74136248456367,HD109217_TypG8_Mag6.29,"hms_tuple(h=12.0, m=33.0, s=21.738546264378016)","dms_tuple(d=10.0, m=15.0, s=52.4851515004535)",188.340577,12.556038,10.264579
61054,109173,,12.551759,-47.0455,211.8644,0.0,7.35,0.72,G8III,0.981,Cen,44.875,177,394.25196723909164,HD109173_TypG8_Mag7.35,"hms_tuple(h=12.0, m=33.0, s=33.58079726559467)","dms_tuple(d=-47.0, m=-4.0, s=-35.49448953231774)",188.38992,12.559328,-47.076526
61102,109272,,12.559516,-12.830203,49.3583,-16.0,5.58,2.113,G8III/IV,0.861,Crv,12.439,46,82.70863598839426,HD109272_TypG8_Mag5.58,"hms_tuple(h=12.0, m=33.0, s=53.29185658971312)","dms_tuple(d=-12.0, m=-51.0, s=-40.58435486714288)",188.472049,12.564803,-12.861273
61123,109358,Chara,12.562411,41.35748,8.4395,6.6,4.24,4.608,G0V,0.588,CVn,1.25,16,25.356767598722243,HD109358_TypG0_Mag4.24,"hms_tuple(h=12.0, m=34.0, s=9.390256071897198)","dms_tuple(d=41.0, m=19.0, s=34.86641066716402)",188.539126,12.569275,41.326352
61140,109400,,12.567618,46.747684,321.5434,0.0,7.28,-0.256,G8IIICN...,1.07,CVn,110.255,168,370.63931974020056,HD109400_TypG8_Mag7.28,"hms_tuple(h=12.0, m=34.0, s=30.490885212936405)","dms_tuple(d=46.0, m=42.0, s=59.56654345692584)",188.627045,12.575136,46.716546
61143,109338,,12.568218,-32.488965,163.6661,0.0,7.98,1.91,G8III/IV,0.889,Hya,14.997,286,687.3457941057625,HD109338_TypG8_Mag7.98,"hms_tuple(h=12.0, m=34.0, s=27.592203941309492)","dms_tuple(d=-32.0, m=-31.0, s=-12.050693038360691)",188.614968,12.574331,-32.520014
61151,109349,,12.569322,-18.195158,64.0205,0.0,7.26,3.228,G1V,0.595,Crv,4.455,165,364.156405231697,HD109349_TypG1_Mag7.26,"hms_tuple(h=12.0, m=34.0, s=29.096109181496956)","dms_tuple(d=-18.0, m=-13.0, s=-34.40339096381251)",188.621234,12.574749,-18.226223
61165,109379,Kraz,12.573121,-23.396759,44.6628,-8.0,2.65,-0.6,G5II,0.893,Crv,151.356,4,6.235089780419333,HD109379_TypG5_Mag2.65,"hms_tuple(h=12.0, m=34.0, s=43.45955179473279)","dms_tuple(d=-23.0, m=-25.0, s=-40.14745355958098)",188.681081,12.578739,-23.427819
61185,109409,,12.578448,-44.673018,28.3206,18.0,5.76,3.499,G4IV,0.683,Cen,3.471,52,96.94439175940381,HD109409_TypG4_Mag5.76,"hms_tuple(h=12.0, m=35.0, s=8.521465387488547)","dms_tuple(d=-44.0, m=-42.0, s=-14.575351881753136)",188.785506,12.5857,-44.704049
61255,109545,,12.592554,-12.02109,182.8154,0.0,6.7,0.39,G5,0.938,Crv,60.814,108,222.1820255290352,HD109545_TypG5_Mag6.7,"hms_tuple(h=12.0, m=35.0, s=52.16937050203683)","dms_tuple(d=-12.0, m=-3.0, s=-7.780336606660114)",188.967372,12.597825,-12.052161
61272,109556,,12.595464,-12.024959,144.5087,0.0,7.99,2.191,G0,0.483,Crv,11.577,288,693.4370594020932,HD109556_TypG0_Mag7.99,"hms_tuple(h=12.0, m=36.0, s=2.645644121307953)","dms_tuple(d=-12.0, m=-3.0, s=-21.70872334580494)",189.011024,12.600735,-12.05603
61289,109701,,12.597714,69.013703,151.5152,0.0,7.4,1.498,G5,0.713,Dra,21.918,184,412.0336743557815,HD109701_TypG5_Mag7.4,"hms_tuple(h=12.0, m=36.0, s=43.51050442910008)","dms_tuple(d=68.0, m=58.0, s=56.94553374895122)",189.181294,12.612086,68.982485
61300,109625,,12.599404,31.732646,64.4745,-7.4,7.95,3.903,G0,0.553,CVn,2.392,280,669.391162362906,HD109625_TypG0_Mag7.95,"hms_tuple(h=12.0, m=36.0, s=19.665387932072917)","dms_tuple(d=31.0, m=42.0, s=5.5131594807465945)",189.081939,12.605463,31.701531
61311,109591,,12.601837,-42.852298,47.5964,0.0,7.89,4.502,G5V,0.666,Cen,1.378,267,634.876663483802,HD109591_TypG5_Mag7.89,"hms_tuple(h=12.0, m=36.0, s=31.938287273081443)","dms_tuple(d=-42.0, m=-52.0, s=-59.99480992143617)",189.133076,12.608872,-42.883332
61350,109660,,12.610561,-39.326291,266.6667,0.0,6.72,-0.41,G8III,0.998,Cen,127.057,109,226.137433304753,HD109660_TypG8_Mag6.72,"hms_tuple(h=12.0, m=37.0, s=2.019316459358862)","dms_tuple(d=-39.0, m=-21.0, s=-26.38999773764624)",189.258414,12.617228,-39.357331
61403,110010,,12.622094,79.215482,35.3857,-18.4,6.99,4.246,G0,0.633,Cam,1.744,134,286.96584256768466,HD110010_TypG0_Mag6.99,"hms_tuple(h=12.0, m=38.0, s=58.42748136437493)","dms_tuple(d=79.0, m=11.0, s=2.8556701787772454)",189.743448,12.649563,79.184127
61437,109894,,12.632357,54.853125,210.9705,0.0,6.89,0.269,G9III,0.933,UMa,67.983,124,262.73172769318006,HD109894_TypG9_Mag6.89,"hms_tuple(h=12.0, m=38.0, s=28.695099299101372)","dms_tuple(d=54.0, m=49.0, s=19.087101525415164)",189.619563,12.641304,54.821969
61455,109876,,12.638114,-12.385534,369.0037,0.0,7.82,-0.015,G5,0.783,Crv,88.308,253,596.8524553483364,HD109876_TypG5_Mag7.82,"hms_tuple(h=12.0, m=38.0, s=36.21155964967471)","dms_tuple(d=-12.0, m=-24.0, s=-59.777485789644516)",189.650881,12.643392,-12.416605
61468,109929,,12.640412,14.872415,77.8816,0.0,7.64,3.183,G0,0.607,Com,4.643,221,509.2079239683959,HD109929_TypG0_Mag7.64,"hms_tuple(h=12.0, m=38.0, s=44.68036070716337)","dms_tuple(d=14.0, m=50.0, s=28.747795551228705)",189.686168,12.645745,14.841319
61530,110024,,12.652031,21.062559,83.8223,-21.0,5.49,0.873,G9III,0.978,Com,38.976,42,76.39500133396952,HD110024_TypG9_Mag5.49,"hms_tuple(h=12.0, m=39.0, s=27.192734067600668)","dms_tuple(d=21.0, m=1.0, s=53.24374958041261)",189.863303,12.657554,21.031457
61537,110533,,12.65305,83.644088,76.2777,-16.1,7.33,2.918,G0,0.599,Cam,5.927,174,387.3560399526628,HD110533_TypG0_Mag7.33,"hms_tuple(h=12.0, m=41.0, s=57.78388554745547)","dms_tuple(d=83.0, m=36.0, s=45.142579393555025)",190.490766,12.699384,83.61254
61658,110221,,12.676419,7.699799,144.9275,0.0,8.0,2.194,G5,0.89,Vir,11.545,290,699.5823055523535,HD110221_TypG5_Mag8.0,"hms_tuple(h=12.0, m=40.0, s=53.832587378582986)","dms_tuple(d=7.0, m=40.0, s=7.354674193022106)",190.224302,12.68162,7.66871
61845,110537,,12.716479,-4.04933,42.6803,38.7,7.83,4.679,G0,0.675,Vir,1.171,255,602.141767772257,HD110537_TypG0_Mag7.83,"hms_tuple(h=12.0, m=43.0, s=17.928280011450397)","dms_tuple(d=-4.0, m=-4.0, s=-49.47103846288158)",190.824701,12.721647,-4.080409
61909,110646,,12.727236,-1.576996,66.9792,1.0,5.91,1.78,G8IIIp,0.85,Vir,16.904,59,110.66217874985526,HD110646_TypG8_Mag5.91,"hms_tuple(h=12.0, m=43.0, s=56.6136334428262)","dms_tuple(d=-1.0, m=-36.0, s=-29.076764015807868)",190.98589,12.732393,-1.608077
61913,110619,,12.728561,-37.708147,27.3075,-26.3,7.53,5.349,G5V,0.664,Cen,0.632,203,462.11035531169057,HD110619_TypG5_Mag7.53,"hms_tuple(h=12.0, m=44.0, s=6.285212755612548)","dms_tuple(d=-37.0, m=-44.0, s=-21.080271391591623)",191.026188,12.735079,-37.739189
62013,110897,,12.749852,39.278916,17.3762,80.7,5.95,4.75,G0V,0.557,CVn,1.096,61,114.63739011499842,HD110897_TypG0_Mag5.95,"hms_tuple(h=12.0, m=45.0, s=23.429387333663954)","dms_tuple(d=39.0, m=14.0, s=52.04772408173483)",191.347622,12.756508,39.247791
62014,111178,,12.750015,79.92362,279.3296,0.0,7.55,0.319,G5,1.212,Cam,64.923,206,470.3371004243402,HD111178_TypG5_Mag7.55,"hms_tuple(h=12.0, m=46.0, s=45.791333228877704)","dms_tuple(d=79.0, m=53.0, s=32.081986866706984)",191.690797,12.779386,79.892245
62060,110875,,12.757746,-37.449246,110.1322,0.0,7.64,2.43,G3V,0.681,Cen,9.29,221,509.2079239683959,HD110875_TypG3_Mag7.64,"hms_tuple(h=12.0, m=45.0, s=51.26966910246438)","dms_tuple(d=-37.0, m=-28.0, s=-49.03802374096074)",191.463624,12.764242,-37.480288
62084,110988,,12.762199,33.541304,310.559,0.0,7.49,0.029,G9III-IV,0.983,CVn,84.801,197,446.0860343240754,HD110988_TypG9_Mag7.49,"hms_tuple(h=12.0, m=46.0, s=6.172335615119948)","dms_tuple(d=33.0, m=30.0, s=36.673603254652676)",191.525718,12.768381,33.510187
62149,111031,,12.775235,-11.81244,30.8452,-16.8,6.87,4.424,G5,0.695,Crv,1.48,123,258.1362429763933,HD111031_TypG5_Mag6.87,"hms_tuple(h=12.0, m=46.0, s=49.80635424365275)","dms_tuple(d=-11.0, m=-50.0, s=-36.641051184725626)",191.707526,12.780502,-11.843511
62172,111048,,12.781171,-40.300292,193.0502,0.0,7.69,1.262,G8III,1.038,Cen,27.24,229,532.1744198083834,HD111048_TypG8_Mag7.69,"hms_tuple(h=12.0, m=47.0, s=16.5582110378881)","dms_tuple(d=-40.0, m=-19.0, s=-52.78818126692272)",191.818993,12.787933,-40.33133
62175,111096,,12.783067,-7.799807,79.0514,0.0,7.69,3.2,G5,0.703,Vir,4.571,229,532.1744198083834,HD111096_TypG5_Mag7.69,"hms_tuple(h=12.0, m=47.0, s=17.772601265900363)","dms_tuple(d=-7.0, m=-49.0, s=-51.17580606766609)",191.824053,12.78827,-7.830882
62185,111073,,12.784359,-43.264473,529.1005,0.0,7.84,-0.778,G8III,0.959,Cen,178.32,257,607.4779541357369,HD111073_TypG8_Mag7.84,"hms_tuple(h=12.0, m=47.0, s=29.188484836155766)","dms_tuple(d=-43.0, m=-17.0, s=-43.82227650265406)",191.871619,12.791441,-43.295506
62212,111156,,12.789167,-19.004459,70.7214,0.0,7.23,2.982,G3V,0.674,Crv,5.587,161,354.6440255695144,HD111156_TypG3_Mag7.23,"hms_tuple(h=12.0, m=47.0, s=40.631368516335016)","dms_tuple(d=-19.0, m=-2.0, s=-7.8840364895842185)",191.919297,12.79462,-19.035523
62260,111285,,12.799825,24.095583,183.8235,-33.7,7.2,0.878,G8III,0.924,Com,38.797,158,345.3801253121633,HD111285_TypG8_Mag7.2,"hms_tuple(h=12.0, m=48.0, s=19.69305814337659)","dms_tuple(d=24.0, m=3.0, s=52.118489329693034)",192.082054,12.80547,24.064477
62280,111381,,12.803714,52.453163,176.9912,0.0,6.88,0.64,G5,0.94,UMa,48.306,123,260.4238489413245,HD111381_TypG5_Mag6.88,"hms_tuple(h=12.0, m=48.0, s=43.79921712933424)","dms_tuple(d=52.0, m=25.0, s=19.246286487771158)",192.182497,12.812166,52.422013
62304,111295,,12.807297,-27.597384,98.2318,-10.0,5.65,0.689,G8III,0.947,Hya,46.174,48,87.97782833441168,HD111295_TypG8_Mag5.65,"hms_tuple(h=12.0, m=48.0, s=47.214209826056646)","dms_tuple(d=-27.0, m=-37.0, s=-42.380530610403184)",192.196726,12.813115,-27.628439
62327,111395,,12.813075,24.840226,16.9319,-8.7,6.29,5.146,G7V,0.703,Com,0.761,79,154.74136248456367,HD111395_TypG7_Mag6.29,"hms_tuple(h=12.0, m=49.0, s=7.513433638539482)","dms_tuple(d=24.0, m=48.0, s=32.83034434216859)",192.281306,12.818754,24.80912
62332,111513,,12.813745,61.378384,38.0952,0.0,7.36,4.456,G1V,0.633,UMa,1.437,178,397.7458321127074,HD111513_TypG1_Mag7.36,"hms_tuple(h=12.0, m=49.0, s=28.18213768281467)","dms_tuple(d=61.0, m=20.0, s=49.94223970545306)",192.367426,12.824495,61.347206
62339,111340,,12.814432,-37.041853,84.317,0.0,7.79,3.16,G0V,0.584,Cen,4.742,247,581.2616622824664,HD111340_TypG0_Mag7.79,"hms_tuple(h=12.0, m=49.0, s=15.213054529997407)","dms_tuple(d=-37.0, m=-4.0, s=-22.425332875514528)",192.313388,12.820893,-37.072896
62340,111398,,12.814561,12.096372,37.8072,0.0,7.1,4.212,G5V,0.66,Vir,1.8,146,316.2129549015887,HD111398_TypG5_Mag7.1,"hms_tuple(h=12.0, m=49.0, s=11.39549855320098)","dms_tuple(d=12.0, m=3.0, s=55.00261832542364)",192.297481,12.819832,12.065279
62346,111781,,12.815344,80.406258,124.0695,0.0,7.55,2.082,G5,0.97,Cam,12.8,206,470.3371004243402,HD111781_TypG5_Mag7.55,"hms_tuple(h=12.0, m=50.0, s=46.22394044452065)","dms_tuple(d=80.0, m=22.0, s=29.524871365451872)",192.6926,12.846173,80.374868
62463,111564,,12.838953,-30.577103,54.1712,-23.0,7.61,3.941,G0V,0.603,Cen,2.31,216,495.90655392467346,HD111564_TypG0_Mag7.61,"hms_tuple(h=12.0, m=50.0, s=41.79159982431315)","dms_tuple(d=-30.0, m=-36.0, s=-29.356127083061665)",192.674132,12.844942,-30.608154
62464,111592,,12.839035,6.227154,247.5248,0.0,7.32,0.352,G5,1.071,Vir,62.98,173,383.9534407239423,HD111592_TypG5_Mag7.32,"hms_tuple(h=12.0, m=50.0, s=39.1917607508546)","dms_tuple(d=6.0, m=11.0, s=45.83757314984297)",192.663299,12.84422,6.196066
62543,111733,,12.855625,8.210447,174.8252,0.0,7.66,1.447,G5,1.09,Vir,22.972,224,518.2731261472211,HD111733_TypG5_Mag7.66,"hms_tuple(h=12.0, m=51.0, s=38.997429683357296)","dms_tuple(d=8.0, m=10.0, s=45.685767854133275)",192.912489,12.860833,8.179357
62545,111720,,12.856369,-10.338219,156.0062,-17.0,6.48,0.514,G8III,1.03,Vir,54.25,91,182.98269364662428,HD111720_TypG8_Mag6.48,"hms_tuple(h=12.0, m=51.0, s=41.793221279516644)","dms_tuple(d=-10.0, m=-22.0, s=-9.450470199823542)",192.924138,12.861609,-10.369292
62549,111721,,12.857,-13.491159,230.9469,24.0,7.97,1.152,G6V,0.8,Crv,30.144,284,681.3080354866522,HD111721_TypG6_Mag7.97,"hms_tuple(h=12.0, m=51.0, s=44.285794673276655)","dms_tuple(d=-13.0, m=-31.0, s=-20.023669195870184)",192.934524,12.862302,-13.522229
62565,111812,,12.861645,27.540712,89.1266,-1.0,4.93,0.18,G0III,0.681,Com,73.79,28,46.61073069928609,HD111812_TypG0_Mag4.93,"hms_tuple(h=12.0, m=52.0, s=2.8443411414090747)","dms_tuple(d=27.0, m=30.0, s=34.56895302046519)",193.011851,12.867457,27.509602
62586,111832,,12.865394,7.904508,240.9639,0.0,7.79,0.88,G5,1.01,Vir,38.726,247,581.2616622824664,HD111832_TypG5_Mag7.79,"hms_tuple(h=12.0, m=52.0, s=14.151719168099959)","dms_tuple(d=7.0, m=52.0, s=24.306390661704853)",193.058965,12.870598,7.873418
62637,111909,,12.876129,1.943649,314.4654,0.0,7.86,0.372,G5,0.918,Vir,61.83,261,618.2926139519136,HD111909_TypG5_Mag7.86,"hms_tuple(h=12.0, m=52.0, s=52.63146567593779)","dms_tuple(d=1.0, m=54.0, s=45.23369164143048)",193.219298,12.881287,1.912565
62659,112001,,12.883767,26.79423,52.7704,-14.1,7.66,4.048,G0IV,0.623,Com,2.093,224,518.2731261472211,HD112001_TypG0_Mag7.66,"hms_tuple(h=12.0, m=53.0, s=22.344295357313797)","dms_tuple(d=26.0, m=45.0, s=47.236842833758885)",193.343101,12.88954,26.763121
62688,112033,,12.888263,21.244943,86.8056,-7.0,4.89,0.197,G8III,0.904,Com,72.644,27,44.994438613191406,HD112033_TypG8_Mag4.89,"hms_tuple(h=12.0, m=53.0, s=37.652397767835026)","dms_tuple(d=21.0, m=12.0, s=49.82546250079338)",193.406885,12.893792,21.21384
62706,112060,,12.892254,19.481061,44.8029,0.0,6.42,3.163,G5IV,0.805,Com,4.729,87,173.54791719623321,HD112060_TypG5_Mag6.42,"hms_tuple(h=12.0, m=53.0, s=51.79419660160008)","dms_tuple(d=19.0, m=26.0, s=59.85683910093883)",193.465809,12.897721,19.44996
62727,112019,,12.895184,-27.404291,49.6771,0.0,7.69,4.209,G0V,0.52,Hya,1.805,229,532.1744198083834,HD112019_TypG0_Mag7.69,"hms_tuple(h=12.0, m=54.0, s=3.570646899722476)","dms_tuple(d=-27.0, m=-26.0, s=-7.24653555978648)",193.514878,12.900992,-27.435346
62832,112164,,12.916269,-44.151968,40.0962,32.0,5.89,2.874,G2IV,0.633,Cen,6.172,58,108.72656802009573,HD112164_TypG2_Mag5.89,"hms_tuple(h=12.0, m=55.0, s=24.445232440415054)","dms_tuple(d=-44.0, m=-10.0, s=-58.79870287710389)",193.851855,12.923457,-44.183
62847,112257,,12.918963,27.766359,42.7533,-38.7,7.8,4.645,G2V,0.665,Com,1.208,249,586.4128089424291,HD112257_TypG2_Mag7.8,"hms_tuple(h=12.0, m=55.0, s=29.232303416783623)","dms_tuple(d=27.0, m=44.0, s=6.897210808353407)",193.871801,12.924787,27.735249
62855,112235,,12.919747,3.049316,349.6503,0.0,6.95,-0.768,G5,1.19,Vir,176.685,130,277.01490180011757,HD112235_TypG5_Mag6.95,"hms_tuple(h=12.0, m=55.0, s=29.67169942167658)","dms_tuple(d=3.0, m=1.0, s=5.6312604471553485)",193.873632,12.924909,3.018231
62869,112250,,12.92272,-4.504144,54.9753,0.0,7.25,3.549,G5,0.797,Vir,3.314,164,360.95759541392204,HD112250_TypG5_Mag7.25,"hms_tuple(h=12.0, m=55.0, s=40.40700758835314)","dms_tuple(d=-4.0, m=-32.0, s=-6.799939120902394)",193.918363,12.927891,-4.535222
62888,112395,,12.926487,56.196574,213.6752,0.0,7.28,0.631,G9III,0.991,UMa,48.708,168,370.63931974020056,HD112395_TypG9_Mag7.28,"hms_tuple(h=12.0, m=56.0, s=8.680840938387888)","dms_tuple(d=56.0, m=9.0, s=55.48977439119426)",194.03617,12.935745,56.165414
62981,112609,,12.944538,68.616088,164.2036,0.0,7.4,1.323,G5,0.888,Dra,25.751,184,412.0336743557815,HD112609_TypG5_Mag7.4,"hms_tuple(h=12.0, m=57.0, s=31.160165669340785)","dms_tuple(d=68.0, m=35.0, s=5.541486754583502)",194.379834,12.958656,68.584873
63048,112521,,12.960187,-32.300351,241.5459,0.0,7.98,1.065,G8/K0III/IV,0.943,Cen,32.659,286,687.3457941057625,HD112521_TypG8_Mag7.98,"hms_tuple(h=12.0, m=57.0, s=58.63463014753762)","dms_tuple(d=-32.0, m=-19.0, s=-53.041160813584156)",194.494311,12.966287,-32.3314
63078,112613,,12.967658,-14.985669,160.0,0.0,7.01,0.989,G6/G8IV,0.873,Vir,35.027,136,292.07456782282145,HD112613_TypG6_Mag7.01,"hms_tuple(h=12.0, m=58.0, s=22.781637734118902)","dms_tuple(d=-15.0, m=-1.0, s=-0.2544529743546775)",194.594923,12.972995,-15.016737
63085,112844,,12.969721,68.705725,163.6661,0.0,7.38,1.31,G5,1.002,Dra,26.062,181,404.82672424766696,HD112844_TypG5_Mag7.38,"hms_tuple(h=12.0, m=59.0, s=2.0225707302037677)","dms_tuple(d=68.0, m=40.0, s=28.232473891154086)",194.758427,12.983895,68.674509
63127,112735,,12.978035,22.042884,56.6572,-41.9,7.21,3.444,G0,0.594,Com,3.651,159,348.44088743422355,HD112735_TypG0_Mag7.21,"hms_tuple(h=12.0, m=59.0, s=0.9417339186774143)","dms_tuple(d=22.0, m=0.0, s=42.41003622737196)",194.753924,12.983595,22.011781
63129,112753,,12.978029,27.474615,69.3963,3.1,7.97,3.763,G0V,0.649,Com,2.721,284,681.3080354866522,HD112753_TypG0_Mag7.97,"hms_tuple(h=12.0, m=59.0, s=1.8141929346091956)","dms_tuple(d=27.0, m=26.0, s=36.620028282521275)",194.757559,12.983837,27.443506
63153,112814,,12.982423,39.844276,276.2431,0.0,6.86,-0.346,G9II-III,0.946,CVn,119.784,122,255.86873171888556,HD112814_TypG9_Mag6.86,"hms_tuple(h=12.0, m=59.0, s=20.88090744770369)","dms_tuple(d=39.0, m=48.0, s=47.34060869445898)",194.837004,12.989134,39.81315
63183,112815,,12.988934,6.50586,94.697,0.0,7.53,2.648,G5,0.883,Vir,7.6,203,462.11035531169057,HD112815_TypG5_Mag7.53,"hms_tuple(h=12.0, m=59.0, s=38.83824434001667)","dms_tuple(d=6.0, m=28.0, s=29.178248291469515)",194.911826,12.994122,6.474772
63241,113435,,13.000692,80.874418,125.4705,0.0,7.26,1.767,G0,0.742,Cam,17.108,165,364.156405231697,HD113435_TypG0_Mag7.26,"hms_tuple(h=13.0, m=1.0, s=59.09876333009919)","dms_tuple(d=80.0, m=50.0, s=34.843196727206305)",195.496245,13.033083,80.843012
63248,112973,,13.002082,34.91935,118.4834,0.0,7.62,2.252,G5,0.903,CVn,10.945,217,500.3012827613783,HD112973_TypG5_Mag7.62,"hms_tuple(h=13.0, m=0.0, s=30.117920731161973)","dms_tuple(d=34.0, m=53.0, s=17.63259910064619)",195.125491,13.008366,34.888231
63254,112988,,13.002861,34.998417,128.2051,0.0,7.76,2.22,G0,0.918,CVn,11.272,242,566.0781270342421,HD112988_TypG0_Mag7.76,"hms_tuple(h=13.0, m=0.0, s=32.94413233222997)","dms_tuple(d=34.0, m=58.0, s=2.2734135264568067)",195.137267,13.009151,34.967298
63268,112961,,13.006146,13.844241,137.931,0.0,7.89,2.192,G5,0.86,Vir,11.566,267,634.876663483802,HD112961_TypG5_Mag7.89,"hms_tuple(h=13.0, m=0.0, s=41.234974872624974)","dms_tuple(d=13.0, m=48.0, s=47.32498585731662)",195.171812,13.011454,13.813146
63275,113021,,13.007125,31.779209,150.3759,2.4,6.65,0.764,G5,0.916,CVn,43.092,104,212.59354781364726,HD113021_TypG5_Mag6.65,"hms_tuple(h=13.0, m=0.0, s=47.471948658628094)","dms_tuple(d=31.0, m=44.0, s=53.13974851378077)",195.1978,13.013187,31.748094
63282,112964,,13.008202,-9.100415,118.3432,0.0,7.35,1.984,G0,0.644,Vir,14.009,177,394.25196723909164,HD112964_TypG0_Mag7.35,"hms_tuple(h=13.0, m=0.0, s=48.322115414541145)","dms_tuple(d=-9.0, m=-7.0, s=-53.36024769406322)",195.201342,13.013423,-9.131489
63326,113027,,13.018549,-33.480131,45.7875,0.0,7.56,4.256,G2V,0.569,Cen,1.728,208,474.5052325085976,HD113027_TypG2_Mag7.56,"hms_tuple(h=13.0, m=1.0, s=29.032590684875146)","dms_tuple(d=-33.0, m=-30.0, s=-40.24367189920213)",195.370969,13.024731,-33.511179
63366,113253,,13.02726,56.94955,355.8719,0.0,7.73,-0.026,G9III-IV,1.04,UMa,89.207,236,551.2912113423957,HD113253_TypG9_Mag7.73,"hms_tuple(h=13.0, m=2.0, s=12.133088099614326)","dms_tuple(d=56.0, m=55.0, s=6.19525320500145)",195.550555,13.036704,56.918388
63404,113226,Vindemiatrix,13.036278,10.95915,33.6022,-14.0,2.85,0.218,G8IIIvar,0.934,Vir,71.252,5,7.438375181091742,HD113226_TypG8_Mag2.85,"hms_tuple(h=13.0, m=2.0, s=29.500245182296254)","dms_tuple(d=10.0, m=55.0, s=41.00730048006156)",195.622918,13.041528,10.928058
63432,113319,,13.042633,32.433251,31.1042,4.9,7.51,5.046,G8IV,0.655,CVn,0.835,200,454.02750557766933,HD113319_TypG8_Mag7.51,"hms_tuple(h=13.0, m=2.0, s=55.45742111915672)","dms_tuple(d=32.0, m=24.0, s=7.687962479156454)",195.731073,13.048738,32.402136
63528,113425,,13.060279,-11.582613,73.6377,0.0,7.88,3.544,G5,0.623,Vir,3.33,265,629.299802346522,HD113425_TypG5_Mag7.88,"hms_tuple(h=13.0, m=3.0, s=55.94897107837269)","dms_tuple(d=-11.0, m=-36.0, s=-49.26463702772509)",195.983121,13.065541,-11.613685
63538,113449,,13.063793,-5.161812,21.692,0.0,7.69,6.009,G5V,0.847,Vir,0.344,229,532.1744198083834,HD113449_TypG5_Mag7.69,"hms_tuple(h=13.0, m=4.0, s=8.287999782915136)","dms_tuple(d=-5.0, m=-11.0, s=-34.40256765745865)",196.034533,13.068969,-5.19289
63600,113649,,13.077587,39.323492,347.2222,0.0,7.72,0.017,G8V,0.96,CVn,85.743,234,546.4485785781236,HD113649_TypG8_Mag7.72,"hms_tuple(h=13.0, m=5.0, s=3.2906346620194427)","dms_tuple(d=39.0, m=17.0, s=32.5210802810534)",196.263711,13.084247,39.292367
63648,113612,,13.086228,-28.517542,74.5156,12.9,7.71,3.349,G8V:+...,0.854,Hya,3.985,233,541.648484297334,HD113612_TypG8_Mag7.71,"hms_tuple(h=13.0, m=5.0, s=31.546105797163193)","dms_tuple(d=-28.0, m=-32.0, s=-54.94545507253747)",196.381442,13.092096,-28.548596
63748,113994,,13.106353,62.041868,116.2791,15.0,6.15,0.822,G7III,0.997,UMa,40.851,71,136.76080818184963,HD113994_TypG7_Mag6.15,"hms_tuple(h=13.0, m=7.0, s=2.4115440208414896)","dms_tuple(d=62.0, m=0.0, s=38.47497513498581)",196.760048,13.117337,62.010687
63752,113983,,13.106918,57.025262,249.3766,0.0,7.48,0.496,G0,0.783,UMa,55.157,195,442.16754115556887,HD113983_TypG0_Mag7.48,"hms_tuple(h=13.0, m=6.0, s=58.97102048424486)","dms_tuple(d=56.0, m=59.0, s=38.75761849653031)",196.745713,13.116381,56.994099
63885,114093,,13.134004,24.831148,199.2032,-7.4,6.81,0.314,G8III,0.933,Com,65.223,117,244.8264719937363,HD114093_TypG8_Mag6.81,"hms_tuple(h=13.0, m=8.0, s=22.85633671556198)","dms_tuple(d=24.0, m=48.0, s=0.14958045574900325)",197.095235,13.139682,24.800042
63946,114174,,13.147506,5.207241,26.1301,28.1,6.78,4.694,G5IV,0.667,Vir,1.155,114,238.4311915057409,HD114174_TypG5_Mag6.78,"hms_tuple(h=13.0, m=9.0, s=9.654305954440758)","dms_tuple(d=5.0, m=10.0, s=34.154149647926246)",197.290226,13.152682,5.176154
63970,114222,,13.152067,3.144507,170.9402,0.0,7.31,1.146,G5,0.97,Vir,30.311,171,380.5807304870462,HD114222_TypG5_Mag7.31,"hms_tuple(h=13.0, m=9.0, s=26.02535304414303)","dms_tuple(d=3.0, m=6.0, s=48.318547517098374)",197.358439,13.157229,3.113422
63988,114257,,13.155726,6.996392,180.1802,0.0,7.75,1.471,G5,0.907,Vir,22.47,240,561.1056035680328,HD114257_TypG5_Mag7.75,"hms_tuple(h=13.0, m=9.0, s=39.30829356412161)","dms_tuple(d=6.0, m=57.0, s=55.09181799974357)",197.413785,13.160919,6.965303
63994,114242,,13.157508,-17.232805,215.5172,0.0,7.97,1.303,G8/K0IV,1.035,Vir,26.23,284,681.3080354866522,HD114242_TypG8_Mag7.97,"hms_tuple(h=13.0, m=9.0, s=46.46097899680072)","dms_tuple(d=-17.0, m=-15.0, s=-49.936068695143376)",197.443587,13.162906,-17.263871
64015,114260,,13.161816,-22.192598,27.3373,-12.4,7.36,5.176,G6V,0.718,Vir,0.741,178,397.7458321127074,HD114260_TypG6_Mag7.36,"hms_tuple(h=13.0, m=10.0, s=2.5834387451418195)","dms_tuple(d=-22.0, m=-13.0, s=-25.17250029043055)",197.510764,13.167384,-22.223659
64048,114333,,13.169809,-25.537486,196.4637,0.0,7.95,1.484,G8III/IV,0.918,Hya,22.202,280,669.391162362906,HD114333_TypG8_Mag7.95,"hms_tuple(h=13.0, m=10.0, s=31.8836766852975)","dms_tuple(d=-25.0, m=-34.0, s=-6.756177535455379)",197.632849,13.175523,-25.568543
64055,114334,,13.170792,-32.094601,151.5152,0.0,7.5,1.598,G8III,0.99,Cen,19.989,198,450.03925321819855,HD114334_TypG8_Mag7.5,"hms_tuple(h=13.0, m=10.0, s=36.762968278185326)","dms_tuple(d=-32.0, m=-7.0, s=-32.342103314157384)",197.653179,13.176879,-32.125651
64098,114432,,13.179619,-24.179244,33.8409,0.0,7.84,5.193,G8V,0.756,Hya,0.729,257,607.4779541357369,HD114432_TypG8_Mag7.84,"hms_tuple(h=13.0, m=11.0, s=6.974649601501568)","dms_tuple(d=-24.0, m=-12.0, s=-37.09038865055476)",197.779061,13.185271,-24.210303
64159,114637,,13.192317,21.91867,147.929,21.8,6.82,0.97,G5III,0.88,Com,35.645,118,246.99612663521023,HD114637_TypG5_Mag6.82,"hms_tuple(h=13.0, m=11.0, s=52.33945397451279)","dms_tuple(d=21.0, m=53.0, s=15.24010952950448)",197.968081,13.197872,21.887567
64188,114710,,13.197904,27.878183,9.1291,5.1,4.23,4.428,G0V,0.572,Com,1.475,16,25.134029577431015,HD114710_TypG0_Mag4.23,"hms_tuple(h=13.0, m=12.0, s=13.441480223485343)","dms_tuple(d=27.0, m=50.0, s=49.46314243005219)",198.056006,13.203734,27.847073
64201,114613,,13.200901,-37.803022,20.6697,-15.0,4.85,3.273,G3V,0.693,Cen,4.274,26,43.43419370911637,HD114613_TypG3_Mag4.85,"hms_tuple(h=13.0, m=12.0, s=26.73935758299237)","dms_tuple(d=-37.0, m=-50.0, s=-2.629773450939865)",198.111414,13.207428,-37.834064
64243,114793,,13.209975,18.751776,115.3403,-20.0,6.51,1.2,G8III,0.859,Com,28.84,93,187.8907161370077,HD114793_TypG8_Mag6.51,"hms_tuple(h=13.0, m=12.0, s=55.50331685817184)","dms_tuple(d=18.0, m=43.0, s=14.433515918679234)",198.231264,13.215418,18.720676
64253,114729,,13.2123,-31.873349,36.1141,64.7,6.68,3.892,G0V,0.591,Cen,2.417,106,218.29580245415895,HD114729_TypG0_Mag6.68,"hms_tuple(h=13.0, m=13.0, s=6.138928497820899)","dms_tuple(d=-31.0, m=-54.0, s=-15.835912095581364)",198.275579,13.218372,-31.904399
64264,114877,,13.213757,42.62667,181.4882,0.0,6.79,0.496,G5,0.947,CVn,55.157,115,240.54417110761835,HD114877_TypG5_Mag6.79,"hms_tuple(h=13.0, m=13.0, s=14.733014591849951)","dms_tuple(d=42.0, m=35.0, s=43.94288551587806)",198.311388,13.220759,42.59554
64290,114889,,13.220114,18.727008,106.2699,-24.0,6.1,0.968,G8III,1.201,Com,35.711,68,130.85876476286535,HD114889_TypG8_Mag6.1,"hms_tuple(h=13.0, m=13.0, s=32.000848813057274)","dms_tuple(d=18.0, m=41.0, s=45.26880641855598)",198.383337,13.225556,18.695908
64326,115043,,13.226932,56.70827,25.2972,-8.9,6.82,4.805,G1V,0.603,UMa,1.042,118,246.99612663521023,HD115043_TypG1_Mag6.82,"hms_tuple(h=13.0, m=14.0, s=10.734227503204465)","dms_tuple(d=56.0, m=40.0, s=37.589890832373385)",198.544726,13.236315,56.677108
64333,114976,,13.22831,29.817765,172.4138,-26.9,7.26,1.077,G9III,1.112,Com,32.3,165,364.156405231697,HD114976_TypG9_Mag7.26,"hms_tuple(h=13.0, m=14.0, s=3.297640904518886)","dms_tuple(d=29.0, m=47.0, s=11.950058757595912)",198.51374,13.234249,29.786653
64337,114988,,13.229061,32.530438,206.1856,2.0,6.68,0.109,G2II,0.797,CVn,78.777,106,218.29580245415895,HD114988_TypG2_Mag6.68,"hms_tuple(h=13.0, m=14.0, s=6.6219393900921375)","dms_tuple(d=32.0, m=29.0, s=57.56071509363551)",198.527591,13.235173,32.499322
64344,114853,,13.231181,-45.1858,24.42,0.0,6.93,4.991,G2V,0.643,Cen,0.878,128,272.1695876893252,HD114853_TypG2_Mag6.93,"hms_tuple(h=13.0, m=14.0, s=18.594657398810313)","dms_tuple(d=-45.0, m=-13.0, s=-0.5871946412565876)",198.577478,13.238499,-45.21683
64367,114962,,13.235917,-14.282117,112.7396,0.0,7.91,2.65,G1V,0.605,Vir,7.586,271,646.179090335777,HD114962_TypG1_Mag7.91,"hms_tuple(h=13.0, m=14.0, s=28.452397694692735)","dms_tuple(d=-14.0, m=-18.0, s=-47.469717182724196)",198.618552,13.241237,-14.313186
64371,114946,,13.236361,-19.930947,38.9712,-45.0,5.31,2.356,G8III/IV,0.862,Vir,9.945,37,65.17681159262382,HD114946_TypG8_Mag5.31,"hms_tuple(h=13.0, m=14.0, s=30.642492066910734)","dms_tuple(d=-19.0, m=-57.0, s=-43.2374185817298)",198.627677,13.241845,-19.96201
64432,115080,,13.248812,-11.369419,39.2465,8.2,7.02,4.051,G0,0.683,Vir,2.087,137,294.66293556170405,HD115080_TypG0_Mag7.02,"hms_tuple(h=13.0, m=15.0, s=14.653425748474547)","dms_tuple(d=-11.0, m=-24.0, s=-1.7669648397705373)",198.811056,13.25407,-11.400491
64449,116459,,13.2534,84.752145,52.356,8.7,7.27,3.675,G0,0.53,Cam,2.951,166,367.38356293404297,HD116459_TypG0_Mag7.27,"hms_tuple(h=13.0, m=18.0, s=33.9192106004856)","dms_tuple(d=84.0, m=43.0, s=13.79296528533132)",199.64133,13.309422,84.720498
64454,115053,,13.253996,-40.388648,84.0336,0.0,7.79,3.168,G8V,0.795,Cen,4.708,247,581.2616622824664,HD115053_TypG8_Mag7.79,"hms_tuple(h=13.0, m=15.0, s=38.76015234732009)","dms_tuple(d=-40.0, m=-25.0, s=-10.869282216589227)",198.911501,13.260767,-40.419686
64487,115199,,13.258939,3.048993,218.3406,0.0,7.28,0.584,G5,1.122,Vir,50.863,168,370.63931974020056,HD115199_TypG5_Mag7.28,"hms_tuple(h=13.0, m=15.0, s=50.76289389844888)","dms_tuple(d=3.0, m=1.0, s=4.468461508888986)",198.961512,13.264101,3.017908
64529,115500,,13.267795,65.691837,169.7793,0.0,7.34,1.191,G5,1.043,Dra,29.08,175,390.78879304975095,HD115500_TypG5_Mag7.34,"hms_tuple(h=13.0, m=16.0, s=49.08731459331662)","dms_tuple(d=65.0, m=39.0, s=38.30155906215737)",199.20453,13.280302,65.660639
64545,115319,,13.270636,19.051734,101.4199,-45.0,6.46,1.429,G8III,0.972,Com,23.356,90,179.78211266056408,HD115319_TypG8_Mag6.46,"hms_tuple(h=13.0, m=16.0, s=33.91800925575993)","dms_tuple(d=19.0, m=1.0, s=14.281217782480269)",199.141325,13.276088,19.020634
64569,115352,,13.274914,17.300265,571.4286,0.0,7.7,-1.085,G0,0.734,Com,236.592,231,536.8905548349917,HD115352_TypG0_Mag7.7,"hms_tuple(h=13.0, m=16.0, s=49.123137224897704)","dms_tuple(d=17.0, m=16.0, s=8.999176339667656)",199.20468,13.280312,17.269166
64577,115341,,13.277798,-5.573504,49.3583,0.0,7.84,4.373,G0,0.588,Vir,1.552,257,607.4779541357369,HD115341_TypG0_Mag7.84,"hms_tuple(h=13.0, m=16.0, s=58.71865716311589)","dms_tuple(d=-5.0, m=-36.0, s=-16.49240607742115)",199.244661,13.282977,-5.604581
64585,115279,,13.279516,-41.283004,189.3939,0.0,7.16,0.773,G8/K0III:,0.907,Cen,42.737,153,333.40358783117154,HD115279_TypG8_Mag7.16,"hms_tuple(h=13.0, m=17.0, s=10.96358855532273)","dms_tuple(d=-41.0, m=-18.0, s=-50.54575553535983)",199.295682,13.286379,-41.31404
64586,115383,,13.279588,9.424156,17.5593,-27.4,5.19,3.967,G0Vs,0.585,Vir,2.255,34,58.62891946706819,HD115383_TypG0_Mag5.19,"hms_tuple(h=13.0, m=17.0, s=5.325713866025978)","dms_tuple(d=9.0, m=23.0, s=35.03409412422201)",199.27219,13.284813,9.393065
64639,115538,,13.292579,17.292485,233.1002,0.0,7.48,0.642,G5,1.0,Com,48.217,195,442.16754115556887,HD115538_TypG5_Mag7.48,"hms_tuple(h=13.0, m=17.0, s=52.716317131148145)","dms_tuple(d=17.0, m=15.0, s=40.99120430587817)",199.469651,13.297977,17.261386
64652,115539,,13.293876,13.76384,180.8318,-9.9,7.21,0.924,G8III-IV,0.953,Vir,37.188,159,348.44088743422355,HD115539_TypG8_Mag7.21,"hms_tuple(h=13.0, m=17.0, s=57.05640291894227)","dms_tuple(d=13.0, m=43.0, s=57.88166524649341)",199.487735,13.299182,13.732745
64719,115617,,13.306763,-18.311196,8.5551,-8.4,4.74,5.079,G5V,0.709,Vir,0.81,24,39.41688599653894,HD115617_TypG5_Mag4.74,"hms_tuple(h=13.0, m=18.0, s=43.89678703038882)","dms_tuple(d=-18.0, m=-20.0, s=-32.139769066299095)",199.682903,13.312194,-18.342261
64738,115642,,13.312604,-17.133686,78.4314,0.0,7.46,2.988,G2V,0.611,Vir,5.556,192,434.43351452893916,HD115642_TypG2_Mag7.46,"hms_tuple(h=13.0, m=19.0, s=4.7961664620187605)","dms_tuple(d=-17.0, m=-9.0, s=-53.10802479485005)",199.769984,13.317999,-17.164752
64757,115659,,13.315359,-23.171512,41.0341,-5.0,2.99,-0.076,G8III,0.92,Hya,93.411,6,8.416331590136519,HD115659_TypG8_Mag2.99,"hms_tuple(h=13.0, m=19.0, s=15.482114877292332)","dms_tuple(d=-23.0, m=-12.0, s=-9.259129064882927)",199.814509,13.320967,-23.202572
64778,115755,,13.318534,2.903458,34.459,0.0,7.69,5.003,G5,0.671,Vir,0.869,229,532.1744198083834,HD115755_TypG5_Mag7.69,"hms_tuple(h=13.0, m=19.0, s=25.30246568613549)","dms_tuple(d=2.0, m=52.0, s=20.54293983370954)",199.855427,13.323695,2.872373
64813,115928,,13.328521,36.082867,169.7793,0.0,7.2,1.051,G5,0.979,CVn,33.083,158,345.3801253121633,HD115928_TypG5_Mag7.2,"hms_tuple(h=13.0, m=20.0, s=5.628044171164959)","dms_tuple(d=36.0, m=3.0, s=6.288048392648875)",200.02345,13.334897,36.051747
64823,115927,,13.329799,36.373915,198.4127,0.0,7.65,1.162,G5,1.039,CVn,29.868,222,513.7205296793568,HD115927_TypG5_Mag7.65,"hms_tuple(h=13.0, m=20.0, s=10.314327547143165)","dms_tuple(d=36.0, m=20.0, s=34.05938338544843)",200.042976,13.336198,36.342794
64855,115942,,13.335923,15.564009,193.4236,0.0,7.25,0.817,G5,1.08,Com,41.039,164,360.95759541392204,HD115942_TypG5_Mag7.25,"hms_tuple(h=13.0, m=20.0, s=28.582965950975137)","dms_tuple(d=15.0, m=31.0, s=58.48376142900747)",200.119096,13.341273,15.532912
64918,116285,,13.345922,69.10221,178.2531,0.0,7.18,0.925,G5,0.984,Dra,37.154,155,339.33902361009757,HD116285_TypG5_Mag7.18,"hms_tuple(h=13.0, m=21.0, s=37.26822728388598)","dms_tuple(d=69.0, m=4.0, s=15.568469175449309)",200.405284,13.360352,69.070991
64943,115985,,13.350898,-22.383022,359.7122,0.0,7.25,-0.53,G6/G8III,0.915,Vir,141.906,164,360.95759541392204,HD115985_TypG6_Mag7.25,"hms_tuple(h=13.0, m=21.0, s=23.30600709493936)","dms_tuple(d=-22.0, m=-24.0, s=-50.69817088908536)",200.347108,13.356474,-22.414083
64957,116045,,13.353399,-9.999106,101.0101,0.0,7.2,2.178,G5,0.872,Vir,11.717,158,345.3801253121633,HD116045_TypG5_Mag7.2,"hms_tuple(h=13.0, m=21.0, s=31.081142714806873)","dms_tuple(d=-10.0, m=-1.0, s=-48.64481779708157)",200.379505,13.358634,-10.030179
64981,116204,,13.358964,38.880424,112.8668,7.8,7.31,2.047,G8III,1.157,CVn,13.219,171,380.5807304870462,HD116204_TypG8_Mag7.31,"hms_tuple(h=13.0, m=21.0, s=56.09777704679303)","dms_tuple(d=38.0, m=50.0, s=57.47868990715119)",200.483741,13.365583,38.8493
65011,116232,,13.365781,25.998169,330.033,-22.8,7.6,0.007,G8III,0.99,Com,86.537,214,491.5504291096121,HD116232_TypG8_Mag7.6,"hms_tuple(h=13.0, m=22.0, s=17.45206276062163)","dms_tuple(d=25.0, m=58.0, s=1.4204934575357697)",200.572717,13.371514,25.967061
65012,116080,,13.365852,-38.854513,59.2066,0.0,7.12,3.258,G1/G2IV,0.621,Cen,4.333,148,321.8423534887257,HD116080_TypG1_Mag7.12,"hms_tuple(h=13.0, m=22.0, s=20.90673134384346)","dms_tuple(d=-38.0, m=-53.0, s=-7.991767193997816)",200.587111,13.372474,-38.885553
65080,116261,,13.3805,-21.414064,217.8649,0.0,8.0,1.309,G8III/IV,0.953,Vir,26.086,290,699.5823055523535,HD116261_TypG8_Mag8.0,"hms_tuple(h=13.0, m=23.0, s=9.73699846127019)","dms_tuple(d=-21.0, m=-26.0, s=-42.45306207118858)",200.790571,13.386038,-21.445126
65146,116442,,13.39421,2.723325,15.4488,28.0,7.06,6.116,G5,0.78,Vir,0.312,142,305.2478297284723,HD116442_TypG5_Mag7.06,"hms_tuple(h=13.0, m=23.0, s=57.73322705566429)","dms_tuple(d=2.0, m=41.0, s=32.064731702434415)",200.990555,13.39937,2.69224
65149,116443,,13.394679,2.725278,16.1421,0.0,7.35,6.31,G5,0.869,Vir,0.261,177,394.25196723909164,HD116443_TypG5_Mag7.35,"hms_tuple(h=13.0, m=23.0, s=59.42165684285399)","dms_tuple(d=2.0, m=41.0, s=39.09552528635828)",200.99759,13.399839,2.694193
65157,116497,,13.395767,19.091197,50.2513,0.0,7.86,4.354,G0,0.576,Com,1.579,261,618.2926139519136,HD116497_TypG0_Mag7.86,"hms_tuple(h=13.0, m=24.0, s=4.394275515898585)","dms_tuple(d=19.0, m=3.0, s=36.347873015944)",201.018309,13.401221,19.060097
65224,117655,,13.410756,83.308515,45.1671,-25.4,7.24,3.966,G5,0.7,Cam,2.257,163,357.7868844682338,HD117655_TypG5_Mag7.24,"hms_tuple(h=13.0, m=27.0, s=17.235255250905652)","dms_tuple(d=83.0, m=16.0, s=37.16424056117603)",201.821814,13.454788,83.27699
65280,116955,,13.421904,64.845561,277.0083,0.0,7.86,0.648,G5,1.016,Dra,47.951,261,618.2926139519136,HD116955_TypG5_Mag7.86,"hms_tuple(h=13.0, m=26.0, s=2.4606601941579243)","dms_tuple(d=64.0, m=48.0, s=51.72377541015976)",201.510253,13.434017,64.814368
65309,116956,,13.429344,56.970493,21.5936,0.0,7.29,5.618,G9IV-V,0.804,UMa,0.493,169,373.9239290957076,HD116956_TypG9_Mag7.29,"hms_tuple(h=13.0, m=26.0, s=19.65457705658423)","dms_tuple(d=56.0, m=56.0, s=21.58982265207726)",201.581894,13.438793,56.939331
65324,117043,,13.433372,63.261275,21.1685,-30.9,6.5,4.872,G6V,0.739,UMa,0.98,92,186.24025315238663,HD117043_TypG6_Mag6.5,"hms_tuple(h=13.0, m=26.0, s=41.338988509004935)","dms_tuple(d=63.0, m=13.0, s=48.32126650046973)",201.672246,13.444816,63.230089
65388,117566,,13.449205,78.643869,87.6424,15.0,5.74,1.026,G2.5IIIb,0.769,Cam,33.853,52,95.24872114276333,HD117566_TypG2_Mag5.74,"hms_tuple(h=13.0, m=28.0, s=31.123915407773666)","dms_tuple(d=78.0, m=36.0, s=45.099442046599734)",202.129683,13.475312,78.612528
65414,116873,,13.454073,-40.162665,123.7624,14.0,6.4,0.937,G8/K0III,0.974,Cen,36.745,85,170.51236146755156,HD116873_TypG8_Mag6.4,"hms_tuple(h=13.0, m=27.0, s=38.95593920292228)","dms_tuple(d=-40.0, m=-11.0, s=-37.33175601171524)",201.912316,13.460821,-40.193703
65497,117125,,13.471236,2.23589,218.3406,-0.7,7.31,0.614,G8III,0.4,Vir,49.477,171,380.5807304870462,HD117125_TypG8_Mag7.31,"hms_tuple(h=13.0, m=28.0, s=35.020070202200486)","dms_tuple(d=2.0, m=12.0, s=17.30033243931814)",202.145917,13.476394,2.204806
65501,117126,,13.471863,-0.840189,44.0723,-6.6,7.44,4.219,G5,0.651,Vir,1.788,189,426.83476505925523,HD117126_TypG5_Mag7.44,"hms_tuple(h=13.0, m=28.0, s=37.265668073047635)","dms_tuple(d=-0.0, m=-52.0, s=-16.573980423949166)",202.155274,13.477018,-0.871271
65514,117176,,13.473837,13.778787,17.9856,5.3,4.97,3.695,G5V,0.714,Vir,2.897,28,48.285083296592646,HD117176_TypG5_Mag4.97,"hms_tuple(h=13.0, m=28.0, s=44.91722149368272)","dms_tuple(d=13.0, m=44.0, s=51.69081332100646)",202.187155,13.479144,13.747692
65516,117261,,13.473955,40.729646,117.3709,-58.0,6.49,1.142,G8III,0.927,CVn,30.423,92,184.60428810635165,HD117261_TypG8_Mag6.49,"hms_tuple(h=13.0, m=28.0, s=50.71428739448834)","dms_tuple(d=40.0, m=41.0, s=54.667625353391145)",202.21131,13.480754,40.698519
65530,117105,,13.475158,-27.391849,36.63,4.4,7.2,4.381,G1V,0.583,Hya,1.54,158,345.3801253121633,HD117105_TypG1_Mag7.2,"hms_tuple(h=13.0, m=28.0, s=51.474690633097424)","dms_tuple(d=-27.0, m=-25.0, s=-22.455387330137455)",202.214478,13.480965,-27.422904
65568,117378,,13.484253,42.238265,37.9939,0.0,7.64,4.741,G0,0.594,CVn,1.106,221,509.2079239683959,HD117378_TypG0_Mag7.64,"hms_tuple(h=13.0, m=29.0, s=28.36305117281256)","dms_tuple(d=42.0, m=12.0, s=25.687220414774288)",202.368179,13.491212,42.207135
65601,117207,,13.489206,-35.570997,33.0469,0.0,7.26,4.664,G8IV/V,0.724,Cen,1.187,165,364.156405231697,HD117207_TypG8_Mag7.26,"hms_tuple(h=13.0, m=29.0, s=43.96435411454135)","dms_tuple(d=-35.0, m=-36.0, s=-7.351164175769895)",202.433185,13.495546,-35.602042
65639,117623,,13.498028,64.180508,202.0202,0.0,7.04,0.513,G0,0.792,Dra,54.3,140,299.90868873980725,HD117623_TypG0_Mag7.04,"hms_tuple(h=13.0, m=30.0, s=35.4594778428158)","dms_tuple(d=64.0, m=8.0, s=57.54472405775573)",202.647748,13.50985,64.149318
65720,117479,,13.515339,-19.560116,89.0472,0.0,7.16,2.412,G8III/IV,0.912,Vir,9.445,153,333.40358783117154,HD117479_TypG8_Mag7.16,"hms_tuple(h=13.0, m=31.0, s=14.917400508103071)","dms_tuple(d=-19.0, m=-35.0, s=-28.247191322553533)",202.812156,13.52081,-19.59118
65728,117440,,13.517405,-39.407307,277.7778,-2.0,3.9,-3.318,G8II/III,1.186,Cen,1850.12,12,18.78511092701569,HD117440_TypG8_Mag3.9,"hms_tuple(h=13.0, m=31.0, s=26.685605436168345)","dms_tuple(d=-39.0, m=-26.0, s=-18.047153012269632)",202.86119,13.524079,-39.438346
65773,117635,,13.527761,-2.317395,30.7031,-53.3,7.32,4.884,G9V,0.781,Vir,0.969,173,383.9534407239423,HD117635_TypG9_Mag7.32,"hms_tuple(h=13.0, m=31.0, s=58.51192154829988)","dms_tuple(d=-2.0, m=-20.0, s=-54.510734067897886)",202.9938,13.53292,-2.348475
65833,117846,,13.539446,36.818173,206.6116,-17.9,6.82,0.244,G8III compSB,0.76,CVn,69.566,118,246.99612663521023,HD117846_TypG8_Mag6.82,"hms_tuple(h=13.0, m=32.0, s=45.17640348643283)","dms_tuple(d=36.0, m=47.0, s=13.38592592548082)",203.188235,13.545882,36.787052
65838,117618,Dofida,13.54043,-47.271363,37.9651,0.0,7.17,4.273,G2V,0.603,Cen,1.701,154,336.35821375838816,HD117618_TypG2_Mag7.17,"hms_tuple(h=13.0, m=32.0, s=52.91259902554046)","dms_tuple(d=-47.0, m=-18.0, s=-8.599686365836305)",203.220469,13.548031,-47.302389
65842,117858,,13.541933,36.035129,61.4251,-29.0,7.96,4.018,G0,0.59,CVn,2.152,282,675.323313533301,HD117858_TypG0_Mag7.96,"hms_tuple(h=13.0, m=32.0, s=53.89734003136681)","dms_tuple(d=36.0, m=0.0, s=14.431487649011387)",203.224572,13.548305,36.004009
65877,117876,,13.546725,24.346743,134.5895,6.0,6.11,0.465,G8III,0.969,Com,56.754,68,132.01843644392628,HD117876_TypG8_Mag6.11,"hms_tuple(h=13.0, m=33.0, s=8.573116574419686)","dms_tuple(d=24.0, m=18.0, s=56.29349989514452)",203.285721,13.552381,24.315637
65881,117963,,13.547649,49.140073,77.0416,0.0,7.98,3.546,G0,0.581,CVn,3.324,286,687.3457941057625,HD117963_TypG0_Mag7.98,"hms_tuple(h=13.0, m=33.0, s=19.883601382803278)","dms_tuple(d=49.0, m=6.0, s=32.149475350200305)",203.332848,13.555523,49.10893
65904,117877,,13.552554,5.853078,184.1621,0.0,6.64,0.314,G5,0.935,Vir,65.223,103,210.72609108853683,HD117877_TypG5_Mag6.64,"hms_tuple(h=13.0, m=33.0, s=27.847337057642534)","dms_tuple(d=5.0, m=49.0, s=19.16521295765932)",203.366031,13.557735,5.82199
65905,117819,,13.553162,-19.990218,157.7287,0.0,7.13,1.14,G8III/IV,0.996,Vir,30.479,149,324.6945236416619,HD117819_TypG8_Mag7.13,"hms_tuple(h=13.0, m=33.0, s=31.13352364113993)","dms_tuple(d=-20.0, m=-1.0, s=-16.612798577065178)",203.379723,13.558648,-20.021281
65906,117860,,13.553143,-8.443346,32.7439,0.0,7.35,4.774,G0,0.624,Vir,1.073,177,394.25196723909164,HD117860_TypG0_Mag7.35,"hms_tuple(h=13.0, m=33.0, s=30.07636587129781)","dms_tuple(d=-8.0, m=-28.0, s=-27.91405323745309)",203.375318,13.558355,-8.474421
65928,117905,,13.557644,-8.435817,202.0202,0.0,7.65,1.123,G5,1.017,Vir,30.96,222,513.7205296793568,HD117905_TypG5_Mag7.65,"hms_tuple(h=13.0, m=33.0, s=46.27959871233969)","dms_tuple(d=-8.0, m=-28.0, s=-0.809678464806467)",203.442832,13.562855,-8.466892
65966,118051,,13.563836,32.33695,77.2798,0.0,7.81,3.37,G5III,0.693,CVn,3.908,251,591.6096051155723,HD118051_TypG5_Mag7.81,"hms_tuple(h=13.0, m=34.0, s=11.764831701310499)","dms_tuple(d=32.0, m=18.0, s=21.00480483699812)",203.54902,13.569935,32.305835
65981,118554,,13.567336,76.295891,217.3913,0.0,7.98,1.294,G5,1.064,UMi,26.448,286,687.3457941057625,HD118554_TypG5_Mag7.98,"hms_tuple(h=13.0, m=35.0, s=20.5638189250827)","dms_tuple(d=76.0, m=15.0, s=52.54277321685663)",203.835683,13.589046,76.264595
66028,117939,,13.575715,-38.907211,30.0571,83.6,7.29,4.9,G3V,0.669,Cen,0.955,169,373.9239290957076,HD117939_TypG3_Mag7.29,"hms_tuple(h=13.0, m=34.0, s=56.43123788224344)","dms_tuple(d=-38.0, m=-56.0, s=-17.70428188430003)",203.73513,13.582342,-38.938251
66109,118186,,13.591949,-16.923958,55.8659,-16.0,7.97,4.234,G0V,0.569,Vir,1.764,284,681.3080354866522,HD118186_TypG0_Mag7.97,"hms_tuple(h=13.0, m=35.0, s=50.416362315662155)","dms_tuple(d=-16.0, m=-57.0, s=-18.087977023292297)",203.960068,13.597338,-16.955024
66110,118219,,13.592027,-5.396191,97.1817,-8.0,5.7,0.762,G6III,0.95,Vir,43.172,50,91.94583891191142,HD118219_TypG6_Mag5.7,"hms_tuple(h=13.0, m=35.0, s=49.937485614386645)","dms_tuple(d=-5.0, m=-25.0, s=-38.16619272798647)",203.958073,13.597205,-5.427268
66133,118249,,13.596514,-13.478519,158.2278,0.0,7.91,1.914,G5III,0.843,Vir,14.942,271,646.179090335777,HD118249_TypG5_Mag7.91,"hms_tuple(h=13.0, m=36.0, s=6.535182609901966)","dms_tuple(d=-13.0, m=-30.0, s=-34.519713023610876)",204.02723,13.601815,-13.509589
66212,118788,,13.617433,67.036318,138.1215,-0.6,6.7,0.999,G5,0.989,Dra,34.706,108,222.1820255290352,HD118788_TypG5_Mag6.7,"hms_tuple(h=13.0, m=37.0, s=50.26117233216098)","dms_tuple(d=67.0, m=0.0, s=18.40578802734285)",204.459422,13.630628,67.005113
66217,118338,,13.618339,-44.143203,127.2265,6.0,5.96,0.437,G8/K0III,0.936,Cen,58.237,61,115.65330781182224,HD118338_TypG8_Mag5.96,"hms_tuple(h=13.0, m=37.0, s=31.893386042491585)","dms_tuple(d=-44.0, m=-10.0, s=-27.24475873883705)",204.382889,13.625526,-44.174235
66268,118449,,13.629281,-38.095545,230.9469,0.0,7.96,1.142,G6V,1.057,Cen,30.423,282,675.323313533301,HD118449_TypG6_Mag7.96,"hms_tuple(h=13.0, m=38.0, s=9.001199398305175)","dms_tuple(d=-38.0, m=-7.0, s=-35.71103007117699)",204.537505,13.635834,-38.126586
66276,118465,,13.630033,-35.064839,34.0252,0.0,7.19,4.531,G3V,0.689,Cen,1.342,156,342.3462494285041,HD118465_TypG3_Mag7.19,"hms_tuple(h=13.0, m=38.0, s=10.798986870789378)","dms_tuple(d=-35.0, m=-5.0, s=-45.184858194997446)",204.544996,13.636333,-35.095885
66301,118670,,13.633591,22.527325,88.1834,-47.8,6.99,2.263,G5,0.958,Boo,10.834,134,286.96584256768466,HD118670_TypG5_Mag6.99,"hms_tuple(h=13.0, m=38.0, s=21.012703906091872)","dms_tuple(d=22.0, m=29.0, s=46.39578232868104)",204.587553,13.63917,22.496221
66304,118742,,13.633886,39.178083,45.9982,-21.0,7.77,4.456,G5V,0.698,CVn,1.437,244,571.094717053101,HD118742_TypG5_Mag7.77,"hms_tuple(h=13.0, m=38.0, s=25.917421976332093)","dms_tuple(d=39.0, m=8.0, s=49.049474428902045)",204.607989,13.640533,39.146958
66306,118809,,13.634384,50.95999,236.9668,0.0,7.84,0.967,G5,0.98,UMa,35.744,257,607.4779541357369,HD118809_TypG5_Mag7.84,"hms_tuple(h=13.0, m=38.0, s=33.22420685754082)","dms_tuple(d=50.0, m=55.0, s=43.83621902871084)",204.638434,13.642562,50.928843
66406,118796,,13.654953,-12.092117,221.2389,0.0,7.74,1.016,G5,0.961,Vir,34.166,238,556.1767595666211,HD118796_TypG5_Mag7.74,"hms_tuple(h=13.0, m=39.0, s=36.81080864675138)","dms_tuple(d=-12.0, m=-7.0, s=-23.477293102962733)",204.903378,13.660225,-12.123188
66456,118971,,13.666819,25.926621,272.4796,33.1,7.82,0.643,G8III,0.92,Boo,48.173,253,596.8524553483364,HD118971_TypG8_Mag7.82,"hms_tuple(h=13.0, m=40.0, s=21.1763336282921)","dms_tuple(d=25.0, m=53.0, s=43.84798344368306)",205.088235,13.672549,25.895513
66478,119035,,13.670996,31.012036,165.5629,-18.0,6.21,0.115,G5II:,0.963,CVn,78.343,74,144.19568653254458,HD119035_TypG5_Mag6.21,"hms_tuple(h=13.0, m=40.0, s=37.23016522958318)","dms_tuple(d=30.0, m=58.0, s=51.320397785408716)",205.155126,13.677008,30.980922
66502,118894,,13.675177,-34.3582,444.4444,0.0,7.34,-0.899,G2IV/V,0.777,Cen,199.343,175,390.78879304975095,HD118894_TypG2_Mag7.34,"hms_tuple(h=13.0, m=40.0, s=53.12421659219595)","dms_tuple(d=-34.0, m=-23.0, s=-21.287888792106173)",205.221351,13.681423,-34.389247
66521,118897,,13.678353,-44.261354,233.6449,0.0,7.93,1.087,G8III,0.98,Cen,32.004,275,657.682729265769,HD118897_TypG8_Mag7.93,"hms_tuple(h=13.0, m=41.0, s=7.9957824324077365)","dms_tuple(d=-44.0, m=-17.0, s=-32.587604330042836)",205.283316,13.685554,-44.292385
66548,118986,,13.68382,-29.730833,290.6977,0.0,7.87,0.553,G8III,0.997,Hya,52.336,263,623.771929275639,HD118986_TypG8_Mag7.87,"hms_tuple(h=13.0, m=41.0, s=23.128353746000982)","dms_tuple(d=-29.0, m=-45.0, s=-42.78783983829584)",205.346368,13.689758,-29.761886
66550,119126,,13.683986,22.495768,102.9866,5.0,5.63,0.566,G9III,1.009,Boo,51.713,47,86.4389933825896,HD119126_TypG9_Mag5.63,"hms_tuple(h=13.0, m=41.0, s=22.430126679570748)","dms_tuple(d=22.0, m=27.0, s=52.79070348594985)",205.343459,13.689564,22.464664
66584,119063,,13.691511,-27.232189,219.7802,0.0,7.83,1.12,G8III,1.025,Hya,31.046,255,602.141767772257,HD119063_TypG8_Mag7.83,"hms_tuple(h=13.0, m=41.0, s=50.31538855937981)","dms_tuple(d=-27.0, m=-15.0, s=-47.680050632885695)",205.459647,13.69731,-27.263244
66665,120565,,13.706379,82.752408,122.549,-50.0,5.92,0.478,G9III,0.993,Cam,56.079,59,111.64286808383503,HD120565_TypG9_Mag5.92,"hms_tuple(h=13.0, m=44.0, s=49.426148968140495)","dms_tuple(d=82.0, m=43.0, s=15.301937985595941)",206.205942,13.747063,82.720917
66679,119445,,13.708006,41.674282,279.3296,-33.0,6.3,-0.931,G6III,0.879,CVn,205.305,79,156.1126819853037,HD119445_TypG6_Mag6.3,"hms_tuple(h=13.0, m=42.0, s=53.65336856764202)","dms_tuple(d=41.0, m=38.0, s=35.35176019619087)",205.723556,13.714904,41.643153
66690,120084,,13.71093,78.064437,100.7049,-7.0,5.91,0.895,G7III:,1.0,UMi,38.194,59,110.66217874985526,HD120084_TypG7_Mag5.91,"hms_tuple(h=13.0, m=44.0, s=8.844827248764489)","dms_tuple(d=78.0, m=1.0, s=59.190636775334724)",206.036853,13.73579,78.033109
66694,119458,,13.712063,34.989021,146.8429,-15.0,5.98,0.146,G5III,0.857,CVn,76.138,62,117.71223220913615,HD119458_TypG5_Mag5.98,"hms_tuple(h=13.0, m=43.0, s=6.0687358705519046)","dms_tuple(d=34.0, m=57.0, s=28.447859385470338)",205.775286,13.718352,34.957902
66761,119550,,13.726585,14.36561,52.9381,4.9,6.92,3.301,G2V,0.631,Boo,4.165,127,269.7788052214281,HD119550_TypG2_Mag6.92,"hms_tuple(h=13.0, m=43.0, s=54.85901810566148)","dms_tuple(d=14.0, m=20.0, s=4.251569389968779)",205.978579,13.731905,14.334514
66766,119616,,13.727342,35.71487,321.5434,0.0,7.95,0.414,G5,0.98,CVn,59.484,280,669.391162362906,HD119616_TypG5_Mag7.95,"hms_tuple(h=13.0, m=44.0, s=1.277304324086117)","dms_tuple(d=35.0, m=41.0, s=1.5006852991001551)",206.005322,13.733688,35.68375
66796,119416,,13.732591,-41.349115,58.1058,0.0,7.88,4.059,G0V,0.584,Cen,2.072,265,629.299802346522,HD119416_TypG0_Mag7.88,"hms_tuple(h=13.0, m=44.0, s=22.058686949968944)","dms_tuple(d=-41.0, m=-22.0, s=-48.54497101109871)",206.091911,13.739461,-41.380151
66844,119605,,13.741618,-16.179072,252.5253,1.0,5.55,-1.462,G1IV/V,0.805,Vir,334.811,45,80.54814688107709,HD119605_TypG1_Mag5.55,"hms_tuple(h=13.0, m=44.0, s=49.14980180114753)","dms_tuple(d=-16.0, m=-12.0, s=-36.501035315345405)",206.204791,13.746986,-16.210139
66853,119510,,13.744004,-47.217184,164.7446,0.0,7.14,1.056,G6III,0.969,Cen,32.931,151,327.5719697549974,HD119510_TypG6_Mag7.14,"hms_tuple(h=13.0, m=45.0, s=5.750996050144863)","dms_tuple(d=-47.0, m=-14.0, s=-53.55567217194505)",206.273962,13.751597,-47.24821
66856,119638,,13.745723,-14.225181,33.761,0.0,6.9,4.258,G2V,0.542,Vir,1.725,125,265.0600588895962,HD119638_TypG2_Mag6.9,"hms_tuple(h=13.0, m=45.0, s=3.7491527881471143)","dms_tuple(d=-14.0, m=-15.0, s=-22.500315917358193)",206.265621,13.751041,-14.25625
66901,119825,,13.755794,9.057732,54.6747,0.0,7.44,3.751,G5,0.3,Boo,2.752,189,426.83476505925523,HD119825_TypG5_Mag7.44,"hms_tuple(h=13.0, m=45.0, s=39.647820157616565)","dms_tuple(d=9.0, m=1.0, s=35.908926839373265)",206.415199,13.761013,9.026641
66924,119914,,13.759472,34.647385,255.102,-10.5,7.47,0.436,G5,0.96,CVn,58.291,194,438.2834686761904,HD119914_TypG5_Mag7.47,"hms_tuple(h=13.0, m=45.0, s=56.647542667182194)","dms_tuple(d=34.0, m=36.0, s=58.55991971345645)",206.486031,13.765735,34.616267
66959,119853,,13.765644,-12.426528,124.6883,-11.0,5.5,0.021,G8III,0.898,Vir,85.428,43,77.07201459924187,HD119853_TypG8_Mag5.5,"hms_tuple(h=13.0, m=46.0, s=15.322558160394948)","dms_tuple(d=-12.0, m=-27.0, s=-27.355744875795835)",206.563844,13.770923,-12.457599
66972,119931,,13.768542,5.115632,46.3822,0.0,7.21,3.878,G0,0.563,Vir,2.448,159,348.44088743422355,HD119931_TypG0_Mag7.21,"hms_tuple(h=13.0, m=46.0, s=25.381231424883453)","dms_tuple(d=5.0, m=5.0, s=4.362052361684121)",206.605755,13.773717,5.084545
66997,120048,,13.771964,38.503626,130.719,-14.0,5.92,0.338,G9III,0.948,CVn,63.797,59,111.64286808383503,HD120048_TypG9_Mag5.92,"hms_tuple(h=13.0, m=46.0, s=42.77274264275391)","dms_tuple(d=38.0, m=28.0, s=21.007915618765765)",206.67822,13.778548,38.472502
67033,120066,,13.782534,6.350375,31.6656,-31.0,6.33,3.827,G0V,0.63,Vir,2.566,81,160.2999881121757,HD120066_TypG0_Mag6.33,"hms_tuple(h=13.0, m=47.0, s=15.792563066087268)","dms_tuple(d=6.0, m=19.0, s=9.432764376200922)",206.815802,13.78772,6.319287
67119,120186,,13.80055,-8.024975,78.6782,0.0,7.71,3.231,G0,0.545,Vir,4.442,233,541.648484297334,HD120186_TypG0_Mag7.71,"hms_tuple(h=13.0, m=48.0, s=20.721675661840493)","dms_tuple(d=-8.0, m=-3.0, s=-21.779853598110748)",207.08634,13.805756,-8.05605
67154,120219,,13.808672,-22.155704,111.8568,0.0,7.94,2.697,G5V,0.739,Vir,7.264,277,663.5111201850515,HD120219_TypG5_Mag7.94,"hms_tuple(h=13.0, m=48.0, s=51.25977043173904)","dms_tuple(d=-22.0, m=-11.0, s=-12.3542413799251)",207.213582,13.814239,-22.186765
67194,120237,,13.815316,-35.70418,29.4724,3.5,6.56,4.213,G0V,0.561,Cen,1.798,97,196.3650370330839,HD120237_TypG0_Mag6.56,"hms_tuple(h=13.0, m=49.0, s=17.998462949137775)","dms_tuple(d=-35.0, m=-44.0, s=-6.809302700322064)",207.324994,13.821666,-35.735225
67209,121366,,13.818605,79.92139,373.1343,0.0,7.27,-0.589,G5,0.966,Cam,149.83,166,367.38356293404297,HD121366_TypG5_Mag7.27,"hms_tuple(h=13.0, m=50.0, s=52.69225302848497)","dms_tuple(d=79.0, m=53.0, s=24.054224151161634)",207.719551,13.84797,79.890015
67244,120368,,13.82422,-26.349716,41.2031,0.0,7.92,4.845,G8/K0V,0.709,Hya,1.005,273,651.9055358919003,HD120368_TypG8_Mag7.92,"hms_tuple(h=13.0, m=49.0, s=47.90584438626894)","dms_tuple(d=-26.0, m=-22.0, s=-50.780883023373065)",207.449608,13.829974,-26.380772
67271,120787,,13.829296,61.489313,125.7862,-11.0,5.97,0.472,G3V,0.974,UMa,56.39,61,116.67822858142785,HD120787_TypG3_Mag5.97,"hms_tuple(h=13.0, m=50.0, s=24.30342204496725)","dms_tuple(d=61.0, m=27.0, s=29.285052560261988)",207.601264,13.840084,61.458135
67298,121457,,13.833756,78.99569,193.7984,-3.6,6.59,0.153,G5,1.136,UMi,75.648,99,201.63200517568157,HD121457_TypG5_Mag6.59,"hms_tuple(h=13.0, m=51.0, s=38.46486407601205)","dms_tuple(d=78.0, m=57.0, s=51.62452781359434)",207.91027,13.860685,78.96434
67326,120636,,13.839057,21.25562,100.7049,-21.7,7.29,2.275,G0,0.903,Boo,10.715,169,373.9239290957076,HD120636_TypG0_Mag7.29,"hms_tuple(h=13.0, m=50.0, s=40.51223802346229)","dms_tuple(d=21.0, m=13.0, s=28.26262222577583)",207.668801,13.844587,21.224517
67329,120651,,13.839863,21.276607,105.7082,-19.0,6.82,1.699,G0,0.94,Boo,18.214,118,246.99612663521023,HD120651_TypG0_Mag6.82,"hms_tuple(h=13.0, m=50.0, s=43.41667165180496)","dms_tuple(d=21.0, m=14.0, s=43.81574304309254)",207.680903,13.845394,21.245504
67405,120690,,13.855656,-24.390368,19.4742,2.1,6.43,4.983,G5V,0.703,Hya,0.885,87,175.0859005727711,HD120690_TypG5_Mag6.43,"hms_tuple(h=13.0, m=51.0, s=40.74175402213257)","dms_tuple(d=-24.0, m=-25.0, s=-17.135955289622018)",207.919757,13.861317,-24.421427
67431,120756,,13.859762,-13.015095,163.6661,0.0,7.03,0.96,G8/K0III,0.999,Vir,35.975,138,297.27424144135534,HD120756_TypG8_Mag7.03,"hms_tuple(h=13.0, m=51.0, s=54.19159022310481)","dms_tuple(d=-13.0, m=-2.0, s=-46.19491672671458)",207.975798,13.865053,-13.046165
67443,120792,,13.862234,-7.172819,131.2336,0.0,7.67,2.08,G5,0.972,Vir,12.823,226,522.866067770482,HD120792_TypG5_Mag7.67,"hms_tuple(h=13.0, m=52.0, s=2.746771390602305)","dms_tuple(d=-7.0, m=-12.0, s=-14.021097137965839)",208.011445,13.86743,-7.203895
67572,121107,,13.886925,17.932868,211.4165,-10.0,5.71,-0.916,G5III,0.845,Boo,202.488,50,92.76066385520623,HD121107_TypG5_Mag5.71,"hms_tuple(h=13.0, m=53.0, s=32.43085866739051)","dms_tuple(d=17.0, m=54.0, s=6.367694343940968)",208.385129,13.892342,17.901769
67601,121490,,13.892277,64.245329,200.4008,0.0,7.97,1.461,G5,1.035,Dra,22.678,284,681.3080354866522,HD121490_TypG5_Mag7.97,"hms_tuple(h=13.0, m=54.0, s=14.855512784477156)","dms_tuple(d=64.0, m=12.0, s=50.89920381571346)",208.561898,13.904127,64.214139
67610,121111,,13.893924,-6.18804,89.5255,0.0,7.69,2.93,G0,0.55,Vir,5.861,229,532.1744198083834,HD121111_TypG0_Mag7.69,"hms_tuple(h=13.0, m=53.0, s=56.792977560275375)","dms_tuple(d=-6.0, m=-13.0, s=-8.81997001661368)",208.486637,13.899109,-6.219117
67640,121166,,13.898664,-8.484379,152.207,0.0,7.7,1.788,G5,0.861,Vir,16.78,231,536.8905548349917,HD121166_TypG5_Mag7.7,"hms_tuple(h=13.0, m=54.0, s=13.953972832908192)","dms_tuple(d=-8.0, m=-30.0, s=-55.63271573116708)",208.558142,13.903876,-8.515454
67689,121320,,13.907832,20.64178,31.5259,0.0,7.89,5.397,G0,0.687,Boo,0.604,267,634.876663483802,HD121320_TypG0_Mag7.89,"hms_tuple(h=13.0, m=54.0, s=48.020887106868884)","dms_tuple(d=20.0, m=36.0, s=38.44092836992928)",208.700087,13.913339,20.610678
67693,121223,,13.908806,-22.245035,192.6782,0.0,6.61,0.186,G8/K0III,1.05,Vir,73.384,100,205.22157007953126,HD121223_TypG8_Mag6.61,"hms_tuple(h=13.0, m=54.0, s=51.75494561558324)","dms_tuple(d=-22.0, m=-16.0, s=-33.945499633829854)",208.715646,13.914376,-22.276096
67708,122188,,13.911304,78.975008,257.0694,0.0,7.85,0.8,G5,1.089,UMi,41.687,259,612.8614298360975,HD122188_TypG5_Mag7.85,"hms_tuple(h=13.0, m=56.0, s=17.458573610764603)","dms_tuple(d=78.0, m=56.0, s=37.17117464693388)",209.072744,13.938183,78.943659
67710,121370,Muphrid,13.911411,18.397717,11.396,1.0,2.68,2.396,G0IV,0.58,Boo,9.585,5,6.40232942621315,HD121370_TypG0_Mag2.68,"hms_tuple(h=13.0, m=55.0, s=0.6323444738690398)","dms_tuple(d=18.0, m=21.0, s=59.82240711787995)",208.752635,13.916842,18.366617
67741,121303,,13.917149,-19.217271,343.6426,0.0,6.97,-0.711,G6/G8III+..,0.964,Vir,167.649,132,281.9464748828664,HD121303_TypG6_Mag6.97,"hms_tuple(h=13.0, m=55.0, s=21.39189258771026)","dms_tuple(d=-19.0, m=-14.0, s=-54.006454847848886)",208.839133,13.922609,-19.248335
67782,121422,,13.925422,-12.223069,287.3563,0.0,7.96,0.668,G5,1.033,Vir,47.076,282,675.323313533301,HD121422_TypG5_Mag7.96,"hms_tuple(h=13.0, m=55.0, s=50.50858098727531)","dms_tuple(d=-12.0, m=-15.0, s=-14.904043816162016)",208.960452,13.930697,-12.25414
67804,121397,,13.929011,-31.284977,125.1564,-18.0,6.53,1.043,G6/G8III,0.894,Cen,33.327,94,191.23565098411746,HD121397_TypG6_Mag6.53,"hms_tuple(h=13.0, m=56.0, s=6.1608125276352155)","dms_tuple(d=-31.0, m=-18.0, s=-57.69937136270585)",209.02567,13.935045,-31.316028
67915,121825,,13.94861,44.282532,46.3177,23.0,7.65,4.321,G0,0.612,CVn,1.628,222,513.7205296793568,HD121825_TypG0_Mag7.65,"hms_tuple(h=13.0, m=57.0, s=20.902908698202367)","dms_tuple(d=44.0, m=15.0, s=5.03579305786559)",209.337095,13.955806,44.251399
67970,121829,,13.959782,18.260569,357.1429,-5.0,7.66,-0.104,G6III-IV,1.008,Boo,95.852,224,518.2731261472211,HD121829_TypG6_Mag7.66,"hms_tuple(h=13.0, m=57.0, s=54.75247372397007)","dms_tuple(d=18.0, m=13.0, s=46.09010584782112)",209.478135,13.965209,18.229469
67996,121862,,13.965774,5.117726,184.8429,0.0,7.1,0.766,G5,0.91,Vir,43.013,146,316.2129549015887,HD121862_TypG5_Mag7.1,"hms_tuple(h=13.0, m=58.0, s=15.416492018895127)","dms_tuple(d=5.0, m=5.0, s=11.900445443216867)",209.564235,13.970949,5.086639
68012,121759,,13.967646,-33.977397,238.0952,0.0,7.87,0.986,G6III/IV,0.934,Cen,35.124,263,623.771929275639,HD121759_TypG6_Mag7.87,"hms_tuple(h=13.0, m=58.0, s=25.911280207557468)","dms_tuple(d=-34.0, m=-0.0, s=-30.39891354462725)",209.607964,13.973864,-34.008444
68044,121865,,13.974122,-12.059288,83.9631,0.0,7.03,2.41,G5,0.98,Vir,9.462,138,297.27424144135534,HD121865_TypG5_Mag7.03,"hms_tuple(h=13.0, m=58.0, s=45.81687603637306)","dms_tuple(d=-12.0, m=-5.0, s=-25.293005667539603)",209.690904,13.979394,-12.090359
68052,122149,,13.9766,53.579159,115.0748,-2.0,7.93,2.625,G2IV,0.635,UMa,7.762,275,657.682729265769,HD122149_TypG2_Mag7.93,"hms_tuple(h=13.0, m=59.0, s=6.992453346606311)","dms_tuple(d=53.0, m=32.0, s=52.821700465098615)",209.779135,13.985276,53.548006
68083,122052,,13.981721,24.692204,100000.0,-29.1,7.26,-12.74,G0III,1.184,Boo,10864256.236,165,364.156405231697,HD122052_TypG0_Mag7.26,"hms_tuple(h=13.0, m=59.0, s=14.614716687650855)","dms_tuple(d=24.0, m=39.0, s=39.95173253707861)",209.810895,13.987393,24.661098
68090,121981,,13.983309,-6.925235,157.9779,0.0,6.95,0.957,G5,0.975,Vir,36.074,130,277.01490180011757,HD121981_TypG5_Mag6.95,"hms_tuple(h=13.0, m=59.0, s=18.60673534904066)","dms_tuple(d=-6.0, m=-57.0, s=-22.71952123634648)",209.827528,13.988502,-6.956311
68132,121914,,13.991202,-43.703045,225.7336,0.0,7.94,1.172,G8/K0III,0.925,Cen,29.594,277,663.5111201850515,HD121914_TypG8_Mag7.94,"hms_tuple(h=13.0, m=59.0, s=54.00925753881779)","dms_tuple(d=-43.0, m=-44.0, s=-2.678742842036854)",209.975039,13.998336,-43.734077
68154,122104,,13.995762,0.049079,177.9359,0.0,7.91,1.659,G5,0.945,Vir,18.897,271,646.179090335777,HD122104_TypG5_Mag7.91,"hms_tuple(h=14.0, m=0.0, s=3.299923262805038)","dms_tuple(d=0.0, m=1.0, s=4.787904346920375)",210.01375,14.000917,0.017997
68163,122727,,13.997451,73.398154,72.5689,0.0,7.8,3.496,G5,0.687,UMi,3.48,249,586.4128089424291,HD122727_TypG5_Mag7.8,"hms_tuple(h=14.0, m=0.0, s=55.652610758098575)","dms_tuple(d=73.0, m=22.0, s=0.8292741974730689)",210.231886,14.015459,73.366897
68251,122327,,14.017964,13.111328,591.716,0.0,7.7,-1.161,G5,0.963,Boo,253.746,231,536.8905548349917,HD122327_TypG5_Mag7.7,"hms_tuple(h=14.0, m=1.0, s=23.721418437816908)","dms_tuple(d=13.0, m=4.0, s=48.84072571829762)",210.348839,14.023256,13.080234
68276,122386,,14.022117,13.732681,134.5895,0.0,7.15,1.505,G5,0.873,Boo,21.777,152,330.4749158245449,HD122386_TypG5_Mag7.15,"hms_tuple(h=14.0, m=1.0, s=38.7214673171934)","dms_tuple(d=13.0, m=42.0, s=5.709373470775176)",210.411339,14.027423,13.701586
68288,122245,,14.023826,-31.620712,61.5764,0.0,7.57,3.623,G0/G1:+...,0.485,Cen,3.096,209,478.71030262103807,HD122245_TypG0_Mag7.57,"hms_tuple(h=14.0, m=1.0, s=47.57290053111177)","dms_tuple(d=-31.0, m=-39.0, s=-6.343858061361232)",210.44822,14.029881,-31.651762
68295,122406,,14.026247,4.252843,151.5152,0.0,7.08,1.178,G5,1.022,Vir,29.431,144,310.68202106935195,HD122406_TypG5_Mag7.08,"hms_tuple(h=14.0, m=1.0, s=53.09641128314425)","dms_tuple(d=4.0, m=13.0, s=18.32449936355907)",210.471235,14.031416,4.221757
68297,122443,,14.026892,17.668391,387.5969,0.0,6.36,-1.582,G5,1.215,Boo,373.938,83,164.59960755259254,HD122443_TypG5_Mag6.36,"hms_tuple(h=14.0, m=1.0, s=56.283231814103516)","dms_tuple(d=17.0, m=38.0, s=14.251450339916687)",210.484513,14.032301,17.637292
68328,122518,,14.032633,21.556121,51.4668,0.0,7.93,4.372,G0,0.614,Boo,1.553,275,657.682729265769,HD122518_TypG0_Mag7.93,"hms_tuple(h=14.0, m=2.0, s=17.426743740932267)","dms_tuple(d=21.0, m=31.0, s=30.06508629101404)",210.572611,14.038174,21.525018
68336,123011,,14.033566,70.336395,265.9574,-38.0,7.51,0.386,G8III,1.071,UMi,61.038,200,454.02750557766933,HD123011_TypG8_Mag7.51,"hms_tuple(h=14.0, m=2.0, s=55.90049641738048)","dms_tuple(d=70.0, m=18.0, s=18.600865455028952)",210.732919,14.048861,70.305167
68341,122651,,14.035352,43.559103,198.8072,0.0,7.68,1.188,G5,0.9,CVn,29.161,227,527.4997120883073,HD122651_TypG5_Mag7.68,"hms_tuple(h=14.0, m=2.0, s=32.861336211562815)","dms_tuple(d=43.0, m=31.0, s=40.69595915427101)",210.636922,14.042461,43.527971
68359,122562,,14.039211,20.881315,53.7634,0.0,7.69,4.038,G5,0.962,Boo,2.113,229,532.1744198083834,HD122562_TypG5_Mag7.69,"hms_tuple(h=14.0, m=2.0, s=41.016681855311106)","dms_tuple(d=20.0, m=51.0, s=0.766030701238094)",210.670903,14.044727,20.850213
68388,122476,,14.044057,-26.847942,184.5018,0.0,7.47,1.14,G8III,0.944,Hya,30.479,194,438.2834686761904,HD122476_TypG8_Mag7.47,"hms_tuple(h=14.0, m=2.0, s=59.40955768990534)","dms_tuple(d=-26.0, m=-52.0, s=-44.39243921293638)",210.74754,14.049836,-26.878998
68399,122603,,14.046562,3.545496,72.8332,0.0,7.54,3.228,G0,0.594,Vir,4.455,204,466.20558189854603,HD122603_TypG0_Mag7.54,"hms_tuple(h=14.0, m=3.0, s=6.214885659490648)","dms_tuple(d=3.0, m=30.0, s=51.87762866788148)",210.775895,14.051726,3.51441
68414,122676,,14.049129,14.975343,26.8312,0.0,7.12,4.977,G5,0.74,Boo,0.89,148,321.8423534887257,HD122676_TypG5_Mag7.12,"hms_tuple(h=14.0, m=3.0, s=16.070734368984745)","dms_tuple(d=14.0, m=56.0, s=39.288234291561395)",210.816961,14.054464,14.944247
68462,122742,,14.058986,10.786779,16.9837,-11.6,6.27,5.12,G8V,0.733,Boo,0.78,77,152.0347553587468,HD122742_TypG8_Mag6.27,"hms_tuple(h=14.0, m=3.0, s=51.23815902372229)","dms_tuple(d=10.0, m=45.0, s=20.47228623520496)",210.963492,14.064233,10.755687
68467,122744,,14.060213,7.54617,142.0455,-20.0,6.25,0.488,G9III,0.927,Boo,55.565,76,149.37548995214374,HD122744_TypG9_Mag6.25,"hms_tuple(h=14.0, m=3.0, s=55.48429692164561)","dms_tuple(d=7.0, m=30.0, s=54.290786733439944)",210.981185,14.065412,7.515081
68497,122613,,14.067223,-44.61447,85.034,0.0,7.75,3.102,G1V,0.2,Cen,5.003,240,561.1056035680328,HD122613_TypG1_Mag7.75,"hms_tuple(h=14.0, m=4.0, s=28.085100609813765)","dms_tuple(d=-44.0, m=-38.0, s=-43.802931412649286)",211.117021,14.074468,-44.645501
68506,122683,,14.068644,-37.264014,163.6661,0.0,7.11,1.04,G3IV/V,0.724,Cen,33.42,147,319.0152372679894,HD122683_TypG3_Mag7.11,"hms_tuple(h=14.0, m=4.0, s=30.444766673875137)","dms_tuple(d=-37.0, m=-17.0, s=-42.20378554611443)",211.126853,14.075124,-37.295057
68540,122775,,14.074054,-29.062773,240.9639,0.0,7.23,0.32,G8III,0.884,Hya,64.863,161,354.6440255695144,HD122775_TypG8_Mag7.23,"hms_tuple(h=14.0, m=4.0, s=47.83061106783947)","dms_tuple(d=-29.0, m=-5.0, s=-37.77472666665744)",211.199294,14.079953,-29.093826
68572,123300,,14.081022,58.867508,46.9484,0.0,7.58,4.222,G5,0.635,UMa,1.783,211,482.9526381068404,HD123300_TypG5_Mag7.58,"hms_tuple(h=14.0, m=5.0, s=27.538711599991217)","dms_tuple(d=58.0, m=50.0, s=10.821799178688707)",211.364745,14.090983,58.836339
68587,122956,,14.086952,-14.857071,316.4557,166.3,7.22,-0.282,G6IV/Vw...,0.939,Vir,112.928,160,351.52877406079745,HD122956_TypG6_Mag7.22,"hms_tuple(h=14.0, m=5.0, s=32.22852492430306)","dms_tuple(d=-14.0, m=-53.0, s=-17.302104581956428)",211.384286,14.092286,-14.888139
68651,123004,,14.10303,-43.091702,131.2336,22.0,6.18,0.59,G8III,0.986,Cen,50.582,72,140.42905193202526,HD123004_TypG8_Mag6.18,"hms_tuple(h=14.0, m=6.0, s=36.33196741595427)","dms_tuple(d=-43.0, m=-7.0, s=-21.847742587202674)",211.651383,14.110092,-43.122735
68659,123282,,14.103765,22.167698,268.0965,0.0,7.42,0.279,G5,1.05,Boo,67.36,187,419.36892659107707,HD123282_TypG5_Mag7.42,"hms_tuple(h=14.0, m=6.0, s=33.58742402684257)","dms_tuple(d=22.0, m=8.0, s=11.739959802586668)",211.639948,14.10933,22.136594
68740,123243,,14.117208,-27.352832,215.9827,0.0,7.47,0.798,G8III,1.05,Hya,41.764,194,438.2834686761904,HD123243_TypG8_Mag7.47,"hms_tuple(h=14.0, m=7.0, s=22.847311423390977)","dms_tuple(d=-27.0, m=-23.0, s=-1.9943496017245366)",211.845197,14.123013,-27.383887
68745,123222,,14.1189,-35.491899,239.2344,12.0,7.18,0.286,G8/K0III,0.948,Cen,66.927,155,339.33902361009757,HD123222_TypG8_Mag7.18,"hms_tuple(h=14.0, m=7.0, s=30.840239417019717)","dms_tuple(d=-35.0, m=-31.0, s=-22.598755987581285)",211.878501,14.125233,-35.522944
68788,123441,,14.127749,-0.190012,331.1258,0.0,7.97,0.37,G5,0.818,Vir,61.944,284,681.3080354866522,HD123441_TypG5_Mag7.97,"hms_tuple(h=14.0, m=7.0, s=58.45326050776151)","dms_tuple(d=-0.0, m=-13.0, s=-15.938911912284262)",211.993555,14.132904,-0.221094
68833,123453,,14.134472,-12.928373,62.8931,14.1,7.61,3.617,G8/K0V:+...,0.62,Vir,3.113,216,495.90655392467346,HD123453_TypG8_Mag7.61,"hms_tuple(h=14.0, m=8.0, s=23.14093365997934)","dms_tuple(d=-12.0, m=-57.0, s=-33.996016158982485)",212.096421,14.139761,-12.959443
68882,123673,,14.145517,17.638916,171.8213,-9.3,7.69,1.515,G6III,1.043,Boo,21.577,229,532.1744198083834,HD123673_TypG6_Mag7.69,"hms_tuple(h=14.0, m=9.0, s=3.3300501199369137)","dms_tuple(d=17.0, m=36.0, s=28.141556707689972)",212.263875,14.150925,17.607817
68906,123630,,14.150165,-10.334546,127.2265,-20.0,6.45,0.927,G8III,1.003,Vir,37.085,89,178.20287698386963,HD123630_TypG8_Mag6.45,"hms_tuple(h=14.0, m=9.0, s=19.45860003412804)","dms_tuple(d=-10.0, m=-21.0, s=-56.227682642852415)",212.331078,14.155405,-10.365619
68907,123618,,14.150301,-18.500922,74.7384,0.0,7.7,3.332,G8IV,0.908,Vir,4.048,231,536.8905548349917,HD123618_TypG8_Mag7.7,"hms_tuple(h=14.0, m=9.0, s=20.655180599032832)","dms_tuple(d=-18.0, m=-31.0, s=-55.152678026421995)",212.336063,14.155738,-18.531987
68940,123760,,14.15737,10.243551,56.8828,-1.0,7.95,4.175,G5V,0.656,Boo,1.862,280,669.391162362906,HD123760_TypG5_Mag7.95,"hms_tuple(h=14.0, m=9.0, s=45.3874479453161)","dms_tuple(d=10.0, m=12.0, s=44.85332792301506)",212.439114,14.162608,10.212459
68964,123929,,14.1625,31.25655,89.2061,0.0,7.28,2.528,G8V,0.835,Boo,8.488,168,370.63931974020056,HD123929_TypG8_Mag7.28,"hms_tuple(h=14.0, m=10.0, s=6.700365136310182)","dms_tuple(d=31.0, m=13.0, s=31.56970452659607)",212.527918,14.168528,31.225436
68999,123849,,14.172178,-14.22124,179.2115,0.0,7.59,1.323,G8IIICNvar,0.874,Vir,25.751,212,487.2325692121131,HD123849_TypG8_Mag7.59,"hms_tuple(h=14.0, m=10.0, s=38.98681822332577)","dms_tuple(d=-14.0, m=-15.0, s=-8.312729669668784)",212.662445,14.177496,-14.252309
69064,123906,,14.182813,-28.351833,235.2941,0.0,7.37,0.512,G6III,0.924,Hya,54.35,180,401.2706596517492,HD123906_TypG6_Mag7.37,"hms_tuple(h=14.0, m=11.0, s=19.219005557932576)","dms_tuple(d=-28.0, m=-22.0, s=-58.39375794279988)",212.830079,14.188672,-28.382887
69072,124319,,14.183708,58.548991,136.7989,0.0,6.73,1.05,G9III,0.979,UMa,33.113,110,228.14146549859603,HD124319_TypG9_Mag6.73,"hms_tuple(h=14.0, m=11.0, s=36.8822240543993)","dms_tuple(d=58.0, m=31.0, s=4.164462637847919)",212.903676,14.193578,58.517823
69099,124330,,14.188137,54.409138,59.6303,-29.8,7.88,4.003,G4IV,0.652,Boo,2.182,265,629.299802346522,HD124330_TypG4_Mag7.88,"hms_tuple(h=14.0, m=11.0, s=49.15378744038762)","dms_tuple(d=54.0, m=22.0, s=40.73823876704694)",212.954807,14.196987,54.377983
69191,124292,,14.212567,-3.320084,22.0507,31.3,7.05,5.333,G0,0.733,Vir,0.641,141,302.5664825365462,HD124292_TypG0_Mag7.05,"hms_tuple(h=14.0, m=13.0, s=3.8297084231420797)","dms_tuple(d=-3.0, m=-21.0, s=-4.187839036857071)",213.265957,14.21773,-3.351163
69277,124401,,14.228607,-11.838386,222.7171,0.0,6.98,0.241,G5,1.016,Vir,69.759,133,284.4450873609016,HD124401_TypG5_Mag6.98,"hms_tuple(h=14.0, m=14.0, s=1.947356887177989)","dms_tuple(d=-11.0, m=-52.0, s=-10.04656238546417)",213.508114,14.233874,-11.869457
69295,124694,,14.230934,46.325167,37.4392,0.0,7.17,4.303,G0,0.53,Boo,1.655,154,336.35821375838816,HD124694_TypG0_Mag7.17,"hms_tuple(h=14.0, m=14.0, s=18.21893191854599)","dms_tuple(d=46.0, m=17.0, s=38.5082670723267)",213.575912,14.238394,46.29403
69326,124605,,14.236712,18.085219,94.9668,-11.8,7.97,3.082,G0,0.603,Boo,5.096,284,681.3080354866522,HD124605_TypG0_Mag7.97,"hms_tuple(h=14.0, m=14.0, s=31.680892027552545)","dms_tuple(d=18.0, m=3.0, s=14.830742353370567)",213.632004,14.242134,18.05412
69375,124433,,14.245191,-41.837495,136.612,-38.0,5.61,-0.067,G8III,0.929,Cen,92.64,47,84.92707445101695,HD124433_TypG8_Mag5.61,"hms_tuple(h=14.0, m=15.0, s=7.606720682479562)","dms_tuple(d=-41.0, m=-52.0, s=-6.7101059547570685)",213.781695,14.252113,-41.868531
69443,124968,,14.259804,39.676516,299.4012,0.0,7.47,0.089,G5,0.963,Boo,80.242,194,438.2834686761904,HD124968_TypG5_Mag7.47,"hms_tuple(h=14.0, m=15.0, s=59.393793242085025)","dms_tuple(d=39.0, m=38.0, s=43.40553843434918)",213.997474,14.266498,39.64539
69486,125141,,14.268173,50.169244,45.6621,0.0,7.78,4.482,G5,0.615,Boo,1.403,245,576.1557641428401,HD125141_TypG5_Mag7.78,"hms_tuple(h=14.0, m=16.0, s=34.37519647030399)","dms_tuple(d=50.0, m=8.0, s=17.15703521242176)",214.14323,14.276215,50.138099
69511,125112,,14.273426,37.129958,195.6947,0.0,7.86,1.402,G5,0.781,Boo,23.944,261,618.2926139519136,HD125112_TypG5_Mag7.86,"hms_tuple(h=14.0, m=16.0, s=47.59941546987477)","dms_tuple(d=37.0, m=5.0, s=55.81032593611894)",214.198331,14.279889,37.098836
69531,125113,,14.276093,32.208434,145.9854,0.0,6.73,0.908,G5,0.938,Boo,37.74,110,228.14146549859603,HD125113_TypG5_Mag6.73,"hms_tuple(h=14.0, m=16.0, s=55.858991751267126)","dms_tuple(d=32.0, m=10.0, s=38.34779371197783)",214.232746,14.282183,32.177319
69569,125333,,14.284395,54.542863,55.9597,0.0,7.0,3.261,G5,0.745,Boo,4.321,135,289.50893673230235,HD125333_TypG5_Mag7.0,"hms_tuple(h=14.0, m=17.0, s=35.7867954719697)","dms_tuple(d=54.0, m=30.0, s=42.14694235668901)",214.399112,14.293274,54.511707
69731,125538,,14.315469,38.767426,181.4882,-10.0,6.86,0.566,G9IV,1.06,Boo,51.713,122,255.86873171888556,HD125538_TypG9_Mag6.86,"hms_tuple(h=14.0, m=19.0, s=19.478034114793843)","dms_tuple(d=38.0, m=44.0, s=10.686499639354565)",214.831158,14.322077,38.736302
69788,125454,,14.325689,-2.265518,80.1925,-27.0,5.14,0.619,G9III,1.023,Vir,49.249,32,56.098732398835686,HD125454_TypG9_Mag5.14,"hms_tuple(h=14.0, m=19.0, s=51.052039542196184)","dms_tuple(d=-2.0, m=-17.0, s=-47.75370439977408)",214.962717,14.330848,-2.296598
69814,125490,,14.331445,-6.746167,101.626,0.0,6.42,1.385,G5,0.915,Vir,24.322,87,173.54791719623321,HD125490_TypG5_Mag6.42,"hms_tuple(h=14.0, m=20.0, s=11.889300730975805)","dms_tuple(d=-6.0, m=-46.0, s=-38.07531673196408)",215.049539,14.336636,-6.777243
69830,125383,,14.336029,-43.058843,113.1222,-19.0,5.55,0.282,G8III,0.907,Lup,67.174,45,80.54814688107709,HD125383_TypG8_Mag5.55,"hms_tuple(h=14.0, m=20.0, s=35.114723802117)","dms_tuple(d=-43.0, m=-5.0, s=-23.555544662121974)",215.146311,14.343087,-43.089877
69868,125540,,14.343311,-24.506804,239.8082,0.0,7.71,0.811,G8/K0III,0.95,Hya,41.267,233,541.648484297334,HD125540_TypG8_Mag7.71,"hms_tuple(h=14.0, m=20.0, s=56.31861951288357)","dms_tuple(d=-24.0, m=-32.0, s=-16.305094493920365)",215.234661,14.348977,-24.537863
69884,125728,,14.345857,26.075532,252.5253,22.8,6.79,-0.222,G8II,0.922,Boo,106.856,115,240.54417110761835,HD125728_TypG8_Mag6.79,"hms_tuple(h=14.0, m=21.0, s=5.73926358743023)","dms_tuple(d=26.0, m=2.0, s=39.926979505887346)",215.273914,14.351594,26.044424
70028,126323,,14.3747,60.96571,41.4079,0.0,7.4,4.315,G0,0.609,UMa,1.637,184,412.0336743557815,HD126323_TypG0_Mag7.4,"hms_tuple(h=14.0, m=23.0, s=7.117633528079352)","dms_tuple(d=60.0, m=56.0, s=4.32164677191281)",215.779657,14.38531,60.934534
70046,125906,,14.377407,-7.768177,39.4166,0.0,6.82,3.842,G0...,0.584,Vir,2.53,118,246.99612663521023,HD125906_TypG0_Mag6.82,"hms_tuple(h=14.0, m=22.0, s=57.395182060094214)","dms_tuple(d=-7.0, m=-47.0, s=-57.30791170354138)",215.739147,14.38261,-7.799252
70056,125926,,14.37937,-12.056016,223.2143,0.0,7.96,1.216,G5,1.047,Lib,28.418,282,675.323313533301,HD125926_TypG5_Mag7.96,"hms_tuple(h=14.0, m=23.0, s=4.709443922653804)","dms_tuple(d=-12.0, m=-5.0, s=-13.513816885110685)",215.769623,14.384642,-12.087087
70095,126053,,14.387579,1.241569,17.191,-18.9,6.25,5.073,G1V,0.639,Vir,0.814,76,149.37548995214374,HD126053_TypG1_Mag6.25,"hms_tuple(h=14.0, m=23.0, s=33.84526450170753)","dms_tuple(d=1.0, m=12.0, s=37.747994789703085)",215.891022,14.392735,1.210486
70106,125968,,14.389833,-27.822685,53.3618,25.9,7.76,4.124,G3/G5V,0.658,Hya,1.952,242,566.0781270342421,HD125968_TypG3_Mag7.76,"hms_tuple(h=14.0, m=23.0, s=44.387170511611345)","dms_tuple(d=-27.0, m=-51.0, s=-13.463187796531315)",215.934947,14.395663,-27.85374
70112,126035,,14.390452,-11.714043,102.6694,-1.0,6.22,1.163,G7III,0.99,Lib,29.84,74,145.4735501476104,HD126035_TypG7_Mag6.22,"hms_tuple(h=14.0, m=23.0, s=44.58075636430337)","dms_tuple(d=-11.0, m=-44.0, s=-42.41218779199144)",215.935753,14.395717,-11.745114
70120,126265,,14.392033,39.327785,70.4225,-19.1,7.21,2.971,G2III,0.587,Boo,5.644,159,348.44088743422355,HD126265_TypG2_Mag7.21,"hms_tuple(h=14.0, m=23.0, s=55.29770488385893)","dms_tuple(d=39.0, m=17.0, s=47.97585678488076)",215.980407,14.398694,39.29666
70181,126089,,14.404059,-33.086879,192.3077,0.0,6.8,0.38,G8III,0.953,Cen,61.376,116,242.67587595584382,HD126089_TypG8_Mag6.8,"hms_tuple(h=14.0, m=24.0, s=36.76841858599701)","dms_tuple(d=-33.0, m=-7.0, s=-4.5383178271680436)",216.153202,14.410213,-33.117927
70262,126381,,14.417608,5.615328,245.7002,7.0,7.16,0.208,G4III,0.962,Vir,71.912,153,333.40358783117154,HD126381_TypG4_Mag7.16,"hms_tuple(h=14.0, m=25.0, s=22.034008778616965)","dms_tuple(d=5.0, m=35.0, s=3.2660000731226546)",216.341808,14.422787,5.584241
70295,126238,,14.424986,-43.643595,261.7801,248.5,7.66,0.57,G5/G6w...,0.791,Lup,51.523,224,518.2731261472211,HD126238_TypG5_Mag7.66,"hms_tuple(h=14.0, m=25.0, s=55.606201245831244)","dms_tuple(d=-43.0, m=-40.0, s=-28.65911573597657)",216.481693,14.432113,-43.674628
70388,126447,,14.443802,-39.523178,552.4862,0.0,6.87,-1.842,G3II/III,0.913,Cen,475.116,123,258.1362429763933,HD126447_TypG3_Mag6.87,"hms_tuple(h=14.0, m=27.0, s=1.754889495259988)","dms_tuple(d=-39.0, m=-33.0, s=-15.182115154267422)",216.757312,14.450487,-39.554217
70450,127029,,14.45517,53.311145,67.7048,0.0,7.97,3.817,G0,0.587,Boo,2.589,284,681.3080354866522,HD127029_TypG0_Mag7.97,"hms_tuple(h=14.0, m=27.0, s=49.64825129890144)","dms_tuple(d=53.0, m=16.0, s=47.97377353178774)",216.956868,14.463791,53.279993
70472,126682,,14.459279,-21.99189,260.4167,0.0,7.34,0.262,G8III,0.939,Lib,68.423,175,390.78879304975095,HD126682_TypG8_Mag7.34,"hms_tuple(h=14.0, m=27.0, s=53.42171201737315)","dms_tuple(d=-22.0, m=-1.0, s=-22.624466942802144)",216.97259,14.464839,-22.022951
70486,127064,,14.46214,49.396496,189.7533,0.0,7.34,0.949,G5,1.102,Boo,36.341,175,390.78879304975095,HD127064_TypG5_Mag7.34,"hms_tuple(h=14.0, m=28.0, s=12.198752737188983)","dms_tuple(d=49.0, m=21.0, s=55.27030367576003)",217.050828,14.470055,49.365353
70494,126827,,14.462981,3.621434,186.9159,0.0,7.48,1.122,G8III,1.118,Vir,30.988,195,442.16754115556887,HD126827_TypG8_Mag7.48,"hms_tuple(h=14.0, m=28.0, s=5.324815431784629)","dms_tuple(d=3.0, m=35.0, s=25.254178784720125)",217.022187,14.468146,3.590348
70511,127455,,14.466131,69.253185,117.2333,0.0,7.68,2.335,G0,0.641,UMi,10.139,227,527.4997120883073,HD127455_TypG0_Mag7.68,"hms_tuple(h=14.0, m=28.0, s=50.38121783154395)","dms_tuple(d=69.0, m=13.0, s=19.07456375547099)",217.209922,14.480661,69.221965
70514,126970,,14.466321,29.263913,220.2643,-51.1,7.6,0.885,G5IV,0.882,Boo,38.548,214,491.5504291096121,HD126970_TypG5_Mag7.6,"hms_tuple(h=14.0, m=28.0, s=20.020575269773104)","dms_tuple(d=29.0, m=13.0, s=58.08525592051524)",217.083419,14.472228,29.232801
70531,126868,Elgafar,14.470038,-2.227957,36.2582,-10.1,4.81,2.013,G2III,0.693,Vir,13.64,25,41.92805247286614,HD126868_TypG2_Mag4.81,"hms_tuple(h=14.0, m=28.0, s=30.707955275943704)","dms_tuple(d=-2.0, m=-15.0, s=-32.534227719048125)",217.12795,14.475197,-2.259037
70536,126945,,14.470869,16.118629,68.8231,-11.6,7.43,3.241,G5,0.71,Boo,4.401,188,423.08537820947436,HD126945_TypG5_Mag7.43,"hms_tuple(h=14.0, m=28.0, s=34.44143117725574)","dms_tuple(d=16.0, m=5.0, s=15.113797598948508)",217.143506,14.476234,16.087532
70537,126991,,14.471129,24.517546,100.9082,-85.9,7.92,2.9,G2V,0.8,Boo,6.026,273,651.9055358919003,HD126991_TypG2_Mag7.92,"hms_tuple(h=14.0, m=28.0, s=36.45507308729606)","dms_tuple(d=24.0, m=29.0, s=11.183624783911341)",217.151896,14.476793,24.48644
70551,127066,,14.474924,30.431681,324.6753,0.0,7.94,0.383,G5,0.983,Boo,61.207,277,663.5111201850515,HD127066_TypG5_Mag7.94,"hms_tuple(h=14.0, m=28.0, s=51.24122682400596)","dms_tuple(d=30.0, m=24.0, s=2.0449704175609895)",217.213505,14.4809,30.400568
70567,127243,,14.477197,49.844851,100.0,-6.0,5.58,0.58,G3IV,0.864,Boo,51.05,46,82.70863598839426,HD127243_TypG3_Mag5.58,"hms_tuple(h=14.0, m=29.0, s=6.667065706088096)","dms_tuple(d=49.0, m=48.0, s=49.34480628841811)",217.277779,14.485185,49.813707
70633,128642,,14.489591,80.809852,19.8926,0.0,6.88,5.387,G5,0.774,UMi,0.61,123,260.4238489413245,HD128642_TypG5_Mag6.88,"hms_tuple(h=14.0, m=31.0, s=18.32571666224908)","dms_tuple(d=80.0, m=46.0, s=42.413895888042816)",217.826357,14.521757,80.778448
70644,126935,,14.492398,-37.039536,71.8907,0.0,7.84,3.557,G3V,0.626,Cen,3.29,257,607.4779541357369,HD126935_TypG3_Mag7.84,"hms_tuple(h=14.0, m=29.0, s=55.88994395231296)","dms_tuple(d=-37.0, m=-4.0, s=-14.084144805921142)",217.482875,14.498858,-37.070579
70649,127334,,14.493549,41.795911,23.7417,0.4,6.36,4.482,G5V,0.702,Boo,1.403,83,164.59960755259254,HD127334_TypG5_Mag6.36,"hms_tuple(h=14.0, m=30.0, s=1.6551856257564168)","dms_tuple(d=41.0, m=45.0, s=53.215444912584076)",217.506897,14.50046,41.764782
70656,127434,,14.495383,48.895532,205.3388,0.0,7.84,1.278,G5,0.95,Boo,26.841,257,607.4779541357369,HD127434_TypG5_Mag7.84,"hms_tuple(h=14.0, m=30.0, s=11.58722742280176)","dms_tuple(d=48.0, m=51.0, s=51.803736768797535)",217.54828,14.503219,48.86439
70722,127306,,14.511786,-3.109514,210.9705,0.0,7.67,1.049,G8III,1.044,Vir,33.144,226,522.866067770482,HD127306_TypG8_Mag7.67,"hms_tuple(h=14.0, m=31.0, s=1.0142345261337482)","dms_tuple(d=-3.0, m=-8.0, s=-26.136531503372566)",217.754226,14.516948,-3.140593
70747,127352,,14.51684,-5.802352,41.1353,0.0,7.68,4.609,G5,0.775,Vir,1.249,227,527.4997120883073,HD127352_TypG5_Mag7.68,"hms_tuple(h=14.0, m=31.0, s=19.277317143414905)","dms_tuple(d=-5.0, m=-50.0, s=-0.34444839173431774)",217.830322,14.522021,-5.833429
70762,127214,,14.519804,-40.386423,125.3133,0.0,6.75,1.26,G8/K0III,0.963,Cen,27.29,112,232.20296653338022,HD127214_TypG8_Mag6.75,"hms_tuple(h=14.0, m=31.0, s=35.66814625376594)","dms_tuple(d=-40.0, m=-25.0, s=-2.859294799895906)",217.898617,14.526574,-40.417461
70780,127356,,14.522152,-15.638825,42.3729,29.2,7.97,4.835,G5V,0.71,Lib,1.014,284,681.3080354866522,HD127356_TypG5_Mag7.97,"hms_tuple(h=14.0, m=31.0, s=39.02022787799609)","dms_tuple(d=-15.0, m=-40.0, s=-11.613750718090898)",217.912584,14.527506,-15.669893
70920,127742,,14.550839,5.323266,146.4129,0.0,6.85,1.022,G5,0.911,Vir,33.978,121,253.62113865358353,HD127742_TypG5_Mag6.85,"hms_tuple(h=14.0, m=33.0, s=21.656562804581085)","dms_tuple(d=5.0, m=17.0, s=31.84376612759891)",218.340236,14.556016,5.292179
70948,128546,,14.556666,71.581167,327.8689,0.0,7.85,0.271,G5,0.942,UMi,67.858,259,612.8614298360975,HD128546_TypG5_Mag7.85,"hms_tuple(h=14.0, m=34.0, s=22.632841267033967)","dms_tuple(d=71.0, m=32.0, s=59.74181139308598)",218.594304,14.572954,71.549928
70967,128041,,14.560095,35.585721,36.7918,0.0,7.61,4.781,G5,0.752,Boo,1.066,216,495.90655392467346,HD128041_TypG5_Mag7.61,"hms_tuple(h=14.0, m=33.0, s=59.151239900925106)","dms_tuple(d=35.0, m=33.0, s=16.564925945401114)",218.496463,14.566431,35.554601
70993,127629,,14.564364,-46.464928,156.4945,0.0,7.2,1.228,G6/G8III,0.928,Lup,28.106,158,345.3801253121633,HD127629_TypG6_Mag7.2,"hms_tuple(h=14.0, m=34.0, s=18.666490650620062)","dms_tuple(d=-46.0, m=-29.0, s=-45.4393488322728)",218.577777,14.571852,-46.495955
71036,127874,,14.574086,-22.391092,204.0816,0.0,7.41,0.861,G8III/IV,0.965,Lib,39.409,185,415.6851208955647,HD127874_TypG8_Mag7.41,"hms_tuple(h=14.0, m=34.0, s=46.78397349208282)","dms_tuple(d=-22.0, m=-25.0, s=-19.750139933661615)",218.694933,14.579662,-22.422153
71142,127974,,14.595813,-45.618464,78.125,0.0,7.95,3.486,G0/G1V,0.576,Lup,3.512,280,669.391162362906,HD127974_TypG0_Mag7.95,"hms_tuple(h=14.0, m=36.0, s=11.47259342170571)","dms_tuple(d=-45.0, m=-38.0, s=-58.17471450430503)",219.047802,14.603187,-45.649493
71155,127976,,14.597217,-46.815775,246.3054,0.0,6.78,-0.177,G8III,0.933,Lup,102.518,114,238.4311915057409,HD127976_TypG8_Mag6.78,"hms_tuple(h=14.0, m=36.0, s=17.112847217878766)","dms_tuple(d=-46.0, m=-50.0, s=-48.486106230126325)",219.071304,14.604754,-46.846802
71167,128272,,14.599739,0.219743,224.7191,0.0,7.71,0.952,G8III,0.979,Vir,36.241,233,541.648484297334,HD128272_TypG8_Mag7.71,"hms_tuple(h=14.0, m=36.0, s=17.61722294559661)","dms_tuple(d=0.0, m=11.0, s=19.177744910309436)",219.073405,14.604894,0.18866
71235,128428,,14.614914,-4.278992,56.3063,-43.0,7.79,4.037,G0,0.755,Vir,2.114,247,581.2616622824664,HD128428_TypG0_Mag7.79,"hms_tuple(h=14.0, m=37.0, s=12.299750745016098)","dms_tuple(d=-4.0, m=-18.0, s=-36.25348158219957)",219.301249,14.620083,-4.31007
71259,128461,,14.619074,-3.892211,150.8296,0.0,7.06,1.168,G0,0.851,Vir,29.703,142,305.2478297284723,HD128461_TypG0_Mag7.06,"hms_tuple(h=14.0, m=37.0, s=27.266711285514162)","dms_tuple(d=-3.0, m=-55.0, s=-23.843156017991305)",219.363611,14.624241,-3.92329
71293,128343,,14.626821,-43.111299,164.2036,0.0,6.51,0.433,G8III,0.958,Lup,58.452,93,187.8907161370077,HD128343_TypG8_Mag6.51,"hms_tuple(h=14.0, m=38.0, s=1.9877153829438043)","dms_tuple(d=-43.0, m=-8.0, s=-32.396821967033134)",219.508282,14.633885,-43.142332
71332,128596,,14.635274,-12.910686,56.4016,0.0,7.48,3.724,G2V,0.651,Lib,2.821,195,442.16754115556887,HD128596_TypG2_Mag7.48,"hms_tuple(h=14.0, m=38.0, s=26.026781975909756)","dms_tuple(d=-12.0, m=-56.0, s=-30.32287720269494)",219.608445,14.640563,-12.941756
71399,128711,,14.648922,-23.311677,432.9004,0.0,7.82,-0.362,G8IVp,0.937,Lib,121.563,253,596.8524553483364,HD128711_TypG8_Mag7.82,"hms_tuple(h=14.0, m=39.0, s=16.330169214257353)","dms_tuple(d=-23.0, m=-20.0, s=-33.85258461092775)",219.818042,14.654536,-23.342737
71405,128752,,14.650113,-10.554774,164.7446,0.0,6.73,0.646,G5,1.005,Lib,48.04,110,228.14146549859603,HD128752_TypG5_Mag6.73,"hms_tuple(h=14.0, m=39.0, s=19.284811970495355)","dms_tuple(d=-10.0, m=-35.0, s=-9.047736056560751)",219.830353,14.655357,-10.585847
71429,129207,,14.656752,53.440093,204.0816,0.0,7.13,0.581,G5,0.97,Boo,51.004,149,324.6945236416619,HD129207_TypG5_Mag7.13,"hms_tuple(h=14.0, m=39.0, s=55.43745519099005)","dms_tuple(d=53.0, m=24.0, s=32.185387569845716)",219.980989,14.665399,53.40894
71454,129499,,14.661035,66.346756,50.9944,0.0,7.38,3.842,G5,0.602,UMi,2.53,181,404.82672424766696,HD129499_TypG5_Mag7.38,"hms_tuple(h=14.0, m=40.0, s=25.921642641608145)","dms_tuple(d=66.0, m=18.0, s=55.99699203973046)",220.108007,14.673867,66.315555
71470,128853,,14.666461,-27.134261,102.459,0.0,7.13,2.077,G8III,0.943,Hya,12.859,149,324.6945236416619,HD128853_TypG8_Mag7.13,"hms_tuple(h=14.0, m=40.0, s=20.117048252390646)","dms_tuple(d=-27.0, m=-9.0, s=-55.13965652946439)",220.083821,14.672255,-27.165317
71498,129171,,14.671774,30.443837,53.5045,0.0,7.7,4.058,G0,0.637,Boo,2.074,231,536.8905548349917,HD129171_TypG0_Mag7.7,"hms_tuple(h=14.0, m=40.0, s=39.90390575603726)","dms_tuple(d=30.0, m=24.0, s=45.80651684711711)",220.166266,14.677751,30.412724
71502,129132,,14.672743,21.975868,116.2791,1.0,6.13,0.802,G0V,0.434,Boo,41.61,70,134.36870194720012,HD129132_TypG0_Mag6.13,"hms_tuple(h=14.0, m=40.0, s=41.88108765641658)","dms_tuple(d=21.0, m=56.0, s=41.15269168628771)",220.174505,14.6783,21.944765
71510,129209,,14.674553,30.520509,51.2821,-7.0,7.98,4.43,G2IV,0.62,Boo,1.472,286,687.3457941057625,HD129209_TypG2_Mag7.98,"hms_tuple(h=14.0, m=40.0, s=49.92524042257145)","dms_tuple(d=30.0, m=29.0, s=21.825378652385155)",220.208022,14.680535,30.489396
71516,128987,,14.675308,-16.20929,23.6798,0.0,7.24,5.368,G6V,0.71,Lib,0.621,163,357.7868844682338,HD128987_TypG6_Mag7.24,"hms_tuple(h=14.0, m=40.0, s=50.43676797047496)","dms_tuple(d=-16.0, m=-14.0, s=-25.285727872822008)",220.210153,14.680677,-16.240357
71543,129008,,14.680902,-24.057732,276.2431,0.0,7.13,-0.076,G8III/IV,0.952,Lib,93.411,149,324.6945236416619,HD129008_TypG8_Mag7.13,"hms_tuple(h=14.0, m=41.0, s=11.574112064550377)","dms_tuple(d=-24.0, m=-5.0, s=-19.647667037487793)",220.298225,14.686548,-24.088791
71547,129010,,14.682176,-26.428703,74.6826,0.0,7.45,3.084,G0V,0.591,Hya,5.086,191,430.6173790127683,HD129010_TypG0_Mag7.45,"hms_tuple(h=14.0, m=41.0, s=16.561637036689234)","dms_tuple(d=-26.0, m=-27.0, s=-35.13376018952272)",220.319007,14.687934,-26.459759
71551,129136,,14.683115,-2.844707,95.1475,0.0,7.87,2.978,G8III,0.961,Vir,5.608,263,623.771929275639,HD129136_TypG8_Mag7.87,"hms_tuple(h=14.0, m=41.0, s=17.794121262432014)","dms_tuple(d=-2.0, m=-52.0, s=-32.832201936025456)",220.324142,14.688276,-2.875787
71555,129580,,14.68355,57.957801,55.4631,-11.4,7.03,3.31,G8IV,0.844,Dra,4.13,138,297.27424144135534,HD129580_TypG8_Mag7.03,"hms_tuple(h=14.0, m=41.0, s=35.72646306236834)","dms_tuple(d=57.0, m=55.0, s=35.88745081938498)",220.39886,14.693257,57.926635
71564,129426,,14.685029,45.41338,232.0186,0.0,7.74,0.912,G5,0.94,Boo,37.601,238,556.1767595666211,HD129426_TypG5_Mag7.74,"hms_tuple(h=14.0, m=41.0, s=32.52442257117934)","dms_tuple(d=45.0, m=22.0, s=56.081225400099584)",220.385518,14.692368,45.382245
71586,129357,,14.689554,29.058806,46.2963,-36.9,7.81,4.482,G2V,0.642,Boo,1.403,251,591.6096051155723,HD129357_TypG2_Mag7.81,"hms_tuple(h=14.0, m=41.0, s=43.61699467624419)","dms_tuple(d=29.0, m=1.0, s=39.70093706590575)",220.431737,14.695449,29.027695
71605,129312,,14.694097,8.161764,164.7446,-22.0,4.86,-1.224,G8IIIvar,0.992,Boo,268.906,26,43.81910796782462,HD129312_TypG8_Mag4.86,"hms_tuple(h=14.0, m=41.0, s=57.494347141801114)","dms_tuple(d=8.0, m=7.0, s=50.42713071342561)",220.48956,14.699304,8.130674
71610,129336,,14.695423,11.660662,123.6094,-23.0,5.55,0.09,G8III,0.941,Boo,80.168,45,80.54814688107709,HD129336_TypG8_Mag5.55,"hms_tuple(h=14.0, m=42.0, s=2.4684512702971517)","dms_tuple(d=11.0, m=37.0, s=46.44810943622872)",220.510285,14.700686,11.629569
71613,129337,,14.695736,9.527716,456.621,0.0,7.73,-0.568,G5,0.956,Boo,146.96,236,551.2912113423957,HD129337_TypG5_Mag7.73,"hms_tuple(h=14.0, m=42.0, s=3.4641701277624293)","dms_tuple(d=9.0, m=29.0, s=47.84974526152922)",220.514434,14.700962,9.496625
71627,129391,,14.697655,18.495896,205.3388,-14.6,7.53,0.968,G7III,1.039,Boo,35.711,203,462.11035531169057,HD129391_TypG7_Mag7.53,"hms_tuple(h=14.0, m=42.0, s=11.12190333620859)","dms_tuple(d=18.0, m=27.0, s=53.26644960943156)",220.546341,14.703089,18.464796
71629,129430,,14.698398,21.123551,142.2475,-11.0,6.4,0.635,G8III,0.928,Boo,48.529,85,170.51236146755156,HD129430_TypG8_Mag6.4,"hms_tuple(h=14.0, m=42.0, s=14.122085982673411)","dms_tuple(d=21.0, m=5.0, s=32.81471999841017)",220.558842,14.703923,21.092449
71663,129216,,14.703647,-32.770314,66.5336,-37.0,6.63,2.515,G8IV,0.912,Cen,8.59,102,208.87503841075554,HD129216_TypG8_Mag6.63,"hms_tuple(h=14.0, m=42.0, s=35.2059861242725)","dms_tuple(d=-32.0, m=-48.0, s=-4.90579181165856)",220.646692,14.709779,-32.801363
71682,129449,,14.708695,2.295208,173.6111,0.0,7.8,1.602,G8III,1.025,Vir,19.916,249,586.4128089424291,HD129449_TypG8_Mag7.8,"hms_tuple(h=14.0, m=42.0, s=49.873220384041446)","dms_tuple(d=2.0, m=15.0, s=50.844937699636894)",220.707805,14.713854,2.264124
71716,129381,,14.714445,-24.491864,70.8717,0.0,7.79,3.538,G3V,0.664,Lib,3.348,247,581.2616622824664,HD129381_TypG3_Mag7.79,"hms_tuple(h=14.0, m=43.0, s=12.398592201346474)","dms_tuple(d=-24.0, m=-31.0, s=-22.52115366673678)",220.801661,14.720111,-24.522923
71758,129919,,14.72253,53.79387,225.7336,0.0,7.29,0.522,G5,1.022,Boo,53.852,169,373.9239290957076,HD129919_TypG5_Mag7.29,"hms_tuple(h=14.0, m=43.0, s=52.49993153904214)","dms_tuple(d=53.0, m=45.0, s=45.779296537685354)",220.96875,14.73125,53.762716
71770,129566,,14.723844,-9.699743,131.406,0.0,6.52,0.927,G5,1.023,Lib,37.085,94,189.555805541093,HD129566_TypG5_Mag6.52,"hms_tuple(h=14.0, m=43.0, s=44.66600076094778)","dms_tuple(d=-9.0, m=-43.0, s=-50.93902887826658)",220.936108,14.729074,-9.730816
71816,129814,,14.736582,18.462098,41.1184,0.0,7.52,4.45,G5V,0.636,Boo,1.445,201,458.0511018694067,HD129814_TypG5_Mag7.52,"hms_tuple(h=14.0, m=44.0, s=31.255253991343892)","dms_tuple(d=18.0, m=25.0, s=51.59377272732826)",221.13023,14.742015,18.430998
71860,129868,,14.746702,7.701113,232.5581,-14.7,7.37,0.537,G5III+...,0.662,Boo,53.113,180,401.2706596517492,HD129868_TypG5_Mag7.37,"hms_tuple(h=14.0, m=45.0, s=6.851445203879081)","dms_tuple(d=7.0, m=40.0, s=12.085069807633175)",221.278548,14.751903,7.670024
71870,129887,,14.748773,3.484234,237.5297,0.0,7.92,1.041,G8III,0.984,Vir,33.389,273,651.9055358919003,HD129887_TypG8_Mag7.92,"hms_tuple(h=14.0, m=45.0, s=14.173275516279915)","dms_tuple(d=3.0, m=27.0, s=11.334630228203082)",221.309055,14.753937,3.453149
71879,129623,,14.74998,-44.665039,169.2047,0.0,7.52,1.378,G6III,0.929,Lup,24.479,201,458.0511018694067,HD129623_TypG6_Mag7.52,"hms_tuple(h=14.0, m=45.0, s=26.03306761898949)","dms_tuple(d=-44.0, m=-41.0, s=-45.85100364990865)",221.358471,14.757231,-44.69607
71911,129903,,14.755629,-6.734481,51.0986,0.0,7.99,4.448,G0,0.576,Vir,1.448,288,693.4370594020932,HD129903_TypG0_Mag7.99,"hms_tuple(h=14.0, m=45.0, s=38.951248178581466)","dms_tuple(d=-6.0, m=-45.0, s=-56.005755578582495)",221.412297,14.76082,-6.765557
71915,129974,,14.755986,10.598998,191.9386,0.0,6.91,0.494,G5,1.059,Boo,55.259,126,267.409023780344,HD129974_TypG5_Mag6.91,"hms_tuple(h=14.0, m=45.0, s=40.42650822865781)","dms_tuple(d=10.0, m=34.0, s=4.461323595861302)",221.418444,14.76123,10.567906
71933,130045,,14.759288,17.88475,83.682,0.0,7.96,3.347,G5,0.557,Boo,3.992,282,675.323313533301,HD130045_TypG5_Mag7.96,"hms_tuple(h=14.0, m=45.0, s=52.93237673989353)","dms_tuple(d=17.0, m=51.0, s=13.143068485363472)",221.470552,14.764703,17.853651
71962,130087,,14.765774,10.052007,58.7889,0.0,7.52,3.674,G2IV,0.612,Boo,2.954,201,458.0511018694067,HD130087_TypG2_Mag7.52,"hms_tuple(h=14.0, m=46.0, s=15.630604079452723)","dms_tuple(d=10.0, m=1.0, s=15.295575791831482)",221.565128,14.771009,10.020915
71990,129980,,14.76969,-21.175966,41.2541,-1.4,6.43,3.353,G2V,0.603,Lib,3.97,87,175.0859005727711,HD129980_TypG2_Mag6.43,"hms_tuple(h=14.0, m=46.0, s=30.788679302628594)","dms_tuple(d=-21.0, m=-12.0, s=-25.30116151521213)",221.628286,14.775219,-21.207028
71991,130048,,14.770418,-7.796956,121.5067,0.0,7.14,1.717,G5,1.029,Vir,17.914,151,327.5719697549974,HD130048_TypG5_Mag7.14,"hms_tuple(h=14.0, m=46.0, s=32.23607310152957)","dms_tuple(d=-7.0, m=-49.0, s=-40.91221558990952)",221.634317,14.775621,-7.828031
71994,130145,,14.770995,9.646747,43.2152,25.4,7.26,4.082,G2V,0.624,Boo,2.029,165,364.156405231697,HD130145_TypG2_Mag7.26,"hms_tuple(h=14.0, m=46.0, s=34.403151568380395)","dms_tuple(d=9.0, m=36.0, s=56.36094402085533)",221.643346,14.776223,9.615656
71996,130125,,14.771207,3.504064,38.7147,0.0,7.38,4.441,G0V,0.562,Vir,1.457,181,404.82672424766696,HD130125_TypG0_Mag7.38,"hms_tuple(h=14.0, m=46.0, s=34.93606488595745)","dms_tuple(d=3.0, m=28.0, s=22.722564987674048)",221.645567,14.776371,3.472978
72085,130307,,14.787806,2.703224,19.3723,8.7,7.76,6.324,G8V,0.893,Vir,0.257,242,566.0781270342421,HD130307_TypG8_Mag7.76,"hms_tuple(h=14.0, m=47.0, s=34.6785217347967)","dms_tuple(d=2.0, m=40.0, s=19.70119773786152)",221.894494,14.792966,2.672139
72130,130259,,14.795779,-26.0875,109.7695,-1.0,5.23,0.028,G8/K0III,0.938,Hya,84.879,35,60.73498993870038,HD130259_TypG8_Mag5.23,"hms_tuple(h=14.0, m=48.0, s=5.471548710594192)","dms_tuple(d=-26.0, m=-7.0, s=-6.80435159493868)",222.022798,14.80152,-26.118557
72196,130412,,14.808811,-17.340256,44.5038,0.0,6.87,3.628,G3V,0.621,Lib,3.082,123,258.1362429763933,HD130412_TypG3_Mag6.87,"hms_tuple(h=14.0, m=48.0, s=51.163145203971254)","dms_tuple(d=-17.0, m=-22.0, s=-16.75928222865963)",222.21318,14.814212,-17.371322
72340,130948,,14.837723,23.911844,18.1719,-2.7,5.86,4.563,G2V,0.576,Boo,1.303,56,105.88644663402476,HD130948_TypG2_Mag5.86,"hms_tuple(h=14.0, m=50.0, s=36.09689920915713)","dms_tuple(d=23.0, m=52.0, s=50.65881070975877)",222.650404,14.84336,23.880739
72375,131042,,14.844722,22.907616,37.6932,0.0,7.5,4.619,G5,0.643,Boo,1.237,198,450.03925321819855,HD131042_TypG5_Mag7.5,"hms_tuple(h=14.0, m=51.0, s=1.1401096349553086)","dms_tuple(d=22.0, m=52.0, s=35.44191789164756)",222.75475,14.850317,22.876512
72390,130898,,14.847708,-4.133525,100.1001,0.0,7.86,2.858,G5,0.986,Lib,6.263,261,618.2926139519136,HD130898_TypG5_Mag7.86,"hms_tuple(h=14.0, m=51.0, s=10.35465052382861)","dms_tuple(d=-4.0, m=-9.0, s=-52.57276103896821)",222.793144,14.852876,-4.164604
72403,130952,,14.850298,-2.29915,67.0241,83.0,4.93,0.799,G8...,0.988,Lib,41.725,28,46.61073069928609,HD130952_TypG8_Mag4.93,"hms_tuple(h=14.0, m=51.0, s=19.64487994716265)","dms_tuple(d=-2.0, m=-19.0, s=-48.82879397458467)",222.831854,14.855457,-2.33023
72431,131156,,14.856493,19.10046,6.7123,2.2,4.54,5.406,G8V + K4V,0.72,Boo,0.599,20,33.04052525848826,HD131156_TypG8_Mag4.54,"hms_tuple(h=14.0, m=51.0, s=43.008972480827765)","dms_tuple(d=19.0, m=4.0, s=9.694639025459253)",222.929204,14.861947,19.06936
72438,131315,,14.85765,44.928406,59.1366,-23.9,7.7,3.841,G0,0.634,Boo,2.533,231,536.8905548349917,HD131315_TypG0_Mag7.7,"hms_tuple(h=14.0, m=51.0, s=53.73624995419718)","dms_tuple(d=44.0, m=53.0, s=50.178020542473405)",222.973901,14.864927,44.897272
72521,131526,,14.872484,48.670731,75.7576,0.0,7.63,3.233,G0,0.669,Boo,4.434,219,504.73495772895257,HD131526_TypG0_Mag7.63,"hms_tuple(h=14.0, m=52.0, s=49.02489813715178)","dms_tuple(d=48.0, m=38.0, s=22.52183195077862)",223.20427,14.880285,48.639589
72544,131117,,14.87587,-30.577253,39.1389,-28.0,6.3,3.337,G0/G1V,0.605,Cen,4.029,79,156.1126819853037,HD131117_TypG0_Mag6.3,"hms_tuple(h=14.0, m=52.0, s=54.692833217367394)","dms_tuple(d=-30.0, m=-36.0, s=-29.896126419264988)",223.227887,14.881859,-30.608304
72551,131183,,14.876971,-25.454769,52.6593,0.0,7.89,4.283,G5V,0.707,Hya,1.686,267,634.876663483802,HD131183_TypG5_Mag7.89,"hms_tuple(h=14.0, m=52.0, s=57.65269885382011)","dms_tuple(d=-25.0, m=-29.0, s=-8.97531051872619)",223.24022,14.882681,-25.485826
72655,131338,,14.896324,-28.405667,448.4305,0.0,7.46,-0.798,G8III,0.988,Hya,181.635,192,434.43351452893916,HD131338_TypG8_Mag7.46,"hms_tuple(h=14.0, m=54.0, s=7.8693281208421695)","dms_tuple(d=-28.0, m=-26.0, s=-12.195929842465034)",223.532789,14.902186,-28.436721
72660,131479,,14.897181,-0.405596,76.4526,0.0,7.36,2.943,G8III,0.913,Vir,5.792,178,397.7458321127074,HD131479_TypG8_Mag7.36,"hms_tuple(h=14.0, m=54.0, s=8.408861310851847)","dms_tuple(d=-0.0, m=-26.0, s=-12.040605206609953)",223.535037,14.902336,-0.436678
72706,131530,,14.906354,-11.898348,103.3058,-24.0,5.78,0.709,G7III,0.982,Lib,45.331,53,98.67024964581141,HD131530_TypG7_Mag5.78,"hms_tuple(h=14.0, m=54.0, s=41.84073904639888)","dms_tuple(d=-11.0, m=-55.0, s=-45.90955710296143)",223.674336,14.911622,-11.929419
72722,131388,,14.909093,-39.346326,227.2727,0.0,7.61,0.827,G5III/IV,0.89,Cen,40.663,216,495.90655392467346,HD131388_TypG5_Mag7.61,"hms_tuple(h=14.0, m=54.0, s=56.74140282129002)","dms_tuple(d=-39.0, m=-22.0, s=-38.51588785454851)",223.736423,14.915762,-39.377366
72788,131464,,14.92193,-46.631308,213.6752,0.0,7.3,0.651,G6III,0.958,Lup,47.819,170,377.23764669214916,HD131464_TypG6_Mag7.3,"hms_tuple(h=14.0, m=55.0, s=45.986933268621755)","dms_tuple(d=-46.0, m=-39.0, s=-44.406194444801486)",223.941612,14.929441,-46.662335
72811,132167,,14.9271,52.567257,62.3053,0.0,7.82,3.847,G5,0.974,Boo,2.519,253,596.8524553483364,HD132167_TypG5_Mag7.82,"hms_tuple(h=14.0, m=56.0, s=8.067826646630891)","dms_tuple(d=52.0, m=32.0, s=9.983678248882484)",224.033616,14.935574,52.536107
72846,131790,,14.93404,-15.656524,121.3592,0.0,8.0,2.58,G0V,0.624,Lib,8.091,290,699.5823055523535,HD131790_TypG0_Mag8.0,"hms_tuple(h=14.0, m=56.0, s=21.81869903434631)","dms_tuple(d=-15.0, m=-41.0, s=-15.330088130096584)",224.090911,14.939394,-15.687592
72850,132130,,14.935563,43.317804,61.6523,0.0,7.91,3.96,G0,0.807,Boo,2.27,271,646.179090335777,HD132130_TypG0_Mag7.91,"hms_tuple(h=14.0, m=56.0, s=33.5191819609841)","dms_tuple(d=43.0, m=17.0, s=12.02105783715865)",224.139663,14.942644,43.286673
72878,132031,,14.941649,17.103221,74.7384,0.0,7.78,3.412,G0,0.596,Boo,3.76,245,576.1557641428401,HD132031_TypG0_Mag7.78,"hms_tuple(h=14.0, m=56.0, s=49.34849820454602)","dms_tuple(d=17.0, m=4.0, s=19.64148391632733)",224.205619,14.947041,17.072123
72935,132369,,14.952296,48.395268,86.1326,0.0,7.67,2.994,G0,0.72,Boo,5.526,226,522.866067770482,HD132369_TypG0_Mag7.67,"hms_tuple(h=14.0, m=57.0, s=36.19589683183435)","dms_tuple(d=48.0, m=21.0, s=50.857088681800064)",224.400816,14.960054,48.364127
72938,132146,,14.953244,16.388128,163.1321,-16.0,5.72,-0.343,G5III:,0.951,Boo,119.454,51,93.58270978529147,HD132146_TypG5_Mag5.72,"hms_tuple(h=14.0, m=57.0, s=31.017879563300994)","dms_tuple(d=16.0, m=21.0, s=25.309239400486092)",224.379241,14.958616,16.35703
72950,132256,,14.956445,25.323655,72.3066,-3.1,7.32,3.024,G2IVvar,0.687,Boo,5.375,173,383.9534407239423,HD132256_TypG2_Mag7.32,"hms_tuple(h=14.0, m=57.0, s=43.72621316215685)","dms_tuple(d=25.0, m=17.0, s=33.172813474162695)",224.432193,14.962146,25.292548
73041,132173,,14.975148,-28.709538,46.8604,0.0,7.66,4.306,G0V,0.554,Hya,1.65,224,518.2731261472211,HD132173_TypG0_Mag7.66,"hms_tuple(h=14.0, m=58.0, s=51.69680876182568)","dms_tuple(d=-28.0, m=-44.0, s=-26.13023793158277)",224.715403,14.981027,-28.740592
73093,132505,,14.982833,17.326976,57.0451,0.0,7.82,4.039,G5,0.651,Boo,2.111,253,596.8524553483364,HD132505_TypG5_Mag7.82,"hms_tuple(h=14.0, m=59.0, s=17.634356099293882)","dms_tuple(d=17.0, m=17.0, s=45.1586803054812)",224.823476,14.988232,17.295877
73152,132753,,14.995423,35.10086,328.9474,0.0,7.75,0.164,G5,0.966,Boo,74.886,240,561.1056035680328,HD132753_TypG5_Mag7.75,"hms_tuple(h=15.0, m=0.0, s=6.1957194027911555)","dms_tuple(d=35.0, m=4.0, s=11.067712849533109)",225.025815,15.001721,35.069741
73205,132571,,15.006352,-18.627287,298.5075,0.0,7.81,0.435,G8IV,1.019,Lib,58.345,251,591.6096051155723,HD132571_TypG8_Mag7.81,"hms_tuple(h=15.0, m=0.0, s=42.45330851003786)","dms_tuple(d=-18.0, m=-39.0, s=-30.066216915732582)",225.176889,15.011793,-18.658352
73211,133621,,15.00763,71.765457,34.0832,-44.9,6.64,3.977,G0,0.631,UMi,2.235,103,210.72609108853683,HD133621_TypG0_Mag6.64,"hms_tuple(h=15.0, m=1.0, s=26.674348381097843)","dms_tuple(d=71.0, m=44.0, s=3.179721185390463)",225.361143,15.024076,71.734217
73221,132756,,15.009721,8.600165,39.2311,7.5,7.26,4.292,G0,0.691,Boo,1.672,165,364.156405231697,HD132756_TypG0_Mag7.26,"hms_tuple(h=15.0, m=0.0, s=53.761810656617115)","dms_tuple(d=8.0, m=34.0, s=8.66926267499494)",225.224008,15.014934,8.569075
73317,132648,,15.031465,-47.007473,26.8817,0.0,7.74,5.593,G6V,0.721,Lup,0.504,238,556.1767595666211,HD132648_TypG6_Mag7.74,"hms_tuple(h=15.0, m=2.0, s=20.50297170788255)","dms_tuple(d=-47.0, m=-2.0, s=-18.597558109364627)",225.585429,15.039029,-47.038499
73326,133208,Nekkar,15.032436,40.390566,69.0608,-20.0,3.49,-0.706,G8III,0.956,Boo,166.878,9,13.083118008077578,HD133208_TypG8_Mag3.49,"hms_tuple(h=15.0, m=2.0, s=21.12235738627703)","dms_tuple(d=40.0, m=21.0, s=33.98154932189868)",225.58801,15.039201,40.359439
73327,132667,,15.032486,-47.153336,301.2048,0.0,7.55,0.156,G8III,0.972,Lup,75.44,206,470.3371004243402,HD132667_TypG8_Mag7.55,"hms_tuple(h=15.0, m=2.0, s=24.25330033342192)","dms_tuple(d=-47.0, m=-11.0, s=-3.703325818613621)",225.601055,15.04007,-47.184362
73336,132935,,15.034509,-8.344716,278.5515,0.0,6.7,-0.525,G5,1.317,Lib,141.254,108,222.1820255290352,HD132935_TypG5_Mag6.7,"hms_tuple(h=15.0, m=2.0, s=22.98918288784037)","dms_tuple(d=-8.0, m=-22.0, s=-32.84638363814551)",225.595788,15.039719,-8.375791
73364,133161,,15.042516,16.054956,36.7512,-34.4,7.01,4.184,G2V,0.599,Boo,1.847,136,292.07456782282145,HD133161_TypG2_Mag7.01,"hms_tuple(h=15.0, m=2.0, s=52.364455268787964)","dms_tuple(d=16.0, m=1.0, s=25.89122360597088)",225.718185,15.047879,16.023859
73394,133826,,15.049678,65.778276,40.6669,0.0,7.33,4.284,G0,0.574,UMi,1.684,174,387.3560399526628,HD133826_TypG0_Mag7.33,"hms_tuple(h=15.0, m=3.0, s=44.01683533611063)","dms_tuple(d=65.0, m=44.0, s=49.48028535754702)",225.933403,15.062227,65.747078
73405,133392,,15.051683,35.205795,85.8369,-27.0,5.52,0.852,G8III:,1.023,Boo,39.737,43,78.44409339414062,HD133392_TypG8_Mag5.52,"hms_tuple(h=15.0, m=3.0, s=28.760946234254874)","dms_tuple(d=35.0, m=10.0, s=28.833198688573702)",225.869837,15.057989,35.174676
73421,132996,,15.055042,-36.924618,50.5817,-18.4,7.77,4.25,G3V,0.613,Lup,1.738,244,571.094717053101,HD132996_TypG3_Mag7.77,"hms_tuple(h=15.0, m=3.0, s=41.373202895057375)","dms_tuple(d=-36.0, m=-57.0, s=-20.379935616817875)",225.922388,15.061493,-36.955661
73445,133131,,15.059943,-27.840994,44.0335,0.0,7.66,4.441,G2/5 + G2/5,0.622,Lib,1.457,224,518.2731261472211,HD133131_TypG2_Mag7.66,"hms_tuple(h=15.0, m=3.0, s=56.786716362146876)","dms_tuple(d=-27.0, m=-52.0, s=-19.3755110073144)",225.986611,15.065774,-27.872049
73446,133485,,15.060137,34.565761,151.9757,-25.0,6.59,0.681,G8III-IV,1.02,Boo,46.516,99,201.63200517568157,HD133485_TypG8_Mag6.59,"hms_tuple(h=15.0, m=3.0, s=59.019413985736406)","dms_tuple(d=34.0, m=32.0, s=4.713914375379886)",225.995914,15.066394,34.534643
73466,133640,,15.063174,47.65406,12.5078,-29.7,4.83,4.344,G2V + G2V,0.647,Boo,1.594,26,42.674478941780485,HD133640_TypG2_Mag4.83,"hms_tuple(h=15.0, m=4.0, s=14.958356220859628)","dms_tuple(d=47.0, m=37.0, s=22.513714249864165)",226.062326,15.070822,47.62292
73488,133352,,15.068596,-6.887361,33.0251,0.0,7.72,5.126,G5,0.752,Lib,0.776,234,546.4485785781236,HD133352_TypG5_Mag7.72,"hms_tuple(h=15.0, m=4.0, s=25.638431815714426)","dms_tuple(d=-6.0, m=-55.0, s=-6.3732472248702265)",226.106827,15.073788,-6.918437
73525,133295,,15.075855,-28.300174,34.1064,0.0,7.18,4.516,G0/G1V,0.573,Lib,1.36,155,339.33902361009757,HD133295_TypG0_Mag7.18,"hms_tuple(h=15.0, m=4.0, s=54.1599439377498)","dms_tuple(d=-28.0, m=-19.0, s=-52.42157660978876)",226.225666,15.081711,-28.331228
73572,133817,,15.083403,41.109438,245.098,0.0,7.56,0.613,G5,1.001,Boo,49.522,208,474.5052325085976,HD133817_TypG5_Mag7.56,"hms_tuple(h=15.0, m=5.0, s=24.8679749247529)","dms_tuple(d=41.0, m=4.0, s=41.916646986496744)",226.353617,15.090241,41.07831
73597,133340,,15.088656,-41.067236,108.2251,-3.0,5.13,-0.042,G8III,1.011,Lup,90.532,32,55.60595189742462,HD133340_TypG8_Mag5.13,"hms_tuple(h=15.0, m=5.0, s=43.78625515077772)","dms_tuple(d=-41.0, m=-5.0, s=-53.782205112401016)",226.432443,15.095496,-41.098273
73617,133584,,15.091921,-7.013581,47.5964,0.0,7.56,4.172,G0,0.596,Lib,1.867,208,474.5052325085976,HD133584_TypG0_Mag7.56,"hms_tuple(h=15.0, m=5.0, s=49.61347523640285)","dms_tuple(d=-7.0, m=-2.0, s=-40.764827272659616)",226.456723,15.097115,-7.044657
73680,134190,,15.104638,54.556318,78.9266,16.0,5.24,0.754,G8III,0.958,Boo,43.491,35,61.27322402649,HD134190_TypG8_Mag5.24,"hms_tuple(h=15.0, m=6.0, s=48.67212797898844)","dms_tuple(d=54.0, m=31.0, s=30.584811446009894)",226.702801,15.11352,54.525162
73762,134063,,15.120956,22.564359,189.7533,-11.0,7.8,1.409,G5III,0.92,Boo,23.79,249,586.4128089424291,HD134063_TypG5_Mag7.8,"hms_tuple(h=15.0, m=7.0, s=35.53208598821442)","dms_tuple(d=22.0, m=31.0, s=59.7180400729323)",226.89805,15.126537,22.533255
73787,134066,,15.125819,9.226035,31.5557,-34.5,6.72,4.225,G5,0.68,Boo,1.778,109,226.137433304753,HD134066_TypG5_Mag6.72,"hms_tuple(h=15.0, m=7.0, s=51.74667336799274)","dms_tuple(d=9.0, m=11.0, s=41.79916095557857)",226.965611,15.131041,9.194944
73820,133822,,15.132716,-45.579401,45.1467,1.3,7.75,4.477,G5IV+...,0.73,Lup,1.41,240,561.1056035680328,HD133822_TypG5_Mag7.75,"hms_tuple(h=15.0, m=8.0, s=24.30489912044294)","dms_tuple(d=-45.0, m=-36.0, s=-37.54817635810582)",227.10127,15.140085,-45.61043
73823,134246,,15.133475,28.518414,287.3563,10.4,7.21,-0.082,G8III,0.89,Boo,93.929,159,348.44088743422355,HD134246_TypG8_Mag7.21,"hms_tuple(h=15.0, m=8.0, s=21.6230299495561)","dms_tuple(d=28.0, m=29.0, s=14.292041987699236)",227.090096,15.13934,28.487303
73830,134048,,15.135114,-12.051419,67.0241,0.0,7.66,3.529,G5,0.727,Lib,3.376,224,518.2731261472211,HD134048_TypG5_Mag7.66,"hms_tuple(h=15.0, m=8.0, s=25.38751792836294)","dms_tuple(d=-12.0, m=-4.0, s=-56.96463264478439)",227.105781,15.140385,-12.08249
73838,134088,,15.136824,-7.9132,37.5657,-59.0,8.0,5.126,G0V:,0.598,Lib,0.776,290,699.5823055523535,HD134088_TypG0_Mag8.0,"hms_tuple(h=15.0, m=8.0, s=31.302937800252977)","dms_tuple(d=-7.0, m=-56.0, s=-39.39022723250872)",227.130429,15.142029,-7.944275
73842,134282,,15.137202,26.711347,282.4859,-5.2,7.9,0.645,G8II,1.0,Boo,48.084,269,640.5029468202126,HD134282_TypG8_Mag7.9,"hms_tuple(h=15.0, m=8.0, s=34.695165777138186)","dms_tuple(d=26.0, m=40.0, s=48.85838337849435)",227.144563,15.142971,26.680238
73850,134169,,15.138349,3.930596,57.9039,0.0,7.67,3.856,G1Vm,0.565,Vir,2.498,226,522.866067770482,HD134169_TypG1_Mag7.67,"hms_tuple(h=15.0, m=8.0, s=36.65618346968927)","dms_tuple(d=3.0, m=53.0, s=58.236361011357616)",227.152734,15.143516,3.89951
73863,135143,,15.141738,72.369342,48.2859,0.0,7.84,4.421,G0,0.602,UMi,1.485,257,607.4779541357369,HD135143_TypG0_Mag7.84,"hms_tuple(h=15.0, m=9.0, s=31.41963485340952)","dms_tuple(d=72.0, m=20.0, s=17.14490476029482)",227.380915,15.158728,72.338096
73892,134323,,15.148198,13.235242,136.4256,-49.0,6.16,0.486,G6V:,0.967,Boo,55.667,71,137.97278383067092,HD134323_TypG6_Mag6.16,"hms_tuple(h=15.0, m=9.0, s=12.573440809553773)","dms_tuple(d=13.0, m=12.0, s=14.930697386403153)",227.302389,15.153493,13.204147
73969,134408,,15.161584,0.7231,392.1569,0.0,7.75,-0.217,G5,1.079,Vir,106.365,240,561.1056035680328,HD134408_TypG5_Mag7.75,"hms_tuple(h=15.0, m=10.0, s=0.2604759345857133)","dms_tuple(d=0.0, m=41.0, s=31.261294804517945)",227.501085,15.166739,0.692017
73995,134255,,15.168702,-38.792511,131.406,-35.0,5.98,0.387,G6III,0.867,Lup,60.982,62,117.71223220913615,HD134255_TypG6_Mag5.98,"hms_tuple(h=15.0, m=10.0, s=31.145958061694046)","dms_tuple(d=-38.0, m=-49.0, s=-24.784902334631056)",227.629775,15.175318,-38.823551
74040,134331,,15.178225,-43.72987,30.4414,-3.8,7.01,4.593,G5V,0.619,Lup,1.267,136,292.07456782282145,HD134331_TypG5_Mag7.01,"hms_tuple(h=15.0, m=11.0, s=7.303569523885187)","dms_tuple(d=-43.0, m=-45.0, s=-39.248574342514075)",227.780432,15.185362,-43.760902
74129,134574,,15.196074,-33.638875,121.5067,0.0,6.99,1.567,G8III,0.93,Lup,20.568,134,286.96584256768466,HD134574_TypG8_Mag6.99,"hms_tuple(h=15.0, m=12.0, s=8.163582632667072)","dms_tuple(d=-33.0, m=-40.0, s=-11.721322001082513)",228.034015,15.202268,-33.669923
74151,135078,,15.199343,36.754717,50.0751,0.0,7.27,3.772,G5,0.844,Boo,2.699,166,367.38356293404297,HD135078_TypG5_Mag7.27,"hms_tuple(h=15.0, m=12.0, s=20.786444949950607)","dms_tuple(d=36.0, m=43.0, s=24.944649966657266)",228.08661,15.205774,36.723596
74160,134664,,15.202873,-30.886289,42.8082,0.0,7.76,4.602,G2V,0.662,Lup,1.257,242,566.0781270342421,HD134664_TypG2_Mag7.76,"hms_tuple(h=15.0, m=12.0, s=31.972966708582646)","dms_tuple(d=-30.0, m=-55.0, s=-2.4243544731973543)",228.133221,15.208881,-30.91734
74204,135101,,15.212084,19.286028,27.2405,-37.8,6.69,4.514,G5V,0.68,Ser,1.363,107,220.23034203703895,HD135101_TypG5_Mag6.69,"hms_tuple(h=15.0, m=13.0, s=3.1586824312950057)","dms_tuple(d=19.0, m=15.0, s=17.738757281991013)",228.263161,15.217544,19.254927
74225,134704,,15.215178,-44.95875,100000.0,0.0,7.89,-12.11,G5II,0.945,Lup,6081350.013,267,634.876663483802,HD134704_TypG5_Mag7.89,"hms_tuple(h=15.0, m=13.0, s=20.87929665132762)","dms_tuple(d=-44.0, m=-59.0, s=-23.208688570875893)",228.336997,15.222466,-44.98978
74271,134987,,15.224637,-25.309347,26.2055,5.5,6.47,4.378,G5V,0.691,Lib,1.545,90,181.37534353960828,HD134987_TypG5_Mag6.47,"hms_tuple(h=15.0, m=13.0, s=49.22552424729474)","dms_tuple(d=-25.0, m=-20.0, s=-25.456694816533343)",228.455106,15.23034,-25.340405
74302,135107,,15.229746,-14.022906,231.4815,0.0,7.49,0.667,G1/G2V,0.838,Lib,47.119,197,446.0860343240754,HD135107_TypG1_Mag7.49,"hms_tuple(h=15.0, m=14.0, s=6.214912883858261)","dms_tuple(d=-14.0, m=-3.0, s=-14.311021148418206)",228.525895,15.23506,-14.053975
74310,135051,,15.231476,-26.193569,305.8104,-28.0,5.84,-1.587,G8/K0II,1.139,Lib,375.664,56,104.0343690357312,HD135051_TypG8_Mag5.84,"hms_tuple(h=15.0, m=14.0, s=13.999560024608684)","dms_tuple(d=-26.0, m=-13.0, s=-28.652319927647056)",228.558332,15.237222,-26.224626
74373,135011,,15.242864,-45.895045,66.2252,0.0,7.99,3.885,G2III:,0.552,Lup,2.432,288,693.4370594020932,HD135011_TypG2_Mag7.99,"hms_tuple(h=15.0, m=15.0, s=0.9882374841971853)","dms_tuple(d=-45.0, m=-55.0, s=-33.86444996470459)",228.754118,15.250275,-45.926073
74437,135722,,15.258376,33.314833,37.3413,-12.0,3.46,0.599,G8III,0.961,Boo,50.165,9,12.741364893564084,HD135722_TypG8_Mag3.46,"hms_tuple(h=15.0, m=15.0, s=52.35161206236043)","dms_tuple(d=33.0, m=17.0, s=1.3790683195526299)",228.968132,15.264542,33.283716
74461,135944,,15.264083,50.938456,61.8429,0.0,6.47,2.514,G5,0.854,Boo,8.598,90,181.37534353960828,HD135944_TypG5_Mag6.47,"hms_tuple(h=15.0, m=16.0, s=20.12698528582547)","dms_tuple(d=50.0, m=54.0, s=26.31399663457387)",229.083862,15.272257,50.907309
74482,135697,,15.268649,13.470197,147.7105,-18.8,7.13,1.283,G5,0.878,Ser,26.718,149,324.6945236416619,HD135697_TypG5_Mag7.13,"hms_tuple(h=15.0, m=16.0, s=26.215557850891145)","dms_tuple(d=13.0, m=26.0, s=20.767884022560565)",229.109231,15.273949,13.439102
74504,135792,,15.273784,16.794276,41.9111,0.0,7.66,4.548,G0,0.5,Ser,1.321,224,518.2731261472211,HD135792_TypG0_Mag7.66,"hms_tuple(h=15.0, m=16.0, s=45.00268717800694)","dms_tuple(d=16.0, m=45.0, s=47.440590327182974)",229.187511,15.279167,16.763178
74541,135725,,15.281392,-8.285563,37.6364,-34.8,7.85,4.972,G5...,0.748,Lib,0.894,259,612.8614298360975,HD135725_TypG5_Mag7.85,"hms_tuple(h=15.0, m=17.0, s=11.765142134455715)","dms_tuple(d=-8.0, m=-18.0, s=-59.895781714343315)",229.299021,15.286601,-8.316638
74591,135991,,15.291008,22.299867,51.1247,0.0,7.84,4.297,G0,0.578,Ser,1.664,257,607.4779541357369,HD135991_TypG0_Mag7.84,"hms_tuple(h=15.0, m=17.0, s=47.681094521240226)","dms_tuple(d=22.0, m=16.0, s=7.54785438173343)",229.448671,15.296578,22.268763
74611,135894,,15.294563,-0.984875,153.6098,0.0,7.28,1.348,G5,0.943,Ser,25.165,168,370.63931974020056,HD135894_TypG5_Mag7.28,"hms_tuple(h=15.0, m=17.0, s=58.986439998314495)","dms_tuple(d=-1.0, m=-0.0, s=-57.443106016202435)",229.495777,15.299718,-1.015956
74625,135625,,15.296786,-45.922415,59.4177,0.0,7.72,3.85,G3IV/V,0.617,Lup,2.512,234,546.4485785781236,HD135625_TypG3_Mag7.72,"hms_tuple(h=15.0, m=18.0, s=15.12060969806413)","dms_tuple(d=-45.0, m=-57.0, s=-12.39626444285193)",229.563003,15.3042,-45.953443
74628,136137,,15.298075,33.594332,151.2859,0.0,6.65,0.751,G5,0.912,Boo,43.611,104,212.59354781364726,HD136137_TypG5_Mag6.65,"hms_tuple(h=15.0, m=18.0, s=15.339592407597706)","dms_tuple(d=33.0, m=33.0, s=47.574153065833684)",229.563915,15.304261,33.563215
74663,136176,,15.305625,26.840374,35.9842,-19.6,6.59,3.809,G0V,0.566,CrB,2.609,99,201.63200517568157,HD136176_TypG0_Mag6.59,"hms_tuple(h=15.0, m=18.0, s=41.04154696877032)","dms_tuple(d=26.0, m=48.0, s=33.35505302471347)",229.671006,15.3114,26.809265
74666,136138,,15.306807,20.572778,109.2896,-8.0,5.68,0.487,G5IV,0.972,Ser,55.616,49,90.33759882152823,HD136138_TypG5_Mag5.68,"hms_tuple(h=15.0, m=18.0, s=44.321925946185274)","dms_tuple(d=20.0, m=32.0, s=30.0339864333327)",229.684675,15.312312,20.541676
74674,136029,,15.307665,-0.786215,84.5309,0.0,7.77,3.135,G0,0.835,Ser,4.853,244,571.094717053101,HD136029_TypG0_Mag7.77,"hms_tuple(h=15.0, m=18.0, s=46.152610436483315)","dms_tuple(d=-0.0, m=-49.0, s=-2.267757388457028)",229.692303,15.31282,-0.817297
74699,135896,,15.311473,-31.209347,276.2431,-24.0,6.18,-1.026,G6/G8III,1.205,Lup,224.078,72,140.42905193202526,HD135896_TypG6_Mag6.18,"hms_tuple(h=15.0, m=19.0, s=3.0066016921749394)","dms_tuple(d=-31.0, m=-14.0, s=-25.43171076790628)",229.762528,15.317502,-31.240398
74724,136274,,15.316415,25.691708,33.7041,-29.4,7.99,5.352,G8V,0.737,CrB,0.63,288,693.4370594020932,HD136274_TypG8_Mag7.99,"hms_tuple(h=15.0, m=19.0, s=19.681128959850582)","dms_tuple(d=25.0, m=39.0, s=38.16213309026949)",229.832005,15.322134,25.660601
74731,136418,Nikawiy,15.318385,41.733207,98.2318,0.0,7.88,2.919,G5,0.93,Boo,5.921,265,629.299802346522,HD136418_TypG5_Mag7.88,"hms_tuple(h=15.0, m=19.0, s=31.04051048990101)","dms_tuple(d=41.0, m=42.0, s=7.481414004233784)",229.879335,15.325289,41.702078
74746,136749,,15.321874,61.374954,70.028,0.0,7.39,3.164,G0,0.587,Dra,4.725,182,408.41430272357115,HD136749_TypG0_Mag7.39,"hms_tuple(h=15.0, m=19.0, s=57.442298255254656)","dms_tuple(d=61.0, m=20.0, s=37.594288601835046)",229.989343,15.332623,61.343776
74773,136014,,15.325481,-37.097161,120.4819,11.0,6.19,0.785,G8III/IV,0.959,Lup,42.267,73,141.67353559361956,HD136014_TypG8_Mag6.19,"hms_tuple(h=15.0, m=19.0, s=55.00644059230723)","dms_tuple(d=-37.0, m=-7.0, s=-41.533847872837555)",229.979194,15.331946,-37.128204
74848,138366,,15.34224,81.043188,168.6341,0.0,7.32,1.185,G5,1.026,UMi,29.242,173,383.9534407239423,HD138366_TypG5_Mag7.32,"hms_tuple(h=15.0, m=22.0, s=30.84255359277634)","dms_tuple(d=81.0, m=0.0, s=42.39294511505136)",230.628511,15.375234,81.011776
74880,136366,,15.348244,-18.158658,183.4862,3.0,6.16,-0.158,G8II/III,1.024,Lib,100.74,71,137.97278383067092,HD136366_TypG8_Mag6.16,"hms_tuple(h=15.0, m=21.0, s=13.211215690695042)","dms_tuple(d=-18.0, m=-11.0, s=-23.003523556078562)",230.305047,15.35367,-18.189723
74910,136618,,15.355471,13.516923,96.9932,0.0,7.99,3.056,G0,0.69,Ser,5.219,288,693.4370594020932,HD136618_TypG0_Mag7.99,"hms_tuple(h=15.0, m=21.0, s=38.778482936039325)","dms_tuple(d=13.0, m=29.0, s=8.98132207797019)",230.411577,15.360772,13.485828
75045,137003,,15.379449,28.057037,188.6792,-9.8,7.37,0.991,G8III,0.984,CrB,34.962,180,401.2706596517492,HD137003_TypG8_Mag7.37,"hms_tuple(h=15.0, m=23.0, s=7.03824986157187)","dms_tuple(d=28.0, m=1.0, s=33.33679128199748)",230.779326,15.385288,28.025927
75051,136925,,15.381131,13.366429,45.0857,0.0,7.91,4.64,G0,0.656,Ser,1.213,271,646.179090335777,HD136925_TypG0_Mag7.91,"hms_tuple(h=15.0, m=23.0, s=11.142535812883807)","dms_tuple(d=13.0, m=20.0, s=7.203443439956914)",230.796427,15.386428,13.335334
75082,137107,,15.38675,30.287812,17.8635,-7.3,4.99,3.73,G2V,0.577,CrB,2.805,29,49.144681157705676,HD137107_TypG2_Mag4.99,"hms_tuple(h=15.0, m=23.0, s=33.78324502407082)","dms_tuple(d=30.0, m=15.0, s=24.117203425541334)",230.890764,15.392718,30.256699
75094,136607,,15.390274,-46.140415,154.0832,0.0,6.49,0.551,G8III,0.945,Lup,52.432,92,184.60428810635165,HD136607_TypG8_Mag6.49,"hms_tuple(h=15.0, m=23.0, s=51.78301055554584)","dms_tuple(d=-46.0, m=-10.0, s=-17.19478020009433)",230.965763,15.397718,-46.171443
75122,136956,,15.397844,-12.369501,172.4138,-26.0,5.72,-0.463,G8III,1.039,Lib,133.414,51,93.58270978529147,HD136956_TypG8_Mag5.72,"hms_tuple(h=15.0, m=24.0, s=11.238389817147123)","dms_tuple(d=-12.0, m=-24.0, s=-2.0587408898178694)",231.046827,15.403122,-12.400572
75133,136894,,15.400674,-27.305224,28.5551,0.0,7.52,5.242,G8/K0V,0.721,Lib,0.697,201,458.0511018694067,HD136894_TypG8_Mag7.52,"hms_tuple(h=15.0, m=24.0, s=23.315927583538922)","dms_tuple(d=-27.0, m=-20.0, s=-10.605747448326497)",231.09715,15.406477,-27.336279
75158,137183,,15.404989,9.087472,164.4737,0.0,7.74,1.66,G5,1.161,Ser,18.88,238,556.1767595666211,HD137183_TypG5_Mag7.74,"hms_tuple(h=15.0, m=24.0, s=36.75137216566412)","dms_tuple(d=9.0, m=3.0, s=22.972826883503643)",231.153131,15.410209,9.056381
75159,137687,,15.405047,60.549399,54.0249,0.0,7.33,3.667,G5,0.794,Dra,2.973,174,387.3560399526628,HD137687_TypG5_Mag7.33,"hms_tuple(h=15.0, m=24.0, s=55.87490868700286)","dms_tuple(d=60.0, m=31.0, s=5.607754484716452)",231.232812,15.415521,60.518224
75178,139213,,15.407908,81.89504,40.2414,-6.0,7.72,4.697,G0,0.583,UMi,1.151,234,546.4485785781236,HD139213_TypG0_Mag7.72,"hms_tuple(h=15.0, m=26.0, s=39.5855934742913)","dms_tuple(d=81.0, m=51.0, s=48.93386170347412)",231.66494,15.444329,81.863593
75186,137392,Alkalurops B,15.40858,37.3473,36.062,-8.6,6.51,3.725,G1V,0.6,Boo,2.818,93,187.8907161370077,HD137392_TypG1_Mag6.51,"hms_tuple(h=15.0, m=24.0, s=54.22091956725751)","dms_tuple(d=37.0, m=18.0, s=58.24040279417602)",231.22592,15.415061,37.316178
75230,137295,,15.415631,7.79162,203.252,0.0,7.67,1.13,G5,1.039,Ser,30.761,226,522.866067770482,HD137295_TypG5_Mag7.67,"hms_tuple(h=15.0, m=25.0, s=14.999852720144702)","dms_tuple(d=7.0, m=45.0, s=37.909967681525245)",231.312499,15.420833,7.760531
75249,137629,,15.418894,47.060824,63.4518,-17.0,6.79,2.778,G5,0.607,Boo,6.742,115,240.54417110761835,HD137629_TypG5_Mag6.79,"hms_tuple(h=15.0, m=25.0, s=35.24287502419483)","dms_tuple(d=47.0, m=1.0, s=46.86834698343546)",231.396845,15.426456,47.029686
75278,137664,,15.424849,45.947698,86.9565,0.0,7.27,2.573,G5,0.615,Boo,8.143,166,367.38356293404297,HD137664_TypG5_Mag7.27,"hms_tuple(h=15.0, m=25.0, s=56.12966431376307)","dms_tuple(d=45.0, m=54.0, s=59.62244107427409)",231.483874,15.432258,45.916562
75305,137510,,15.431464,19.480707,41.2541,-3.0,6.26,3.183,G0V,0.618,Ser,4.643,77,150.69925703687835,HD137510_TypG0_Mag6.26,"hms_tuple(h=15.0, m=26.0, s=12.95015366394253)","dms_tuple(d=19.0, m=26.0, s=58.58244040603978)",231.553959,15.436931,19.449606
75350,137805,,15.440728,44.003484,87.9507,0.0,7.49,2.769,G5,0.563,Boo,6.798,197,446.0860343240754,HD137805_TypG5_Mag7.49,"hms_tuple(h=15.0, m=26.0, s=52.405674232749675)","dms_tuple(d=43.0, m=58.0, s=20.464767502433006)",231.718357,15.44789,43.972351
75364,137247,,15.444879,-45.513347,225.2252,0.0,7.6,0.837,G8III,1.02,Lup,40.29,214,491.5504291096121,HD137247_TypG8_Mag7.6,"hms_tuple(h=15.0, m=27.0, s=8.060512536011117)","dms_tuple(d=-45.0, m=-32.0, s=-39.75421831389838)",231.783585,15.452239,-45.544376
75415,137723,,15.455017,9.700082,96.8992,0.0,7.93,2.998,G0,0.61,Ser,5.506,275,657.682729265769,HD137723_TypG0_Mag7.93,"hms_tuple(h=15.0, m=27.0, s=36.88532841488296)","dms_tuple(d=9.0, m=40.0, s=8.366764142895278)",231.903689,15.460246,9.668991
75432,137631,,15.45841,-10.962538,106.2699,0.0,7.8,2.668,G0+...,0.596,Lib,7.461,249,586.4128089424291,HD137631_TypG0_Mag7.8,"hms_tuple(h=15.0, m=27.0, s=49.17963340282327)","dms_tuple(d=-10.0, m=-59.0, s=-36.99675085988105)",231.954915,15.463661,-10.99361
75446,138004,,15.461209,42.881377,32.1337,0.0,7.48,4.945,G5,0.676,Boo,0.916,195,442.16754115556887,HD138004_TypG5_Mag7.48,"hms_tuple(h=15.0, m=28.0, s=5.663917173728521)","dms_tuple(d=42.0, m=51.0, s=0.8865384904447637)",232.0236,15.46824,42.850246
75560,137798,,15.482962,-28.866891,58.6166,0.0,6.43,2.59,G0V,0.608,Lib,8.017,87,175.0859005727711,HD137798_TypG0_Mag6.43,"hms_tuple(h=15.0, m=29.0, s=19.859211965790138)","dms_tuple(d=-28.0, m=-53.0, s=-52.6003659904643)",232.332747,15.48885,-28.897945
75579,139777,,15.486623,80.448602,21.8484,-14.0,6.57,4.873,G8IV-V+...,0.665,UMi,0.979,97,198.10522595363804,HD139777_TypG8_Mag6.57,"hms_tuple(h=15.0, m=31.0, s=3.314141381535194)","dms_tuple(d=80.0, m=25.0, s=1.9582845435138552)",232.763809,15.517587,80.417211
75580,138085,,15.486699,16.395618,129.8701,0.0,6.38,0.812,G8III-IV,0.955,Ser,41.229,84,167.52990115327088,HD138085_TypG8_Mag6.38,"hms_tuple(h=15.0, m=29.0, s=31.45662177391401)","dms_tuple(d=16.0, m=21.0, s=52.27321273236157)",232.381069,15.492071,16.36452
75599,139813,,15.490064,80.450267,21.5146,-29.0,7.3,5.636,G5,0.803,UMi,0.485,170,377.23764669214916,HD139813_TypG5_Mag7.3,"hms_tuple(h=15.0, m=31.0, s=15.720931623265386)","dms_tuple(d=80.0, m=25.0, s=7.952087565473676)",232.815504,15.521034,80.418876
75654,138061,,15.499986,-12.776531,159.2357,0.0,7.78,1.77,G8III,1.041,Lib,17.061,245,576.1557641428401,HD138061_TypG8_Mag7.78,"hms_tuple(h=15.0, m=30.0, s=18.979794785218473)","dms_tuple(d=-12.0, m=-48.0, s=-27.365339935229542)",232.579082,15.505272,-12.807601
75709,138046,,15.510627,-33.580854,150.8296,0.0,7.51,1.618,G8/K0III,0.996,Lup,19.625,200,454.02750557766933,HD138046_TypG8_Mag7.51,"hms_tuple(h=15.0, m=31.0, s=0.539362724214385)","dms_tuple(d=-33.0, m=-36.0, s=-42.84599640935426)",232.752247,15.516816,-33.611902
75716,138123,,15.511891,-21.87856,76.9823,0.0,7.79,3.358,G3/G5V,0.637,Lib,3.952,247,581.2616622824664,HD138123_TypG3_Mag7.79,"hms_tuple(h=15.0, m=31.0, s=2.808948515741747)","dms_tuple(d=-21.0, m=-54.0, s=-34.63689887371743)",232.761704,15.517447,-21.909621
75789,138409,,15.527425,7.815755,194.9318,0.0,7.96,1.511,G5,0.921,Ser,21.657,282,675.323313533301,HD138409_TypG5_Mag7.96,"hms_tuple(h=15.0, m=31.0, s=57.45932956580276)","dms_tuple(d=7.0, m=47.0, s=4.795887093318214)",232.989414,15.532628,7.784666
75791,138441,,15.527617,14.259606,302.1148,0.0,7.71,0.309,G5,1.104,Ser,65.524,233,541.648484297334,HD138441_TypG5_Mag7.71,"hms_tuple(h=15.0, m=31.0, s=58.565200045542696)","dms_tuple(d=14.0, m=13.0, s=42.637539385591765)",232.994022,15.532935,14.22851
75799,138369,,15.528578,0.883526,50.8388,0.0,7.42,3.889,G0,0.646,Ser,2.423,187,419.36892659107707,HD138369_TypG0_Mag7.42,"hms_tuple(h=15.0, m=32.0, s=1.4395763306853837)","dms_tuple(d=0.0, m=51.0, s=8.794368834288235)",233.005998,15.533733,0.852443
75806,138454,,15.529164,14.083501,336.7003,0.0,7.92,0.284,G5,1.025,Ser,67.05,273,651.9055358919003,HD138454_TypG5_Mag7.92,"hms_tuple(h=15.0, m=32.0, s=4.1195817019807635)","dms_tuple(d=14.0, m=3.0, s=8.660153295680288)",233.017165,15.534478,14.052406
75847,138425,,15.538298,-10.438753,140.2525,0.0,6.57,0.835,G0,0.918,Lib,40.365,97,198.10522595363804,HD138425_TypG0_Mag6.57,"hms_tuple(h=15.0, m=32.0, s=36.74370913930176)","dms_tuple(d=-10.0, m=-28.0, s=-11.372529507042799)",233.153099,15.54354,-10.469826
75864,139797,,15.541711,76.77362,143.472,0.0,7.96,2.176,G0,0.616,UMi,11.738,282,675.323313533301,HD139797_TypG0_Mag7.96,"hms_tuple(h=15.0, m=33.0, s=51.07683229176814)","dms_tuple(d=76.0, m=44.0, s=32.33841423094418)",233.46282,15.564188,76.742316
75881,138573,,15.545459,10.968299,30.248,-33.0,7.22,4.817,G5IV-V,0.656,Ser,1.031,160,351.52877406079745,HD138573_TypG5_Mag7.22,"hms_tuple(h=15.0, m=33.0, s=2.5524281233384727)","dms_tuple(d=10.0, m=56.0, s=13.943669370792264)",233.260635,15.550709,10.937207
75967,138549,,15.564882,-31.019049,34.9406,14.4,7.96,5.243,G8V,0.717,Lup,0.696,282,675.323313533301,HD138549_TypG8_Mag7.96,"hms_tuple(h=15.0, m=34.0, s=15.235482959549387)","dms_tuple(d=-31.0, m=-3.0, s=-0.35976237257358434)",233.563481,15.570899,-31.0501
75968,138600,,15.565221,-25.1105,91.1577,0.0,7.62,2.821,G0/G1V,0.585,Lib,6.48,217,500.3012827613783,HD138600_TypG0_Mag7.62,"hms_tuple(h=15.0, m=34.0, s=15.294357872238464)","dms_tuple(d=-25.0, m=-8.0, s=-29.6082915049422)",233.563726,15.570915,-25.141558
76023,139586,,15.576705,67.80549,48.5201,-34.4,6.98,3.55,G5,0.793,UMi,3.311,133,284.4450873609016,HD139586_TypG5_Mag6.98,"hms_tuple(h=15.0, m=35.0, s=25.196674210181413)","dms_tuple(d=67.0, m=46.0, s=27.40792540261282)",233.854986,15.590332,67.77428
76066,139193,,15.586116,43.167536,182.8154,0.0,6.75,0.44,G5,0.953,Boo,58.076,112,232.20296653338022,HD139193_TypG5_Mag6.75,"hms_tuple(h=15.0, m=35.0, s=35.44724992678141)","dms_tuple(d=43.0, m=8.0, s=11.057185139743524)",233.897697,15.59318,43.136405
76103,139074,,15.592565,17.655555,116.2791,-22.0,6.1,0.772,G8III:,0.975,Ser,42.776,68,130.85876476286535,HD139074_TypG8_Mag6.1,"hms_tuple(h=15.0, m=35.0, s=52.70464546421536)","dms_tuple(d=17.0, m=37.0, s=28.04189666604657)",233.969603,15.597974,17.624456
76163,139324,,15.603524,35.705393,51.4139,0.0,7.49,3.935,G5,0.633,CrB,2.323,197,446.0860343240754,HD139324_TypG5_Mag7.49,"hms_tuple(h=15.0, m=36.0, s=35.52979120102236)","dms_tuple(d=35.0, m=40.0, s=27.383532380426345)",234.148041,15.609869,35.674273
76165,139059,,15.603558,-6.388442,63.857,0.0,7.91,3.884,G5,0.693,Lib,2.434,271,646.179090335777,HD139059_TypG5_Mag7.91,"hms_tuple(h=15.0, m=36.0, s=31.482609288635075)","dms_tuple(d=-6.0, m=-25.0, s=-10.266505044438645)",234.131178,15.608745,-6.419518
76192,139137,,15.609364,-0.561531,145.3488,-23.0,6.51,0.698,G8III+...,0.728,Ser,45.793,93,187.8907161370077,HD139137_TypG8_Mag6.51,"hms_tuple(h=15.0, m=36.0, s=52.26811497807887)","dms_tuple(d=-0.0, m=-35.0, s=-33.40609401214536)",234.217784,15.614519,-0.592613
76215,141218,,15.613507,80.614499,152.6718,0.0,6.89,0.971,G5,0.969,UMi,35.612,124,262.73172769318006,HD141218_TypG5_Mag6.89,"hms_tuple(h=15.0, m=38.0, s=42.042120521354036)","dms_tuple(d=80.0, m=34.0, s=59.16751899064593)",234.675176,15.645012,80.583102
76276,139391,,15.626121,11.151167,200.0,0.0,7.52,1.015,G5,1.072,Ser,34.198,201,458.0511018694067,HD139391_TypG5_Mag7.52,"hms_tuple(h=15.0, m=37.0, s=52.94738854070886)","dms_tuple(d=11.0, m=7.0, s=12.267847161170948)",234.470614,15.631374,11.120074
76298,139641,,15.630441,40.353433,52.0291,-10.0,5.25,1.669,G8III-IV,0.886,Boo,18.724,35,61.816227950144444,HD139641_TypG8_Mag5.25,"hms_tuple(h=15.0, m=38.0, s=13.926956878727452)","dms_tuple(d=40.0, m=19.0, s=20.302958840173915)",234.558029,15.637202,40.322306
76304,139779,,15.632049,50.082211,46.4468,0.0,7.72,4.385,G0,0.58,Boo,1.535,234,546.4485785781236,HD139779_TypG0_Mag7.72,"hms_tuple(h=15.0, m=38.0, s=24.276255967172915)","dms_tuple(d=50.0, m=3.0, s=3.8389284284090763)",234.601151,15.640077,50.051066
76358,139906,,15.642833,50.423283,115.4734,-14.0,5.84,0.528,G8III,0.847,Boo,53.555,56,104.0343690357312,HD139906_TypG8_Mag5.84,"hms_tuple(h=15.0, m=39.0, s=3.3060401405690243)","dms_tuple(d=50.0, m=23.0, s=31.695397283091324)",234.763775,15.650918,50.392138
76369,139409,,15.644831,-17.664855,175.4386,64.4,7.15,0.929,G8II/III,1.039,Lib,37.017,152,330.4749158245449,HD139409_TypG8_Mag7.15,"hms_tuple(h=15.0, m=39.0, s=0.8699789391619106)","dms_tuple(d=-17.0, m=-41.0, s=-45.3145119809372)",234.753625,15.650242,-17.695921
76383,139610,,15.647096,10.615755,153.1394,0.0,7.1,1.175,G5,0.975,Ser,29.512,146,316.2129549015887,HD139610_TypG5_Mag7.1,"hms_tuple(h=15.0, m=39.0, s=8.42353908704311)","dms_tuple(d=10.0, m=35.0, s=4.786466751623664)",234.785098,15.65234,10.584663
76391,139446,,15.648488,-19.301892,95.4198,47.0,5.36,0.462,G8III/IV,0.883,Lib,56.911,38,68.11644175517128,HD139446_TypG8_Mag5.36,"hms_tuple(h=15.0, m=39.0, s=14.222455876462305)","dms_tuple(d=-19.0, m=-19.0, s=-58.64174347904395)",234.80926,15.653951,-19.332956
76399,139590,,15.650293,-0.311499,55.7724,-27.5,7.5,3.768,G0V,0.548,Ser,2.709,198,450.03925321819855,HD139590_TypG0_Mag7.5,"hms_tuple(h=15.0, m=39.0, s=19.611854058018565)","dms_tuple(d=-0.0, m=-20.0, s=-33.29171366968943)",234.831716,15.655448,-0.342581
76444,139672,,15.658623,-1.065219,269.5418,0.0,8.0,0.847,G8III,1.049,Ser,39.921,290,699.5823055523535,HD139672_TypG8_Mag8.0,"hms_tuple(h=15.0, m=39.0, s=49.602919786115365)","dms_tuple(d=-1.0, m=-5.0, s=-46.68124256006463)",234.956679,15.663779,-1.0963
76468,139521,,15.662772,-34.411926,67.3401,-23.0,4.66,0.519,G8/K0III,0.964,Lup,54.001,22,36.73061194490244,HD139521_TypG8_Mag4.66,"hms_tuple(h=15.0, m=40.0, s=8.480667808057518)","dms_tuple(d=-34.0, m=-26.0, s=-34.70123001152899)",235.035336,15.669022,-34.442973
76487,139802,,15.667862,2.554942,266.6667,0.0,7.82,0.69,G8III,1.071,Ser,46.132,253,596.8524553483364,HD139802_TypG8_Mag7.82,"hms_tuple(h=15.0, m=40.0, s=22.877940370612038)","dms_tuple(d=2.0, m=31.0, s=25.886484805353263)",235.095325,15.673022,2.523857
76496,139862,,15.669541,12.052934,286.533,-21.0,6.22,-1.066,G8II,0.968,Ser,232.488,74,145.4735501476104,HD139862_TypG8_Mag6.22,"hms_tuple(h=15.0, m=40.0, s=29.32042946348048)","dms_tuple(d=12.0, m=1.0, s=18.625967196028768)",235.122168,15.674811,12.021841
76567,139879,,15.682044,-8.998564,62.8536,0.0,7.96,3.968,G0,0.623,Lib,2.253,282,675.323313533301,HD139879_TypG0_Mag7.96,"hms_tuple(h=15.0, m=41.0, s=14.147976301397733)","dms_tuple(d=-9.0, m=-1.0, s=-46.696990088835264)",235.30895,15.687263,-9.029638
76573,140027,,15.683083,16.024588,185.8736,3.0,6.0,-0.346,G8III,0.908,Ser,119.784,63,119.80781072170208,HD140027_TypG8_Mag6.0,"hms_tuple(h=15.0, m=41.0, s=18.402719536224907)","dms_tuple(d=15.0, m=59.0, s=36.56653134620299)",235.326678,15.688445,15.993491
76576,139898,,15.683423,-8.741925,253.1646,0.0,7.88,0.863,G5,1.097,Lib,39.337,265,629.299802346522,HD139898_TypG5_Mag7.88,"hms_tuple(h=15.0, m=41.0, s=19.099199474235604)","dms_tuple(d=-8.0, m=-46.0, s=-22.797451985482695)",235.32958,15.688639,-8.772999
76583,140006,,15.684564,9.302493,170.9402,0.0,7.39,1.226,G5,0.864,Ser,28.158,182,408.41430272357115,HD140006_TypG5_Mag7.39,"hms_tuple(h=15.0, m=41.0, s=23.23275163829038)","dms_tuple(d=9.0, m=16.0, s=17.047703704240433)",235.346803,15.689787,9.271402
76669,140233,,15.703631,7.823335,73.7463,0.0,7.33,2.991,G0,0.582,Ser,5.541,174,387.3560399526628,HD140233_TypG0_Mag7.33,"hms_tuple(h=15.0, m=42.0, s=31.80126847852975)","dms_tuple(d=7.0, m=47.0, s=32.083861781341625)",235.632505,15.708834,7.792246
76684,140190,,15.706066,-1.409364,239.8082,0.0,7.99,1.091,G8III,1.015,Ser,31.886,288,693.4370594020932,HD140190_TypG8_Mag7.99,"hms_tuple(h=15.0, m=42.0, s=40.40018823910103)","dms_tuple(d=-1.0, m=-26.0, s=-25.6021139008039)",235.668334,15.711222,-1.440445
76701,139980,,15.710645,-37.424935,79.9361,-16.0,5.23,0.716,G8/K0III,0.987,Lup,45.04,35,60.73498993870038,HD139980_TypG8_Mag5.23,"hms_tuple(h=15.0, m=43.0, s=1.6984656695041167)","dms_tuple(d=-37.0, m=-27.0, s=-21.518550245575625)",235.757077,15.717138,-37.455977
76726,140324,,15.715126,4.102006,55.991,0.0,7.41,3.669,G0,0.602,Ser,2.968,185,415.6851208955647,HD140324_TypG0_Mag7.41,"hms_tuple(h=15.0, m=43.0, s=13.057260481635495)","dms_tuple(d=4.0, m=4.0, s=15.311796404053837)",235.804405,15.720294,4.07092
76745,140269,,15.719093,-13.05631,51.1771,0.0,6.64,3.095,G1V,0.543,Lib,5.035,103,210.72609108853683,HD140269_TypG1_Mag6.64,"hms_tuple(h=15.0, m=43.0, s=27.786370718872604)","dms_tuple(d=-13.0, m=-5.0, s=-14.56877434671)",235.865777,15.724385,-13.08738
76748,140438,,15.719592,13.667666,173.3102,-10.0,6.48,0.286,G5III,0.873,Ser,66.927,91,182.98269364662428,HD140438_TypG5_Mag6.48,"hms_tuple(h=15.0, m=43.0, s=29.62619698988547)","dms_tuple(d=13.0, m=38.0, s=11.65559919449393)",235.873442,15.724896,13.636571
76797,140489,,15.729551,2.439948,160.2564,-12.0,7.16,1.136,G8III,1.043,Ser,30.591,153,333.40358783117154,HD140489_TypG8_Mag7.16,"hms_tuple(h=15.0, m=44.0, s=4.956734691295708)","dms_tuple(d=2.0, m=24.0, s=31.908462453655346)",236.020653,15.73471,2.408863
76811,140716,,15.73314,32.515807,74.6269,-4.0,5.57,1.206,G9III:,1.076,CrB,28.681,45,81.98210971283382,HD140716_TypG9_Mag5.57,"hms_tuple(h=15.0, m=44.0, s=21.30276140634905)","dms_tuple(d=32.0, m=29.0, s=4.889182506969405)",236.088762,15.739251,32.484691
76815,140538,,15.733839,2.515173,14.6585,19.4,5.86,5.03,G5V,0.684,Ser,0.847,56,105.88644663402476,HD140538_TypG5_Mag5.86,"hms_tuple(h=15.0, m=44.0, s=20.39457657501046)","dms_tuple(d=2.0, m=29.0, s=2.718215416922334)",236.084977,15.738998,2.484088
76847,141039,,15.739372,52.983568,42.2476,-33.7,7.36,4.231,G5,0.624,Dra,1.768,178,397.7458321127074,HD141039_TypG5_Mag7.36,"hms_tuple(h=15.0, m=44.0, s=52.539876525084)","dms_tuple(d=52.0, m=57.0, s=8.699554416147066)",236.218916,15.747928,52.952417
76861,140667,,15.742184,11.26649,32.9056,0.0,7.53,4.944,G0V,0.611,Ser,0.917,203,462.11035531169057,HD140667_TypG0_Mag7.53,"hms_tuple(h=15.0, m=44.0, s=50.78171174096852)","dms_tuple(d=11.0, m=14.0, s=7.430254373122693)",236.21159,15.747439,11.235397
76864,140286,,15.743436,-44.049261,277.0083,0.0,7.89,0.678,G8III,0.988,Lup,46.644,267,634.876663483802,HD140286_TypG8_Mag7.89,"hms_tuple(h=15.0, m=45.0, s=2.2014705162128223)","dms_tuple(d=-44.0, m=-4.0, s=-49.05415641596335)",236.259173,15.750612,-44.080293
76868,142123,,15.744133,77.150453,325.7329,0.0,7.98,0.416,G5,0.99,UMi,59.375,286,687.3457941057625,HD142123_TypG5_Mag7.98,"hms_tuple(h=15.0, m=46.0, s=2.1214915220619446)","dms_tuple(d=77.0, m=7.0, s=8.913052035107967)",236.50884,15.767256,77.119143
76938,140834,,15.757873,8.653231,197.6285,0.0,7.84,1.361,G5,1.075,Ser,24.866,257,607.4779541357369,HD140834_TypG5_Mag7.84,"hms_tuple(h=15.0, m=45.0, s=47.11163807920755)","dms_tuple(d=8.0, m=37.0, s=19.706684750814958)",236.446298,15.763087,8.622141
77007,141024,,15.77292,13.720751,72.6744,0.0,7.93,3.623,G5,0.685,Ser,3.096,275,657.682729265769,HD141024_TypG5_Mag7.93,"hms_tuple(h=15.0, m=46.0, s=41.61129817229266)","dms_tuple(d=13.0, m=41.0, s=22.761414899531616)",236.67338,15.778225,13.689656
77010,141069,,15.773111,19.907528,78.4314,0.0,7.64,3.168,G0,0.695,Ser,4.708,221,509.2079239683959,HD141069_TypG0_Mag7.64,"hms_tuple(h=15.0, m=46.0, s=42.93180843245864)","dms_tuple(d=19.0, m=52.0, s=35.13646264291765)",236.678883,15.778592,19.876427
77021,141004,,15.77406,7.353073,12.1242,-68.5,4.42,4.002,G0Vvar,0.604,Ser,2.184,19,29.721157681618813,HD141004_TypG0_Mag4.42,"hms_tuple(h=15.0, m=46.0, s=45.325285138441416)","dms_tuple(d=7.0, m=19.0, s=19.142230434692777)",236.688855,15.779257,7.321984
77043,140657,,15.778035,-46.699594,262.4672,0.0,7.77,0.675,G8III,0.917,Lup,46.774,244,571.094717053101,HD140657_TypG8_Mag7.77,"hms_tuple(h=15.0, m=47.0, s=7.999147458066176)","dms_tuple(d=-46.0, m=-43.0, s=-50.23531860095261)",236.78333,15.785555,-46.730621
77089,140785,,15.786907,-42.204727,57.0125,0.0,7.38,3.6,G5V,0.66,Lup,3.162,181,404.82672424766696,HD140785_TypG5_Mag7.38,"hms_tuple(h=15.0, m=47.0, s=37.92881187406422)","dms_tuple(d=-42.0, m=-14.0, s=-8.743122628960123)",236.908037,15.793869,-42.235762
77100,141044,,15.788922,-12.221298,219.7802,0.0,7.95,1.24,G5,1.145,Lib,27.797,280,669.391162362906,HD141044_TypG5_Mag7.95,"hms_tuple(h=15.0, m=47.0, s=39.108453511850456)","dms_tuple(d=-12.0, m=-15.0, s=-8.528449895312917)",236.912952,15.794197,-12.252369
77101,140990,,15.788965,-20.469432,62.8931,0.0,7.85,3.857,G2V,0.599,Sco,2.496,259,612.8614298360975,HD140990_TypG2_Mag7.85,"hms_tuple(h=15.0, m=47.0, s=40.08539535220336)","dms_tuple(d=-20.0, m=-30.0, s=-1.7814136585442952)",236.917022,15.794468,-20.500495
77113,140861,,15.79043,-40.19421,102.2495,-28.0,6.41,1.362,G8III/IVp..,0.88,Lup,24.843,86,172.0234437188863,HD140861_TypG8_Mag6.41,"hms_tuple(h=15.0, m=47.0, s=49.852448313938)","dms_tuple(d=-40.0, m=-13.0, s=-30.893578713390184)",236.957719,15.797181,-40.225248
77120,140901,,15.791435,-37.916312,15.3539,-5.2,6.01,5.079,G6IV,0.715,Lup,0.81,63,120.86954873761292,HD140901_TypG6_Mag6.01,"hms_tuple(h=15.0, m=47.0, s=52.69793970737979)","dms_tuple(d=-37.0, m=-56.0, s=-50.473177180742255)",236.969575,15.797972,-37.947354
77171,141272,,15.802629,1.571739,21.2902,-28.4,7.44,5.799,G8V,0.801,Ser,0.417,189,426.83476505925523,HD141272_TypG8_Mag7.44,"hms_tuple(h=15.0, m=48.0, s=28.02783305119874)","dms_tuple(d=1.0, m=32.0, s=26.358911869656225)",237.116783,15.807786,1.540655
77275,141714,,15.82657,26.068394,52.1376,-19.0,4.59,1.004,G5III-IV,0.794,CrB,34.546,21,34.530732009369686,HD141714_TypG5_Mag4.59,"hms_tuple(h=15.0, m=49.0, s=56.30480636144512)","dms_tuple(d=26.0, m=2.0, s=14.230208490390623)",237.484603,15.832307,26.037286
77282,141691,,15.827483,23.671099,184.8429,0.0,7.75,1.416,G5,0.96,Ser,23.637,240,561.1056035680328,HD141691_TypG5_Mag7.75,"hms_tuple(h=15.0, m=49.0, s=59.19539503504353)","dms_tuple(d=23.0, m=38.0, s=23.97775280953141)",237.496647,15.83311,23.639994
77341,141680,,15.838207,2.196509,83.8223,-4.0,5.21,0.593,G8III,1.019,Ser,50.443,34,59.67266404266916,HD141680_TypG8_Mag5.21,"hms_tuple(h=15.0, m=50.0, s=36.11518318587059)","dms_tuple(d=2.0, m=9.0, s=55.52886171766897)",237.65048,15.843365,2.165425
77366,141366,,15.84285,-44.565103,109.529,0.0,8.0,2.802,G2IV/V,0.683,Nor,6.595,290,699.5823055523535,HD141366_TypG2_Mag8.0,"hms_tuple(h=15.0, m=51.0, s=0.32013260068325167)","dms_tuple(d=-44.0, m=-35.0, s=-46.082050833950916)",237.751334,15.850089,-44.596134
77449,141830,,15.860484,-14.865834,74.5156,0.0,7.95,3.589,G3V,0.601,Lib,3.194,280,669.391162362906,HD141830_TypG3_Mag7.95,"hms_tuple(h=15.0, m=51.0, s=56.94450592814505)","dms_tuple(d=-14.0, m=-53.0, s=-48.84887382543937)",237.987269,15.865818,-14.896902
77452,141853,,15.860666,-14.133584,171.2329,-22.0,6.2,0.032,G8III,1.01,Lib,84.567,73,142.92904788185962,HD141853_TypG8_Mag6.2,"hms_tuple(h=15.0, m=51.0, s=57.536203228318925)","dms_tuple(d=-14.0, m=-9.0, s=-52.751435425598316)",237.989734,15.865982,-14.164653
77469,142284,,15.865623,42.651649,232.0186,0.0,7.83,1.002,G5,0.947,Her,34.61,255,602.141767772257,HD142284_TypG5_Mag7.83,"hms_tuple(h=15.0, m=52.0, s=21.460725044613156)","dms_tuple(d=42.0, m=37.0, s=13.867134360278328)",238.08942,15.872628,42.620519
77481,142093,,15.86682,15.235924,31.7158,0.0,7.31,4.804,G2V,0.611,Ser,1.043,171,380.5807304870462,HD142093_TypG2_Mag7.31,"hms_tuple(h=15.0, m=52.0, s=19.781876110788517)","dms_tuple(d=15.0, m=12.0, s=17.37891814089309)",238.082424,15.872162,15.204827
77493,141687,,15.870324,-45.284362,253.8071,0.0,6.55,-0.473,G5II/III,0.887,Nor,134.648,96,194.64013421851007,HD141687_TypG5_Mag6.55,"hms_tuple(h=15.0, m=52.0, s=39.5552361892544)","dms_tuple(d=-45.0, m=-18.0, s=-55.40974241196295)",238.164813,15.877654,-45.315392
77501,142531,,15.871269,55.826713,102.8807,-30.0,5.81,0.748,G8III:,0.972,Dra,43.732,54,101.3168158032027,HD142531_TypG8_Mag5.81,"hms_tuple(h=15.0, m=52.0, s=49.57883349392944)","dms_tuple(d=55.0, m=47.0, s=43.99404782258671)",238.206578,15.880439,55.795554
77503,141937,,15.87154,-18.436065,32.2997,0.0,7.25,4.704,G2/G3V,0.628,Lib,1.144,164,360.95759541392204,HD141937_TypG2_Mag7.25,"hms_tuple(h=15.0, m=52.0, s=37.10816943326762)","dms_tuple(d=-18.0, m=-28.0, s=-1.6677144271324096)",238.154617,15.876974,-18.46713
77512,142072,,15.876042,-1.90633,38.8954,0.0,7.85,4.901,G5V,0.67,Ser,0.954,259,612.8614298360975,HD142072_TypG5_Mag7.85,"hms_tuple(h=15.0, m=52.0, s=52.31853628570377)","dms_tuple(d=-1.0, m=-56.0, s=-14.6780834261304)",238.217994,15.8812,-1.937411
77535,141885,,15.881134,-37.398588,105.8201,0.0,7.74,2.617,G3V,0.652,Lup,7.82,238,556.1767595666211,HD141885_TypG3_Mag7.74,"hms_tuple(h=15.0, m=53.0, s=15.450635793356753)","dms_tuple(d=-37.0, m=-25.0, s=-46.66948725185591)",238.314378,15.887625,-37.42963
77560,142532,,15.885691,46.040052,205.3388,0.0,7.25,0.688,G5,0.956,Her,46.217,164,360.95759541392204,HD142532_TypG5_Mag7.25,"hms_tuple(h=15.0, m=53.0, s=35.205365215598476)","dms_tuple(d=46.0, m=0.0, s=32.09621455208094)",238.396689,15.893113,46.008916
77564,142267,,15.886694,13.196623,17.3491,35.1,6.07,4.874,G0IV,0.598,Ser,0.978,66,127.44051305929695,HD142267_TypG0_Mag6.07,"hms_tuple(h=15.0, m=53.0, s=31.156031299675817)","dms_tuple(d=13.0, m=9.0, s=55.90243092661339)",238.379817,15.891988,13.165528
77587,142961,,15.891392,65.288253,243.309,-20.0,6.73,-0.201,G5,0.926,Dra,104.809,110,228.14146549859603,HD142961_TypG5_Mag6.73,"hms_tuple(h=15.0, m=54.0, s=13.347224760995005)","dms_tuple(d=65.0, m=15.0, s=25.406828229722578)",238.555613,15.903708,65.257057
77705,143803,,15.916964,75.574292,192.3077,-18.9,6.88,0.46,G5,0.831,UMi,57.016,123,260.4238489413245,HD143803_TypG5_Mag6.88,"hms_tuple(h=15.0, m=56.0, s=15.400732352817812)","dms_tuple(d=75.0, m=32.0, s=34.82627631270702)",239.06417,15.937611,75.543007
77714,142253,,15.918705,-40.612642,209.205,0.0,7.6,0.997,G8/K0III,1.099,Lup,34.77,214,491.5504291096121,HD142253_TypG8_Mag7.6,"hms_tuple(h=15.0, m=55.0, s=31.794165910978478)","dms_tuple(d=-40.0, m=-38.0, s=-37.24641115984866)",238.882476,15.925498,-40.64368
77766,142596,,15.928409,-8.647644,146.1988,0.0,6.94,1.115,G5,1.085,Lib,31.189,129,274.581557295345,HD142596_TypG5_Mag6.94,"hms_tuple(h=15.0, m=56.0, s=1.0440579227926605)","dms_tuple(d=-8.0, m=-40.0, s=-43.38616831784279)",239.00435,15.933623,-8.678718
77783,142429,,15.930716,-35.676004,164.7446,0.0,7.75,1.666,G8III,1.024,Lup,18.776,240,561.1056035680328,HD142429_TypG8_Mag7.75,"hms_tuple(h=15.0, m=56.0, s=13.430379788191402)","dms_tuple(d=-35.0, m=-42.0, s=-25.375842825359314)",239.05596,15.937064,-35.707049
77787,142661,,15.931829,-2.164408,36.9004,-38.0,6.77,3.935,G0...,0.61,Ser,2.323,113,236.33677266456448,HD142661_TypG0_Mag6.77,"hms_tuple(h=15.0, m=56.0, s=13.15475418242201)","dms_tuple(d=-2.0, m=-11.0, s=-43.75803634697078)",239.054811,15.936987,-2.195488
77898,143003,,15.954198,17.185948,321.5434,0.0,7.99,0.454,G0,0.785,Ser,57.332,288,693.4370594020932,HD143003_TypG0_Mag7.99,"hms_tuple(h=15.0, m=57.0, s=34.533529982180795)","dms_tuple(d=17.0, m=9.0, s=17.458387030247593)",239.39389,15.959593,17.15485
77981,144061,,15.972527,70.894445,29.5946,-9.2,7.26,4.904,G5,0.654,UMi,0.951,165,364.156405231697,HD144061_TypG5_Mag7.26,"hms_tuple(h=15.0, m=59.0, s=17.702994304384703)","dms_tuple(d=70.0, m=51.0, s=47.564308123426144)",239.823762,15.988251,70.863212
78079,143112,,15.990999,-27.016293,649.3506,-7.9,7.02,-2.042,G8III,1.096,Sco,571.216,137,294.66293556170405,HD143112_TypG8_Mag7.02,"hms_tuple(h=15.0, m=59.0, s=48.4318782719717)","dms_tuple(d=-27.0, m=-2.0, s=-50.455344544554066)",239.951799,15.996787,-27.047349
78086,143009,,15.991743,-41.744436,133.6898,-27.0,4.99,-0.64,G8III,0.988,Lup,157.036,29,49.144681157705676,HD143009_TypG8_Mag4.99,"hms_tuple(h=15.0, m=59.0, s=55.1577317221691)","dms_tuple(d=-41.0, m=-46.0, s=-31.69825523898396)",239.979824,15.998655,-41.775472
78094,143114,,15.993965,-29.632557,36.3504,0.0,7.34,4.537,G3V,0.606,Sco,1.334,175,390.78879304975095,HD143114_TypG3_Mag7.34,"hms_tuple(h=15.0, m=59.0, s=59.629439499181416)","dms_tuple(d=-29.0, m=-39.0, s=-48.99466690337903)",239.998456,15.999897,-29.66361
78106,143098,,15.996595,-35.845434,31.0174,0.0,7.65,5.192,G5V,0.686,Lup,0.73,222,513.7205296793568,HD143098_TypG5_Mag7.65,"hms_tuple(h=16.0, m=0.0, s=10.64355597843587)","dms_tuple(d=-35.0, m=-52.0, s=-35.322998716673055)",240.044348,16.002957,-35.876479
78130,143084,,15.999401,-40.65311,454.5455,-26.0,6.51,-1.778,G5Ib,1.499,Lup,447.92,93,187.8907161370077,HD143084_TypG5_Mag6.51,"hms_tuple(h=16.0, m=0.0, s=22.31460894480648)","dms_tuple(d=-40.0, m=-41.0, s=-2.9309806143481865)",240.092978,16.006199,-40.684147
78142,146637,,16.000699,83.404101,444.4444,0.0,7.35,-0.889,G5,0.873,UMi,197.515,177,394.25196723909164,HD146637_TypG5_Mag7.35,"hms_tuple(h=16.0, m=2.0, s=43.30578618376279)","dms_tuple(d=83.0, m=22.0, s=21.250649638652703)",240.680441,16.045363,83.37257
78168,143119,,16.006086,-43.822752,578.0347,0.0,7.4,-1.41,G3Ib,1.193,Nor,319.154,184,412.0336743557815,HD143119_TypG3_Mag7.4,"hms_tuple(h=16.0, m=0.0, s=47.64315344794312)","dms_tuple(d=-43.0, m=-51.0, s=-13.623189740641237)",240.198513,16.013234,-43.853784
78171,143120,,16.006401,-45.452747,67.2948,-23.6,7.52,3.38,G5IV,0.78,Nor,3.873,201,458.0511018694067,HD143120_TypG5_Mag7.52,"hms_tuple(h=16.0, m=0.0, s=49.51119632388696)","dms_tuple(d=-45.0, m=-29.0, s=-1.5946228654235028)",240.206297,16.013753,-45.483776
78212,143705,,16.015783,28.948542,59.5593,7.6,7.97,4.095,G0V,0.605,CrB,2.004,284,681.3080354866522,HD143705_TypG0_Mag7.97,"hms_tuple(h=16.0, m=1.0, s=18.018793055258584)","dms_tuple(d=28.0, m=55.0, s=2.7510093163144234)",240.325078,16.021672,28.917431
78222,143761,,16.017412,33.303509,17.2354,18.4,5.39,4.208,G2V,0.612,CrB,1.806,39,69.94348354495335,HD143761_TypG2_Mag5.39,"hms_tuple(h=16.0, m=1.0, s=24.878332777735466)","dms_tuple(d=33.0, m=16.0, s=20.612721429574208)",240.35366,16.023577,33.272392
78229,143438,,16.018288,-21.155648,221.2389,0.0,7.12,0.396,G8III,1.054,Sco,60.478,148,321.8423534887257,HD143438_TypG8_Mag7.12,"hms_tuple(h=16.0, m=1.0, s=25.738742116903666)","dms_tuple(d=-21.0, m=-11.0, s=-12.15643813418069)",240.357245,16.023816,-21.18671
78243,143666,,16.020644,17.818397,76.9231,-19.0,5.1,0.67,G8III,0.992,Her,46.989,31,54.15343062270252,HD143666_TypG8_Mag5.1,"hms_tuple(h=16.0, m=1.0, s=33.80672037993634)","dms_tuple(d=17.0, m=47.0, s=14.27250846571468)",240.390861,16.026057,17.787298
78278,143893,,16.029355,31.876224,77.2201,0.0,7.67,3.231,G0,0.597,CrB,4.442,226,522.866067770482,HD143893_TypG0_Mag7.67,"hms_tuple(h=16.0, m=2.0, s=7.522867374578652)","dms_tuple(d=31.0, m=50.0, s=42.393308277053166)",240.531345,16.035423,31.845109
78286,144302,,16.031053,59.630725,73.9645,0.0,7.85,3.505,G5,0.667,Dra,3.451,259,612.8614298360975,HD144302_TypG5_Mag7.85,"hms_tuple(h=16.0, m=2.0, s=28.461262873999544)","dms_tuple(d=59.0, m=35.0, s=58.39344572379446)",240.618589,16.041239,59.599554
78341,143838,,16.045334,-0.412387,232.0186,0.0,7.45,0.622,G5,1.018,Ser,49.113,191,430.6173790127683,HD143838_TypG5_Mag7.45,"hms_tuple(h=16.0, m=3.0, s=1.7596782049818671)","dms_tuple(d=-0.0, m=-26.0, s=-36.488182944487164)",240.757332,16.050489,-0.443469
78346,143561,,16.045891,-42.507268,212.3142,0.0,7.97,1.335,G8III,1.193,Nor,25.468,284,681.3080354866522,HD143561_TypG8_Mag7.97,"hms_tuple(h=16.0, m=3.0, s=10.392295906336528)","dms_tuple(d=-42.0, m=-32.0, s=-17.888904740546536)",240.793301,16.052887,-42.538302
78445,144046,,16.062692,4.986834,110.6195,-44.0,6.07,0.851,G9III,0.96,Ser,39.774,66,127.44051305929695,HD144046_TypG9_Mag6.07,"hms_tuple(h=16.0, m=4.0, s=4.317552979482855)","dms_tuple(d=4.0, m=57.0, s=20.689677817892687)",241.01799,16.067866,4.955747
78469,144287,,16.067706,25.254843,22.2173,-48.2,7.1,5.367,G8V,0.771,Ser,0.621,146,316.2129549015887,HD144287_TypG8_Mag7.1,"hms_tuple(h=16.0, m=4.0, s=24.254186719176687)","dms_tuple(d=25.0, m=13.0, s=25.44988924970795)",241.101059,16.073404,25.223736
78475,143846,,16.069327,-37.307406,39.7931,0.0,7.86,4.861,G2V,0.6,Lup,0.99,261,618.2926139519136,HD143846_TypG2_Mag7.86,"hms_tuple(h=16.0, m=4.0, s=32.91703647942285)","dms_tuple(d=-37.0, m=-20.0, s=-18.414760661724472)",241.137154,16.07581,-37.338449
78497,144087,,16.073867,-11.44938,25.2589,-31.5,7.44,5.428,G8V comp,0.75,Sco,0.587,189,426.83476505925523,HD144087_TypG8_Mag7.44,"hms_tuple(h=16.0, m=4.0, s=44.85677286875983)","dms_tuple(d=-11.0, m=-28.0, s=-49.62629199413627)",241.186903,16.079127,-11.480452
78535,144579,,16.082469,39.156509,14.5201,-60.0,6.66,5.85,G8V,0.734,CrB,0.398,104,214.47755395891784,HD144579_TypG8_Mag6.66,"hms_tuple(h=16.0, m=5.0, s=20.808891654226613)","dms_tuple(d=39.0, m=7.0, s=31.383191975114073)",241.336704,16.089114,39.125384
78599,144544,,16.093861,21.892864,88.8099,0.0,7.23,2.488,G0III,0.593,Ser,8.806,161,354.6440255695144,HD144544_TypG0_Mag7.23,"hms_tuple(h=16.0, m=5.0, s=57.8942380545314)","dms_tuple(d=21.0, m=51.0, s=42.338607756533406)",241.491226,16.099415,21.861761
78613,144723,,16.096887,36.528223,236.4066,0.0,7.39,0.522,G5,0.87,CrB,53.852,182,408.41430272357115,HD144723_TypG5_Mag7.39,"hms_tuple(h=16.0, m=6.0, s=11.876950206075207)","dms_tuple(d=36.0, m=29.0, s=49.567402221234715)",241.549487,16.103299,36.497102
78632,144391,,16.100335,-8.770578,204.499,0.0,7.89,1.337,G5,1.202,Sco,25.421,267,634.876663483802,HD144391_TypG5_Mag7.89,"hms_tuple(h=16.0, m=6.0, s=19.983851032469033)","dms_tuple(d=-8.0, m=-48.0, s=-5.948155816951299)",241.583266,16.105551,-8.801652
78645,144490,,16.103823,-0.366523,130.719,0.0,7.41,1.828,G5,1.002,Ser,16.173,185,415.6851208955647,HD144490_TypG5_Mag7.41,"hms_tuple(h=16.0, m=6.0, s=32.31996917359879)","dms_tuple(d=-0.0, m=-23.0, s=-51.37793329419139)",241.634667,16.108978,-0.397605
78647,144517,,16.104049,1.711022,170.6485,0.0,7.41,1.249,G5,0.976,Ser,27.568,185,415.6851208955647,HD144517_TypG5_Mag7.41,"hms_tuple(h=16.0, m=6.0, s=33.14110171439012)","dms_tuple(d=1.0, m=40.0, s=47.77725494073593)",241.638088,16.109206,1.679938
78674,144259,,16.108591,-40.450162,98.2318,0.0,7.22,2.259,G2/G3V,0.735,Lup,10.874,160,351.52877406079745,HD144259_TypG2_Mag7.22,"hms_tuple(h=16.0, m=6.0, s=55.32447391891196)","dms_tuple(d=-40.0, m=-28.0, s=-52.31933400011542)",241.730519,16.115368,-40.4812
78714,144585,,16.117604,-14.071292,27.1076,-16.0,6.32,4.155,G5V,0.66,Sco,1.897,80,158.89188662502437,HD144585_TypG5_Mag6.32,"hms_tuple(h=16.0, m=7.0, s=22.50776452598899)","dms_tuple(d=-14.0, m=-6.0, s=-8.500452564899206)",241.843782,16.122919,-14.102361
78723,144338,,16.120343,-45.346215,869.5652,0.0,7.38,-2.317,G8/K0II,1.419,Nor,735.868,181,404.82672424766696,HD144338_TypG8_Mag7.38,"hms_tuple(h=16.0, m=7.0, s=39.652486181569486)","dms_tuple(d=-45.0, m=-22.0, s=-38.08013194293835)",241.915219,16.127681,-45.377244
78749,144608,,16.123424,-20.868764,89.1266,-5.0,4.31,-0.44,G6/G8III,0.831,Sco,130.617,17,26.972193656161743,HD144608_TypG6_Mag4.31,"hms_tuple(h=16.0, m=7.0, s=44.19004036071101)","dms_tuple(d=-20.0, m=-53.0, s=-59.37511773570037)",241.934125,16.128942,-20.899826
78771,144570,,16.127496,-30.562961,262.4672,0.0,7.96,0.865,G8/K0III,1.011,Lup,39.264,282,675.323313533301,HD144570_TypG8_Mag7.96,"hms_tuple(h=16.0, m=8.0, s=0.543252655441222)","dms_tuple(d=-30.0, m=-35.0, s=-38.44498965532068)",242.002264,16.133484,-30.594012
78779,144641,,16.129066,-21.412114,147.7105,0.0,7.99,2.143,G3V,0.875,Sco,12.1,288,693.4370594020932,HD144641_TypG3_Mag7.99,"hms_tuple(h=16.0, m=8.0, s=4.57433194512447)","dms_tuple(d=-21.0, m=-26.0, s=-35.43306944945016)",242.01906,16.134604,-21.443176
78787,144905,,16.130291,12.373522,159.7444,0.0,7.29,1.273,G5,0.948,Ser,26.965,169,373.9239290957076,HD144905_TypG5_Mag7.29,"hms_tuple(h=16.0, m=8.0, s=8.043361102688777)","dms_tuple(d=12.0, m=20.0, s=32.74166733328343)",242.033514,16.135568,12.342428
78803,145001,Marsic,16.134591,17.04698,112.7396,-11.0,5.0,-0.26,G8III,0.931,Her,110.662,29,49.58020181325081,HD145001_TypG8_Mag5.0,"hms_tuple(h=16.0, m=8.0, s=23.933857462845936)","dms_tuple(d=17.0, m=0.0, s=57.174085600539115)",242.099724,16.139982,17.015882
78807,144766,,16.135312,-18.243133,31.5956,0.0,7.02,4.522,G1V,0.562,Sco,1.353,137,294.66293556170405,HD144766_TypG1_Mag7.02,"hms_tuple(h=16.0, m=8.0, s=26.66550427458361)","dms_tuple(d=-18.0, m=-16.0, s=-27.113216602055843)",242.111106,16.14074,-18.274198
78818,144821,,16.13794,-13.76905,71.9424,0.0,7.51,3.225,G2V,0.586,Sco,4.467,200,454.02750557766933,HD144821_TypG2_Mag7.51,"hms_tuple(h=16.0, m=8.0, s=35.69230724428792)","dms_tuple(d=-13.0, m=-48.0, s=-0.4303044566580638)",242.148718,16.143248,-13.80012
78924,145229,,16.157397,11.574461,34.5066,0.0,7.45,4.76,G0,0.604,Ser,1.086,191,430.6173790127683,HD145229_TypG0_Mag7.45,"hms_tuple(h=16.0, m=9.0, s=45.569008245185785)","dms_tuple(d=11.0, m=32.0, s=36.1248038797352)",242.439871,16.162658,11.543368
78928,145059,,16.158358,-17.188033,56.3698,45.0,7.89,4.135,G2/G3V,0.64,Sco,1.932,267,634.876663483802,HD145059_TypG2_Mag7.89,"hms_tuple(h=16.0, m=9.0, s=49.51626707813034)","dms_tuple(d=-17.0, m=-13.0, s=-8.757029592480308)",242.456318,16.163755,-17.219099
78973,144988,,16.166822,-35.642559,66.4011,0.0,7.16,3.049,G1/G2V,0.596,Sco,5.253,153,333.40358783117154,HD144988_TypG1_Mag7.16,"hms_tuple(h=16.0, m=10.0, s=23.402399634719018)","dms_tuple(d=-35.0, m=-40.0, s=-24.974009025646637)",242.59751,16.173167,-35.673604
78975,147620,,16.167193,81.144004,231.4815,0.0,7.91,1.087,G5,1.067,UMi,32.004,271,646.179090335777,HD147620_TypG5_Mag7.91,"hms_tuple(h=16.0, m=12.0, s=2.0097152338183832)","dms_tuple(d=81.0, m=6.0, s=45.316853135616384)",243.008374,16.200558,81.112588
78984,145458,,16.168466,25.487792,331.1258,0.0,7.41,-0.19,G8II-III,0.939,Her,103.753,185,415.6851208955647,HD145458_TypG8_Mag7.41,"hms_tuple(h=16.0, m=10.0, s=27.02971877426279)","dms_tuple(d=25.0, m=27.0, s=24.065354400932222)",242.612624,16.174175,25.456685
78995,145727,,16.171134,48.61138,222.7171,0.0,7.4,0.661,G5,0.95,Her,47.381,184,412.0336743557815,HD145727_TypG5_Mag7.4,"hms_tuple(h=16.0, m=10.0, s=44.131910099571314)","dms_tuple(d=48.0, m=34.0, s=48.858676985177)",242.683883,16.178926,48.580239
79044,145645,,16.181676,30.985403,55.2792,0.0,7.42,3.707,G5,0.706,CrB,2.865,187,419.36892659107707,HD145645_TypG5_Mag7.42,"hms_tuple(h=16.0, m=11.0, s=15.672128482675305)","dms_tuple(d=30.0, m=57.0, s=15.441716526571554)",242.815301,16.187687,30.954289
79121,145850,,16.197366,34.396648,230.4147,0.0,7.82,1.007,G5,0.838,CrB,34.451,253,596.8524553483364,HD145850_TypG5_Mag7.82,"hms_tuple(h=16.0, m=12.0, s=12.998249469478935)","dms_tuple(d=34.0, m=21.0, s=55.907929601502246)",243.054159,16.203611,34.36553
79136,145518,,16.200681,-18.232623,32.5098,0.0,7.41,4.85,G1/G2V,0.616,Sco,1.0,185,415.6851208955647,HD145518_TypG1_Mag7.41,"hms_tuple(h=16.0, m=12.0, s=21.992720931548888)","dms_tuple(d=-18.0, m=-15.0, s=-49.27725480815326)",243.091636,16.206109,-18.263688
79173,146603,,16.207047,67.144176,131.7523,-10.0,6.21,0.611,G8III,0.993,Dra,49.614,74,144.19568653254458,HD146603_TypG8_Mag6.21,"hms_tuple(h=16.0, m=13.0, s=13.083313216996544)","dms_tuple(d=67.0, m=6.0, s=46.692260908442904)",243.304514,16.220301,67.11297
79251,145958,,16.221791,13.526911,23.5849,18.1,6.68,4.817,G8V,0.764,Her,1.031,106,218.29580245415895,HD145958_TypG8_Mag6.68,"hms_tuple(h=16.0, m=13.0, s=37.53128103364645)","dms_tuple(d=13.0, m=29.0, s=44.93808745300768)",243.40638,16.227092,13.495816
79283,145809,,16.227875,-21.39996,38.0952,16.7,6.68,3.776,G3V,0.617,Sco,2.689,106,218.29580245415895,HD145809_TypG3_Mag6.68,"hms_tuple(h=16.0, m=14.0, s=0.28507147900199925)","dms_tuple(d=-21.0, m=-25.0, s=-51.67871543225573)",243.501188,16.233413,-21.431022
79322,146047,,16.234744,4.027464,241.5459,0.0,7.97,1.055,G5,0.894,Her,32.961,284,681.3080354866522,HD146047_TypG5_Mag7.97,"hms_tuple(h=16.0, m=14.0, s=23.68035380750996)","dms_tuple(d=3.0, m=59.0, s=46.96084196685234)",243.598668,16.239911,3.996378
79337,145825,,16.23665,-31.663651,21.5517,0.0,6.55,4.883,G1V,0.646,Sco,0.97,96,194.64013421851007,HD145825_TypG1_Mag6.55,"hms_tuple(h=16.0, m=14.0, s=33.749382243426)","dms_tuple(d=-31.0, m=-41.0, s=-40.92406373014313)",243.640622,16.242708,-31.694701
79344,146050,,16.237795,-3.473595,57.8035,0.0,7.97,4.16,G5,0.77,Ser,1.888,284,681.3080354866522,HD146050_TypG5_Mag7.97,"hms_tuple(h=16.0, m=14.0, s=34.653491901439395)","dms_tuple(d=-3.0, m=-30.0, s=-16.82693402397568)",243.64439,16.242959,-3.504674
79376,146264,,16.246656,18.216564,209.6436,-21.0,7.46,0.853,G8III,0.996,Her,39.701,192,434.43351452893916,HD146264_TypG8_Mag7.46,"hms_tuple(h=16.0, m=15.0, s=7.493938705205494)","dms_tuple(d=18.0, m=11.0, s=7.672265702317702)",243.781225,16.252082,18.185465
79377,147231,,16.247292,70.929663,39.8248,-17.5,7.83,4.829,G5,0.722,UMi,1.02,255,602.141767772257,HD147231_TypG5_Mag7.83,"hms_tuple(h=16.0, m=15.0, s=46.95745316728477)","dms_tuple(d=70.0, m=53.0, s=54.34803200360079)",243.945656,16.263044,70.89843
79387,146868,,16.249184,60.669772,30.7314,0.0,7.67,5.232,G5,0.659,Dra,0.703,226,522.866067770482,HD146868_TypG5_Mag7.67,"hms_tuple(h=16.0, m=15.0, s=34.908832859566985)","dms_tuple(d=60.0, m=38.0, s=18.9489193056869)",243.895453,16.259697,60.638597
79416,146070,,16.255305,-27.21026,36.4964,0.0,7.53,4.719,G1V,0.614,Sco,1.128,203,462.11035531169057,HD146070_TypG1_Mag7.53,"hms_tuple(h=16.0, m=15.0, s=39.96967351674243)","dms_tuple(d=-27.0, m=-14.0, s=-28.73574158729099)",243.91654,16.261103,-27.241315
79421,146213,,16.256909,-11.046943,102.9866,0.0,7.69,2.626,G0,0.616,Sco,7.755,229,532.1744198083834,HD146213_TypG0_Mag7.69,"hms_tuple(h=16.0, m=15.0, s=43.781465311690226)","dms_tuple(d=-11.0, m=-4.0, s=-40.85446365748581)",243.932423,16.262162,-11.078015
79430,146233,,16.260352,-8.369442,13.9005,12.0,5.49,4.775,G1V,0.652,Sco,1.072,42,76.39500133396952,HD146233_TypG1_Mag5.49,"hms_tuple(h=16.0, m=15.0, s=56.025176505957575)","dms_tuple(d=-8.0, m=-24.0, s=-1.8599008243042192)",243.983438,16.265563,-8.400517
79442,146156,,16.263018,-25.121533,73.5294,0.0,7.74,3.408,G8IV,0.767,Sco,3.774,238,556.1767595666211,HD146156_TypG8_Mag7.74,"hms_tuple(h=16.0, m=16.0, s=7.365410955184757)","dms_tuple(d=-25.0, m=-9.0, s=-9.327047369000354)",244.030689,16.268713,-25.152591
79478,146588,,16.270717,19.524771,46.49,0.0,7.8,4.463,G0,0.522,Her,1.428,249,586.4128089424291,HD146588_TypG0_Mag7.8,"hms_tuple(h=16.0, m=16.0, s=34.26630552641342)","dms_tuple(d=19.0, m=29.0, s=37.21267790883246)",244.142776,16.276185,19.49367
79494,146512,,16.273316,8.035983,248.7562,0.0,7.47,0.491,G5,0.958,Her,55.412,194,438.2834686761904,HD146512_TypG5_Mag7.47,"hms_tuple(h=16.0, m=16.0, s=42.67691498754772)","dms_tuple(d=8.0, m=0.0, s=17.61595130634319)",244.17782,16.278521,8.004893
79545,146436,,16.283111,-20.104088,188.3239,-33.3,6.4,0.025,G8III,1.27,Sco,85.114,85,170.51236146755156,HD146436_TypG8_Mag6.4,"hms_tuple(h=16.0, m=17.0, s=18.964276097219397)","dms_tuple(d=-20.0, m=-8.0, s=-6.544375443352806)",244.329018,16.288601,-20.135151
79594,146946,,16.296097,31.804384,28.5225,-32.0,6.84,4.564,G0,0.605,CrB,1.301,120,251.39328881580803,HD146946_TypG0_Mag6.84,"hms_tuple(h=16.0, m=18.0, s=7.777085339219241)","dms_tuple(d=31.0, m=46.0, s=23.76963436293181)",244.532405,16.30216,31.773269
79610,146815,,16.300332,6.078566,170.6485,31.0,7.28,1.119,G7II,1.03,Her,31.074,168,370.63931974020056,HD146815_TypG7_Mag7.28,"hms_tuple(h=16.0, m=18.0, s=19.85576966667793)","dms_tuple(d=6.0, m=2.0, s=50.92126582258658)",244.582732,16.305515,6.047478
79619,147044,,16.301634,34.482764,37.7786,0.0,7.5,4.614,G0,0.631,CrB,1.243,198,450.03925321819855,HD147044_TypG0_Mag7.5,"hms_tuple(h=16.0, m=18.0, s=28.38620435221742)","dms_tuple(d=34.0, m=27.0, s=5.925114883247602)",244.618276,16.307885,34.451646
79639,146791,Yed Posterior,16.305358,-4.692511,32.6371,-7.7,3.23,0.661,G8III,0.966,Oph,47.381,7,10.401243886543316,HD146791_TypG8_Mag3.23,"hms_tuple(h=16.0, m=18.0, s=37.9087638314428)","dms_tuple(d=-4.0, m=-43.0, s=-24.920517607096997)",244.657953,16.31053,-4.723589
79646,147025,,16.306571,25.896685,135.6852,-9.2,6.7,1.037,G8III,0.882,Her,33.512,108,222.1820255290352,HD147025_TypG8_Mag6.7,"hms_tuple(h=16.0, m=18.0, s=44.278305435193204)","dms_tuple(d=25.0, m=51.0, s=56.078504670784355)",244.684493,16.3123,25.865577
79703,146775,,16.319008,-28.293883,39.9361,-31.1,7.68,4.673,G5V,0.616,Sco,1.177,227,527.4997120883073,HD146775_TypG5_Mag7.68,"hms_tuple(h=16.0, m=19.0, s=29.509496136448945)","dms_tuple(d=-28.0, m=-19.0, s=-29.774003224387116)",244.872956,16.324864,-28.324937
79705,146949,,16.319281,-6.876306,151.7451,0.0,6.88,0.974,G5,1.09,Oph,35.514,123,260.4238489413245,HD146949_TypG5_Mag6.88,"hms_tuple(h=16.0, m=19.0, s=28.10399453654412)","dms_tuple(d=-6.0, m=-54.0, s=-26.575283995697276)",244.8671,16.324473,-6.907382
79732,147062,,16.323863,5.538114,69.0131,0.0,7.59,3.395,G0,0.626,Her,3.819,212,487.2325692121131,HD147062_TypG0_Mag7.59,"hms_tuple(h=16.0, m=19.0, s=44.54956928385968)","dms_tuple(d=5.0, m=30.0, s=25.295855565704528)",244.935623,16.329042,5.507027
79733,147249,,16.324611,34.262874,591.716,0.0,7.97,-0.891,G5,0.944,CrB,197.879,284,681.3080354866522,HD147249_TypG5_Mag7.97,"hms_tuple(h=16.0, m=19.0, s=51.04447506423696)","dms_tuple(d=34.0, m=13.0, s=54.32217214422906)",244.962685,16.330846,34.231756
79736,146835,,16.325421,-30.901869,100000.0,0.0,7.29,-12.71,G1/G2,0.585,Sco,10568175.092,169,373.9239290957076,HD146835_TypG1_Mag7.29,"hms_tuple(h=16.0, m=19.0, s=53.149290638447724)","dms_tuple(d=-30.0, m=-55.0, s=-58.512285072711734)",244.971455,16.33143,-30.93292
79770,146817,,16.333218,-40.818236,50.2765,0.0,7.72,4.213,G3/G5V,0.666,Sco,1.798,234,546.4485785781236,HD146817_TypG3_Mag7.72,"hms_tuple(h=16.0, m=20.0, s=24.11668889240417)","dms_tuple(d=-40.0, m=-50.0, s=-57.38363698300191)",245.100486,16.340032,-40.849273
79778,147266,,16.334521,21.13261,98.1354,-25.0,6.04,1.081,G8II,0.938,Her,32.181,65,124.11155185705773,HD147266_TypG8_Mag6.04,"hms_tuple(h=16.0, m=20.0, s=24.16609926073221)","dms_tuple(d=21.0, m=6.0, s=5.427085883071356)",245.100692,16.340046,21.101508
79802,147764,,16.338798,59.770809,266.6667,0.0,7.55,0.42,G5,1.044,Dra,59.156,206,470.3371004243402,HD147764_TypG5_Mag7.55,"hms_tuple(h=16.0, m=20.0, s=56.49682578379469)","dms_tuple(d=59.0, m=44.0, s=22.694045028374035)",245.235403,16.349027,59.739637
79867,147748,,16.352359,51.48855,320.5128,-19.0,7.93,0.401,G5,1.267,Dra,60.2,275,657.682729265769,HD147748_TypG5_Mag7.93,"hms_tuple(h=16.0, m=21.0, s=38.2738813880502)","dms_tuple(d=51.0, m=27.0, s=26.647807354045767)",245.409475,16.360632,51.457402
79969,147225,,16.374741,-43.912051,289.0173,-11.0,5.89,-1.415,G2Ib,1.121,Nor,320.627,58,108.72656802009573,HD147225_TypG2_Mag5.89,"hms_tuple(h=16.0, m=22.0, s=54.83977642749835)","dms_tuple(d=-43.0, m=-56.0, s=-35.09902597067139)",245.728499,16.3819,-43.943083
79975,147512,,16.375756,-4.249244,27.571,0.0,7.34,5.138,G0,0.718,Oph,0.767,175,390.78879304975095,HD147512_TypG0_Mag7.34,"hms_tuple(h=16.0, m=22.0, s=51.33022508566995)","dms_tuple(d=-4.0, m=-16.0, s=-49.1607796458284)",245.713876,16.380925,-4.280322
80029,149502,,16.38595,80.351364,208.3333,0.0,7.73,1.136,G5,1.003,UMi,30.591,236,551.2912113423957,HD149502_TypG5_Mag7.73,"hms_tuple(h=16.0, m=24.0, s=59.78211331541189)","dms_tuple(d=80.0, m=19.0, s=11.912871861492249)",246.249092,16.416606,80.319976
80062,147417,,16.394424,-41.074058,645.1613,0.0,7.39,-1.658,G3IIICN...,1.661,Sco,401.051,182,408.41430272357115,HD147417_TypG3_Mag7.39,"hms_tuple(h=16.0, m=24.0, s=4.553613152807259)","dms_tuple(d=-41.0, m=-6.0, s=-18.341365730040025)",246.018973,16.401265,-41.105095
80068,148374,,16.396437,61.696461,155.2795,-24.0,5.67,-0.286,G8III,0.956,Dra,113.344,49,89.5440584804197,HD148374_TypG8_Mag5.67,"hms_tuple(h=16.0, m=24.0, s=26.27116781528599)","dms_tuple(d=61.0, m=39.0, s=55.01485827398426)",246.109463,16.407298,61.665282
80088,148387,Athebyne,16.39986,61.514213,28.2326,-13.7,2.73,0.476,G8III,0.91,Dra,56.182,5,6.691089803285516,HD148387_TypG8_Mag2.73,"hms_tuple(h=16.0, m=24.0, s=38.364882564221716)","dms_tuple(d=61.0, m=28.0, s=58.924694743403165)",246.159854,16.410657,61.483035
80091,147952,,16.400163,19.634561,275.4821,0.0,7.84,0.64,G5,0.774,Her,48.306,257,607.4779541357369,HD147952_TypG5_Mag7.84,"hms_tuple(h=16.0, m=24.0, s=20.28530362056017)","dms_tuple(d=19.0, m=36.0, s=12.456272644684816)",246.084522,16.405635,19.60346
80094,147513,,16.400355,-39.19298,12.7779,17.0,5.37,4.838,G3/G5V,0.625,Sco,1.011,39,68.72009034272482,HD147513_TypG3_Mag5.37,"hms_tuple(h=16.0, m=24.0, s=25.232070148891808)","dms_tuple(d=-39.0, m=-13.0, s=-26.471127288673983)",246.105134,16.407009,-39.22402
80117,148195,,16.404462,45.944459,83.682,0.0,7.91,3.297,G5,0.807,Her,4.18,271,646.179090335777,HD148195_TypG5_Mag7.91,"hms_tuple(h=16.0, m=24.0, s=42.734907544747216)","dms_tuple(d=45.0, m=54.0, s=47.96206300954452)",246.178062,16.411871,45.913323
80156,147722,,16.411046,-29.704663,33.0907,-0.2,5.4,2.801,G0,0.625,Sco,6.601,40,70.56332339510645,HD147722_TypG0_Mag5.4,"hms_tuple(h=16.0, m=25.0, s=1.1363743295007112)","dms_tuple(d=-29.0, m=-44.0, s=-8.57595364354097)",246.254735,16.416982,-29.735716
80183,148365,,16.416619,50.452059,263.8522,-43.0,7.79,0.683,G6III,1.031,Her,46.43,247,581.2616622824664,HD148365_TypG6_Mag7.79,"hms_tuple(h=16.0, m=25.0, s=28.953320569681296)","dms_tuple(d=50.0, m=25.0, s=15.288765062450693)",246.370639,16.424709,50.420914
80207,148346,,16.421996,45.378602,145.3488,0.0,7.75,1.938,G5,0.85,Her,14.615,240,561.1056035680328,HD148346_TypG5_Mag7.75,"hms_tuple(h=16.0, m=25.0, s=45.589385313074615)","dms_tuple(d=45.0, m=20.0, s=50.88065634513157)",246.439956,16.42933,45.347467
80222,148147,,16.424139,17.302928,107.0664,-31.2,7.98,2.832,G0,0.619,Her,6.415,286,687.3457941057625,HD148147_TypG0_Mag7.98,"hms_tuple(h=16.0, m=25.0, s=46.33341803128843)","dms_tuple(d=17.0, m=16.0, s=18.585966766621596)",246.443056,16.429537,17.271829
80243,147873,,16.42921,-33.567121,104.9318,0.0,7.96,2.855,G1V,0.575,Sco,6.281,282,675.323313533301,HD147873_TypG1_Mag7.96,"hms_tuple(h=16.0, m=26.0, s=7.4346139633257735)","dms_tuple(d=-33.0, m=-35.0, s=-53.407261304968756)",246.530978,16.435399,-33.598169
80247,147936,,16.430171,-29.918401,88.0282,0.0,7.61,2.887,G6IV/V,0.792,Sco,6.098,216,495.90655392467346,HD147936_TypG6_Mag7.61,"hms_tuple(h=16.0, m=26.0, s=10.032159421579365)","dms_tuple(d=-29.0, m=-56.0, s=-58.03182241696106)",246.541801,16.43612,-29.949453
80271,148228,,16.436496,11.407493,109.4092,-21.0,6.11,0.915,G8III,1.065,Her,37.497,68,132.01843644392628,HD148228_TypG8_Mag6.11,"hms_tuple(h=16.0, m=26.0, s=30.3142225831715)","dms_tuple(d=11.0, m=22.0, s=35.04057369214124)",246.626309,16.441754,11.3764
80300,148317,,16.444224,15.972638,79.6178,-37.0,6.7,2.195,G0III,0.647,Her,11.535,108,222.1820255290352,HD148317_TypG0_Mag6.7,"hms_tuple(h=16.0, m=26.0, s=58.50531206725208)","dms_tuple(d=15.0, m=56.0, s=29.546715579664493)",246.743772,16.449585,15.941541
80315,148287,,16.447243,2.347944,142.8571,4.0,6.06,0.285,G8III,0.919,Oph,66.988,66,126.32105461095017,HD148287_TypG8_Mag6.06,"hms_tuple(h=16.0, m=27.0, s=8.646704091633524)","dms_tuple(d=2.0, m=19.0, s=0.6943645551410782)",246.786028,16.452402,2.31686
80435,148156,,16.471464,-46.317624,51.5996,0.0,7.69,4.127,G1V,0.56,Nor,1.946,229,532.1744198083834,HD148156_TypG1_Mag7.69,"hms_tuple(h=16.0, m=28.0, s=44.15375738560215)","dms_tuple(d=-46.0, m=-20.0, s=-55.145964985277374)",247.183974,16.478932,-46.348652
80458,148619,,16.477191,19.018629,336.7003,0.0,7.25,-0.386,G5IV,0.918,Her,124.28,164,360.95759541392204,HD148619_TypG5_Mag7.25,"hms_tuple(h=16.0, m=28.0, s=57.5121036801076)","dms_tuple(d=18.0, m=59.0, s=15.103339172229937)",247.239634,16.482642,18.987529
80465,148880,,16.478731,51.407738,129.8701,-16.0,6.31,0.742,G9III,1.052,Dra,43.974,80,157.49615413316394,HD148880_TypG9_Mag6.31,"hms_tuple(h=16.0, m=29.0, s=13.160477317996424)","dms_tuple(d=51.0, m=22.0, s=35.72528844498663)",247.304835,16.486989,51.37659
80493,149222,,16.483673,64.786727,63.3714,-33.5,7.68,3.671,G0,0.585,Dra,2.962,227,527.4997120883073,HD149222_TypG0_Mag7.68,"hms_tuple(h=16.0, m=29.0, s=44.734072871836474)","dms_tuple(d=64.0, m=45.0, s=19.922438043209922)",247.436392,16.495759,64.755534
80521,148683,,16.490295,10.592043,218.8184,-14.0,7.6,0.9,G5III,0.93,Her,38.019,214,491.5504291096121,HD148683_TypG5_Mag7.6,"hms_tuple(h=16.0, m=29.0, s=43.938480877631605)","dms_tuple(d=10.0, m=33.0, s=39.42334718726357)",247.433077,16.495538,10.560951
80532,148668,,16.492962,4.575962,176.3668,0.0,7.72,1.488,G5,0.971,Her,22.121,234,546.4485785781236,HD148668_TypG5_Mag7.72,"hms_tuple(h=16.0, m=29.0, s=53.27845662766521)","dms_tuple(d=4.0, m=32.0, s=41.55183395740892)",247.471994,16.498133,4.544876
80539,148577,,16.495345,-18.68079,54.0833,0.0,7.93,4.265,G5V,0.664,Sco,1.714,275,657.682729265769,HD148577_TypG5_Mag7.93,"hms_tuple(h=16.0, m=30.0, s=2.834294865864706)","dms_tuple(d=-18.0, m=-42.0, s=-42.67682147448568)",247.51181,16.500787,-18.711855
80548,148604,,16.496367,-14.550879,91.3242,-31.0,5.66,0.857,G5III/IV,0.823,Oph,39.555,48,88.75748872831454,HD148604_TypG5_Mag5.66,"hms_tuple(h=16.0, m=30.0, s=6.095556711619565)","dms_tuple(d=-14.0, m=-34.0, s=-55.011977702386474)",247.525398,16.501693,-14.581948
80570,148856,Kornephoros,16.503668,21.489613,42.6621,-26.0,2.78,-0.37,G8III,0.947,Her,122.462,5,6.992873964330243,HD148856_TypG8_Mag2.78,"hms_tuple(h=16.0, m=30.0, s=33.143628577020934)","dms_tuple(d=21.0, m=27.0, s=30.63653810288855)",247.638098,16.509207,21.45851
80572,149105,,16.504162,47.952379,52.7426,-46.4,6.98,3.369,G0V,0.582,Her,3.912,133,284.4450873609016,HD149105_TypG0_Mag6.98,"hms_tuple(h=16.0, m=30.0, s=42.67354821817264)","dms_tuple(d=47.0, m=55.0, s=16.459949293954423)",247.677806,16.511854,47.921239
80581,149025,,16.506268,40.736663,87.0322,0.0,7.88,3.182,G0,0.584,Her,4.647,265,629.299802346522,HD149025_TypG0_Mag7.88,"hms_tuple(h=16.0, m=30.0, s=47.043666060454825)","dms_tuple(d=40.0, m=42.0, s=19.928785331892414)",247.696015,16.513068,40.705536
80585,148729,,16.507118,-10.441385,53.5906,21.3,7.47,3.825,G0,0.609,Oph,2.57,194,438.2834686761904,HD148729_TypG0_Mag7.47,"hms_tuple(h=16.0, m=30.0, s=44.49586935398173)","dms_tuple(d=-10.0, m=-28.0, s=-20.847720584676637)",247.685399,16.51236,-10.472458
80597,148897,,16.50932,20.479188,192.6782,19.0,5.24,-1.184,G8p,1.274,Her,259.179,35,61.27322402649,HD148897_TypG8_Mag5.24,"hms_tuple(h=16.0, m=30.0, s=53.356630400128324)","dms_tuple(d=20.0, m=26.0, s=53.11033608255485)",247.722319,16.514821,20.448086
80601,149082,,16.510252,43.545362,204.0816,0.0,7.65,1.101,G5,0.724,Her,31.594,222,513.7205296793568,HD149082_TypG5_Mag7.65,"hms_tuple(h=16.0, m=31.0, s=2.495507711703624)","dms_tuple(d=43.0, m=30.0, s=51.22844481954587)",247.760398,16.51736,43.51423
80647,148786,,16.518991,-16.612733,74.6826,-34.0,4.29,-0.076,G8/K0III,0.924,Oph,93.411,17,26.50041849290528,HD148786_TypG8_Mag4.29,"hms_tuple(h=16.0, m=31.0, s=27.73577379583344)","dms_tuple(d=-16.0, m=-38.0, s=-37.679090206334536)",247.865566,16.524371,-16.6438
80648,148672,,16.519656,-34.332802,179.2115,0.0,6.94,0.673,G8III,0.962,Sco,46.86,129,274.581557295345,HD148672_TypG8_Mag6.94,"hms_tuple(h=16.0, m=31.0, s=33.241798377280816)","dms_tuple(d=-34.0, m=-21.0, s=-49.85521101038955)",247.888507,16.5259,-34.363849
80655,150706,,16.521479,79.789775,28.2247,-16.9,7.01,4.757,G0,0.607,UMi,1.089,136,292.07456782282145,HD150706_TypG0_Mag7.01,"hms_tuple(h=16.0, m=33.0, s=1.6943520798645295)","dms_tuple(d=79.0, m=45.0, s=30.25404760870174)",248.25706,16.550471,79.758404
80670,149067,,16.523589,25.841535,386.1004,-7.1,7.97,0.036,G8II,1.009,Her,84.256,284,681.3080354866522,HD149067_TypG8_Mag7.97,"hms_tuple(h=16.0, m=31.0, s=45.533495387585674)","dms_tuple(d=25.0, m=48.0, s=37.53872784240542)",247.939723,16.529315,25.810427
80681,148979,,16.525173,8.2941,77.821,4.0,6.97,2.515,G5,0.904,Her,8.59,132,281.9464748828664,HD148979_TypG5_Mag6.97,"hms_tuple(h=16.0, m=31.0, s=49.37418474241127)","dms_tuple(d=8.0, m=15.0, s=46.83628791660084)",247.955726,16.530382,8.26301
80713,149142,,16.531756,26.0319,239.8082,38.3,7.73,0.831,G8III,0.979,Her,40.514,236,551.2912113423957,HD149142_TypG8_Mag7.73,"hms_tuple(h=16.0, m=32.0, s=14.967986018817498)","dms_tuple(d=26.0, m=0.0, s=2.8519566225043036)",248.062367,16.537491,26.000792
80754,149379,,16.542543,40.113365,456.621,0.0,7.3,-0.998,G5,0.803,Her,218.374,170,377.23764669214916,HD149379_TypG5_Mag7.3,"hms_tuple(h=16.0, m=32.0, s=57.40812127436811)","dms_tuple(d=40.0, m=4.0, s=56.05950785885966)",248.239201,16.54928,40.082239
80775,149143,Rosalíadecastro,16.547514,2.084832,62.0347,0.0,7.89,3.927,G0,0.68,Oph,2.34,267,634.876663483802,HD149143_TypG0_Mag7.89,"hms_tuple(h=16.0, m=33.0, s=9.619049946914231)","dms_tuple(d=2.0, m=3.0, s=13.49202829026435)",248.290079,16.552672,2.053748
80781,149522,,16.549085,50.142109,130.2083,0.0,6.82,1.247,G5,0.912,Her,27.618,118,246.99612663521023,HD149522_TypG5_Mag6.82,"hms_tuple(h=16.0, m=33.0, s=25.64198783300327)","dms_tuple(d=50.0, m=6.0, s=39.47125161242241)",248.356842,16.557123,50.110964
80786,149199,,16.550182,6.611279,158.2278,0.0,7.64,1.644,G5,1.147,Her,19.16,221,509.2079239683959,HD149199_TypG5_Mag7.64,"hms_tuple(h=16.0, m=33.0, s=19.334976487907056)","dms_tuple(d=6.0, m=34.0, s=48.686298205046796)",248.330562,16.555371,6.580191
80800,149123,,16.553397,-12.798888,110.742,0.0,7.63,2.408,G8IV,0.98,Oph,9.48,219,504.73495772895257,HD149123_TypG8_Mag7.63,"hms_tuple(h=16.0, m=33.0, s=31.261084484391404)","dms_tuple(d=-12.0, m=-49.0, s=-47.85046285497842)",248.380255,16.558684,-12.829958
80885,149719,,16.569187,50.9689,163.3987,0.0,7.91,1.844,G5,0.9,Her,15.937,271,646.179090335777,HD149719_TypG5_Mag7.91,"hms_tuple(h=16.0, m=34.0, s=38.520647883256345)","dms_tuple(d=50.0, m=56.0, s=15.912145493677485)",248.660503,16.577367,50.937753
80909,150902,,16.575062,77.653949,297.619,0.0,7.93,0.562,G5,1.073,UMi,51.904,275,657.682729265769,HD150902_TypG5_Mag7.93,"hms_tuple(h=16.0, m=35.0, s=56.79598346961825)","dms_tuple(d=77.0, m=37.0, s=21.464112116528895)",248.98665,16.59911,77.622629
81042,150030,,16.603113,46.613333,306.7485,-15.0,5.83,-1.604,G8II,1.044,Her,381.593,55,103.12051401004337,HD150030_TypG8_Mag5.83,"hms_tuple(h=16.0, m=36.0, s=38.20573885677817)","dms_tuple(d=46.0, m=34.0, s=55.90387803858391)",249.159191,16.610613,46.582196
81100,149724,,16.613488,-6.294303,55.3403,0.0,7.85,4.135,G5,0.783,Oph,1.932,259,612.8614298360975,HD149724_TypG5_Mag7.85,"hms_tuple(h=16.0, m=37.0, s=7.2271830339462895)","dms_tuple(d=-6.0, m=-19.0, s=-31.3664174798339)",249.280113,16.618674,-6.32538
81159,150086,,16.626893,28.836118,275.4821,1.1,7.66,0.46,G8III,0.94,Her,57.016,224,518.2731261472211,HD150086_TypG8_Mag7.66,"hms_tuple(h=16.0, m=37.0, s=57.99187885732124)","dms_tuple(d=28.0, m=48.0, s=18.025089785134867)",249.491633,16.632776,28.805007
81179,151623,,16.631332,78.918667,134.2282,-20.9,6.33,0.691,G9III,1.141,UMi,46.089,81,160.2999881121757,HD151623_TypG9_Mag6.33,"hms_tuple(h=16.0, m=39.0, s=29.07490622206609)","dms_tuple(d=78.0, m=53.0, s=14.348571272473691)",249.871145,16.658076,78.887319
81210,150205,,16.637828,29.672488,62.9723,26.2,7.5,3.504,G5V,0.73,Her,3.455,198,450.03925321819855,HD150205_TypG5_Mag7.5,"hms_tuple(h=16.0, m=38.0, s=37.531522302812164)","dms_tuple(d=29.0, m=38.0, s=28.953490085033877)",249.656381,16.643759,29.641376
81227,150122,,16.641661,12.66224,58.8582,0.0,7.66,3.811,G0,0.621,Her,2.604,224,518.2731261472211,HD150122_TypG0_Mag7.66,"hms_tuple(h=16.0, m=38.0, s=48.99657068607553)","dms_tuple(d=12.0, m=37.0, s=52.12547450361626)",249.704152,16.646943,12.631146
81242,150066,,16.644636,-1.183809,163.6661,0.0,7.94,1.87,G5,1.043,Oph,15.56,277,663.5111201850515,HD150066_TypG5_Mag7.94,"hms_tuple(h=16.0, m=38.0, s=59.250494706914196)","dms_tuple(d=-1.0, m=-12.0, s=-53.604853665268166)",249.746877,16.649792,-1.21489
81266,150256,,16.650505,21.687946,139.8601,0.0,7.95,2.222,G0,0.61,Her,11.251,280,669.391162362906,HD150256_TypG0_Mag7.95,"hms_tuple(h=16.0, m=39.0, s=21.784115058810585)","dms_tuple(d=21.0, m=39.0, s=24.634586493866664)",249.840767,16.656051,21.656843
81302,149981,,16.655756,-30.464746,98.1354,0.0,7.59,2.631,G2/G3V,0.611,Sco,7.72,212,487.2325692121131,HD149981_TypG2_Mag7.59,"hms_tuple(h=16.0, m=39.0, s=42.257457324088534)","dms_tuple(d=-30.0, m=-29.0, s=-44.87142371147911)",249.926073,16.661738,-30.495798
81370,150090,,16.670257,-33.743574,769.2308,0.0,6.55,-2.88,G8Ib,1.208,Sco,1235.947,96,194.64013421851007,HD150090_TypG8_Mag6.55,"hms_tuple(h=16.0, m=40.0, s=35.24959537276686)","dms_tuple(d=-33.0, m=-46.0, s=-28.63722589264853)",250.146873,16.676458,-33.774621
81371,150146,,16.670353,-26.322186,217.3913,0.0,7.91,1.224,G8III,1.141,Sco,28.21,271,646.179090335777,HD150146_TypG8_Mag7.91,"hms_tuple(h=16.0, m=40.0, s=33.979711515178224)","dms_tuple(d=-26.0, m=-21.0, s=-11.672995439553233)",250.141582,16.676105,-26.353242
81389,151286,,16.67717,70.570825,271.0027,0.0,7.94,0.775,G5,0.974,Dra,42.658,277,663.5111201850515,HD151286_TypG5_Mag7.94,"hms_tuple(h=16.0, m=41.0, s=33.51204263070514)","dms_tuple(d=70.0, m=32.0, s=22.542021128463148)",250.389634,16.692642,70.539595
81431,150433,,16.685615,-2.857277,29.5683,-40.1,7.21,4.856,G0,0.631,Oph,0.994,159,348.44088743422355,HD150433_TypG0_Mag7.21,"hms_tuple(h=16.0, m=41.0, s=26.794326478843686)","dms_tuple(d=-2.0, m=-53.0, s=-18.08416062729563)",250.361643,16.690776,-2.888357
81473,150416,,16.692884,-17.742167,126.4223,-22.1,4.91,-0.599,G8II/III,1.095,Oph,151.217,27,45.795454590658096,HD150416_TypG8_Mag4.91,"hms_tuple(h=16.0, m=41.0, s=53.86918624854303)","dms_tuple(d=-17.0, m=-46.0, s=-23.637432633636877)",250.474455,16.698297,-17.773233
81490,150331,,16.695961,-33.145759,86.881,-8.0,5.84,1.145,G1II,0.653,Sco,30.339,56,104.0343690357312,HD150331_TypG1_Mag5.84,"hms_tuple(h=16.0, m=42.0, s=7.630493091830033)","dms_tuple(d=-33.0, m=-10.0, s=-36.50604250112224)",250.531794,16.70212,-33.176807
81495,150248,,16.697163,-45.368728,26.6383,65.9,7.03,4.902,G3V,0.653,Sco,0.953,138,297.27424144135534,HD150248_TypG3_Mag7.03,"hms_tuple(h=16.0, m=42.0, s=16.215010197652475)","dms_tuple(d=-45.0, m=-23.0, s=-59.12678231922655)",250.567563,16.704504,-45.399757
81510,151085,,16.700246,57.184937,331.1258,0.0,7.96,0.36,G5,0.912,Dra,62.517,282,675.323313533301,HD151085_TypG5_Mag7.96,"hms_tuple(h=16.0, m=42.0, s=35.09874148018241)","dms_tuple(d=57.0, m=9.0, s=13.585846928677938)",250.646245,16.70975,57.153774
81516,150437,,16.702029,-29.124995,52.0291,12.5,7.84,4.259,G5V,0.683,Sco,1.723,257,607.4779541357369,HD150437_TypG5_Mag7.84,"hms_tuple(h=16.0, m=42.0, s=28.553464288647774)","dms_tuple(d=-29.0, m=-9.0, s=-21.77365938728201)",250.618973,16.707932,-29.156048
81552,150420,,16.708082,-37.079353,94.7867,0.0,6.47,1.586,G3III,0.776,Sco,20.212,90,181.37534353960828,HD150420_TypG3_Mag6.47,"hms_tuple(h=16.0, m=42.0, s=52.36456636684778)","dms_tuple(d=-37.0, m=-6.0, s=-37.42513968306241)",250.718186,16.714546,-37.110396
81568,150474,,16.712958,-37.342515,48.8759,0.0,7.16,3.715,G8V,0.78,Sco,2.844,153,333.40358783117154,HD150474_TypG8_Mag7.16,"hms_tuple(h=16.0, m=43.0, s=9.99955626225784)","dms_tuple(d=-37.0, m=-22.0, s=-24.806978514813522)",250.791665,16.719444,-37.373557
81582,150997,,16.714933,38.922254,33.3111,8.0,3.48,0.867,G8III-IV,0.916,Her,39.192,9,12.968193745507708,HD150997_TypG8_Mag3.48,"hms_tuple(h=16.0, m=43.0, s=17.60020278857695)","dms_tuple(d=38.0, m=53.0, s=28.066463703036675)",250.823334,16.721556,38.89113
81629,150933,,16.725026,20.716113,44.0723,0.0,7.19,3.969,G2V,0.573,Her,2.251,156,342.3462494285041,HD150933_TypG2_Mag7.19,"hms_tuple(h=16.0, m=43.0, s=49.92898187051907)","dms_tuple(d=20.0, m=41.0, s=6.039450107201958)",250.958037,16.730536,20.685011
81631,150784,,16.725819,-8.118379,306.7485,0.0,7.81,0.376,G5,1.159,Oph,61.603,251,591.6096051155723,HD150784_TypG5_Mag7.81,"hms_tuple(h=16.0, m=43.0, s=51.6944259732864)","dms_tuple(d=-8.0, m=-8.0, s=-58.033941214959555)",250.965393,16.731026,-8.149454
81659,150698,,16.730954,-26.808945,46.4468,0.0,6.72,3.385,G2/G3V,0.674,Sco,3.855,109,226.137433304753,HD150698_TypG2_Mag6.72,"hms_tuple(h=16.0, m=44.0, s=12.23158773724208)","dms_tuple(d=-26.0, m=-50.0, s=-24.003399831148897)",251.050965,16.736731,-26.840001
81706,150647,,16.742714,-46.785959,813.0081,0.0,7.99,-1.56,G8III,1.041,Ara,366.438,288,693.4370594020932,HD150647_TypG8_Mag7.99,"hms_tuple(h=16.0, m=45.0, s=0.8869994473826637)","dms_tuple(d=-46.0, m=-49.0, s=-1.148715046858797)",251.253696,16.750246,-46.816986
81740,151090,,16.749996,6.088161,45.8716,-5.7,6.55,3.242,G5,0.89,Her,4.397,96,194.64013421851007,HD151090_TypG5_Mag6.55,"hms_tuple(h=16.0, m=45.0, s=18.64650100110765)","dms_tuple(d=6.0, m=3.0, s=25.4632340167295)",251.327694,16.75518,6.057073
81816,151428,,16.76338,35.630765,58.8235,3.0,7.33,3.482,G0,0.51,Her,3.525,174,387.3560399526628,HD151428_TypG0_Mag7.33,"hms_tuple(h=16.0, m=46.0, s=10.990070621792256)","dms_tuple(d=35.0, m=35.0, s=58.72310273859398)",251.545792,16.769719,35.599645
81829,153751,,16.766159,82.037262,93.1966,-11.0,4.21,-0.637,G5IIIvar,0.897,UMi,156.603,16,24.69440605038889,HD153751_TypG5_Mag4.21,"hms_tuple(h=16.0, m=48.0, s=11.60625075461013)","dms_tuple(d=82.0, m=0.0, s=20.909375683891085)",252.048359,16.803224,82.005808
81856,151269,,16.771615,3.849298,213.2196,0.0,7.91,1.266,G5,1.022,Her,27.139,271,646.179090335777,HD151269_TypG5_Mag7.91,"hms_tuple(h=16.0, m=46.0, s=36.412003395332135)","dms_tuple(d=3.0, m=49.0, s=5.563828717673118)",251.651717,16.776781,3.818212
81874,151331,,16.777194,2.323377,125.4705,0.0,7.9,2.407,G5,0.975,Oph,9.489,269,640.5029468202126,HD151331_TypG5_Mag7.9,"hms_tuple(h=16.0, m=46.0, s=56.46998362356982)","dms_tuple(d=2.0, m=17.0, s=32.253245215874244)",251.735292,16.782353,2.292293
81897,151222,,16.782524,-20.103878,182.1494,0.0,7.71,1.408,G8III/IV,1.115,Oph,23.812,233,541.648484297334,HD151222_TypG8_Mag7.71,"hms_tuple(h=16.0, m=47.0, s=16.851049537219183)","dms_tuple(d=-20.0, m=-8.0, s=-5.788376224273577)",251.820213,16.788014,-20.134941
81923,153448,,16.789246,80.117868,245.098,0.0,7.94,0.993,G5,0.942,UMi,34.898,277,663.5111201850515,HD153448_TypG5_Mag7.94,"hms_tuple(h=16.0, m=49.0, s=9.073430398098594)","dms_tuple(d=80.0, m=5.0, s=11.353712410203798)",252.287806,16.819187,80.086487
81933,151625,,16.790243,28.398673,120.6273,-41.4,7.96,2.553,G0IV,0.675,Her,8.295,282,675.323313533301,HD151625_TypG0_Mag7.96,"hms_tuple(h=16.0, m=47.0, s=45.96395860878488)","dms_tuple(d=28.0, m=22.0, s=3.2249495122388794)",251.941516,16.796101,28.367562
81976,151348,,16.798906,-28.957094,100000.0,0.0,7.73,-12.27,G8III+...,0.784,Sco,7046930.69,236,551.2912113423957,HD151348_TypG8_Mag7.73,"hms_tuple(h=16.0, m=48.0, s=17.27607379557668)","dms_tuple(d=-28.0, m=-59.0, s=-17.33077987966908)",252.071984,16.804799,-28.988147
81980,152084,,16.800254,57.489272,218.8184,0.0,7.06,0.36,G5,0.951,Dra,62.517,142,305.2478297284723,HD152084_TypG5_Mag7.06,"hms_tuple(h=16.0, m=48.0, s=35.41185355162611)","dms_tuple(d=57.0, m=27.0, s=29.188427650921085)",252.147549,16.809837,57.458108
81981,151450,,16.800511,-15.963953,42.1408,0.0,7.43,4.306,G2V,0.566,Oph,1.65,188,423.08537820947436,HD151450_TypG2_Mag7.43,"hms_tuple(h=16.0, m=48.0, s=21.143667262952874)","dms_tuple(d=-15.0, m=-59.0, s=-42.07339924047474)",252.088099,16.805873,-15.99502
81989,151627,,16.802467,13.590296,220.7506,1.0,6.38,-0.34,G5III,0.877,Her,119.124,84,167.52990115327088,HD151627_TypG5_Mag6.38,"hms_tuple(h=16.0, m=48.0, s=27.969960933630205)","dms_tuple(d=13.0, m=33.0, s=33.1238676513469)",252.116542,16.807769,13.559201
81999,151618,,16.805609,2.737949,126.5823,0.0,7.99,2.478,G5,0.721,Oph,8.888,288,693.4370594020932,HD151618_TypG5_Mag7.99,"hms_tuple(h=16.0, m=48.0, s=38.76985062774139)","dms_tuple(d=2.0, m=42.0, s=24.71108365857731)",252.161541,16.810769,2.706864
82008,151528,,16.807866,-16.334537,36.6032,0.0,7.62,4.802,G8V,0.767,Oph,1.045,217,500.3012827613783,HD151528_TypG8_Mag7.62,"hms_tuple(h=16.0, m=48.0, s=47.65792919238805)","dms_tuple(d=-16.0, m=-21.0, s=-56.17448219427473)",252.198575,16.813238,-16.365604
82037,151655,,16.814286,-4.515669,65.8762,0.0,7.11,3.016,G5,0.764,Oph,5.415,147,319.0152372679894,HD151655_TypG5_Mag7.11,"hms_tuple(h=16.0, m=49.0, s=10.044904975987947)","dms_tuple(d=-4.0, m=-32.0, s=-48.28990110380175)",252.291854,16.819457,-4.546747
82039,152274,,16.814587,59.503357,240.9639,0.0,7.65,0.74,G5,1.014,Dra,44.055,222,513.7205296793568,HD152274_TypG5_Mag7.65,"hms_tuple(h=16.0, m=49.0, s=29.04533575626317)","dms_tuple(d=59.0, m=28.0, s=19.870269985234472)",252.371022,16.824735,59.472186
82121,151879,,16.832815,9.421324,247.5248,-26.4,6.91,-0.058,G5,0.903,Her,91.876,126,267.409023780344,HD151879_TypG5_Mag6.91,"hms_tuple(h=16.0, m=50.0, s=16.942760098095277)","dms_tuple(d=9.0, m=23.0, s=24.83890366143882)",252.570595,16.83804,9.390233
82133,152032,,16.834467,26.209148,235.8491,-22.5,7.28,0.417,G8II-III,0.953,Her,59.32,168,370.63931974020056,HD152032_TypG8_Mag7.28,"hms_tuple(h=16.0, m=50.0, s=24.758885120132845)","dms_tuple(d=26.0, m=10.0, s=40.94403629286063)",252.603162,16.840211,26.17804
82136,151798,,16.834768,-12.387458,42.1053,-19.1,7.95,4.828,G3V,0.627,Oph,1.02,280,669.391162362906,HD151798_TypG3_Mag7.95,"hms_tuple(h=16.0, m=50.0, s=24.166100142177527)","dms_tuple(d=-12.0, m=-25.0, s=-6.7038791770357875)",252.600692,16.840046,-12.418529
82171,151759,,16.844389,-31.636419,529.1005,0.0,7.91,-0.708,G8III,1.078,Sco,167.186,271,646.179090335777,HD151759_TypG8_Mag7.91,"hms_tuple(h=16.0, m=51.0, s=1.6033858995379546)","dms_tuple(d=-31.0, m=-40.0, s=-2.8889869962327452)",252.756681,16.850445,-31.667469
82212,152377,,16.852437,42.080332,119.9041,0.0,7.68,2.286,G0,0.637,Her,10.607,227,527.4997120883073,HD152377_TypG0_Mag7.68,"hms_tuple(h=16.0, m=51.0, s=33.76307098099517)","dms_tuple(d=42.0, m=2.0, s=57.12936162737378)",252.890679,16.859379,42.049203
82217,152264,,16.853581,29.571076,69.0608,-28.2,7.72,3.524,G0V,0.583,Her,3.392,234,546.4485785781236,HD152264_TypG0_Mag7.72,"hms_tuple(h=16.0, m=51.0, s=34.22087339759173)","dms_tuple(d=29.0, m=32.0, s=23.87072971010042)",252.892587,16.859506,29.539964
82233,152306,,16.85763,28.121824,222.7171,3.0,7.09,0.351,G2V,0.891,Her,63.038,145,313.4352882448582,HD152306_TypG2_Mag7.09,"hms_tuple(h=16.0, m=51.0, s=48.50252366645492)","dms_tuple(d=28.0, m=5.0, s=26.56971857513213)",252.952094,16.863473,28.090714
82256,152773,,16.863523,59.310378,202.4291,0.0,8.0,1.469,G5,0.849,Dra,22.511,290,699.5823055523535,HD152773_TypG5_Mag8.0,"hms_tuple(h=16.0, m=52.0, s=25.007669692230934)","dms_tuple(d=59.0, m=16.0, s=45.148307755970905)",253.104199,16.873613,59.279208
82313,152040,,16.876682,-37.599416,172.117,0.0,6.71,0.531,G6III,0.891,Sco,53.407,108,224.15100485964183,HD152040_TypG6_Mag6.71,"hms_tuple(h=16.0, m=52.0, s=59.486439309806656)","dms_tuple(d=-37.0, m=-37.0, s=-49.6492404868053)",253.24786,16.883191,-37.630458
82336,152391,,16.883001,-0.026421,17.2503,45.4,6.65,5.466,G8V,0.749,Oph,0.567,104,212.59354781364726,HD152391_TypG8_Mag6.65,"hms_tuple(h=16.0, m=53.0, s=17.360331693114688)","dms_tuple(d=-0.0, m=-3.0, s=-27.01184816499392)",253.322335,16.888156,-0.057503
82353,152448,,16.887457,3.020753,169.2047,0.0,7.75,1.608,G5,0.983,Oph,19.806,240,561.1056035680328,HD152448_TypG5_Mag7.75,"hms_tuple(h=16.0, m=53.0, s=33.42721329700112)","dms_tuple(d=2.0, m=59.0, s=22.804554334139624)",253.38928,16.892619,2.989668
82368,152311,,16.89034,-20.415555,26.9397,-17.0,5.86,3.708,G5IV,0.685,Oph,2.863,56,105.88644663402476,HD152311_TypG5_Mag5.86,"hms_tuple(h=16.0, m=53.0, s=45.02844117432659)","dms_tuple(d=-20.0, m=-26.0, s=-47.82441488527894)",253.437619,16.895841,-20.446618
82383,152792,,16.892306,42.824856,47.9846,7.4,6.81,3.404,G0V,0.631,Her,3.788,117,244.8264719937363,HD152792_TypG0_Mag6.81,"hms_tuple(h=16.0, m=53.0, s=57.58998818063759)","dms_tuple(d=42.0, m=47.0, s=37.41128288302946)",253.489958,16.899331,42.793725
82400,152484,,16.895865,-4.321504,124.8439,45.0,7.57,2.088,G9III,1.118,Oph,12.729,209,478.71030262103807,HD152484_TypG9_Mag7.57,"hms_tuple(h=16.0, m=54.0, s=3.7243965697163617)","dms_tuple(d=-4.0, m=-21.0, s=-9.296541428993308)",253.515518,16.901035,-4.352582
82433,152748,,16.901513,27.591064,246.3054,-17.4,7.99,1.033,G8II,0.97,Her,33.636,288,693.4370594020932,HD152748_TypG8_Mag7.99,"hms_tuple(h=16.0, m=54.0, s=26.378729047386287)","dms_tuple(d=27.0, m=33.0, s=35.83594310672822)",253.609911,16.907327,27.559954
82435,152555,,16.902262,-4.340183,46.729,0.0,7.82,4.472,G0,0.591,Oph,1.416,253,596.8524553483364,HD152555_TypG0_Mag7.82,"hms_tuple(h=16.0, m=54.0, s=26.75405936326939)","dms_tuple(d=-4.0, m=-22.0, s=-16.54087984322203)",253.611475,16.907432,-4.371261
82447,152814,,16.904992,35.128139,96.7118,0.0,7.95,3.023,G0,0.342,Her,5.38,280,669.391162362906,HD152814_TypG0_Mag7.95,"hms_tuple(h=16.0, m=54.0, s=40.65170267963708)","dms_tuple(d=35.0, m=5.0, s=49.27197931513376)",253.669382,16.911292,35.09702
82455,152429,,16.905739,-25.829382,67.0691,0.0,7.21,3.077,G0IV,0.538,Oph,5.119,159,348.44088743422355,HD152429_TypG0_Mag7.21,"hms_tuple(h=16.0, m=54.0, s=41.28220888347926)","dms_tuple(d=-25.0, m=-51.0, s=-37.58059879296752)",253.672009,16.911467,-25.860439
82462,152600,,16.907475,-4.163744,201.6129,0.0,7.58,1.057,G5,1.217,Oph,32.9,211,482.9526381068404,HD152600_TypG5_Mag7.58,"hms_tuple(h=16.0, m=54.0, s=45.5165676745159)","dms_tuple(d=-4.0, m=-11.0, s=-41.36106145245236)",253.689652,16.912643,-4.194823
82497,153344,,16.912832,62.099932,39.3236,-87.1,7.07,4.097,G5IV,0.676,Dra,2.001,143,307.9529390460096,HD153344_TypG5_Mag7.07,"hms_tuple(h=16.0, m=55.0, s=25.811504662301843)","dms_tuple(d=62.0, m=4.0, s=7.504509309999321)",253.857548,16.923837,62.068751
82501,152501,,16.913781,-27.74858,100000.0,0.0,7.93,-12.07,G6Ib/II,1.096,Oph,5861381.645,275,657.682729265769,HD152501_TypG6_Mag7.93,"hms_tuple(h=16.0, m=55.0, s=10.585652906586063)","dms_tuple(d=-27.0, m=-46.0, s=-46.68549833335845)",253.794107,16.919607,-27.779635
82505,152534,,16.914116,-23.512373,183.4862,-26.5,6.76,0.442,G8IIICN...,0.944,Oph,57.97,113,234.26075154331102,HD152534_TypG8_Mag6.76,"hms_tuple(h=16.0, m=55.0, s=11.059291569826257)","dms_tuple(d=-23.0, m=-32.0, s=-36.35740302549692)",253.79608,16.919739,-23.543433
82511,152815,,16.915324,20.958488,82.7815,-3.0,5.39,0.8,G8III,0.966,Her,41.687,39,69.94348354495335,HD152815_TypG8_Mag5.39,"hms_tuple(h=16.0, m=55.0, s=15.033691775555269)","dms_tuple(d=20.0, m=55.0, s=38.58854088414034)",253.81264,16.920843,20.927386
82528,152863,,16.917267,25.730681,136.7989,1.0,6.06,0.38,G5III,0.921,Her,61.376,66,126.32105461095017,HD152863_TypG5_Mag6.06,"hms_tuple(h=16.0, m=55.0, s=22.755063501337247)","dms_tuple(d=25.0, m=41.0, s=58.46477579991728)",253.844813,16.922988,25.699574
82640,155153,,16.94004,80.859575,200.0,0.0,6.64,0.135,G5,0.996,UMi,76.913,103,210.72609108853683,HD155153_TypG5_Mag6.64,"hms_tuple(h=16.0, m=58.0, s=20.564467418915626)","dms_tuple(d=80.0, m=49.0, s=41.410314865433975)",254.585685,16.972379,80.82817
82717,153399,,16.955934,43.683722,235.8491,0.0,7.49,0.627,G5,0.962,Her,48.888,197,446.0860343240754,HD153399_TypG5_Mag7.49,"hms_tuple(h=16.0, m=57.0, s=47.009584608206296)","dms_tuple(d=43.0, m=39.0, s=9.323580456854188)",254.445873,16.963058,43.65259
82722,153021,,16.957222,-10.963373,81.1688,-103.0,6.15,1.603,G8III-IV,1.0,Oph,19.898,71,136.76080818184963,HD153021_TypG8_Mag6.15,"hms_tuple(h=16.0, m=57.0, s=44.90288692331063)","dms_tuple(d=-10.0, m=-59.0, s=-40.00274801944727)",254.437095,16.962473,-10.994445
82730,153287,,16.958624,25.352841,169.4915,9.0,6.27,0.124,G5III:,0.909,Her,77.696,77,152.0347553587468,HD153287_TypG5_Mag6.27,"hms_tuple(h=16.0, m=57.0, s=51.57555734256249)","dms_tuple(d=25.0, m=19.0, s=18.242296411934547)",254.464898,16.964327,25.321734
82791,153667,,16.969898,50.695461,229.3578,0.0,7.95,1.147,G5,0.944,Her,30.283,280,669.391162362906,HD153667_TypG5_Mag7.95,"hms_tuple(h=16.0, m=58.0, s=40.90843072803068)","dms_tuple(d=50.0, m=39.0, s=51.53398946512539)",254.670452,16.97803,50.664315
82803,153004,,16.972152,-33.609108,440.5286,-12.7,7.16,-1.06,G0Ib,0.765,Sco,231.206,153,333.40358783117154,HD153004_TypG0_Mag7.16,"hms_tuple(h=16.0, m=58.0, s=42.036671459399315)","dms_tuple(d=-33.0, m=-38.0, s=-24.560262829232897)",254.675153,16.978344,-33.640156
82820,153625,,16.975661,43.995946,226.7574,0.0,7.99,1.212,G5,0.912,Her,28.523,288,693.4370594020932,HD153625_TypG5_Mag7.99,"hms_tuple(h=16.0, m=58.0, s=58.161202097043656)","dms_tuple(d=43.0, m=57.0, s=53.328015204370445)",254.742338,16.982823,43.964813
82848,153050,,16.981991,-39.168473,606.0606,0.0,7.44,-1.473,G6III,1.055,Sco,338.221,189,426.83476505925523,HD153050_TypG6_Mag7.44,"hms_tuple(h=16.0, m=59.0, s=19.11331181815882)","dms_tuple(d=-39.0, m=-11.0, s=-58.24606110276079)",254.829639,16.988643,-39.199513
82907,153361,,16.995642,-18.248341,52.9381,0.0,6.63,3.011,G0V,0.569,Oph,5.44,102,208.87503841075554,HD153361_TypG0_Mag6.63,"hms_tuple(h=17.0, m=0.0, s=3.854090951048761)","dms_tuple(d=-18.0, m=-16.0, s=-45.86199766814417)",255.016059,17.001071,-18.279406
82925,153458,,17.00046,-7.531657,44.484,0.0,7.98,4.739,G0,0.652,Oph,1.108,286,687.3457941057625,HD153458_TypG0_Mag7.98,"hms_tuple(h=17.0, m=0.0, s=20.375557216739537)","dms_tuple(d=-7.0, m=-33.0, s=-45.83670111652552)",255.084898,17.00566,-7.562732
82941,153807,,17.002789,34.338387,224.7191,-16.0,7.05,0.292,G5,0.9,Her,66.558,141,302.5664825365462,HD153807_TypG5_Mag7.05,"hms_tuple(h=17.0, m=0.0, s=32.50544000554072)","dms_tuple(d=34.0, m=18.0, s=26.16860969209654)",255.135439,17.009029,34.307269
82958,153330,,17.007066,-37.937229,100.3009,0.0,7.72,2.713,G3/G5V,0.69,Sco,7.158,234,546.4485785781236,HD153330_TypG3_Mag7.72,"hms_tuple(h=17.0, m=0.0, s=48.97624235991884)","dms_tuple(d=-37.0, m=-58.0, s=-5.774266888950024)",255.204068,17.013605,-37.968271
82990,153971,,17.015074,39.544012,392.1569,0.0,8.0,0.033,G5,0.931,Her,84.489,290,699.5823055523535,HD153971_TypG5_Mag8.0,"hms_tuple(h=17.0, m=1.0, s=18.319765060311397)","dms_tuple(d=39.0, m=30.0, s=46.391869598966196)",255.326332,17.021755,39.512887
83020,153631,,17.019655,-13.567129,27.3823,83.4,7.12,4.933,G2V,0.608,Oph,0.926,148,321.8423534887257,HD153631_TypG2_Mag7.12,"hms_tuple(h=17.0, m=1.0, s=29.84989930386007)","dms_tuple(d=-13.0, m=-35.0, s=-53.51540568042026)",255.374375,17.024958,-13.598199
83053,154115,,17.026012,42.727149,179.5332,0.0,7.23,0.959,G5,0.876,Her,36.008,161,354.6440255695144,HD154115_TypG5_Mag7.23,"hms_tuple(h=17.0, m=1.0, s=58.89176284569771)","dms_tuple(d=42.0, m=41.0, s=45.66667674821133)",255.495382,17.033025,42.696019
83103,154633,,17.037712,64.600739,115.7407,-25.0,6.11,0.793,G5V,0.96,Dra,41.957,68,132.01843644392628,HD154633_TypG5_Mag6.11,"hms_tuple(h=17.0, m=2.0, s=58.977197105962205)","dms_tuple(d=64.0, m=34.0, s=10.36896705082654)",255.745738,17.049716,64.569547
83111,154084,,17.038526,25.50562,95.9693,-50.0,5.76,0.849,G7III:,1.018,Her,39.847,52,96.94439175940381,HD154084_TypG7_Mag5.76,"hms_tuple(h=17.0, m=2.0, s=39.24876451778118)","dms_tuple(d=25.0, m=28.0, s=28.246082706581603)",255.663537,17.044236,25.474513
83133,154345,,17.043436,47.081881,18.5874,-47.3,6.76,5.414,G8V,0.728,Her,0.595,113,234.26075154331102,HD154345_TypG8_Mag6.76,"hms_tuple(h=17.0, m=3.0, s=3.6048216987336446)","dms_tuple(d=47.0, m=3.0, s=2.6733983585882015)",255.76502,17.051001,47.050743
83179,154160,,17.052902,14.511339,36.2713,-56.0,6.52,3.722,G5IV:,0.77,Her,2.826,94,189.555805541093,HD154160_TypG5_Mag6.52,"hms_tuple(h=17.0, m=3.0, s=29.612736710238323)","dms_tuple(d=14.0, m=28.0, s=48.87546016648059)",255.873386,17.058226,14.480243
83284,154117,,17.074395,-23.390535,268.8172,0.0,7.08,-0.067,G8/K0III,1.008,Oph,92.64,144,310.68202106935195,HD154117_TypG8_Mag7.08,"hms_tuple(h=17.0, m=4.0, s=48.04500000311606)","dms_tuple(d=-23.0, m=-25.0, s=-17.741077791373527)",256.200188,17.080013,-23.421595
83289,153950,Rapeto,17.075235,-43.30977,49.5295,30.7,7.39,3.916,G2IV-V,0.565,Sco,2.364,182,408.41430272357115,HD153950_TypG2_Mag7.39,"hms_tuple(h=17.0, m=4.0, s=56.36109872687655)","dms_tuple(d=-43.0, m=-20.0, s=-26.891195994971895)",256.234838,17.082323,-43.340803
83311,154107,,17.079528,-31.362803,100000.0,-26.4,7.35,-12.65,G8/K0III+..,0.866,Sco,10000000.0,177,394.25196723909164,HD154107_TypG8_Mag7.35,"hms_tuple(h=17.0, m=5.0, s=8.039997668265642)","dms_tuple(d=-31.0, m=-23.0, s=-37.872621532850985)",256.2835,17.085567,-31.393854
83364,155058,,17.090195,60.584493,248.7562,0.0,7.96,0.981,G5,0.952,Dra,35.286,282,675.323313533301,HD155058_TypG5_Mag7.96,"hms_tuple(h=17.0, m=6.0, s=2.448610554936579)","dms_tuple(d=60.0, m=33.0, s=11.945679015481119)",256.510203,17.10068,60.553318
83406,155859,,17.100037,75.103478,51.0204,0.0,7.38,3.841,G0,0.593,UMi,2.533,181,404.82672424766696,HD155859_TypG0_Mag7.38,"hms_tuple(h=17.0, m=7.0, s=12.170011675665933)","dms_tuple(d=75.0, m=4.0, s=19.919873965861825)",256.800708,17.120047,75.0722
83415,154365,,17.101527,-26.580564,729.927,-28.7,7.48,-1.836,G0II,0.849,Oph,472.498,195,442.16754115556887,HD154365_TypG0_Mag7.48,"hms_tuple(h=17.0, m=6.0, s=26.252689592836873)","dms_tuple(d=-26.0, m=-36.0, s=-41.832738259432176)",256.609386,17.107292,-26.61162
83427,154598,,17.103294,5.168373,202.4291,0.0,7.95,1.419,G5,1.096,Oph,23.572,280,669.391162362906,HD154598_TypG5_Mag7.95,"hms_tuple(h=17.0, m=6.0, s=30.48996529012925)","dms_tuple(d=5.0, m=8.0, s=14.229478094383268)",256.627042,17.108469,5.137286
83430,154619,,17.103625,10.453878,119.0476,-24.0,6.38,1.001,G8III-IV,0.896,Oph,34.642,84,167.52990115327088,HD154619_TypG8_Mag6.38,"hms_tuple(h=17.0, m=6.0, s=31.918052919579907)","dms_tuple(d=10.0, m=25.0, s=22.029815623443483)",256.632992,17.108866,10.422786
83512,154697,,17.120673,-2.866955,32.6904,0.0,7.83,5.258,G5,0.735,Oph,0.687,255,602.141767772257,HD154697_TypG5_Mag7.83,"hms_tuple(h=17.0, m=7.0, s=33.00328509323151)","dms_tuple(d=-2.0, m=-53.0, s=-52.92492882190686)",256.887514,17.125834,-2.898035
83570,154679,,17.132278,-24.99814,100000.0,0.0,7.15,-12.85,G3II,1.005,Oph,12022644.346,152,330.4749158245449,HD154679_TypG3_Mag7.15,"hms_tuple(h=17.0, m=8.0, s=16.680748367386116)","dms_tuple(d=-25.0, m=-1.0, s=-45.11274053201447)",257.069503,17.137967,-25.029198
83605,154931,,17.139281,4.424492,55.9284,-17.9,7.25,3.512,G0,0.623,Oph,3.429,164,360.95759541392204,HD154931_TypG0_Mag7.25,"hms_tuple(h=17.0, m=8.0, s=40.02301060634011)","dms_tuple(d=4.0, m=23.0, s=36.26033350759997)",257.166763,17.144451,4.393406
83616,154682,,17.142434,-36.643037,47.259,0.0,7.68,4.308,G5V,0.617,Sco,1.647,227,527.4997120883073,HD154682_TypG5_Mag7.68,"hms_tuple(h=17.0, m=8.0, s=55.89913705422276)","dms_tuple(d=-36.0, m=-40.0, s=-26.689775767897572)",257.232913,17.148861,-36.67408
83648,154962,,17.148478,-3.882991,34.9284,15.0,6.35,3.634,G8IV-V,0.697,Oph,3.065,82,163.15373750039242,HD154962_TypG8_Mag6.35,"hms_tuple(h=17.0, m=9.0, s=13.120906253815292)","dms_tuple(d=-3.0, m=-54.0, s=-50.651186382843036)",257.30467,17.153645,-3.91407
83690,155121,,17.159383,3.932322,121.5067,0.0,7.94,2.517,G5,0.819,Oph,8.574,277,663.5111201850515,HD155121_TypG5_Mag7.94,"hms_tuple(h=17.0, m=9.0, s=52.378621671259964)","dms_tuple(d=3.0, m=54.0, s=4.449955327248745)",257.468244,17.16455,3.901236
83691,155358,,17.159623,33.355855,44.1112,0.0,7.28,4.057,G0,0.545,Her,2.076,168,370.63931974020056,HD155358_TypG0_Mag7.28,"hms_tuple(h=17.0, m=9.0, s=56.851256000579156)","dms_tuple(d=33.0, m=19.0, s=29.058075809294905)",257.48688,17.165792,33.324738
83741,155231,,17.170988,0.481618,89.1266,0.0,6.82,2.07,G5,0.94,Oph,12.942,118,246.99612663521023,HD155231_TypG5_Mag6.82,"hms_tuple(h=17.0, m=10.0, s=34.11409606083282)","dms_tuple(d=0.0, m=27.0, s=1.9268864592518042)",257.642142,17.176143,0.450535
83750,159251,,17.172385,84.598783,164.7446,0.0,7.24,1.156,G5,1.039,UMi,30.033,163,357.7868844682338,HD159251_TypG5_Mag7.24,"hms_tuple(h=17.0, m=13.0, s=36.58863772494357)","dms_tuple(d=84.0, m=34.0, s=1.747473480387498)",258.402453,17.22683,84.567152
83775,154948,,17.178425,-44.557719,96.8054,-7.0,5.06,0.131,G8/K0III+..,0.867,Sco,77.197,30,52.275584898398336,HD154948_TypG8_Mag5.06,"hms_tuple(h=17.0, m=11.0, s=8.386821753433935)","dms_tuple(d=-44.0, m=-35.0, s=-19.499698564288792)",257.784945,17.185663,-44.58875
83803,155902,,17.185673,56.659207,28.5063,0.0,6.98,4.705,G5,0.705,Dra,1.143,133,284.4450873609016,HD155902_TypG5_Mag6.98,"hms_tuple(h=17.0, m=11.0, s=42.15790081561096)","dms_tuple(d=56.0, m=37.0, s=40.9636230480902)",257.925658,17.195044,56.628045
83862,155114,,17.197572,-45.874344,34.1297,0.0,7.53,4.864,G3V,0.637,Ara,0.987,203,462.11035531169057,HD155114_TypG3_Mag7.53,"hms_tuple(h=17.0, m=12.0, s=17.927087496682077)","dms_tuple(d=-45.0, m=-54.0, s=-19.34099016051846)",258.074696,17.20498,-45.905372
83873,155413,,17.199621,-14.620381,81.3008,0.0,7.25,2.7,G3III/IV,0.699,Oph,7.244,164,360.95759541392204,HD155413_TypG3_Mag7.25,"hms_tuple(h=17.0, m=12.0, s=17.81602348690427)","dms_tuple(d=-14.0, m=-39.0, s=-5.218934380658737)",258.074233,17.204949,-14.65145
83885,155363,,17.203038,-27.042359,140.8451,0.0,6.75,1.006,G8III,0.998,Oph,34.483,112,232.20296653338022,HD155363_TypG8_Mag6.75,"hms_tuple(h=17.0, m=12.0, s=31.777121133139303)","dms_tuple(d=-27.0, m=-4.0, s=-24.292836802093234)",258.132405,17.208827,-27.073415
83910,155921,,17.20637,43.737252,57.3394,0.0,7.23,3.438,G5,0.684,Her,3.671,161,354.6440255695144,HD155921_TypG5_Mag7.23,"hms_tuple(h=17.0, m=12.0, s=48.60207641831977)","dms_tuple(d=43.0, m=42.0, s=22.031244975305526)",258.202509,17.213501,43.70612
83923,155515,,17.208734,-10.278115,42.9,0.0,7.57,4.408,G0,0.491,Oph,1.502,209,478.71030262103807,HD155515_TypG0_Mag7.57,"hms_tuple(h=17.0, m=12.0, s=50.30361127310698)","dms_tuple(d=-10.0, m=-18.0, s=-33.076273777557645)",258.209598,17.213973,-10.309188
84071,157602,,17.240323,77.350896,324.6753,0.0,7.86,0.303,G5,0.979,UMi,65.887,261,618.2926139519136,HD157602_TypG5_Mag7.86,"hms_tuple(h=17.0, m=15.0, s=49.699258717384964)","dms_tuple(d=77.0, m=19.0, s=10.494424893111045)",258.95708,17.263805,77.319582
84113,156111,,17.249206,19.682595,41.7885,0.0,7.22,4.115,G8V,0.786,Her,1.968,160,351.52877406079745,HD156111_TypG8_Mag7.22,"hms_tuple(h=17.0, m=15.0, s=16.84599389151913)","dms_tuple(d=19.0, m=39.0, s=5.378495164553101)",258.820192,17.254679,19.651494
84132,155849,,17.253677,-26.530559,152.439,0.0,7.63,1.715,G8III/IV,1.249,Oph,17.947,219,504.73495772895257,HD155849_TypG8_Mag7.63,"hms_tuple(h=17.0, m=15.0, s=33.983625854158106)","dms_tuple(d=-26.0, m=-33.0, s=-41.81494323130977)",258.891598,17.25944,-26.561615
84133,156224,,17.25375,30.301285,354.6099,0.0,7.82,0.071,G5,0.998,Her,81.583,253,596.8524553483364,HD156224_TypG5_Mag7.82,"hms_tuple(h=17.0, m=15.0, s=34.98619290440104)","dms_tuple(d=30.0, m=16.0, s=12.619944224645394)",258.895776,17.259718,30.270172
84166,155826,,17.259994,-38.593896,30.5904,-54.0,5.95,3.522,G0V,0.58,Sco,3.398,61,114.63739011499842,HD155826_TypG0_Mag5.95,"hms_tuple(h=17.0, m=15.0, s=59.7310435846623)","dms_tuple(d=-38.0, m=-37.0, s=-29.771971997452624)",258.998879,17.266592,-38.624937
84232,156079,,17.273304,-21.857948,60.4961,0.0,7.53,3.621,G3V,0.665,Oph,3.102,203,462.11035531169057,HD156079_TypG3_Mag7.53,"hms_tuple(h=17.0, m=16.0, s=43.89285628124867)","dms_tuple(d=-21.0, m=-53.0, s=-20.43377735763812)",259.182887,17.278859,-21.889009
84285,156228,,17.283396,-13.101108,243.309,0.0,7.62,0.689,G5/G6III,0.933,Oph,46.174,217,500.3012827613783,HD156228_TypG5_Mag7.62,"hms_tuple(h=17.0, m=17.0, s=19.280640098762376)","dms_tuple(d=-13.0, m=-7.0, s=-55.841419534962995)",259.330336,17.288689,-13.132178
84366,156350,,17.300169,-24.284111,98.2318,-28.0,6.59,1.629,G8/K0II,0.51,Oph,19.427,99,201.63200517568157,HD156350_TypG8_Mag6.59,"hms_tuple(h=17.0, m=18.0, s=20.971441530730033)","dms_tuple(d=-24.0, m=-18.0, s=-54.61117506030007)",259.587381,17.305825,-24.31517
84377,156365,,17.30198,-24.073022,45.6621,-14.7,6.59,3.292,G3V,0.647,Oph,4.2,99,201.63200517568157,HD156365_TypG3_Mag6.59,"hms_tuple(h=17.0, m=18.0, s=27.45733828037629)","dms_tuple(d=-24.0, m=-6.0, s=-14.691606891475715)",259.614406,17.307627,-24.104081
84388,156461,,17.304986,-15.798775,207.0393,19.0,7.23,0.65,G8III,1.022,Ser,47.863,161,354.6440255695144,HD156461_TypG8_Mag7.23,"hms_tuple(h=17.0, m=18.0, s=37.237807916934855)","dms_tuple(d=-15.0, m=-49.0, s=-47.43318470013293)",259.655158,17.310344,-15.829843
84397,156891,,17.306465,38.811395,97.0874,-38.0,5.97,1.034,G7III:,1.011,Her,33.605,61,116.67822858142785,HD156891_TypG7_Mag5.97,"hms_tuple(h=17.0, m=18.0, s=47.07829516053124)","dms_tuple(d=38.0, m=46.0, s=48.97466261427553)",259.69616,17.313077,38.780271
84455,157664,,17.316228,68.877948,76.2777,0.0,7.96,3.548,G0,0.554,Dra,3.317,282,675.323313533301,HD157664_TypG0_Mag7.96,"hms_tuple(h=17.0, m=19.0, s=49.84393418609642)","dms_tuple(d=68.0, m=50.0, s=48.23097206276543)",259.957683,17.330512,68.846731
84517,157066,,17.328677,33.922147,245.7002,0.0,7.91,0.958,G5,0.94,Her,36.041,271,646.179090335777,HD157066_TypG5_Mag7.91,"hms_tuple(h=17.0, m=20.0, s=5.59201736696906)","dms_tuple(d=33.0, m=53.0, s=27.706599554214222)",260.0233,17.334887,33.89103
84541,156826,,17.333209,-5.917509,49.6771,-33.1,6.31,2.829,G9V,0.85,Oph,6.433,80,157.49615413316394,HD156826_TypG9_Mag6.31,"hms_tuple(h=17.0, m=20.0, s=18.209585886864943)","dms_tuple(d=-5.0, m=-56.0, s=-54.90926688961807)",260.075873,17.338392,-5.948586
84546,156802,,17.333371,-8.023155,76.2195,-88.8,7.93,3.52,G2V,0.66,Oph,3.404,275,657.682729265769,HD156802_TypG2_Mag7.93,"hms_tuple(h=17.0, m=20.0, s=18.877191409664817)","dms_tuple(d=-8.0, m=-3.0, s=-15.227859683545546)",260.078655,17.338577,-8.05423
84565,156968,,17.336562,9.460954,49.505,-12.2,7.94,4.467,G0V,0.594,Oph,1.423,277,663.5111201850515,HD156968_TypG0_Mag7.94,"hms_tuple(h=17.0, m=20.0, s=30.434116278918566)","dms_tuple(d=9.0, m=25.0, s=47.50677018677649)",260.126809,17.341787,9.429863
84592,156780,,17.341863,-26.549774,123.7624,0.0,7.09,1.627,G8III/IV,0.936,Oph,19.463,145,313.4352882448582,HD156780_TypG8_Mag7.09,"hms_tuple(h=17.0, m=20.0, s=51.456705894274535)","dms_tuple(d=-26.0, m=-34.0, s=-50.988864489672494)",260.214403,17.347627,-26.58083
84597,156846,,17.342865,-19.333746,47.619,-69.0,6.5,3.111,G1V,0.578,Oph,4.961,92,186.24025315238663,HD156846_TypG1_Mag6.5,"hms_tuple(h=17.0, m=20.0, s=53.98349549915338)","dms_tuple(d=-19.0, m=-21.0, s=-53.3160261865612)",260.224931,17.348329,-19.36481
84598,157068,,17.343397,15.159427,123.3046,0.0,7.13,1.675,G0III,0.573,Her,18.621,149,324.6945236416619,HD157068_TypG0_Mag7.13,"hms_tuple(h=17.0, m=20.0, s=55.45211790279723)","dms_tuple(d=15.0, m=7.0, s=41.98998732210228)",260.23105,17.348737,15.128331
84603,157214,,17.34432,32.467743,14.3266,-79.1,5.38,4.599,G0V,0.619,Her,1.26,39,69.32908847009371,HD157214_TypG0_Mag5.38,"hms_tuple(h=17.0, m=21.0, s=1.5390257180209233)","dms_tuple(d=32.0, m=26.0, s=11.859003810968147)",260.256413,17.350428,32.436628
84644,156882,,17.351558,-27.417922,252.5253,0.0,7.38,0.368,G8/K0III,1.084,Oph,62.058,181,404.82672424766696,HD156882_TypG8_Mag7.38,"hms_tuple(h=17.0, m=21.0, s=26.519630081072307)","dms_tuple(d=-27.0, m=-26.0, s=-56.31807882868088)",260.360498,17.357367,-27.448977
84666,157294,,17.355798,25.97161,317.4603,-51.6,7.91,0.402,G8III,0.98,Her,60.145,271,646.179090335777,HD157294_TypG8_Mag7.91,"hms_tuple(h=17.0, m=21.0, s=41.50860634819452)","dms_tuple(d=25.0, m=56.0, s=25.80820114306107)",260.422953,17.36153,25.940502
84672,157463,,17.358174,42.269286,222.2222,8.0,7.64,0.906,G5III,0.916,Her,37.809,221,509.2079239683959,HD157463_TypG5_Mag7.64,"hms_tuple(h=17.0, m=21.0, s=54.49096282450171)","dms_tuple(d=42.0, m=14.0, s=17.362634990192873)",260.477046,17.365136,42.238156
84674,157358,,17.358677,28.758101,158.9825,-6.0,6.37,0.363,G0III,0.724,Her,62.345,84,166.05829091964327,HD157358_TypG0_Mag6.37,"hms_tuple(h=17.0, m=21.0, s=52.39845441314458)","dms_tuple(d=28.0, m=43.0, s=37.16422259888901)",260.468327,17.364555,28.72699
84715,157261,,17.367814,5.000817,77.4593,0.0,6.67,2.225,G5,0.927,Oph,11.22,105,216.3782561854747,HD157261_TypG5_Mag6.67,"hms_tuple(h=17.0, m=22.0, s=22.757147706450382)","dms_tuple(d=4.0, m=58.0, s=11.028431636193119)",260.594821,17.372988,4.96973
84723,157279,,17.369273,5.21396,284.0909,0.0,7.74,0.473,G5,1.011,Oph,56.338,238,556.1767595666211,HD157279_TypG5_Mag7.74,"hms_tuple(h=17.0, m=22.0, s=28.015704021270267)","dms_tuple(d=5.0, m=10.0, s=58.34252744216073)",260.616732,17.374449,5.182873
84757,157172,,17.376268,-19.616181,31.8776,0.0,7.84,5.323,G8V,0.783,Oph,0.647,257,607.4779541357369,HD157172_TypG8_Mag7.84,"hms_tuple(h=17.0, m=22.0, s=54.26867211006112)","dms_tuple(d=-19.0, m=-38.0, s=-50.08098419009286)",260.726119,17.381741,-19.647245
84782,157347,,17.380913,-2.388176,19.5236,-35.0,6.28,4.827,G5IV,0.68,Oph,1.021,78,153.3820888800899,HD157347_TypG5_Mag6.28,"hms_tuple(h=17.0, m=23.0, s=9.86007671946652)","dms_tuple(d=-2.0, m=-25.0, s=-9.322101646558849)",260.791084,17.386072,-2.419256
84800,157415,,17.383924,0.840515,167.5042,0.0,7.75,1.63,G5,1.238,Oph,19.409,240,561.1056035680328,HD157415_TypG5_Mag7.75,"hms_tuple(h=17.0, m=23.0, s=20.68497427090506)","dms_tuple(d=0.0, m=48.0, s=33.95490985345248)",260.836187,17.389079,0.809432
84804,157348,,17.384564,-7.104564,63.8162,0.0,6.94,2.915,G0,0.689,Oph,5.943,129,274.581557295345,HD157348_TypG0_Mag6.94,"hms_tuple(h=17.0, m=23.0, s=23.13196866902814)","dms_tuple(d=-7.0, m=-8.0, s=-8.303324417442042)",260.846383,17.389759,-7.13564
84830,157467,,17.390841,-3.122091,98.2318,0.0,7.78,2.819,G0,0.605,Oph,6.492,245,576.1557641428401,HD157467_TypG0_Mag7.78,"hms_tuple(h=17.0, m=23.0, s=45.61245881400254)","dms_tuple(d=-3.0, m=-9.0, s=-11.413690151514047)",260.940052,17.396003,-3.15317
84881,157498,,17.399407,-9.358269,58.7199,-37.7,7.84,3.996,G0,0.621,Oph,2.196,257,607.4779541357369,HD157498_TypG0_Mag7.84,"hms_tuple(h=17.0, m=24.0, s=16.67391176715597)","dms_tuple(d=-9.0, m=-23.0, s=-21.63377998023293)",261.069475,17.404632,-9.389343
84898,157338,,17.402429,-34.798448,32.2685,0.0,6.92,4.376,G0/G1V,0.588,Sco,1.547,127,269.7788052214281,HD157338_TypG0_Mag6.92,"hms_tuple(h=17.0, m=24.0, s=31.350972353499742)","dms_tuple(d=-34.0, m=-49.0, s=-46.17855837654531)",261.130629,17.408709,-34.829494
84917,157686,,17.407036,6.519775,180.8318,0.0,7.88,1.594,G5,1.084,Oph,20.063,265,629.299802346522,HD157686_TypG5_Mag7.88,"hms_tuple(h=17.0, m=24.0, s=44.00595965549087)","dms_tuple(d=6.0, m=29.0, s=19.272202089511694)",261.183358,17.412224,6.488687
84921,157910,,17.407533,36.951929,230.4147,-16.0,6.25,-0.563,G5III+...,0.884,Her,146.285,76,149.37548995214374,HD157910_TypG5_Mag6.25,"hms_tuple(h=17.0, m=24.0, s=50.33018431876911)","dms_tuple(d=36.0, m=55.0, s=14.906841131889337)",261.209709,17.413981,36.920807
84936,158096,,17.410333,50.685751,56.8505,0.0,7.57,3.796,G5,0.7,Dra,2.64,209,478.71030262103807,HD158096_TypG5_Mag7.57,"hms_tuple(h=17.0, m=25.0, s=6.468378474231429)","dms_tuple(d=50.0, m=39.0, s=16.578068669026038)",261.276952,17.418463,50.654605
84984,158222,,17.418981,53.13275,41.58,0.0,7.82,4.726,G0,0.667,Dra,1.121,253,596.8524553483364,HD158222_TypG0_Mag7.82,"hms_tuple(h=17.0, m=25.0, s=39.23898949006741)","dms_tuple(d=53.0, m=6.0, s=5.753402520743975)",261.413496,17.427566,53.101598
85008,158259,,17.423358,52.790684,27.4574,0.0,6.46,4.267,G0,0.619,Dra,1.711,90,179.78211266056408,HD158259_TypG0_Mag6.46,"hms_tuple(h=17.0, m=25.0, s=54.75289695107506)","dms_tuple(d=52.0, m=45.0, s=34.318888581063334)",261.478137,17.431876,52.759533
85027,157896,,17.427611,7.50149,158.7302,0.0,7.88,1.877,G0,0.694,Oph,15.46,265,629.299802346522,HD157896_TypG0_Mag7.88,"hms_tuple(h=17.0, m=25.0, s=58.115177282374475)","dms_tuple(d=7.0, m=28.0, s=13.442935727442489)",261.492147,17.43281,7.470401
85060,157719,,17.435222,-28.543595,120.6273,0.0,7.78,2.373,G8IV/V,0.869,Oph,9.79,245,576.1557641428401,HD157719_TypG8_Mag7.78,"hms_tuple(h=17.0, m=26.0, s=27.929735405951703)","dms_tuple(d=-28.0, m=-34.0, s=-28.73614436533444)",261.616374,17.441092,-28.574649
85159,158211,,17.454734,17.897542,210.9705,-1.0,7.39,0.769,G9III,1.075,Her,42.894,182,408.41430272357115,HD158211_TypG9_Mag7.39,"hms_tuple(h=17.0, m=27.0, s=36.539379300522796)","dms_tuple(d=17.0, m=51.0, s=59.19422219969107)",261.902247,17.46015,17.866443
85165,157830,,17.456106,-38.06145,31.5856,0.0,7.88,5.383,G5V,0.685,Sco,0.612,265,629.299802346522,HD157830_TypG5_Mag7.88,"hms_tuple(h=17.0, m=27.0, s=45.56019142095124)","dms_tuple(d=-38.0, m=-5.0, s=-32.96921059467479)",261.939834,17.462656,-38.092491
85306,158573,,17.486887,22.132439,103.6269,0.0,8.0,2.923,G5,0.669,Her,5.899,290,699.5823055523535,HD158573_TypG5_Mag8.0,"hms_tuple(h=17.0, m=29.0, s=32.82161390488113)","dms_tuple(d=22.0, m=6.0, s=4.807694474303901)",262.386757,17.49245,22.101335
85371,158420,,17.49955,-17.814577,71.6846,0.0,7.68,3.403,G0V,0.564,Oph,3.791,227,527.4997120883073,HD158420_TypG0_Mag7.68,"hms_tuple(h=17.0, m=30.0, s=17.874699277085426)","dms_tuple(d=-17.0, m=-50.0, s=-44.313170779244615)",262.574478,17.504965,-17.845643
85392,159062,,17.504549,47.402203,22.2668,0.0,7.22,5.482,G5,0.737,Her,0.559,160,351.52877406079745,HD159062_TypG5_Mag7.22,"hms_tuple(h=17.0, m=30.0, s=43.77661238020636)","dms_tuple(d=47.0, m=22.0, s=15.83032287363892)",262.682403,17.51216,47.371064
85406,158614,,17.50661,-1.062922,16.3425,-77.3,5.31,4.243,G8IV-V,0.715,Oph,1.749,37,65.17681159262382,HD158614_TypG8_Mag5.31,"hms_tuple(h=17.0, m=30.0, s=42.356105562049606)","dms_tuple(d=-1.0, m=-5.0, s=-38.41205009235304)",262.676484,17.511766,-1.094003
85409,159181,Rastaban,17.507213,52.301387,116.5501,-20.0,2.79,-2.543,G2II,0.954,Dra,906.15,5,7.054844883285174,HD159181_TypG2_Mag2.79,"hms_tuple(h=17.0, m=30.0, s=56.29133092745491)","dms_tuple(d=52.0, m=16.0, s=12.854019660223912)",262.734547,17.515636,52.270237
85445,159003,,17.514111,34.268112,377.3585,0.0,8.0,0.116,G5,0.921,Her,78.271,290,699.5823055523535,HD159003_TypG5_Mag8.0,"hms_tuple(h=17.0, m=31.0, s=13.245871389643469)","dms_tuple(d=34.0, m=14.0, s=13.178947023556589)",262.805191,17.520346,34.236994
85454,158974,,17.515381,31.158139,120.919,-26.0,5.63,0.218,G8III,0.96,Her,71.252,47,86.4389933825896,HD158974_TypG8_Mag5.63,"hms_tuple(h=17.0, m=31.0, s=17.049424977163028)","dms_tuple(d=31.0, m=7.0, s=37.29054521421517)",262.821039,17.521403,31.127025
85486,158469,,17.522156,-39.165307,72.1501,0.0,7.93,3.639,G0/G1V,0.556,Sco,3.051,275,657.682729265769,HD158469_TypG0_Mag7.93,"hms_tuple(h=17.0, m=31.0, s=43.706232770529994)","dms_tuple(d=-39.0, m=-11.0, s=-46.84847838304279)",262.932109,17.528807,-39.196347
85488,158837,,17.522593,2.724507,111.6071,-29.0,5.57,0.332,G8III,0.844,Oph,64.15,45,81.98210971283382,HD158837_TypG8_Mag5.57,"hms_tuple(h=17.0, m=31.0, s=39.912045080942846)","dms_tuple(d=2.0, m=41.0, s=36.31992781928318)",262.9163,17.527753,2.693422
85495,159152,,17.523784,36.56438,74.2942,0.0,7.99,3.635,G5,0.765,Her,3.062,288,693.4370594020932,HD159152_TypG5_Mag7.99,"hms_tuple(h=17.0, m=31.0, s=48.71693785746288)","dms_tuple(d=36.0, m=31.0, s=59.732418731132384)",262.952987,17.530199,36.533259
85509,159349,,17.526087,50.678799,240.3846,0.0,7.73,0.825,G5,1.031,Dra,40.738,236,551.2912113423957,HD159349_TypG5_Mag7.73,"hms_tuple(h=17.0, m=32.0, s=3.1784473380997724)","dms_tuple(d=50.0, m=38.0, s=51.550925355949744)",263.013244,17.534216,50.647653
85536,159063,,17.531698,16.824013,47.1032,-7.0,6.98,3.615,G0V,0.534,Her,3.119,133,284.4450873609016,HD159063_TypG0_Mag6.98,"hms_tuple(h=17.0, m=32.0, s=13.496120060232215)","dms_tuple(d=16.0, m=47.0, s=34.493683988772545)",263.056234,17.537082,16.792915
85547,159222,,17.533617,34.271147,23.9177,-52.0,6.52,4.626,G5V,0.639,Her,1.229,94,189.555805541093,HD159222_TypG5_Mag6.52,"hms_tuple(h=17.0, m=32.0, s=23.46828061331962)","dms_tuple(d=34.0, m=14.0, s=24.104932466665332)",263.097785,17.539852,34.240029
85583,159304,,17.542806,34.746567,61.9579,0.0,7.97,4.01,G0,0.581,Her,2.168,284,681.3080354866522,HD159304_TypG0_Mag7.97,"hms_tuple(h=17.0, m=32.0, s=56.6769517213433)","dms_tuple(d=34.0, m=42.0, s=55.61463911047781)",263.236154,17.549077,34.715449
85677,159333,,17.564671,8.103776,84.1043,0.0,7.85,3.226,G0,0.596,Oph,4.463,259,612.8614298360975,HD159333_TypG0_Mag7.85,"hms_tuple(h=17.0, m=34.0, s=11.558046708348115)","dms_tuple(d=8.0, m=4.0, s=21.67052464918612)",263.548159,17.569877,8.072686
85716,159466,,17.572776,13.160954,146.1988,-59.2,6.52,0.695,G8III,0.95,Oph,45.92,94,189.555805541093,HD159466_TypG8_Mag6.52,"hms_tuple(h=17.0, m=34.0, s=41.04846021125098)","dms_tuple(d=13.0, m=7.0, s=47.49415422865894)",263.671035,17.578069,13.129859
85772,160269,,17.58317,61.874554,14.1904,-16.3,5.23,4.47,G0V,0.602,Dra,1.419,35,60.73498993870038,HD160269_TypG0_Mag5.23,"hms_tuple(h=17.0, m=35.0, s=38.73684067928309)","dms_tuple(d=61.0, m=50.0, s=36.14705168968726)",263.911404,17.594094,61.843374
85832,159925,,17.595102,37.301594,141.6431,4.0,6.13,0.374,G9III,0.978,Her,61.716,70,134.36870194720012,HD159925_TypG9_Mag6.13,"hms_tuple(h=17.0, m=36.0, s=5.685947891265073)","dms_tuple(d=37.0, m=16.0, s=13.699039523560828)",264.023691,17.601579,37.270472
85837,159797,,17.596507,19.843766,122.399,-11.0,6.52,1.081,G8III,0.96,Her,32.181,94,189.555805541093,HD159797_TypG8_Mag6.52,"hms_tuple(h=17.0, m=36.0, s=7.149484963853467)","dms_tuple(d=19.0, m=48.0, s=45.59349887752518)",264.02979,17.601986,19.812665
85878,159589,,17.603692,-17.863821,147.0588,0.0,7.47,1.633,G0V,0.563,Oph,19.355,194,438.2834686761904,HD159589_TypG0_Mag7.47,"hms_tuple(h=17.0, m=36.0, s=32.791302175461965)","dms_tuple(d=-17.0, m=-53.0, s=-41.591392577732904)",264.13663,17.609109,-17.894886
85906,159433,,17.609121,-38.635308,50.8388,-49.0,4.26,0.729,G8/K0III/IV,1.075,Sco,44.504,16,25.808182853796215,HD159433_TypG8_Mag4.26,"hms_tuple(h=17.0, m=36.0, s=56.601974854451385)","dms_tuple(d=-38.0, m=-39.0, s=-58.85494945864366)",264.235842,17.615723,-38.666349
85929,159909,,17.613946,10.574532,35.1989,0.0,7.28,4.547,G5,0.693,Oph,1.322,168,370.63931974020056,HD159909_TypG5_Mag7.28,"hms_tuple(h=17.0, m=37.0, s=9.081006228905437)","dms_tuple(d=10.0, m=32.0, s=36.38380657995654)",264.287838,17.619189,10.54344
85955,161178,,17.619125,72.455794,111.2347,8.0,5.87,0.639,G9III,1.016,Dra,48.35,57,106.82481338226793,HD161178_TypG9_Mag5.87,"hms_tuple(h=17.0, m=38.0, s=10.304122339068726)","dms_tuple(d=72.0, m=25.0, s=28.3690114922706)",264.542934,17.636196,72.424547
85968,159891,,17.62242,-2.873785,70.922,0.0,7.43,3.176,G5,0.606,Oph,4.673,188,423.08537820947436,HD159891_TypG5_Mag7.43,"hms_tuple(h=17.0, m=37.0, s=39.292597351984)","dms_tuple(d=-2.0, m=-54.0, s=-17.512906375741863)",264.413719,17.627581,-2.904865
85970,160245,,17.622469,35.79911,62.1118,0.0,7.56,3.594,G0,0.551,Her,3.18,208,474.5052325085976,HD160245_TypG0_Mag7.56,"hms_tuple(h=17.0, m=37.0, s=43.758676849195695)","dms_tuple(d=35.0, m=46.0, s=4.7642663064175395)",264.432328,17.628822,35.76799
85982,159633,,17.624144,-38.066364,884.9558,12.0,6.26,-3.475,G2Ib,1.244,Sco,2137.962,77,150.69925703687835,HD159633_TypG2_Mag6.26,"hms_tuple(h=17.0, m=37.0, s=50.498576815842284)","dms_tuple(d=-38.0, m=-5.0, s=-50.65958458683042)",264.460411,17.630694,-38.097405
86020,159704,,17.630892,-37.861396,47.5737,2.8,6.68,3.293,G8IV/V,0.757,Sco,4.196,106,218.29580245415895,HD159704_TypG8_Mag6.68,"hms_tuple(h=17.0, m=38.0, s=14.725575459241895)","dms_tuple(d=-37.0, m=-53.0, s=-32.77586644488622)",264.561357,17.637424,-37.892438
86023,159656,,17.63164,-42.567565,35.3357,3.8,7.16,4.419,G4IV-V,0.641,Sco,1.487,153,333.40358783117154,HD159656_TypG4_Mag7.16,"hms_tuple(h=17.0, m=38.0, s=19.113052331794904)","dms_tuple(d=-42.0, m=-35.0, s=-54.95774032786187)",264.579638,17.638643,-42.598599
86034,160017,,17.633652,-9.03011,78.064,0.0,7.97,3.508,G1IV,0.571,Oph,3.442,284,681.3080354866522,HD160017_TypG1_Mag7.97,"hms_tuple(h=17.0, m=38.0, s=19.938423296994472)","dms_tuple(d=-9.0, m=-3.0, s=-40.262484060729236)",264.583077,17.638872,-9.061184
86036,160506,,17.634376,45.557417,51.2033,0.0,7.5,3.954,G0,0.569,Her,2.282,198,450.03925321819855,HD160506_TypG0_Mag7.5,"hms_tuple(h=17.0, m=38.0, s=30.24118828187426)","dms_tuple(d=45.0, m=31.0, s=34.613465880547665)",264.626005,17.641734,45.526282
86085,160042,,17.645792,-21.912658,123.7624,-0.3,6.19,0.727,G6III/IV,0.827,Oph,44.586,73,141.67353559361956,HD160042_TypG6_Mag6.19,"hms_tuple(h=17.0, m=39.0, s=4.857340601362239)","dms_tuple(d=-21.0, m=-56.0, s=-37.38956898955706)",264.770239,17.651349,-21.943719
86095,160507,,17.6471,32.739361,133.6898,-15.0,6.58,0.95,G5III:,0.993,Her,36.308,98,199.86083644579665,HD160507_TypG5_Mag6.58,"hms_tuple(h=17.0, m=39.0, s=11.613715519242476)","dms_tuple(d=32.0, m=42.0, s=29.682550064179054)",264.79839,17.653226,32.708245
86108,159868,,17.649882,-43.145514,58.6854,-23.8,7.24,3.397,G5V,0.714,Sco,3.812,163,357.7868844682338,HD159868_TypG5_Mag7.24,"hms_tuple(h=17.0, m=39.0, s=25.021560832353487)","dms_tuple(d=-43.0, m=-10.0, s=-35.570611187017676)",264.854257,17.65695,-43.176547
86151,160001,,17.658201,-39.344244,38.4763,0.0,7.41,4.484,G3V,0.632,Sco,1.401,185,415.6851208955647,HD160001_TypG3_Mag7.41,"hms_tuple(h=17.0, m=39.0, s=53.52948688267162)","dms_tuple(d=-39.0, m=-22.0, s=-31.020699276344317)",264.97304,17.664869,-39.375284
86283,160411,,17.687675,-34.969202,94.4287,0.0,7.8,2.924,G1V,0.655,Sco,5.894,249,586.4128089424291,HD160411_TypG1_Mag7.8,"hms_tuple(h=17.0, m=41.0, s=38.283647070427094)","dms_tuple(d=-35.0, m=-0.0, s=-0.8921259464926834)",265.409515,17.693968,-35.000248
86302,161001,,17.691105,37.861648,208.3333,0.0,7.82,1.226,G0,0.466,Her,28.158,253,596.8524553483364,HD161001_TypG0_Mag7.82,"hms_tuple(h=17.0, m=41.0, s=51.47263068124715)","dms_tuple(d=37.0, m=49.0, s=49.89051872577818)",265.464469,17.697631,37.830525
86308,160781,,17.692312,6.313156,346.0208,-31.0,5.97,-1.726,G7III,1.271,Oph,426.973,61,116.67822858142785,HD160781_TypG7_Mag5.97,"hms_tuple(h=17.0, m=41.0, s=50.99202402262307)","dms_tuple(d=6.0, m=16.0, s=55.444487866956536)",265.462467,17.697498,6.282068
86311,160952,,17.693732,29.598979,227.7904,27.9,7.81,1.022,G8III,0.946,Her,33.978,251,591.6096051155723,HD160952_TypG8_Mag7.81,"hms_tuple(h=17.0, m=41.0, s=58.77036399282446)","dms_tuple(d=29.0, m=34.0, s=4.3214088375412985)",265.494877,17.699658,29.567867
86343,160823,,17.698847,4.366796,316.4557,0.0,6.96,-0.542,G0,0.908,Oph,143.483,131,279.4698106282087,HD160823_TypG0_Mag6.96,"hms_tuple(h=17.0, m=42.0, s=14.45918024963106)","dms_tuple(d=4.0, m=20.0, s=8.554923736069853)",265.560247,17.704016,4.33571
86352,162004,Dziban B,17.699461,72.156911,23.0627,-10.9,5.81,3.995,G0V,0.53,Dra,2.198,54,101.3168158032027,HD162004_TypG0_Mag5.81,"hms_tuple(h=17.0, m=42.0, s=58.51885254740978)","dms_tuple(d=72.0, m=7.0, s=32.40078251688942)",265.743829,17.716255,72.125667
86374,161163,,17.703686,38.07064,40.4367,0.0,7.29,4.256,G0,0.633,Her,1.728,169,373.9239290957076,HD161163_TypG0_Mag7.29,"hms_tuple(h=17.0, m=42.0, s=36.83112482073227)","dms_tuple(d=38.0, m=2.0, s=22.2606174264331)",265.653463,17.710231,38.039517
86387,160703,,17.705633,-23.349224,183.4862,0.0,7.61,1.292,G8IV,1.085,Oph,26.497,216,495.90655392467346,HD160703_TypG8_Mag7.61,"hms_tuple(h=17.0, m=42.0, s=40.49549092390407)","dms_tuple(d=-23.0, m=-22.0, s=-49.02163856914427)",265.668731,17.711249,-23.380284
86403,160868,,17.70821,-2.423843,175.4386,0.0,7.75,1.529,G5,1.131,Oph,21.301,240,561.1056035680328,HD160868_TypG5_Mag7.75,"hms_tuple(h=17.0, m=42.0, s=48.129768814515046)","dms_tuple(d=-2.0, m=-27.0, s=-17.72318451881027)",265.700541,17.713369,-2.454923
86453,161197,,17.719618,24.786346,83.682,23.5,7.92,3.307,G2IV,0.73,Her,4.142,273,651.9055358919003,HD161197_TypG2_Mag7.92,"hms_tuple(h=17.0, m=43.0, s=31.05935977980721)","dms_tuple(d=24.0, m=45.0, s=18.86255860720496)",265.879414,17.725294,24.75524
86463,161239,,17.722659,24.327821,39.0625,-26.0,5.73,2.771,G2IIIb,0.683,Her,6.786,51,94.41204069462422,HD161239_TypG2_Mag5.73,"hms_tuple(h=17.0, m=43.0, s=41.93247950076085)","dms_tuple(d=24.0, m=17.0, s=48.17437457364832)",265.924719,17.728315,24.296715
86482,161354,,17.726398,34.774819,256.4103,0.0,7.78,0.735,G5,1.011,Her,44.259,245,576.1557641428401,HD161354_TypG5_Mag7.78,"hms_tuple(h=17.0, m=43.0, s=57.615869488239184)","dms_tuple(d=34.0, m=44.0, s=37.32170199978441)",265.990066,17.732671,34.7437
86497,161098,,17.728959,-3.917869,30.1841,0.0,7.67,5.271,G5,0.676,Oph,0.679,226,522.866067770482,HD161098_TypG5_Mag7.67,"hms_tuple(h=17.0, m=44.0, s=2.853284419899751)","dms_tuple(d=-3.0, m=-56.0, s=-56.21187151321038)",266.011889,17.734126,-3.948948
86524,160874,,17.734906,-38.805745,168.3502,0.0,6.74,0.609,G8III/IV,0.974,Sco,49.705,111,230.16325744576756,HD160874_TypG8_Mag6.74,"hms_tuple(h=17.0, m=44.0, s=29.484786628285633)","dms_tuple(d=-38.0, m=-50.0, s=-12.427230849684179)",266.122853,17.741524,-38.836785
86539,161101,,17.737997,-17.436833,386.1004,0.0,7.26,-0.674,G6II/III,1.096,Sgr,162.032,165,364.156405231697,HD161101_TypG6_Mag7.26,"hms_tuple(h=17.0, m=44.0, s=36.243030923254196)","dms_tuple(d=-17.0, m=-28.0, s=-4.43613448534677)",266.151013,17.743401,-17.467899
86609,161424,,17.750119,13.024766,82.4402,0.0,7.62,3.039,G5,0.716,Oph,5.302,217,500.3012827613783,HD161424_TypG5_Mag7.62,"hms_tuple(h=17.0, m=45.0, s=19.472755171969425)","dms_tuple(d=12.0, m=59.0, s=37.21782468048133)",266.331136,17.755409,12.993672
86638,161502,,17.757573,11.1447,119.1895,-20.9,6.93,1.549,G5III,0.9,Oph,20.912,128,272.1695876893252,HD161502_TypG5_Mag6.93,"hms_tuple(h=17.0, m=45.0, s=46.174169105557894)","dms_tuple(d=11.0, m=6.0, s=48.98666917843016)",266.442392,17.762826,11.113607
86704,161797,,17.774319,27.720676,8.3105,-16.7,3.42,3.822,G5IV,0.75,Her,2.578,8,12.299540297928043,HD161797_TypG5_Mag3.42,"hms_tuple(h=17.0, m=46.0, s=48.50512444424112)","dms_tuple(d=27.0, m=41.0, s=22.438601876351925)",266.702105,17.78014,27.689566
86716,161555,,17.7755,-7.985656,55.3097,0.0,7.35,3.636,G5,0.671,Oph,3.059,177,394.25196723909164,HD161555_TypG5_Mag7.35,"hms_tuple(h=17.0, m=46.0, s=50.53985986760466)","dms_tuple(d=-8.0, m=-1.0, s=-0.23158505456009948)",266.710583,17.780706,-8.016731
86809,163183,,17.793917,73.13268,40.2576,0.0,7.74,4.716,G0,0.619,Dra,1.131,238,556.1767595666211,HD163183_TypG0_Mag7.74,"hms_tuple(h=17.0, m=48.0, s=41.94077175864493)","dms_tuple(d=73.0, m=6.0, s=5.13333304330331)",267.174753,17.81165,73.101426
86829,161664,,17.796,-22.477791,781.25,-22.0,6.18,-3.284,G3/G5Ib,1.446,Sgr,1793.081,72,140.42905193202526,HD161664_TypG3_Mag6.18,"hms_tuple(h=17.0, m=48.0, s=5.686938233240539)","dms_tuple(d=-22.0, m=-30.0, s=-31.86620714051287)",267.023696,17.80158,-22.508852
86846,161612,,17.799326,-34.018873,26.1575,2.4,7.2,5.112,G6/G8V,0.748,Sco,0.786,158,345.3801253121633,HD161612_TypG6_Mag7.2,"hms_tuple(h=17.0, m=48.0, s=19.97022518797536)","dms_tuple(d=-34.0, m=-2.0, s=-59.71231559510272)",267.083209,17.805547,-34.04992
86847,162160,,17.799425,36.117032,94.7867,0.0,7.61,2.726,G5,0.834,Her,7.073,216,495.90655392467346,HD162160_TypG5_Mag7.61,"hms_tuple(h=17.0, m=48.0, s=20.89241519167018)","dms_tuple(d=36.0, m=5.0, s=9.281876984064752)",267.087052,17.805803,36.085912
86853,162261,,17.800392,44.106953,78.6164,0.0,7.7,3.222,G5,0.844,Her,4.479,231,536.8905548349917,HD162261_TypG5_Mag7.7,"hms_tuple(h=17.0, m=48.0, s=27.241117947909004)","dms_tuple(d=44.0, m=4.0, s=32.952511504158224)",267.113505,17.807567,44.07582
86864,162209,,17.803632,38.232586,51.8135,0.0,7.78,4.208,G0,0.647,Her,1.806,245,576.1557641428401,HD162209_TypG0_Mag7.78,"hms_tuple(h=17.0, m=48.0, s=36.68903958854315)","dms_tuple(d=38.0, m=12.0, s=5.265359708902224)",267.152871,17.810191,38.201463
86887,163767,,17.806857,77.029233,103.3058,0.0,7.51,2.439,G0,0.596,Dra,9.213,200,454.02750557766933,HD163767_TypG0_Mag7.51,"hms_tuple(h=17.0, m=49.0, s=47.16499613331621)","dms_tuple(d=76.0, m=59.0, s=52.52897469646655)",267.446521,17.829768,76.997925
86888,162076,,17.80688,20.565441,79.4913,-26.0,5.69,1.188,G5IV,0.938,Her,29.161,50,91.1381715250705,HD162076_TypG5_Mag5.69,"hms_tuple(h=17.0, m=48.0, s=44.583775270296826)","dms_tuple(d=20.0, m=32.0, s=3.6208138595614514)",267.185766,17.812384,20.534339
86933,162338,,17.816196,37.061729,51.6262,0.0,7.18,3.616,G0,0.514,Her,3.116,155,339.33902361009757,HD162338_TypG0_Mag7.18,"hms_tuple(h=17.0, m=49.0, s=21.55049824765797)","dms_tuple(d=37.0, m=1.0, s=50.18627718865446)",267.339794,17.822653,37.030607
87048,162667,,17.842083,36.846117,341.2969,0.0,6.89,-0.776,G0,0.98,Her,177.992,124,262.73172769318006,HD162667_TypG0_Mag6.89,"hms_tuple(h=17.0, m=50.0, s=54.67805937672097)","dms_tuple(d=36.0, m=48.0, s=53.98418305784219)",267.727825,17.848522,36.814996
87098,162255,,17.852149,-22.921008,40.0962,0.0,7.15,4.134,G3V,0.656,Sgr,1.934,152,330.4749158245449,HD162255_TypG3_Mag7.15,"hms_tuple(h=17.0, m=51.0, s=27.888539986182934)","dms_tuple(d=-22.0, m=-57.0, s=-7.445699282851876)",267.866202,17.857747,-22.952068
87099,162807,,17.852157,38.442534,211.4165,0.0,7.81,1.184,G5,0.962,Her,29.268,251,591.6096051155723,HD162807_TypG5_Mag7.81,"hms_tuple(h=17.0, m=51.0, s=31.447490029818823)","dms_tuple(d=38.0, m=24.0, s=41.07704205920072)",267.881031,17.858735,38.41141
87122,162272,,17.859925,-31.413026,869.5652,0.0,7.79,-1.907,G8III,1.162,Sco,504.429,247,581.2616622824664,HD162272_TypG8_Mag7.79,"hms_tuple(h=17.0, m=51.0, s=57.48084105276462)","dms_tuple(d=-31.0, m=-26.0, s=-38.6751954712588)",267.989504,17.865967,-31.444076
87132,162123,,17.862377,-45.600706,258.3979,-7.0,6.09,-0.971,G6III,0.949,Ara,213.01,67,129.70927982877768,HD162123_TypG6_Mag6.09,"hms_tuple(h=17.0, m=52.0, s=11.094581206112082)","dms_tuple(d=-45.0, m=-37.0, s=-54.246033588028126)",268.046227,17.869748,-45.631735
87200,162391,,17.872156,-34.416842,242.7184,-21.0,5.84,-1.086,G8/K0III,1.129,Sco,236.81,56,104.0343690357312,HD162391_TypG8_Mag5.84,"hms_tuple(h=17.0, m=52.0, s=42.264392029321414)","dms_tuple(d=-34.0, m=-26.0, s=-52.39880631613346)",268.176102,17.878407,-34.447889
87218,162754,,17.876155,1.70964,154.321,0.0,7.75,1.808,G5,0.817,Oph,16.474,240,561.1056035680328,HD162754_TypG5_Mag7.75,"hms_tuple(h=17.0, m=52.0, s=52.72268858665427)","dms_tuple(d=1.0, m=40.0, s=42.80205947480752)",268.219678,17.881312,1.678556
87223,162714,,17.877418,-6.143577,100000.0,-5.0,6.18,-13.82,G3Ibv SB,1.25,Oph,29376496.52,72,140.42905193202526,HD162714_TypG3_Mag6.18,"hms_tuple(h=17.0, m=52.0, s=57.369804768248684)","dms_tuple(d=-6.0, m=-10.0, s=-28.75331748407781)",268.239041,17.882603,-6.174654
87261,162756,,17.882958,-7.919521,58.4454,-124.0,7.64,3.806,G0IV-Vvar,0.631,Oph,2.616,221,509.2079239683959,HD162756_TypG0_Mag7.64,"hms_tuple(h=17.0, m=53.0, s=17.385626374753542)","dms_tuple(d=-7.0, m=-57.0, s=-2.1458061085320423)",268.32244,17.888163,-7.950596
87262,167101,,17.883048,83.907543,219.2982,0.0,7.51,0.805,G5,0.726,Dra,41.495,200,454.02750557766933,HD167101_TypG5_Mag7.51,"hms_tuple(h=17.0, m=55.0, s=52.923262221989376)","dms_tuple(d=83.0, m=52.0, s=33.50781215765892)",268.970514,17.931368,83.875974
87283,162585,,17.886802,-32.03235,100000.0,0.0,6.79,-13.21,G6Ib/II,1.395,Sco,16749428.76,115,240.54417110761835,HD162585_TypG6_Mag6.79,"hms_tuple(h=17.0, m=53.0, s=34.384042557061605)","dms_tuple(d=-32.0, m=-3.0, s=-48.23878763572907)",268.393267,17.892884,-32.0634
87293,163077,,17.888501,24.991385,49.0436,7.8,7.94,4.487,G8V,0.74,Her,1.397,277,663.5111201850515,HD163077_TypG8_Mag7.94,"hms_tuple(h=17.0, m=53.0, s=39.07206693510233)","dms_tuple(d=24.0, m=57.0, s=37.002142230079755)",268.4128,17.894187,24.960278
87329,163607,,17.894592,56.391957,68.8231,0.0,8.0,3.811,G5,0.777,Dra,2.604,290,699.5823055523535,HD163607_TypG5_Mag8.0,"hms_tuple(h=17.0, m=54.0, s=14.029449713928557)","dms_tuple(d=56.0, m=21.0, s=38.86649796179654)",268.558456,17.903897,56.360796
87334,162836,,17.896417,-19.887248,148.368,0.0,7.22,1.363,G8/K0III,1.179,Sgr,24.82,160,351.52877406079745,HD162836_TypG8_Mag7.22,"hms_tuple(h=17.0, m=54.0, s=6.83863005965776)","dms_tuple(d=-19.0, m=-55.0, s=-5.92118067966112)",268.528494,17.9019,-19.918311
87359,163418,,17.900392,42.647094,225.7336,-1.1,7.35,0.582,G6III,1.013,Her,50.957,177,394.25196723909164,HD163418_TypG6_Mag7.35,"hms_tuple(h=17.0, m=54.0, s=26.62728040953425)","dms_tuple(d=42.0, m=36.0, s=57.46916193303889)",268.610947,17.907396,42.615964
87419,163589,,17.911125,45.554132,60.6061,-37.0,7.68,3.767,G5,0.727,Her,2.711,227,527.4997120883073,HD163589_TypG5_Mag7.68,"hms_tuple(h=17.0, m=55.0, s=6.536041617633259)","dms_tuple(d=45.0, m=31.0, s=22.78748781866625)",268.777234,17.918482,45.522997
87438,163153,,17.91602,-7.733943,43.8404,-74.2,6.92,3.711,G5,0.759,Oph,2.855,127,269.7788052214281,HD163153_TypG5_Mag6.92,"hms_tuple(h=17.0, m=55.0, s=16.400452689076417)","dms_tuple(d=-7.0, m=-45.0, s=-54.06562601812283)",268.818335,17.921222,-7.765018
87473,163621,,17.923528,36.18887,31.7965,0.0,7.92,5.408,G5,0.859,Her,0.598,273,651.9055358919003,HD163621_TypG5_Mag7.92,"hms_tuple(h=17.0, m=55.0, s=47.684236001050806)","dms_tuple(d=36.0, m=9.0, s=27.898316080461996)",268.948684,17.929912,36.15775
87551,163272,,17.94012,-26.773391,44.1891,0.0,7.39,4.163,G2/G3V,0.614,Sgr,1.883,182,408.41430272357115,HD163272_TypG2_Mag7.39,"hms_tuple(h=17.0, m=56.0, s=45.222663507470315)","dms_tuple(d=-26.0, m=-48.0, s=-16.0091461721575)",269.188428,17.945895,-26.804447
87574,163532,,17.946596,-4.081823,122.6994,-39.0,5.44,-0.004,G9III,1.162,Oph,87.418,41,73.09810201858323,HD163532_TypG9_Mag5.44,"hms_tuple(h=17.0, m=57.0, s=6.35023567266046)","dms_tuple(d=-4.0, m=-6.0, s=-46.4457314048699)",269.276459,17.951764,-4.112902
87622,163840,,17.95398,23.995889,28.2486,-28.1,6.32,4.065,G2V,0.642,Her,2.061,80,158.89188662502437,HD163840_TypG2_Mag6.32,"hms_tuple(h=17.0, m=57.0, s=34.63530930175153)","dms_tuple(d=23.0, m=57.0, s=53.22048099486551)",269.394314,17.959621,23.964783
87679,164182,,17.967017,42.002026,497.5124,0.0,7.85,-0.634,G5,0.965,Her,156.171,259,612.8614298360975,HD164182_TypG5_Mag7.85,"hms_tuple(h=17.0, m=58.0, s=26.220327032399098)","dms_tuple(d=41.0, m=58.0, s=15.228226563196472)",269.609251,17.97395,41.970897
87747,164280,,17.978422,36.287797,113.2503,10.0,6.03,0.76,G5III:,0.949,Her,43.251,64,123.02133555198672,HD164280_TypG5_Mag6.03,"hms_tuple(h=17.0, m=59.0, s=5.331705783257803)","dms_tuple(d=36.0, m=15.0, s=24.03501800150707)",269.772215,17.984814,36.256676
87765,163652,,17.982135,-36.858376,121.8027,-87.0,5.74,0.312,G8III,0.915,Sgr,65.343,52,95.24872114276333,HD163652_TypG8_Mag5.74,"hms_tuple(h=17.0, m=59.0, s=18.88783716025756)","dms_tuple(d=-36.0, m=-53.0, s=-21.909075367257174)",269.828699,17.98858,-36.889419
118918,120237,,13.81532,-35.704955,29.4118,3.5,6.57,4.227,G3 IV-V,0.55,Cen,1.775,97,198.10522595363804,HD120237_TypG3_Mag6.57,"hms_tuple(h=13.0, m=49.0, s=18.0130854409056)","dms_tuple(d=-35.0, m=-44.0, s=-9.599298844734108)",207.325055,13.82167,-35.736
119015,137108,,15.38663,30.2862,18.622,-10.6,5.96,4.61,G2 V,,CrB,1.247,61,115.65330781182224,HD137108_TypG2_Mag5.96,"hms_tuple(h=15.0, m=23.0, s=33.350892453659924)","dms_tuple(d=30.0, m=15.0, s=18.314010507640432)",230.888962,15.392597,30.255087
119070,146362,,16.244599,33.856722,21.6873,-14.5,6.72,5.039,G1 V,,CrB,0.84,109,226.137433304753,HD146362_TypG1_Mag6.72,"hms_tuple(h=16.0, m=15.0, s=2.894097739596191)","dms_tuple(d=33.0, m=49.0, s=32.17691055232365)",243.762059,16.250804,33.825605
