,hd,proper,ra,dec,dist,rv,mag,absmag,spect,ci,con,lum,exp,modexp,tgtfn,adjra_hms,adjdec_dms,adjra_deg,adjra_hour,adjdec_deg
58366,104248,,12.004848,-36.285368,235.8491,0.0,7.3,0.437,K1III,1.208,Cen,58.237,170,377.23764669214916,HD104248_TypK1_Mag7.3,"hms_tuple(h=12.0, m=0.0, s=40.482928076555424)","dms_tuple(d=-36.0, m=-18.0, s=-59.08318995297009)",180.168679,12.011245,-36.316412
58374,104268,,12.006463,-30.600528,169.4915,0.0,7.95,1.804,K0III,0.99,Hya,16.535,280,669.391162362906,HD104268_TypK0_Mag7.95,"hms_tuple(h=12.0, m=0.0, s=44.832817750673115)","dms_tuple(d=-30.0, m=-37.0, s=-53.686023397321776)",180.186803,12.012454,-30.631579
58392,104290,,12.01056,18.334706,204.0816,-8.9,7.84,1.291,K0,1.03,Com,26.522,257,607.4779541357369,HD104290_TypK0_Mag7.84,"hms_tuple(h=12.0, m=0.0, s=57.56161967537281)","dms_tuple(d=18.0, m=18.0, s=12.983036351397175)",180.23984,12.015989,18.303606
58398,104307,,12.011729,-21.837501,176.0563,4.0,6.28,0.052,K2III,1.22,Crv,83.023,78,153.3820888800899,HD104307_TypK2_Mag6.28,"hms_tuple(h=12.0, m=1.0, s=2.219990581946405)","dms_tuple(d=-21.0, m=-52.0, s=-6.824655190837632)",180.25925,12.017283,-21.868562
58400,104304,,12.012347,-10.446014,12.7632,0.1,5.54,5.01,K0IV,0.76,Vir,0.863,44,79.84059869753548,HD104304_TypK0_Mag5.54,"hms_tuple(h=12.0, m=1.0, s=3.320551232943245)","dms_tuple(d=-10.0, m=-28.0, s=-37.512104892203695)",180.263836,12.017589,-10.477087
58425,104358,,12.016866,-26.479761,150.1502,0.0,7.76,1.877,K0III,1.136,Hya,15.46,242,566.0781270342421,HD104358_TypK0_Mag7.76,"hms_tuple(h=12.0, m=1.0, s=21.45484264679439)","dms_tuple(d=-26.0, m=-30.0, s=-38.942351270692654)",180.339395,12.022626,-26.510817
58450,104414,,12.023136,-20.663829,354.6099,0.0,7.55,-0.199,K0III,1.069,Crv,104.616,206,470.3371004243402,HD104414_TypK0_Mag7.55,"hms_tuple(h=12.0, m=1.0, s=43.126273771931665)","dms_tuple(d=-20.0, m=-41.0, s=-41.60988641929123)",180.429693,12.028646,-20.694892
58455,104390,,12.023248,66.12297,641.0256,0.0,7.16,-1.874,K2,1.42,Dra,489.328,153,333.40358783117154,HD104390_TypK2_Mag7.16,"hms_tuple(h=12.0, m=2.0, s=9.481084103981914)","dms_tuple(d=66.0, m=5.0, s=30.37189804342688)",180.539505,12.035967,66.09177
58462,104407,,12.024351,6.506072,404.8583,0.0,7.86,-0.177,K2,1.238,Vir,102.518,261,618.2926139519136,HD104407_TypK2_Mag7.86,"hms_tuple(h=12.0, m=1.0, s=46.339452182565)","dms_tuple(d=6.0, m=28.0, s=29.94144758758253)",180.443081,12.029539,6.474984
58475,104435,,12.027191,70.849861,157.2327,3.1,7.24,1.257,K0,1.111,Dra,27.365,163,357.7868844682338,HD104435_TypK0_Mag7.24,"hms_tuple(h=12.0, m=2.0, s=34.3667589669262)","dms_tuple(d=70.0, m=49.0, s=7.06326497469604)",180.643195,12.04288,70.818629
58478,104438,,12.027635,36.042086,102.7749,30.0,5.59,0.531,K0III,1.019,UMa,53.407,46,83.4416007470692,HD104438_TypK0_Mag5.59,"hms_tuple(h=12.0, m=2.0, s=2.426564282935857)","dms_tuple(d=36.0, m=0.0, s=39.47665279957562)",180.510111,12.034007,36.010966
58524,104528,,12.039242,0.563681,251.2563,0.0,7.96,0.959,K2,1.52,Vir,36.008,282,675.323313533301,HD104528_TypK2_Mag7.96,"hms_tuple(h=12.0, m=2.0, s=39.82872410162017)","dms_tuple(d=0.0, m=31.0, s=57.35341743795594)",180.665953,12.044397,0.532598
58528,104542,,12.040703,-11.934177,523.5602,0.0,7.85,-0.745,K5,1.322,Crv,172.982,259,612.8614298360975,HD104542_TypK5_Mag7.85,"hms_tuple(h=12.0, m=2.0, s=45.49964880337811)","dms_tuple(d=-11.0, m=-57.0, s=-54.89383439751762)",180.689582,12.045972,-11.965248
58536,104579,,12.042363,-39.029087,800.0,0.0,7.7,-1.815,K4III,1.562,Cen,463.447,231,536.8905548349917,HD104579_TypK4_Mag7.7,"hms_tuple(h=12.0, m=2.0, s=56.40516672586131)","dms_tuple(d=-39.0, m=-3.0, s=-36.45722041311615)",180.735022,12.049001,-39.060127
58548,104590,,12.045037,24.446516,188.6792,-6.0,7.74,1.361,K2III,1.129,Com,24.866,238,556.1767595666211,HD104590_TypK2_Mag7.74,"hms_tuple(h=12.0, m=3.0, s=2.51238240528167)","dms_tuple(d=24.0, m=24.0, s=55.47590575699161)",180.760468,12.050698,24.41541
58565,104625,,12.047684,-7.683623,223.7136,-8.0,6.24,-0.508,K5,1.492,Vir,139.059,76,148.0633510554248,HD104625_TypK5_Mag6.24,"hms_tuple(h=12.0, m=3.0, s=10.388617278726002)","dms_tuple(d=-7.0, m=-42.0, s=-52.91379401344557)",180.793286,12.052886,-7.714698
58577,104641,,12.049986,-22.152366,393.7008,0.0,7.83,-0.146,K5III,1.62,Crv,99.632,255,602.141767772257,HD104641_TypK5_Mag7.83,"hms_tuple(h=12.0, m=3.0, s=19.989694325356027)","dms_tuple(d=-22.0, m=-11.0, s=-0.3374541414055443)",180.83329,12.055553,-22.183427
58581,104644,,12.050418,-31.691663,229.3578,0.0,7.41,0.607,K2/K3III,1.287,Hya,49.797,185,415.6851208955647,HD104644_TypK2_Mag7.41,"hms_tuple(h=12.0, m=3.0, s=23.320770856765876)","dms_tuple(d=-31.0, m=-43.0, s=-21.767136857922935)",180.84717,12.056478,-31.722713
58593,104677,,12.053668,-3.395423,151.0574,0.0,7.5,1.604,K2,1.15,Vir,19.879,198,450.03925321819855,HD104677_TypK2_Mag7.5,"hms_tuple(h=12.0, m=3.0, s=31.79475583774021)","dms_tuple(d=-3.0, m=-25.0, s=-35.40799121060161)",180.882478,12.058832,-3.426502
58617,104730,,12.059046,-32.257835,515.4639,0.0,7.74,-0.821,K1III,1.127,Hya,185.524,238,556.1767595666211,HD104730_TypK1_Mag7.74,"hms_tuple(h=12.0, m=3.0, s=54.516726405297504)","dms_tuple(d=-32.0, m=-17.0, s=-19.983755921286956)",180.977153,12.065144,-32.288884
58622,104725,,12.059885,69.019965,199.2032,0.0,7.0,0.504,K2,1.322,Dra,54.752,135,289.50893673230235,HD104725_TypK2_Mag7.0,"hms_tuple(h=12.0, m=4.0, s=27.340826715823)","dms_tuple(d=68.0, m=59.0, s=19.488574125850846)",181.11392,12.074261,68.988747
58631,104739,,12.062296,68.934936,286.533,0.0,7.96,0.674,K2,1.093,Dra,46.817,282,675.323313533301,HD104739_TypK2_Mag7.96,"hms_tuple(h=12.0, m=4.0, s=35.82128432910267)","dms_tuple(d=68.0, m=54.0, s=13.386333851489098)",181.149255,12.076617,68.903718
58646,104772,,12.064594,-34.808483,502.5126,0.0,7.91,-0.596,K3III,1.587,Hya,150.8,271,646.179090335777,HD104772_TypK3_Mag7.91,"hms_tuple(h=12.0, m=4.0, s=15.14772791382967)","dms_tuple(d=-34.0, m=-50.0, s=-22.30450955130152)",181.063116,12.070874,-34.839529
58652,104782,,12.06632,61.403608,211.8644,0.0,7.76,1.13,K0,1.021,UMa,30.761,242,566.0781270342421,HD104782_TypK0_Mag7.76,"hms_tuple(h=12.0, m=4.0, s=37.483346984026014)","dms_tuple(d=61.0, m=22.0, s=20.748279795801068)",181.156181,12.077079,61.37243
58655,104785,,12.066961,18.814555,990.099,-41.0,7.7,-2.278,K2,1.23,Com,709.905,231,536.8905548349917,HD104785_TypK2_Mag7.7,"hms_tuple(h=12.0, m=4.0, s=20.66020661591338)","dms_tuple(d=18.0, m=47.0, s=0.4376864113953616)",181.086084,12.072406,18.783455
58673,104819,,12.069704,-22.371044,116.9591,0.0,7.93,2.59,K2III,1.152,Crv,8.017,275,657.682729265769,HD104819_TypK2_Mag7.93,"hms_tuple(h=12.0, m=4.0, s=31.005876839067383)","dms_tuple(d=-22.0, m=-24.0, s=-7.57741682845591)",181.129191,12.075279,-22.402105
58705,104863,,12.076969,3.161722,260.4167,0.0,7.87,0.792,K2,1.406,Vir,41.995,263,623.771929275639,HD104863_TypK2_Mag7.87,"hms_tuple(h=12.0, m=4.0, s=55.67285760568822)","dms_tuple(d=3.0, m=7.0, s=50.29249091866756)",181.23197,12.082131,3.130637
58715,104862,,12.077923,35.567406,201.6129,0.0,7.4,0.877,K1III,1.055,UMa,38.833,184,412.0336743557815,HD104862_TypK1_Mag7.4,"hms_tuple(h=12.0, m=5.0, s=3.32683105233329)","dms_tuple(d=35.0, m=32.0, s=10.631016630104568)",181.263862,12.084257,35.536286
58719,104884,,12.07861,3.573108,166.3894,0.0,7.14,1.034,K0,0.937,Vir,33.605,151,327.5719697549974,HD104884_TypK0_Mag7.14,"hms_tuple(h=12.0, m=5.0, s=1.5882380959666875)","dms_tuple(d=3.0, m=32.0, s=31.28073781201124)",181.256618,12.083775,3.542022
58767,104977,,12.08603,13.472927,283.2861,0.0,7.64,0.379,K5,1.47,Com,61.433,221,509.2079239683959,HD104977_TypK5_Mag7.64,"hms_tuple(h=12.0, m=5.0, s=28.787375102634627)","dms_tuple(d=13.0, m=26.0, s=30.595874562581002)",181.369947,12.09133,13.441832
58768,104980,,12.086332,2.183423,197.6285,0.0,7.53,1.051,K0,1.125,Vir,33.083,203,462.11035531169057,HD104980_TypK0_Mag7.53,"hms_tuple(h=12.0, m=5.0, s=29.36502330165567)","dms_tuple(d=2.0, m=9.0, s=8.419304674366614)",181.372354,12.09149,2.152339
58803,105028,,12.092645,68.794303,277.7778,-24.0,7.39,0.172,K0III,1.074,Dra,74.336,182,408.41430272357115,HD105028_TypK0_Mag7.39,"hms_tuple(h=12.0, m=6.0, s=24.751902903500564)","dms_tuple(d=68.0, m=45.0, s=47.11106967960177)",181.603133,12.106876,68.763086
58813,105043,,12.094371,62.93312,117.9245,-26.0,6.14,0.782,K2III,1.178,UMa,42.384,70,135.5594787266646,HD105043_TypK2_Mag6.14,"hms_tuple(h=12.0, m=6.0, s=20.47355750520495)","dms_tuple(d=62.0, m=54.0, s=6.96850944573896)",181.585306,12.105687,62.901936
58833,105086,,12.099963,16.772638,89.4454,0.0,7.97,3.212,K0,0.884,Com,4.521,284,681.3080354866522,HD105086_TypK0_Mag7.97,"hms_tuple(h=12.0, m=6.0, s=19.244884191368214)","dms_tuple(d=16.0, m=44.0, s=29.543867683009353)",181.580187,12.105346,16.74154
58836,105091,,12.100197,-13.316768,740.7407,0.0,7.99,-1.358,K5III,1.593,Crv,304.229,288,693.4370594020932,HD105091_TypK5_Mag7.99,"hms_tuple(h=12.0, m=6.0, s=19.78112285022121)","dms_tuple(d=-13.0, m=-20.0, s=-52.21667346834238)",181.582421,12.105495,-13.347838
58857,105115,,12.103613,-38.675667,377.3585,0.0,6.91,-0.974,K2/K3V,1.391,Cen,213.599,126,267.409023780344,HD105115_TypK2_Mag6.91,"hms_tuple(h=12.0, m=6.0, s=36.78658421737438)","dms_tuple(d=-38.0, m=-42.0, s=-24.147132330627414)",181.653277,12.110218,-38.706708
58863,105144,,12.104569,-22.796268,183.8235,0.0,7.28,0.958,K0III,0.986,Crv,36.041,168,370.63931974020056,HD105144_TypK0_Mag7.28,"hms_tuple(h=12.0, m=6.0, s=36.58202481305338)","dms_tuple(d=-22.0, m=-49.0, s=-38.38218106782193)",181.652425,12.110162,-22.827328
58866,105140,,12.105405,46.284094,380.2281,0.0,7.54,-0.36,K5III,1.5,UMa,121.339,204,466.20558189854603,HD105140_TypK5_Mag7.54,"hms_tuple(h=12.0, m=6.0, s=46.29441168840401)","dms_tuple(d=46.0, m=15.0, s=10.645748868682858)",181.692893,12.11286,46.252957
58877,105173,,12.110517,-37.860102,150.8296,0.0,6.63,0.738,K1III,1.017,Cen,44.137,102,208.87503841075554,HD105173_TypK1_Mag6.63,"hms_tuple(h=12.0, m=7.0, s=1.375162164910222)","dms_tuple(d=-37.0, m=-53.0, s=-28.117473255714458)",181.75573,12.117049,-37.891144
58878,105181,,12.110954,33.567137,100000.0,0.0,7.91,-12.09,K4III,1.518,CVn,5970352.866,271,646.179090335777,HD105181_TypK4_Mag7.91,"hms_tuple(h=12.0, m=7.0, s=1.6969841520047169)","dms_tuple(d=33.0, m=32.0, s=9.672281411555446)",181.757071,12.117138,33.53602
58923,105264,,12.119842,-0.629953,230.9469,0.0,7.61,0.792,K0,0.966,Vir,41.995,216,495.90655392467346,HD105264_TypK0_Mag7.61,"hms_tuple(h=12.0, m=7.0, s=29.9891574383291)","dms_tuple(d=-0.0, m=-39.0, s=-39.7250696988435)",181.874955,12.124997,-0.661035
58925,105265,,12.120308,-6.084021,229.8851,0.0,7.73,0.922,K2,1.413,Vir,37.256,236,551.2912113423957,HD105265_TypK2_Mag7.73,"hms_tuple(h=12.0, m=7.0, s=31.771716113454147)","dms_tuple(d=-6.0, m=-6.0, s=-54.351914970726654)",181.882382,12.125492,-6.115098
58945,105292,,12.124431,-18.190758,265.252,0.0,7.07,-0.048,K0III,1.195,Crv,91.033,143,307.9529390460096,HD105292_TypK0_Mag7.07,"hms_tuple(h=12.0, m=7.0, s=47.48801520835883)","dms_tuple(d=-18.0, m=-13.0, s=-18.563406950485444)",181.947867,12.129858,-18.221823
58955,105307,,12.125782,4.513164,205.7613,0.0,7.45,0.883,K0,0.972,Vir,38.619,191,430.6173790127683,HD105307_TypK0_Mag7.45,"hms_tuple(h=12.0, m=7.0, s=51.4288461246916)","dms_tuple(d=4.0, m=28.0, s=55.4792410911692)",181.964287,12.130952,4.482078
58957,105319,,12.126499,42.070845,520.8333,0.0,7.65,-0.933,K4III,1.571,CVn,205.684,222,513.7205296793568,HD105319_TypK4_Mag7.65,"hms_tuple(h=12.0, m=8.0, s=0.38253974512699074)","dms_tuple(d=42.0, m=2.0, s=22.97621801669891)",182.001594,12.13344,42.039716
58958,105321,,12.126645,13.516937,228.833,0.0,7.67,0.872,K0,1.01,Com,39.012,226,522.866067770482,HD105321_TypK0_Mag7.67,"hms_tuple(h=12.0, m=7.0, s=55.00488405426893)","dms_tuple(d=13.0, m=29.0, s=9.031722029446456)",181.979187,12.131946,13.485842
58990,105373,,12.13405,6.036369,209.205,0.0,7.86,1.257,K0,0.949,Vir,27.365,261,618.2926139519136,HD105373_TypK0_Mag7.86,"hms_tuple(h=12.0, m=8.0, s=21.23911887063528)","dms_tuple(d=6.0, m=0.0, s=19.012205685396566)",182.088496,12.139233,6.005281
59002,105409,,12.136794,-4.287021,203.666,0.0,7.53,0.985,K0,1.072,Vir,35.156,203,462.11035531169057,HD105409_TypK0_Mag7.53,"hms_tuple(h=12.0, m=8.0, s=31.067947470255035)","dms_tuple(d=-4.0, m=-19.0, s=-5.157855113470191)",182.12945,12.141963,-4.318099
59005,105424,,12.137614,30.275357,460.8295,0.0,7.59,-0.728,K3IV,1.539,Com,170.294,212,487.2325692121131,HD105424_TypK3_Mag7.59,"hms_tuple(h=12.0, m=8.0, s=36.89092165705404)","dms_tuple(d=30.0, m=14.0, s=39.27925813884684)",182.153712,12.143581,30.244244
59008,105440,,12.138399,58.556794,195.6947,0.0,7.46,1.002,K0IV,1.022,UMa,34.61,192,434.43351452893916,HD105440_TypK0_Mag7.46,"hms_tuple(h=12.0, m=8.0, s=53.77772855143206)","dms_tuple(d=58.0, m=31.0, s=32.25516883050204)",182.224074,12.148272,58.525626
59011,105434,,12.138732,-34.674936,148.368,0.0,6.75,0.893,K2III,1.069,Hya,38.265,112,232.20296653338022,HD105434_TypK2_Mag6.75,"hms_tuple(h=12.0, m=8.0, s=42.00796815938517)","dms_tuple(d=-34.0, m=-42.0, s=-21.535958351329327)",182.175033,12.145002,-34.705982
59029,105475,,12.143681,26.493547,193.4236,0.3,6.97,0.537,K0III,1.023,Com,53.113,132,281.9464748828664,HD105475_TypK0_Mag6.97,"hms_tuple(h=12.0, m=8.0, s=57.98011949672215)","dms_tuple(d=26.0, m=27.0, s=44.779275910416345)",182.241584,12.149439,26.462439
59047,105525,,12.148234,49.185348,187.2659,0.0,7.42,1.058,K0III,1.03,UMa,32.87,187,419.36892659107707,HD105525_TypK0_Mag7.42,"hms_tuple(h=12.0, m=9.0, s=22.015501147794083)","dms_tuple(d=49.0, m=9.0, s=15.139128709149077)",182.341731,12.156115,49.154205
59098,105631,,12.160365,40.252055,24.5278,0.6,7.46,5.512,K0V,0.794,CVn,0.544,192,434.43351452893916,HD105631_TypK0_Mag7.46,"hms_tuple(h=12.0, m=10.0, s=1.61689861730423)","dms_tuple(d=40.0, m=13.0, s=15.342729681351557)",182.506737,12.167116,40.220929
59102,105632,,12.161215,33.087184,219.2982,0.0,7.57,0.865,K2IIICN+...,1.124,Com,39.264,209,478.71030262103807,HD105632_TypK2_Mag7.57,"hms_tuple(h=12.0, m=10.0, s=2.5144379926572924)","dms_tuple(d=33.0, m=3.0, s=21.843733368480116)",182.510477,12.167365,33.056068
59103,105639,,12.161475,1.897889,73.046,3.0,5.95,1.632,K3III,1.12,Vir,19.373,61,114.63739011499842,HD105639_TypK3_Mag5.95,"hms_tuple(h=12.0, m=9.0, s=59.876576432388475)","dms_tuple(d=1.0, m=52.0, s=0.4978418054075462)",182.499486,12.166632,1.866805
59133,105707,,12.168746,-22.619766,97.4659,5.0,3.02,-1.924,K2III,1.326,Crv,512.389,6,8.642077227102003,HD105707_TypK2_Mag3.02,"hms_tuple(h=12.0, m=10.0, s=27.593247298075596)","dms_tuple(d=-22.0, m=-39.0, s=-2.975661268155818)",182.614972,12.174331,-22.650827
59134,105699,,12.168852,16.426908,454.5455,-20.6,7.05,-1.238,K2,1.331,Com,272.396,141,302.5664825365462,HD105699_TypK2_Mag7.05,"hms_tuple(h=12.0, m=10.0, s=27.21052660240275)","dms_tuple(d=16.0, m=23.0, s=44.91710130220781)",182.613377,12.174225,16.39581
59153,105730,,12.171909,-19.769855,198.0198,-5.7,7.48,0.996,K5III,1.494,Crv,34.802,195,442.16754115556887,HD105730_TypK5_Mag7.48,"hms_tuple(h=12.0, m=10.0, s=38.595228650788016)","dms_tuple(d=-19.0, m=-48.0, s=-3.3068156968167273)",182.660813,12.177388,-19.800919
59184,105811,,12.180074,-9.397219,99.4036,0.0,7.5,2.513,K0,0.996,Vir,8.606,198,450.03925321819855,HD105811_TypK0_Mag7.5,"hms_tuple(h=12.0, m=11.0, s=7.077230660988363)","dms_tuple(d=-9.0, m=-25.0, s=-41.85364879673941)",182.779488,12.185299,-9.428293
59189,105842,,12.180864,51.796213,209.6436,0.0,7.65,1.043,K0,1.034,UMa,33.327,222,513.7205296793568,HD105842_TypK0_Mag7.65,"hms_tuple(h=12.0, m=11.0, s=21.094416391710666)","dms_tuple(d=51.0, m=45.0, s=54.23199210013081)",182.837893,12.189193,51.765064
59190,105814,,12.181191,-28.067889,239.2344,0.0,7.33,0.436,K0III,1.102,Hya,58.291,174,387.3560399526628,HD105814_TypK0_Mag7.33,"hms_tuple(h=12.0, m=11.0, s=13.323736599415668)","dms_tuple(d=-28.0, m=-5.0, s=-56.1965572310271)",182.805516,12.187034,-28.098943
59191,105815,,12.181245,-33.468164,178.2531,0.0,7.73,1.475,K0III,0.995,Hya,22.387,236,551.2912113423957,HD105815_TypK0_Mag7.73,"hms_tuple(h=12.0, m=11.0, s=14.735113513072804)","dms_tuple(d=-33.0, m=-29.0, s=-57.16252831902352)",182.811396,12.187426,-33.499212
59201,105943,,12.183354,81.709832,336.7003,-27.0,6.0,-1.636,K5III:,1.618,Cam,393.007,63,119.80781072170208,HD105943_TypK5_Mag6.0,"hms_tuple(h=12.0, m=13.0, s=8.292933647676364)","dms_tuple(d=81.0, m=40.0, s=42.21470112014458)",183.284554,12.21897,81.678393
59204,105834,,12.183446,-40.952154,313.4796,0.0,7.51,0.029,K1III,1.179,Cen,84.801,200,454.02750557766933,HD105834_TypK1_Mag7.51,"hms_tuple(h=12.0, m=11.0, s=24.987235996867128)","dms_tuple(d=-40.0, m=-58.0, s=-59.48766823330914)",182.854113,12.190274,-40.983191
59207,105846,,12.183763,8.717534,178.5714,0.0,7.34,1.081,K0,1.143,Vir,32.181,175,390.78879304975095,HD105846_TypK0_Mag7.34,"hms_tuple(h=12.0, m=11.0, s=20.3188444401151)","dms_tuple(d=8.0, m=41.0, s=11.197269083275927)",182.834662,12.188977,8.686444
59209,105852,,12.184143,-45.422866,404.8583,6.0,6.61,-1.427,K0III,1.086,Cen,324.19,100,205.22157007953126,HD105852_TypK0_Mag6.61,"hms_tuple(h=12.0, m=11.0, s=29.368368852748148)","dms_tuple(d=-45.0, m=-27.0, s=-14.023222023759558)",182.872368,12.191491,-45.453895
59240,105900,,12.189454,-2.699109,160.2564,0.0,6.74,0.716,K0,1.074,Vir,45.04,111,230.16325744576756,HD105900_TypK0_Mag6.74,"hms_tuple(h=12.0, m=11.0, s=40.6122097318638)","dms_tuple(d=-2.0, m=-43.0, s=-48.67988034871402)",182.919218,12.194615,-2.730189
59243,105913,,12.189697,-16.790841,32.3415,0.0,6.88,4.331,K0/2 + (G),0.77,Crv,1.613,123,260.4238489413245,HD105913_TypK0_Mag6.88,"hms_tuple(h=12.0, m=11.0, s=42.29548297229911)","dms_tuple(d=-16.0, m=-49.0, s=-18.867253600462277)",182.926231,12.195082,-16.821908
59246,105911,,12.190388,0.193788,377.3585,0.0,7.63,-0.254,K0,1.249,Vir,110.053,219,504.73495772895257,HD105911_TypK0_Mag7.63,"hms_tuple(h=12.0, m=11.0, s=43.953597169917344)","dms_tuple(d=0.0, m=9.0, s=45.739829991264)",182.93314,12.195543,0.162706
59249,105963,,12.191064,53.421521,30.1477,4.3,7.96,5.564,K0,0.88,UMa,0.518,282,675.323313533301,HD105963_TypK0_Mag7.96,"hms_tuple(h=12.0, m=11.0, s=58.94707127940691)","dms_tuple(d=53.0, m=23.0, s=25.326358823171518)",182.995613,12.199708,53.390368
59252,105918,,12.191564,-33.620013,714.2857,0.0,7.97,-1.299,K4III,1.515,Hya,288.138,284,681.3080354866522,HD105918_TypK4_Mag7.97,"hms_tuple(h=12.0, m=11.0, s=51.92269509383337)","dms_tuple(d=-33.0, m=-39.0, s=-3.8182112488647135)",182.966345,12.197756,-33.651061
59270,105956,,12.194571,-47.240039,555.5556,6.6,7.81,-0.914,K1/K2IIICNp,1.114,Cen,202.116,251,591.6096051155723,HD105956_TypK1_Mag7.81,"hms_tuple(h=12.0, m=12.0, s=7.803998918898998)","dms_tuple(d=-47.0, m=-16.0, s=-15.833509518872688)",183.032517,12.202168,-47.271065
59275,106002,,12.195806,57.054408,271.7391,35.0,6.34,-0.831,K5III,1.505,UMa,187.241,82,161.720568208778,HD106002_TypK5_Mag6.34,"hms_tuple(h=12.0, m=12.0, s=18.994524500877503)","dms_tuple(d=57.0, m=1.0, s=23.68289626235139)",183.079144,12.205276,57.023245
59276,105982,,12.19613,23.322499,198.8072,-15.9,6.73,0.238,K2,1.04,Com,69.952,110,228.14146549859603,HD105982_TypK2_Mag6.73,"hms_tuple(h=12.0, m=12.0, s=6.27116448715725)","dms_tuple(d=23.0, m=17.0, s=29.01911085786992)",183.02613,12.201742,23.291394
59285,105981,,12.19755,25.87028,271.7391,22.0,5.66,-1.511,K4III,1.401,Com,350.268,48,88.75748872831454,HD105981_TypK4_Mag5.66,"hms_tuple(h=12.0, m=12.0, s=11.798100785916006)","dms_tuple(d=25.0, m=50.0, s=21.020611548016177)",183.049159,12.203277,25.839172
59299,106007,,12.199729,-25.941481,171.5266,0.0,7.43,1.258,K1III,1.212,Hya,27.34,188,423.08537820947436,HD106007_TypK1_Mag7.43,"hms_tuple(h=12.0, m=12.0, s=19.665823764651265)","dms_tuple(d=-25.0, m=-58.0, s=-21.136544566386988)",183.081941,12.205463,-25.972538
59314,106072,,12.201536,64.463795,460.8295,0.0,7.55,-0.768,K2,1.2,Dra,176.685,206,470.3371004243402,HD106072_TypK2_Mag7.55,"hms_tuple(h=12.0, m=12.0, s=48.52758287182681)","dms_tuple(d=64.0, m=25.0, s=57.37298930394559)",183.202198,12.21348,64.432604
59318,106057,,12.202581,20.542064,130.3781,-25.0,5.6,0.024,K0II-III,0.961,Com,85.192,46,84.18106104676042,HD106057_TypK0_Mag5.6,"hms_tuple(h=12.0, m=12.0, s=29.10434902080212)","dms_tuple(d=20.0, m=30.0, s=39.463701226948444)",183.121268,12.208085,20.510962
59323,106059,,12.203956,-4.401974,100000.0,0.0,7.86,-12.14,K2,1.421,Vir,6251726.928,261,618.2926139519136,HD106059_TypK2_Mag7.86,"hms_tuple(h=12.0, m=12.0, s=32.85400456641369)","dms_tuple(d=-4.0, m=-25.0, s=-58.98827609269652)",183.136892,12.209126,-4.433052
59327,106076,,12.204904,5.8728,147.929,0.0,7.4,1.55,K0,0.991,Vir,20.893,184,412.0336743557815,HD106076_TypK0_Mag7.4,"hms_tuple(h=12.0, m=12.0, s=36.30799285594534)","dms_tuple(d=5.0, m=50.0, s=30.16434763478145)",183.151283,12.210086,5.841712
59328,106102,,12.204957,55.70588,115.8749,0.0,7.2,1.88,K2III-IV,1.223,UMa,15.417,158,345.3801253121633,HD106102_TypK2_Mag7.2,"hms_tuple(h=12.0, m=12.0, s=50.75360248222751)","dms_tuple(d=55.0, m=40.0, s=28.996497355859674)",183.211473,12.214098,55.674721
59343,106093,,12.206879,-11.659153,302.1148,0.0,7.72,0.319,K2,1.334,Vir,64.923,234,546.4485785781236,HD106093_TypK2_Mag7.72,"hms_tuple(h=12.0, m=12.0, s=43.71419061615171)","dms_tuple(d=-11.0, m=-41.0, s=-24.808375461172858)",183.182142,12.212143,-11.690225
59346,106083,,12.207565,-43.999376,347.2222,0.0,7.91,0.207,K0III,1.14,Cen,71.978,271,646.179090335777,HD106083_TypK0_Mag7.91,"hms_tuple(h=12.0, m=12.0, s=53.0441186338048)","dms_tuple(d=-44.0, m=-1.0, s=-49.46847302292895)",183.221017,12.214734,-44.030408
59362,106127,,12.211692,-2.472731,259.7403,8.0,7.3,0.227,K5III,1.488,Vir,70.664,170,377.23764669214916,HD106127_TypK5_Mag7.3,"hms_tuple(h=12.0, m=13.0, s=0.6656550560298058)","dms_tuple(d=-2.0, m=-30.0, s=-13.719823964105586)",183.252774,12.216852,-2.503811
59365,106150,,12.212676,51.939964,202.0202,0.0,7.28,0.753,K0,0.876,CVn,43.531,168,370.63931974020056,HD106150_TypK0_Mag7.28,"hms_tuple(h=12.0, m=13.0, s=15.713493750660206)","dms_tuple(d=51.0, m=54.0, s=31.734357912728797)",183.315473,12.221032,51.908815
59369,106130,,12.213345,-37.527106,427.3504,0.0,7.43,-0.724,K3III,1.423,Cen,169.668,188,423.08537820947436,HD106130_TypK3_Mag7.43,"hms_tuple(h=12.0, m=13.0, s=11.450482061380711)","dms_tuple(d=-37.0, m=-33.0, s=-29.333618034187907)",183.29771,12.219847,-37.558148
59396,106184,,12.217524,28.634934,621.118,3.5,7.68,-1.286,K5III,1.59,Com,284.708,227,527.4997120883073,HD106184_TypK5_Mag7.68,"hms_tuple(h=12.0, m=13.0, s=24.222799816948708)","dms_tuple(d=28.0, m=36.0, s=13.763547009092179)",183.350928,12.223395,28.603823
59397,106179,,12.217924,-31.518392,169.4915,0.0,7.57,1.424,K0III,1.111,Hya,23.464,209,478.71030262103807,HD106179_TypK0_Mag7.57,"hms_tuple(h=12.0, m=13.0, s=26.301763441989294)","dms_tuple(d=-31.0, m=-32.0, s=-57.99232041355708)",183.359591,12.223973,-31.549442
59409,106209,,12.22058,11.516348,495.0495,0.0,7.59,-0.883,K5,1.56,Vir,196.426,212,487.2325692121131,HD106209_TypK5_Mag7.59,"hms_tuple(h=12.0, m=13.0, s=33.02389534457262)","dms_tuple(d=11.0, m=29.0, s=6.918202278662591)",183.3876,12.22584,11.485255
59458,106316,,12.231336,-0.639088,220.2643,0.0,7.86,1.145,K2,1.108,Vir,30.339,261,618.2926139519136,HD106316_TypK2_Mag7.86,"hms_tuple(h=12.0, m=14.0, s=11.367591812178404)","dms_tuple(d=-0.0, m=-40.0, s=-12.611039750391342)",183.547365,12.236491,-0.67017
59471,106321,,12.234085,-45.723919,175.1313,7.0,5.31,-0.907,K3III,1.4,Cen,200.817,37,65.17681159262382,HD106321_TypK3_Mag5.31,"hms_tuple(h=12.0, m=14.0, s=29.301911732905097)","dms_tuple(d=-45.0, m=-45.0, s=-17.812005772131556)",183.622091,12.241473,-45.754948
59473,106349,,12.234457,12.147438,193.4236,0.0,7.99,1.557,K0,1.16,Vir,20.759,288,693.4370594020932,HD106349_TypK0_Mag7.99,"hms_tuple(h=12.0, m=14.0, s=23.024721818477758)","dms_tuple(d=12.0, m=6.0, s=58.84004325045012)",183.595936,12.239729,12.116344
59475,106381,,12.234904,66.109294,225.2252,0.0,6.74,-0.023,K0,1.313,Dra,88.961,111,230.16325744576756,HD106381_TypK0_Mag6.74,"hms_tuple(h=12.0, m=14.0, s=51.41804499998187)","dms_tuple(d=66.0, m=4.0, s=41.13857083972675)",183.714242,12.247616,66.078094
59477,106365,,12.235151,32.784205,126.7427,-8.8,6.86,1.345,K2III,1.14,Com,25.235,122,255.86873171888556,HD106365_TypK2_Mag6.86,"hms_tuple(h=12.0, m=14.0, s=28.608412659268936)","dms_tuple(d=32.0, m=45.0, s=11.12074233805913)",183.619202,12.24128,32.753089
59518,106449,,12.243606,39.342253,476.1905,0.0,6.96,-1.429,K7III,1.6,CVn,324.788,131,279.4698106282087,HD106449_TypK7_Mag6.96,"hms_tuple(h=12.0, m=15.0, s=0.9654620531840408)","dms_tuple(d=39.0, m=18.0, s=40.06057757822646)",183.754023,12.250268,39.311128
59524,106453,,12.245037,-24.775182,29.3169,0.0,7.47,5.134,K0/K1V+...,0.711,Crv,0.77,194,438.2834686761904,HD106453_TypK0_Mag7.47,"hms_tuple(h=12.0, m=15.0, s=2.5761587729668634)","dms_tuple(d=-24.0, m=-48.0, s=-22.464829117609213)",183.760734,12.250716,-24.80624
59525,106478,,12.245394,53.434626,147.2754,0.1,6.18,0.339,K0III:,1.061,UMa,63.738,72,140.42905193202526,HD106478_TypK0_Mag6.18,"hms_tuple(h=12.0, m=15.0, s=14.544654952641878)","dms_tuple(d=53.0, m=24.0, s=12.504237996825509)",183.810603,12.25404,53.403473
59536,106456,,12.247723,-44.111685,296.7359,0.0,7.55,0.188,K0II/III,1.082,Cen,73.249,206,470.3371004243402,HD106456_TypK0_Mag7.55,"hms_tuple(h=12.0, m=15.0, s=17.661969250224274)","dms_tuple(d=-44.0, m=-8.0, s=-33.78015947437348)",183.823592,12.254906,-44.142717
59545,106485,,12.249884,-20.84422,82.85,16.0,5.82,1.229,K0IIICN...,1.052,Crv,28.08,55,102.2146864373567,HD106485_TypK0_Mag5.82,"hms_tuple(h=12.0, m=15.0, s=19.442793451031548)","dms_tuple(d=-20.0, m=-52.0, s=-31.01680990723594)",183.831012,12.255401,-20.875282
59549,106498,,12.250005,-1.326592,230.4147,0.0,7.49,0.677,K0,1.025,Vir,46.687,197,446.0860343240754,HD106498_TypK0_Mag7.49,"hms_tuple(h=12.0, m=15.0, s=18.579933314391184)","dms_tuple(d=-1.0, m=-21.0, s=-27.623185388234646)",183.827416,12.255161,-1.357673
59559,106500,,12.251778,-29.237256,156.9859,0.0,6.5,0.521,K0III,1.086,Hya,53.901,92,186.24025315238663,HD106500_TypK0_Mag6.5,"hms_tuple(h=12.0, m=15.0, s=27.673157007538407)","dms_tuple(d=-29.0, m=-16.0, s=-5.912776341026813)",183.865305,12.257687,-29.268309
59563,106574,,12.252366,70.200008,142.8571,-14.0,5.72,-0.055,K2III,1.179,Dra,91.622,51,93.58270978529147,HD106574_TypK2_Mag5.72,"hms_tuple(h=12.0, m=16.0, s=3.2168971620167497)","dms_tuple(d=70.0, m=10.0, s=7.611575822306804)",184.013404,12.26756,70.168781
59570,106542,,12.253771,16.90744,316.4557,0.0,6.82,-0.682,K2,1.187,Com,163.23,118,246.99612663521023,HD106542_TypK2_Mag6.82,"hms_tuple(h=12.0, m=15.0, s=32.967461758946826)","dms_tuple(d=16.0, m=52.0, s=34.83058547882109)",183.887364,12.259158,16.876342
59572,106529,,12.253864,4.525655,202.0202,0.0,7.94,1.413,K0,0.956,Vir,23.703,277,663.5111201850515,HD106529_TypK0_Mag7.94,"hms_tuple(h=12.0, m=15.0, s=32.52436466230719)","dms_tuple(d=4.0, m=29.0, s=40.446799893544)",183.885518,12.259035,4.494569
59594,106605,,12.257439,52.717184,259.7403,0.0,7.61,0.537,K0,1.06,UMa,53.113,216,495.90655392467346,HD106605_TypK0_Mag7.61,"hms_tuple(h=12.0, m=15.0, s=57.39286144243607)","dms_tuple(d=52.0, m=41.0, s=9.719545361513724)",183.989137,12.265942,52.686033
59601,106581,,12.25853,-14.072071,526.3158,0.0,7.4,-1.206,K2III,1.36,Crv,264.484,184,412.0336743557815,HD106581_TypK2_Mag7.4,"hms_tuple(h=12.0, m=15.0, s=49.8414298818453)","dms_tuple(d=-14.0, m=-6.0, s=-11.304849850167074)",183.957673,12.263845,-14.10314
59602,106572,,12.258477,-41.913278,123.1527,25.0,6.24,0.788,K0III,1.002,Cen,42.15,76,148.0633510554248,HD106572_TypK0_Mag6.24,"hms_tuple(h=12.0, m=15.0, s=55.46591785972268)","dms_tuple(d=-41.0, m=-56.0, s=-39.52845746014418)",183.981108,12.265407,-41.944313
59608,106582,,12.260156,-20.529475,133.5113,0.0,6.85,1.222,K1III,1.161,Crv,28.262,121,253.62113865358353,HD106582_TypK1_Mag6.85,"hms_tuple(h=12.0, m=15.0, s=56.380771818948006)","dms_tuple(d=-20.0, m=-33.0, s=-37.93598923546682)",183.98492,12.265661,-20.560538
59613,106677,,12.261529,72.551196,147.4926,-48.0,6.29,0.446,K0III +K0III,1.145,Dra,57.756,79,154.74136248456367,HD106677_TypK0_Mag6.29,"hms_tuple(h=12.0, m=16.0, s=43.28336685037485)","dms_tuple(d=72.0, m=31.0, s=11.812763605686314)",184.180347,12.27869,72.519948
59624,106624,,12.26386,-13.816701,584.7953,0.0,7.31,-1.525,K5III,1.595,Crv,354.813,171,380.5807304870462,HD106624_TypK5_Mag7.31,"hms_tuple(h=12.0, m=16.0, s=9.008218073390992)","dms_tuple(d=-13.0, m=-50.0, s=-51.9737387995896)",184.037534,12.269169,-13.84777
59657,106715,,12.270943,6.223178,247.5248,0.0,7.69,0.722,K0,0.984,Vir,44.792,229,532.1744198083834,HD106715_TypK0_Mag7.69,"hms_tuple(h=12.0, m=16.0, s=34.060420172572634)","dms_tuple(d=6.0, m=11.0, s=31.523986336639496)",184.141918,12.276128,6.19209
59664,106714,,12.272372,23.945409,76.4526,-28.0,4.93,0.513,K0III,0.957,Com,54.3,28,46.61073069928609,HD106714_TypK0_Mag4.93,"hms_tuple(h=12.0, m=16.0, s=40.83856761553491)","dms_tuple(d=23.0, m=54.0, s=51.49267908316858)",184.170161,12.278011,23.914304
59665,106719,,12.272679,-7.531885,289.8551,0.0,7.91,0.599,K0,1.054,Vir,50.165,271,646.179090335777,HD106719_TypK0_Mag7.91,"hms_tuple(h=12.0, m=16.0, s=40.3639671068818)","dms_tuple(d=-7.0, m=-33.0, s=-46.657500355971706)",184.168183,12.277879,-7.56296
59666,106717,,12.272908,-5.84573,450.4505,0.0,7.38,-0.888,K2,1.33,Vir,197.333,181,404.82672424766696,HD106717_TypK2_Mag7.38,"hms_tuple(h=12.0, m=16.0, s=41.12356540899583)","dms_tuple(d=-5.0, m=-52.0, s=-36.50510470388781)",184.171348,12.27809,-5.876807
59673,106760,,12.27504,33.061527,96.9932,-42.0,4.99,0.056,K1III,1.14,Com,82.718,29,49.144681157705676,HD106760_TypK1_Mag4.99,"hms_tuple(h=12.0, m=16.0, s=52.27798976039338)","dms_tuple(d=33.0, m=1.0, s=49.478653058073405)",184.217825,12.281188,33.030411
59698,106813,,12.280579,56.281466,176.6784,0.0,7.28,1.044,K2,1.238,UMa,33.297,168,370.63931974020056,HD106813_TypK2_Mag7.28,"hms_tuple(h=12.0, m=17.0, s=23.48590709853184)","dms_tuple(d=56.0, m=15.0, s=1.100074807055762)",184.347858,12.289857,56.250306
59700,106788,,12.281025,-26.598463,186.5672,0.0,7.29,0.936,K0III,1.015,Hya,36.779,169,373.9239290957076,HD106788_TypK0_Mag7.29,"hms_tuple(h=12.0, m=17.0, s=12.448739674374139)","dms_tuple(d=-26.0, m=-37.0, s=-46.26906484734576)",184.30187,12.286791,-26.629519
59706,106817,,12.282877,0.35212,265.252,0.0,7.88,0.762,K0,1.027,Vir,43.172,265,629.299802346522,HD106817_TypK0_Mag7.88,"hms_tuple(h=12.0, m=17.0, s=16.914213649169625)","dms_tuple(d=0.0, m=19.0, s=15.73451097144293)",184.320476,12.288032,0.321037
59736,106884,,12.291551,53.191331,105.7082,-41.0,5.8,0.679,K6III,1.33,UMa,46.602,54,100.42683221252334,HD106884_TypK6_Mag5.8,"hms_tuple(h=12.0, m=18.0, s=0.5331536479656052)","dms_tuple(d=53.0, m=9.0, s=36.64446909004994)",184.502221,12.300148,53.160179
59746,106866,,12.29297,-40.004447,371.7472,0.0,7.21,-0.641,K3III,1.484,Cen,157.181,159,348.44088743422355,HD106866_TypK3_Mag7.21,"hms_tuple(h=12.0, m=17.0, s=58.92868594985245)","dms_tuple(d=-40.0, m=-2.0, s=-7.747842793672817)",184.495536,12.299702,-40.035486
59757,106926,,12.295628,15.1447,175.4386,-42.0,6.36,0.139,K4III,1.384,Com,76.63,83,164.59960755259254,HD106926_TypK4_Mag6.36,"hms_tuple(h=12.0, m=18.0, s=3.4823828374887)","dms_tuple(d=15.0, m=6.0, s=48.97283912182942)",184.51451,12.300967,15.113604
59760,106923,,12.296138,-36.333977,359.7122,0.0,7.96,0.18,K2/K3III,1.37,Cen,73.79,282,675.323313533301,HD106923_TypK2_Mag7.96,"hms_tuple(h=12.0, m=18.0, s=9.141306374013851)","dms_tuple(d=-36.0, m=-21.0, s=-54.075344377425836)",184.538089,12.302539,-36.365021
59765,106920,,12.296398,-28.271409,188.6792,0.0,7.64,1.261,K0III,0.966,Hya,27.265,221,509.2079239683959,HD106920_TypK0_Mag7.64,"hms_tuple(h=12.0, m=18.0, s=8.109041765879681)","dms_tuple(d=-28.0, m=-18.0, s=-8.867698276817464)",184.533788,12.302253,-28.302463
59779,106932,,12.298573,-16.952745,152.6718,0.0,7.89,1.971,K0III,1.133,Crv,14.178,267,634.876663483802,HD106932_TypK0_Mag7.89,"hms_tuple(h=12.0, m=18.0, s=14.265736837122205)","dms_tuple(d=-16.0, m=-59.0, s=-1.7210738732322284)",184.559441,12.303963,-16.983811
59818,106993,,12.306217,-39.271285,216.9197,0.0,7.92,1.239,K0III,1.003,Cen,27.823,273,651.9055358919003,HD106993_TypK0_Mag7.92,"hms_tuple(h=12.0, m=18.0, s=46.3620453487313)","dms_tuple(d=-39.0, m=-18.0, s=-8.368699097381409)",184.693175,12.312878,-39.302325
59828,107035,,12.30767,8.064974,215.5172,0.0,7.27,0.603,K0,1.039,Vir,49.98,166,367.38356293404297,HD107035_TypK0_Mag7.27,"hms_tuple(h=12.0, m=18.0, s=46.35265089772858)","dms_tuple(d=8.0, m=2.0, s=1.983454387945045)",184.693136,12.312876,8.033884
59836,107036,,12.309564,-3.022272,217.3913,0.0,7.97,1.284,K2,1.024,Vir,26.693,284,681.3080354866522,HD107036_TypK2_Mag7.97,"hms_tuple(h=12.0, m=18.0, s=53.01350351965411)","dms_tuple(d=-3.0, m=-3.0, s=-12.065618318736675)",184.72089,12.314726,-3.053352
59868,107155,,12.315894,65.367318,100000.0,0.0,7.7,-12.3,K5,1.56,Dra,7244359.601,231,536.8905548349917,HD107155_TypK5_Mag7.7,"hms_tuple(h=12.0, m=19.0, s=41.68762106833043)","dms_tuple(d=65.0, m=20.0, s=10.03934432923188)",184.923698,12.328247,65.336122
59873,107106,,12.316545,-33.292223,369.0037,0.0,7.75,-0.085,K0III,0.98,Hya,94.189,240,561.1056035680328,HD107106_TypK0_Mag7.75,"hms_tuple(h=12.0, m=19.0, s=21.770082066286847)","dms_tuple(d=-33.0, m=-19.0, s=-23.775756018833363)",184.840709,12.322714,-33.323271
59876,107117,,12.316932,1.165971,558.6592,0.0,7.62,-1.116,K0,0.972,Vir,243.445,217,500.3012827613783,HD107117_TypK0_Mag7.62,"hms_tuple(h=12.0, m=19.0, s=19.515563199146015)","dms_tuple(d=1.0, m=8.0, s=5.595442702841709)",184.831315,12.322088,1.134888
59888,107158,,12.318459,40.312787,195.6947,0.0,7.16,0.702,K0IIICN...,1.0,CVn,45.625,153,333.40358783117154,HD107158_TypK0_Mag7.16,"hms_tuple(h=12.0, m=19.0, s=30.77711720647386)","dms_tuple(d=40.0, m=16.0, s=53.97758791603394)",184.878238,12.325216,40.28166
59901,107149,,12.321893,-16.273863,362.3188,14.0,7.33,-0.465,K5III,1.615,Crv,133.66,174,387.3560399526628,HD107149_TypK5_Mag7.33,"hms_tuple(h=12.0, m=19.0, s=38.14912747551901)","dms_tuple(d=-16.0, m=-18.0, s=-17.74829816763031)",184.908955,12.327264,-16.30493
59903,107161,,12.322276,-8.914658,192.6782,-11.7,6.84,0.416,K0III,1.094,Vir,59.375,120,251.39328881580803,HD107161_TypK0_Mag6.84,"hms_tuple(h=12.0, m=19.0, s=38.978824741239606)","dms_tuple(d=-8.0, m=-56.0, s=-44.63567201210466)",184.912412,12.327494,-8.945732
59904,107170,,12.322287,14.541639,207.4689,25.4,6.52,-0.065,K0,1.119,Com,92.47,94,189.555805541093,HD107170_TypK0_Mag6.52,"hms_tuple(h=12.0, m=19.0, s=39.40135721235677)","dms_tuple(d=14.0, m=30.0, s=37.955354204868286)",184.914172,12.327611,14.510543
59935,107238,,12.329826,6.041177,163.6661,0.0,7.72,1.65,K0,1.113,Vir,19.055,234,546.4485785781236,HD107238_TypK0_Mag7.72,"hms_tuple(h=12.0, m=20.0, s=6.03288365460557)","dms_tuple(d=6.0, m=0.0, s=36.320989750279864)",185.025137,12.335009,6.010089
59947,107246,,12.332022,-26.736931,215.9827,0.0,6.6,-0.072,K2III,1.6,Hya,93.068,100,203.41887002054995,HD107246_TypK2_Mag6.6,"hms_tuple(h=12.0, m=20.0, s=16.063185583713846)","dms_tuple(d=-26.0, m=-46.0, s=-4.753296147019057)",185.06693,12.337795,-26.767987
59951,107260,,12.332568,-15.062722,225.2252,0.0,7.94,1.177,K0III,1.071,Crv,29.458,277,663.5111201850515,HD107260_TypK0_Mag7.94,"hms_tuple(h=12.0, m=20.0, s=16.464588971918914)","dms_tuple(d=-15.0, m=-5.0, s=-37.64498212099028)",185.068602,12.337907,-15.09379
59961,107528,,12.33422,83.373995,625.0,0.0,7.84,-1.139,K0,1.069,Cam,248.657,257,607.4779541357369,HD107528_TypK0_Mag7.84,"hms_tuple(h=12.0, m=22.0, s=43.25755098279231)","dms_tuple(d=83.0, m=20.0, s=32.87642542146614)",185.68024,12.378683,83.342466
59965,107288,,12.334683,13.855053,143.2665,8.7,6.94,1.159,K0,1.08,Com,29.95,129,274.581557295345,HD107288_TypK0_Mag6.94,"hms_tuple(h=12.0, m=20.0, s=23.96906185810792)","dms_tuple(d=13.0, m=49.0, s=26.24814827150871)",185.099871,12.339991,13.823958
59969,107305,,12.335581,9.892465,298.5075,0.0,7.6,0.225,K0,1.35,Vir,70.795,214,491.5504291096121,HD107305_TypK0_Mag7.6,"hms_tuple(h=12.0, m=20.0, s=26.926609602218576)","dms_tuple(d=9.0, m=51.0, s=40.94491483408845)",185.112194,12.340813,9.861374
59972,107295,,12.336326,-22.1757,118.3432,-1.0,5.94,0.574,K0III+...,0.824,Crv,51.333,60,113.63039640648289,HD107295_TypK0_Mag5.94,"hms_tuple(h=12.0, m=20.0, s=30.81702440408094)","dms_tuple(d=-22.0, m=-12.0, s=-24.33976492071139)",185.128404,12.341894,-22.206761
59976,107341,,12.337086,37.902134,165.2893,2.6,6.73,0.639,K1III,1.0,CVn,48.35,110,228.14146549859603,HD107341_TypK1_Mag6.73,"hms_tuple(h=12.0, m=20.0, s=37.017135343906915)","dms_tuple(d=37.0, m=52.0, s=15.639905870078792)",185.154238,12.343616,37.871011
59982,107309,,12.338019,-4.510285,212.766,0.0,7.16,0.52,K0,1.118,Vir,53.951,153,333.40358783117154,HD107309_TypK0_Mag7.16,"hms_tuple(h=12.0, m=20.0, s=35.48356595394608)","dms_tuple(d=-4.0, m=-32.0, s=-28.9075188639589)",185.147848,12.34319,-4.541363
59985,107325,,12.3388,26.619482,49.3583,-13.0,5.52,2.053,K2III-IV,1.091,Com,13.146,43,78.44409339414062,HD107325_TypK2_Mag5.52,"hms_tuple(h=12.0, m=20.0, s=40.43127302537073)","dms_tuple(d=26.0, m=35.0, s=18.144760249987257)",185.168464,12.344564,26.588374
59987,107328,,12.339161,3.312574,94.4287,36.0,4.97,0.094,K1III,1.172,Vir,79.873,28,48.285083296592646,HD107328_TypK1_Mag4.97,"hms_tuple(h=12.0, m=20.0, s=39.56679863364556)","dms_tuple(d=3.0, m=16.0, s=53.359194875935714)",185.164862,12.344324,3.281489
60024,107415,,12.346866,15.540988,120.6273,-21.8,6.47,1.063,K0,1.025,Com,32.719,90,181.37534353960828,HD107415_TypK0_Mag6.47,"hms_tuple(h=12.0, m=21.0, s=7.9756168586763465)","dms_tuple(d=15.0, m=30.0, s=35.60824271212866)",185.283232,12.352215,15.509891
60026,107465,,12.347461,57.864118,194.9318,-43.0,5.54,-0.909,K5III,1.452,UMa,201.187,44,79.84059869753548,HD107465_TypK5_Mag5.54,"hms_tuple(h=12.0, m=21.0, s=25.7151636277095)","dms_tuple(d=57.0, m=49.0, s=58.629737096058534)",185.357147,12.357143,57.832953
60035,107418,,12.348809,-13.565724,61.6903,13.0,5.14,1.189,K0III,1.048,Crv,29.134,32,56.098732398835686,HD107418_TypK0_Mag5.14,"hms_tuple(h=12.0, m=21.0, s=14.804186063834521)","dms_tuple(d=-13.0, m=-35.0, s=-48.45741055544508)",185.311684,12.354112,-13.596794
60044,107469,,12.350946,25.031657,49.1159,25.3,7.31,3.854,K0V,0.88,Com,2.503,171,380.5807304870462,HD107469_TypK0_Mag7.31,"hms_tuple(h=12.0, m=21.0, s=23.880770745085442)","dms_tuple(d=25.0, m=0.0, s=1.981181565311374)",185.349503,12.356634,25.00055
60054,107484,,12.352804,41.483032,246.3054,0.0,7.72,0.763,K0IIICN,1.163,CVn,43.132,234,546.4485785781236,HD107484_TypK0_Mag7.72,"hms_tuple(h=12.0, m=21.0, s=34.85282212636221)","dms_tuple(d=41.0, m=27.0, s=6.852879468864899)",185.39522,12.359681,41.451904
60058,107486,,12.353095,34.686677,189.7533,-19.0,7.13,0.739,K1III,1.078,CVn,44.096,149,324.6945236416619,HD107486_TypK1_Mag7.13,"hms_tuple(h=12.0, m=21.0, s=33.7010267717433)","dms_tuple(d=34.0, m=39.0, s=20.01092945506059)",185.390421,12.359361,34.655559
60062,107474,,12.353717,-9.549255,255.7545,0.0,7.66,0.621,K0,1.067,Vir,49.159,224,518.2731261472211,HD107474_TypK0_Mag7.66,"hms_tuple(h=12.0, m=21.0, s=32.200389300325014)","dms_tuple(d=-9.0, m=-34.0, s=-49.18273645528316)",185.384168,12.358945,-9.580329
60067,107475,,12.354514,-26.732471,421.9409,0.0,7.57,-0.556,K2III,1.308,Hya,145.345,209,478.71030262103807,HD107475_TypK2_Mag7.57,"hms_tuple(h=12.0, m=21.0, s=37.03356957318974)","dms_tuple(d=-26.0, m=-45.0, s=-48.69731448621195)",185.404307,12.360287,-26.763527
60089,107492,,12.359052,-44.268416,427.3504,0.0,7.58,-0.574,K1III+...,1.008,Cen,147.775,211,482.9526381068404,HD107492_TypK1_Mag7.58,"hms_tuple(h=12.0, m=21.0, s=58.51530042165592)","dms_tuple(d=-44.0, m=-17.0, s=-58.01075914219382)",185.493814,12.366254,-44.299447
60097,107538,,12.361549,-22.888631,276.2431,0.0,7.71,0.504,K2/K3III,1.306,Crv,54.752,233,541.648484297334,HD107538_TypK2_Mag7.71,"hms_tuple(h=12.0, m=22.0, s=1.7237218148213174)","dms_tuple(d=-22.0, m=-55.0, s=-10.888624418132054)",185.507182,12.367145,-22.919691
60112,107572,,12.364198,-4.386404,523.5602,0.0,7.34,-1.255,K5,1.564,Vir,276.694,175,390.78879304975095,HD107572_TypK5_Mag7.34,"hms_tuple(h=12.0, m=22.0, s=9.724813144243)","dms_tuple(d=-4.0, m=-25.0, s=-2.9363274366357217)",185.54052,12.369368,-4.417482
60119,107610,,12.365629,47.182202,97.561,0.0,6.33,1.384,K2III,1.115,CVn,24.344,81,160.2999881121757,HD107610_TypK2_Mag6.33,"hms_tuple(h=12.0, m=22.0, s=23.550989035058763)","dms_tuple(d=47.0, m=9.0, s=3.828288655933534)",185.598129,12.373209,47.151063
60125,107634,,12.367058,33.090701,198.4127,0.0,7.48,0.992,K0IIIw...,1.04,Com,34.93,195,442.16754115556887,HD107634_TypK0_Mag7.48,"hms_tuple(h=12.0, m=22.0, s=23.55012253974806)","dms_tuple(d=33.0, m=3.0, s=34.504916956298075)",185.598126,12.373208,33.059585
60152,107642,,12.371805,-15.555406,225.2252,10.3,6.54,-0.223,K0/K1III,1.238,Crv,106.955,95,192.9303832342453,HD107642_TypK0_Mag6.54,"hms_tuple(h=12.0, m=22.0, s=37.763180020387495)","dms_tuple(d=-15.0, m=-35.0, s=-11.305645562236322)",185.657347,12.377156,-15.586474
60163,107661,,12.374052,-24.236586,197.2387,0.0,7.01,0.535,K2III,1.154,Crv,53.211,136,292.07456782282145,HD107661_TypK2_Mag7.01,"hms_tuple(h=12.0, m=22.0, s=46.94261966231494)","dms_tuple(d=-24.0, m=-16.0, s=-3.52136258110761)",185.695594,12.379706,-24.267645
60172,107725,,12.376221,26.621537,900.9009,-4.3,7.86,-1.913,K2III,1.356,Com,507.224,261,618.2926139519136,HD107725_TypK2_Mag7.86,"hms_tuple(h=12.0, m=22.0, s=55.14724556196484)","dms_tuple(d=26.0, m=35.0, s=25.542751826064602)",185.72978,12.381985,26.590429
60182,107743,,12.378364,20.148914,877.193,0.0,7.92,-1.795,K2,1.286,Com,454.988,273,651.9055358919003,HD107743_TypK2_Mag7.92,"hms_tuple(h=12.0, m=23.0, s=1.8728843013531105)","dms_tuple(d=20.0, m=7.0, s=4.125166591998948)",185.757804,12.383854,20.117813
60195,107792,,12.38045,60.104721,510.2041,0.0,7.69,-0.849,K0,1.365,UMa,190.371,229,532.1744198083834,HD107792_TypK0_Mag7.69,"hms_tuple(h=12.0, m=23.0, s=26.81620972954704)","dms_tuple(d=60.0, m=4.0, s=24.77289127304573)",185.861734,12.390782,60.073548
60211,107756,,12.38336,-24.871218,150.1502,0.0,6.82,0.937,K0III,1.063,Crv,36.745,118,246.99612663521023,HD107756_TypK0_Mag6.82,"hms_tuple(h=12.0, m=23.0, s=20.55483714373139)","dms_tuple(d=-24.0, m=-54.0, s=-8.194046765698317)",185.835645,12.389043,-24.902276
60221,107780,,12.385983,-7.299125,320.5128,0.0,6.96,-0.569,K0,0.98,Vir,147.096,131,279.4698106282087,HD107780_TypK0_Mag6.96,"hms_tuple(h=12.0, m=23.0, s=28.248430092135806)","dms_tuple(d=-7.0, m=-19.0, s=-48.722276375848)",185.867702,12.39118,-7.330201
60232,107794,,12.387602,-4.974503,121.6545,0.0,6.47,1.044,K0,1.189,Vir,33.297,90,181.37534353960828,HD107794_TypK0_Mag6.47,"hms_tuple(h=12.0, m=23.0, s=33.99496488310419)","dms_tuple(d=-5.0, m=-0.0, s=-20.090786543591577)",185.891646,12.392776,-5.005581
60234,107795,,12.387869,-9.771349,324.6753,0.0,7.64,0.083,K0,1.103,Vir,80.686,221,509.2079239683959,HD107795_TypK0_Mag7.64,"hms_tuple(h=12.0, m=23.0, s=35.160051414873976)","dms_tuple(d=-9.0, m=-48.0, s=-8.720387200136486)",185.8965,12.3931,-9.802422
60239,107815,,12.38933,-24.840669,101.5228,-2.0,5.66,0.627,K1III,1.153,Crv,48.888,48,88.75748872831454,HD107815_TypK1_Mag5.66,"hms_tuple(h=12.0, m=23.0, s=42.041777335106616)","dms_tuple(d=-24.0, m=-52.0, s=-18.217768456065926)",185.925174,12.395012,-24.871727
60253,107854,,12.39166,24.593255,192.3077,-0.4,7.4,0.98,K0IIIw...,1.064,Com,35.318,184,412.0336743557815,HD107854_TypK0_Mag7.4,"hms_tuple(h=12.0, m=23.0, s=50.378969520078414)","dms_tuple(d=24.0, m=33.0, s=43.73572495260845)",185.959912,12.397327,24.562149
60270,107844,,12.394345,-20.088102,68.4932,0.0,7.87,3.692,K1V,0.898,Crv,2.905,263,623.771929275639,HD107844_TypK1_Mag7.87,"hms_tuple(h=12.0, m=23.0, s=59.40465521292609)","dms_tuple(d=-20.0, m=-7.0, s=-8.994834883428666)",185.997519,12.399835,-20.119165
60281,107869,,12.396619,-30.335415,229.3578,67.7,6.39,-0.413,K5III,1.572,Hya,127.409,85,169.01455281149524,HD107869_TypK5_Mag6.39,"hms_tuple(h=12.0, m=24.0, s=9.335720321999332)","dms_tuple(d=-30.0, m=-21.0, s=-59.28039394851879)",186.038899,12.402593,-30.366467
60287,107879,,12.397971,-19.225598,243.309,0.0,7.45,0.519,K0III,1.071,Crv,54.001,191,430.6173790127683,HD107879_TypK0_Mag7.45,"hms_tuple(h=12.0, m=24.0, s=12.352090322839473)","dms_tuple(d=-19.0, m=-15.0, s=-23.98362422234186)",186.051467,12.403431,-19.256662
60331,107955,,12.406008,-10.475111,157.9779,0.0,7.43,1.437,K0,0.973,Vir,23.185,188,423.08537820947436,HD107955_TypK0_Mag7.43,"hms_tuple(h=12.0, m=24.0, s=40.50192608358984)","dms_tuple(d=-10.0, m=-30.0, s=-22.261206241606146)",186.168758,12.411251,-10.506184
60346,107990,,12.409053,4.33117,282.4859,0.0,7.96,0.705,K0,0.993,Vir,45.499,282,675.323313533301,HD107990_TypK0_Mag7.96,"hms_tuple(h=12.0, m=24.0, s=51.19990656859116)","dms_tuple(d=4.0, m=18.0, s=0.3014411834059416)",186.213333,12.414222,4.300084
60352,108020,,12.410595,41.332359,273.9726,0.0,7.21,0.021,K2IIICN...,1.313,CVn,85.428,159,348.44088743422355,HD108020_TypK2_Mag7.21,"hms_tuple(h=12.0, m=25.0, s=2.8431351749041767)","dms_tuple(d=41.0, m=18.0, s=4.4309566301035375)",186.261846,12.417456,41.301231
60362,107998,,12.412425,-41.384289,190.1141,1.0,6.24,-0.155,K2/K3III,1.169,Cen,100.462,76,148.0633510554248,HD107998_TypK2_Mag6.24,"hms_tuple(h=12.0, m=25.0, s=9.47447464544453)","dms_tuple(d=-41.0, m=-24.0, s=-55.17116610837206)",186.289477,12.419298,-41.415325
60368,108078,,12.413635,31.033855,158.2278,-10.0,7.55,1.554,K2IIICN+...,1.132,Com,20.816,206,470.3371004243402,HD108078_TypK2_Mag7.55,"hms_tuple(h=12.0, m=25.0, s=10.735516812574986)","dms_tuple(d=31.0, m=0.0, s=9.868700457671764)",186.294731,12.419649,31.002741
60412,108123,,12.420863,23.926202,145.9854,-5.0,6.03,0.208,K0III,1.094,Com,71.912,64,123.02133555198672,HD108123_TypK0_Mag6.03,"hms_tuple(h=12.0, m=25.0, s=35.40315167241701)","dms_tuple(d=23.0, m=53.0, s=42.347554412614556)",186.397513,12.426501,23.895097
60416,108110,,12.421781,-27.749002,172.117,10.0,6.09,-0.089,K3III,1.272,Hya,94.537,67,129.70927982877768,HD108110_TypK3_Mag6.09,"hms_tuple(h=12.0, m=25.0, s=39.385734285326635)","dms_tuple(d=-27.0, m=-46.0, s=-48.204696566184566)",186.414107,12.427607,-27.780057
60431,108174,,12.424068,38.347848,218.3406,0.0,7.66,0.964,K2III,1.118,CVn,35.843,224,518.2731261472211,HD108174_TypK2_Mag7.66,"hms_tuple(h=12.0, m=25.0, s=50.29613067691372)","dms_tuple(d=38.0, m=19.0, s=0.2079469174765336)",186.459567,12.430638,38.316724
60452,108201,,12.427613,23.351145,454.5455,-32.7,7.65,-0.638,K0,1.19,Com,156.747,222,513.7205296793568,HD108201_TypK0_Mag7.65,"hms_tuple(h=12.0, m=25.0, s=59.61431629087102)","dms_tuple(d=23.0, m=19.0, s=12.144599530711844)",186.498393,12.433226,23.32004
60467,108213,,12.431892,4.199755,704.2254,0.0,7.44,-1.799,K0,1.11,Vir,456.667,189,426.83476505925523,HD108213_TypK0_Mag7.44,"hms_tuple(h=12.0, m=26.0, s=13.41714669642343)","dms_tuple(d=4.0, m=10.0, s=7.207874321665386)",186.555905,12.43706,4.168669
60483,108239,,12.434244,15.863942,204.918,0.0,6.74,0.182,K0,1.095,Com,73.655,111,230.16325744576756,HD108239_TypK0_Mag6.74,"hms_tuple(h=12.0, m=26.0, s=22.566894517451317)","dms_tuple(d=15.0, m=49.0, s=58.24150074673028)",186.594029,12.439602,15.832845
60496,108379,,12.436896,75.719141,198.4127,0.0,7.89,1.402,K0,1.199,Dra,23.944,267,634.876663483802,HD108379_TypK0_Mag7.89,"hms_tuple(h=12.0, m=27.0, s=27.892253720218747)","dms_tuple(d=75.0, m=41.0, s=16.27498267268038)",186.866218,12.457748,75.687854
60503,108316,,12.438947,54.588676,270.2703,0.0,7.51,0.351,K2,1.572,UMa,63.038,200,454.02750557766933,HD108316_TypK2_Mag7.51,"hms_tuple(h=12.0, m=26.0, s=52.20989333072495)","dms_tuple(d=54.0, m=33.0, s=27.073296264587725)",186.717541,12.447836,54.55752
60525,108302,,12.442618,7.893767,487.8049,0.0,7.94,-0.501,K2,1.299,Vir,138.166,277,663.5111201850515,HD108302_TypK2_Mag7.94,"hms_tuple(h=12.0, m=26.0, s=52.157633860124406)","dms_tuple(d=7.0, m=51.0, s=45.638826542972595)",186.717323,12.447822,7.862677
60539,108380,,12.446837,48.661541,195.6947,0.0,7.92,1.462,K1III,1.07,CVn,22.657,273,651.9055358919003,HD108380_TypK1_Mag7.92,"hms_tuple(h=12.0, m=27.0, s=16.690583170724977)","dms_tuple(d=48.0, m=37.0, s=49.43790092908557)",186.819544,12.454636,48.630399
60542,108400,,12.447183,51.205785,502.5126,0.0,7.37,-1.136,K2,1.414,CVn,247.97,180,401.2706596517492,HD108400_TypK2_Mag7.37,"hms_tuple(h=12.0, m=27.0, s=19.457282711278197)","dms_tuple(d=51.0, m=10.0, s=28.69618006167798)",186.831072,12.455405,51.174638
60553,108381,,12.448966,28.268423,51.2821,4.0,4.35,0.8,K2IIICN+...,1.128,Com,41.687,18,27.941089913004564,HD108381_TypK2_Mag4.35,"hms_tuple(h=12.0, m=27.0, s=17.340957768377336)","dms_tuple(d=28.0, m=14.0, s=14.325500280437211)",186.822254,12.454817,28.237313
60596,108429,,12.458417,-21.226567,153.8462,0.0,7.68,1.745,K0III,1.024,Crv,17.458,227,527.4997120883073,HD108429_TypK0_Mag7.68,"hms_tuple(h=12.0, m=27.0, s=50.21271029135079)","dms_tuple(d=-21.0, m=-15.0, s=-27.464570607648398)",186.95922,12.463948,-21.257629
60600,108466,,12.459139,28.108961,373.1343,-31.8,7.05,-0.809,K1III,1.209,Com,183.485,141,302.5664825365462,HD108466_TypK1_Mag7.05,"hms_tuple(h=12.0, m=27.0, s=53.93240401678227)","dms_tuple(d=28.0, m=4.0, s=40.26297274529384)",186.974718,12.464981,28.077851
60612,108442,,12.461152,-24.727327,199.2032,0.0,7.32,0.824,K0III,1.039,Crv,40.776,173,383.9534407239423,HD108442_TypK0_Mag7.32,"hms_tuple(h=12.0, m=28.0, s=0.5822771556890416)","dms_tuple(d=-24.0, m=-45.0, s=-30.18701942337003)",187.002426,12.466828,-24.758385
60629,108490,,12.465797,-18.609749,238.0952,0.0,7.46,0.576,K0III,1.176,Crv,51.239,192,434.43351452893916,HD108490_TypK0_Mag7.46,"hms_tuple(h=12.0, m=28.0, s=16.453285221181773)","dms_tuple(d=-18.0, m=-38.0, s=-26.929480953512268)",187.068555,12.471237,-18.640814
60632,108522,,12.467167,-14.450935,313.4796,0.0,6.81,-0.671,K4III,1.466,Crv,161.585,117,244.8264719937363,HD108522_TypK4_Mag6.81,"hms_tuple(h=12.0, m=28.0, s=20.96688881734721)","dms_tuple(d=-14.0, m=-28.0, s=-55.213927330550376)",187.087362,12.472491,-14.482004
60645,108546,,12.468279,20.354409,308.642,0.0,7.8,0.353,K0,1.28,Com,62.922,249,586.4128089424291,HD108546_TypK0_Mag7.8,"hms_tuple(h=12.0, m=28.0, s=25.593009007033345)","dms_tuple(d=20.0, m=19.0, s=23.90640159131209)",187.106638,12.473776,20.323307
60653,108560,,12.470794,11.826551,334.4482,0.0,7.88,0.258,K0,1.36,Vir,68.675,265,629.299802346522,HD108560_TypK0_Mag7.88,"hms_tuple(h=12.0, m=28.0, s=33.81542680074688)","dms_tuple(d=11.0, m=47.0, s=43.647942281681225)",187.140898,12.47606,11.795458
60692,108599,,12.477464,-16.00562,257.0694,0.0,7.65,0.6,K5III,1.495,Crv,50.119,222,513.7205296793568,HD108599_TypK5_Mag7.65,"hms_tuple(h=12.0, m=28.0, s=58.1784973405594)","dms_tuple(d=-16.0, m=-2.0, s=-12.074451402759507)",187.24241,12.482827,-16.036687
60711,108633,,12.481492,-37.966916,245.098,0.0,7.72,0.773,K0/K1III,0.885,Cen,42.737,234,546.4485785781236,HD108633_TypK0_Mag7.72,"hms_tuple(h=12.0, m=29.0, s=16.919367222965178)","dms_tuple(d=-37.0, m=-59.0, s=-52.64731024646551)",187.320497,12.488033,-37.997958
60733,108656,,12.48561,-34.834423,282.4859,0.0,7.07,-0.185,K3III,1.43,Cen,103.276,143,307.9529390460096,HD108656_TypK3_Mag7.07,"hms_tuple(h=12.0, m=29.0, s=30.812457235768278)","dms_tuple(d=-34.0, m=-51.0, s=-55.68838328516904)",187.378385,12.491892,-34.865469
60770,108775,,12.496341,14.650189,151.2859,0.0,7.28,1.381,K0,1.25,Com,24.412,168,370.63931974020056,HD108775_TypK0_Mag7.28,"hms_tuple(h=12.0, m=30.0, s=6.0051951087665145)","dms_tuple(d=14.0, m=37.0, s=8.734974357799814)",187.525022,12.501668,14.619093
60772,108742,,12.49689,-29.311999,213.6752,0.0,7.63,0.981,K0III,1.008,Hya,35.286,219,504.73495772895257,HD108742_TypK0_Mag7.63,"hms_tuple(h=12.0, m=30.0, s=10.091938918476728)","dms_tuple(d=-29.0, m=-20.0, s=-34.98725414193302)",187.54205,12.502803,-29.343052
60800,108781,,12.500967,-32.05962,281.6901,0.0,7.76,0.511,K0III,1.165,Hya,54.4,242,566.0781270342421,HD108781_TypK0_Mag7.76,"hms_tuple(h=12.0, m=30.0, s=25.38457531105962)","dms_tuple(d=-32.0, m=-5.0, s=-26.41066313201179)",187.605769,12.507051,-32.09067
60807,108782,,12.501767,-33.328382,558.6592,0.0,7.68,-1.056,K4III,1.537,Hya,230.356,227,527.4997120883073,HD108782_TypK4_Mag7.68,"hms_tuple(h=12.0, m=30.0, s=28.578504846450414)","dms_tuple(d=-33.0, m=-21.0, s=-33.94798618524476)",187.619077,12.507938,-33.35943
60830,108863,,12.505531,21.948245,139.2758,0.0,7.71,1.991,K0,0.99,Com,13.919,233,541.648484297334,HD108863_TypK0_Mag7.71,"hms_tuple(h=12.0, m=30.0, s=39.91400460385819)","dms_tuple(d=21.0, m=55.0, s=1.7099969125851544)",187.666308,12.511087,21.917142
60852,108879,,12.510707,-9.824457,281.6901,0.0,7.84,0.591,K0,0.989,Vir,50.536,257,607.4779541357369,HD108879_TypK0_Mag7.84,"hms_tuple(h=12.0, m=30.0, s=57.379875791596646)","dms_tuple(d=-9.0, m=-51.0, s=-19.909007887411576)",187.739083,12.515939,-9.85553
60864,108910,,12.513975,-4.060803,275.4821,82.2,6.86,-0.34,K3...,1.43,Vir,119.124,122,255.86873171888556,HD108910_TypK3_Mag6.86,"hms_tuple(h=12.0, m=31.0, s=8.914146138598653)","dms_tuple(d=-4.0, m=-5.0, s=-30.773800662611706)",187.787142,12.519143,-4.091882
60867,109051,,12.514889,71.299926,207.0393,0.0,6.95,0.37,K0,1.019,Dra,61.944,130,277.01490180011757,HD109051_TypK0_Mag6.95,"hms_tuple(h=12.0, m=31.0, s=51.38615317161609)","dms_tuple(d=71.0, m=16.0, s=7.283282504354247)",187.964109,12.530941,71.26869
60872,109094,,12.515428,76.686977,255.7545,0.0,7.43,0.391,K0,1.188,Cam,60.758,188,423.08537820947436,HD109094_TypK0_Mag7.43,"hms_tuple(h=12.0, m=32.0, s=15.942091807354615)","dms_tuple(d=76.0, m=39.0, s=20.42898010994122)",188.066425,12.537762,76.655675
60886,108973,,12.517883,39.582047,165.2893,-15.0,6.79,0.699,K1III,1.044,CVn,45.751,115,240.54417110761835,HD108973_TypK1_Mag6.79,"hms_tuple(h=12.0, m=31.0, s=28.445346186917817)","dms_tuple(d=39.0, m=33.0, s=3.317660005602079)",187.868522,12.524568,39.550922
60889,108957,,12.518446,16.614119,161.2903,10.9,7.47,1.432,K2,1.13,Com,23.292,194,438.2834686761904,HD108957_TypK2_Mag7.47,"hms_tuple(h=12.0, m=31.0, s=25.767644642102425)","dms_tuple(d=16.0, m=34.0, s=58.87603385384409)",187.857365,12.523824,16.583021
60891,108932,,12.519365,-19.594158,276.2431,0.0,7.31,0.104,K0III,1.137,Crv,79.141,171,380.5807304870462,HD108932_TypK0_Mag7.31,"hms_tuple(h=12.0, m=31.0, s=29.41517004158186)","dms_tuple(d=-19.0, m=-37.0, s=-30.79826557141729)",187.872563,12.524838,-19.625222
60907,108984,,12.521749,20.217817,25.8198,0.0,7.91,5.85,K0,0.863,Com,0.398,271,646.179090335777,HD108984_TypK0_Mag7.91,"hms_tuple(h=12.0, m=31.0, s=38.06760795456526)","dms_tuple(d=20.0, m=11.0, s=12.175710310342822)",187.908615,12.527241,20.186715
60911,108985,,12.522616,7.604309,246.3054,-17.0,6.05,-0.907,K5,1.523,Vir,200.817,65,125.21142966991891,HD108985_TypK5_Mag6.05,"hms_tuple(h=12.0, m=31.0, s=40.13761245151045)","dms_tuple(d=7.0, m=34.0, s=23.590992811881506)",187.91724,12.527816,7.57322
60916,108979,,12.523708,-9.181616,236.9668,0.0,7.19,0.317,K0,1.002,Vir,65.043,156,342.3462494285041,HD108979_TypK0_Mag7.19,"hms_tuple(h=12.0, m=31.0, s=44.14801678229679)","dms_tuple(d=-9.0, m=-12.0, s=-45.68357457874754)",187.93395,12.52893,-9.21269
60926,109012,,12.525889,27.064486,142.6534,-23.1,7.52,1.749,K3III-IV,1.186,Com,17.394,201,458.0511018694067,HD109012_TypK3_Mag7.52,"hms_tuple(h=12.0, m=31.0, s=54.0332851417071)","dms_tuple(d=27.0, m=2.0, s=0.15732895464452668)",187.975139,12.531676,27.033377
60941,108991,,12.527365,-30.981893,107.7586,0.0,6.73,1.568,K1III,1.061,Hya,20.549,110,228.14146549859603,HD108991_TypK1_Mag6.73,"hms_tuple(h=12.0, m=32.0, s=0.16583405562641929)","dms_tuple(d=-31.0, m=-0.0, s=-46.59832825198151)",188.000691,12.533379,-31.012944
60957,109071,,12.530851,5.709916,395.2569,0.0,7.52,-0.464,K2,1.28,Vir,133.537,201,458.0511018694067,HD109071_TypK2_Mag7.52,"hms_tuple(h=12.0, m=32.0, s=9.711844219541916)","dms_tuple(d=5.0, m=40.0, s=43.782487000037804)",188.040466,12.536031,5.678828
60963,109035,,12.531429,-20.981648,171.2329,4.0,7.26,1.092,K0III,1.113,Crv,31.857,165,364.156405231697,HD109035_TypK0_Mag7.26,"hms_tuple(h=12.0, m=32.0, s=13.023034387323946)","dms_tuple(d=-21.0, m=-0.0, s=-45.75709342678351)",188.054263,12.536951,-21.01271
60970,109040,,12.533115,-41.055133,204.918,0.0,6.97,0.412,K2III,1.228,Cen,59.594,132,281.9464748828664,HD109040_TypK2_Mag6.97,"hms_tuple(h=12.0, m=32.0, s=23.834119131902582)","dms_tuple(d=-41.0, m=-5.0, s=-10.211474961079148)",188.099309,12.539954,-41.08617
60989,109086,,12.53609,-27.566204,518.1347,0.0,7.16,-1.412,K3III,1.511,Hya,319.742,153,333.40358783117154,HD109086_TypK3_Mag7.16,"hms_tuple(h=12.0, m=32.0, s=30.86304861712705)","dms_tuple(d=-27.0, m=-35.0, s=-50.13266078260585)",188.128596,12.541906,-27.597259
61015,109132,,12.542448,-21.212116,115.2074,0.0,6.41,1.103,K0III,1.11,Crv,31.536,86,172.0234437188863,HD109132_TypK0_Mag6.41,"hms_tuple(h=12.0, m=32.0, s=52.7223573856719)","dms_tuple(d=-21.0, m=-14.0, s=-35.44102514181361)",188.219676,12.547978,-21.243178
61042,109181,,12.548354,-16.660108,178.8909,0.0,7.46,1.197,K0III,0.992,Crv,28.92,192,434.43351452893916,HD109181_TypK0_Mag7.46,"hms_tuple(h=12.0, m=33.0, s=13.447369085298249)","dms_tuple(d=-16.0, m=-41.0, s=-28.22892099139068)",188.306031,12.553735,-16.691175
61079,109270,,12.556831,7.946005,203.666,0.0,7.59,1.045,K5,1.122,Vir,33.266,212,487.2325692121131,HD109270_TypK5_Mag7.59,"hms_tuple(h=12.0, m=33.0, s=43.32680053929508)","dms_tuple(d=7.0, m=54.0, s=53.69545201982788)",188.430528,12.562035,7.914915
61089,109305,,12.558286,38.06904,155.2795,-10.0,6.53,0.574,K0III-IVw..,1.044,CVn,51.333,94,191.23565098411746,HD109305_TypK0_Mag6.53,"hms_tuple(h=12.0, m=33.0, s=53.39061005405668)","dms_tuple(d=38.0, m=2.0, s=16.500625881609494)",188.472461,12.564831,38.037917
61096,109282,,12.558935,24.448734,862.069,-6.2,7.24,-2.438,K0V,1.65,Com,822.621,163,357.7868844682338,HD109282_TypK0_Mag7.24,"hms_tuple(h=12.0, m=33.0, s=52.54554054655259)","dms_tuple(d=24.0, m=25.0, s=3.4606969880670135)",188.46894,12.564596,24.417628
61098,109285,,12.559054,7.679185,191.2046,0.0,6.96,0.553,K0,1.049,Vir,52.336,131,279.4698106282087,HD109285_TypK0_Mag6.96,"hms_tuple(h=12.0, m=33.0, s=51.317681552597776)","dms_tuple(d=7.0, m=38.0, s=53.14434298722716)",188.463824,12.564255,7.648096
61110,109287,,12.560281,4.220522,250.0,0.0,7.79,0.8,K0,1.216,Vir,41.687,247,581.2616622824664,HD109287_TypK0_Mag7.79,"hms_tuple(h=12.0, m=33.0, s=55.61803945570432)","dms_tuple(d=4.0, m=11.0, s=21.969005884266366)",188.481742,12.565449,4.189436
61115,109317,,12.56081,33.247584,89.3655,-20.0,5.42,0.664,K0IIICN...,1.011,CVn,47.25,40,71.81953085551153,HD109317_TypK0_Mag5.42,"hms_tuple(h=12.0, m=34.0, s=1.0969367140822328)","dms_tuple(d=33.0, m=12.0, s=59.28298351823457)",188.504571,12.566971,33.216467
61117,109251,,12.560892,-44.184063,219.7802,0.0,7.36,0.65,K5III,1.549,Cen,47.863,178,397.7458321127074,HD109251_TypK5_Mag7.36,"hms_tuple(h=12.0, m=34.0, s=5.10213182310423)","dms_tuple(d=-44.0, m=-12.0, s=-54.340498185205206)",188.521259,12.568084,-44.215095
61121,109460,,12.561883,75.212519,290.6977,0.0,7.03,-0.287,K0,1.308,Dra,113.449,138,297.27424144135534,HD109460_TypK0_Mag7.03,"hms_tuple(h=12.0, m=34.0, s=55.333675278509844)","dms_tuple(d=75.0, m=10.0, s=52.46204878268372)",188.730557,12.582037,75.181239
61126,109345,,12.56317,33.384668,127.2265,-42.3,6.24,0.717,K0III,1.051,CVn,44.999,76,148.0633510554248,HD109345_TypK0_Mag6.24,"hms_tuple(h=12.0, m=34.0, s=9.627804294078004)","dms_tuple(d=33.0, m=21.0, s=12.784740485707289)",188.540116,12.569341,33.353551
61131,109319,,12.565288,-17.078232,190.8397,0.0,7.35,0.947,K0III,1.03,Crv,36.408,177,394.25196723909164,HD109319_TypK0_Mag7.35,"hms_tuple(h=12.0, m=34.0, s=14.452771177658832)","dms_tuple(d=-17.0, m=-6.0, s=-33.47382385546723)",188.56022,12.570681,-17.109298
61142,109334,,12.568016,-23.545957,337.8378,0.0,7.44,-0.204,K0III,1.127,Crv,105.099,189,426.83476505925523,HD109334_TypK0_Mag7.44,"hms_tuple(h=12.0, m=34.0, s=25.104465981567472)","dms_tuple(d=-23.0, m=-34.0, s=-37.25967200427846)",188.604602,12.57364,-23.577017
61160,109402,,12.572451,6.378843,70.1754,0.0,8.0,3.769,K0,0.915,Vir,2.706,290,699.5823055523535,HD109402_TypK0_Mag8.0,"hms_tuple(h=12.0, m=34.0, s=39.49479271896536)","dms_tuple(d=6.0, m=20.0, s=51.91746990883317)",188.664562,12.577637,6.347755
61164,109403,,12.573106,-1.40761,173.913,0.0,7.07,0.868,K2,1.154,Vir,39.156,143,307.9529390460096,HD109403_TypK2_Mag7.07,"hms_tuple(h=12.0, m=34.0, s=41.744173958509236)","dms_tuple(d=-1.0, m=-26.0, s=-19.287719654024826)",188.673934,12.578262,-1.438691
61172,109417,,12.575215,7.734714,149.0313,0.0,6.76,0.894,K2,1.086,Vir,38.23,113,234.26075154331102,HD109417_TypK2_Mag6.76,"hms_tuple(h=12.0, m=34.0, s=49.499727352961145)","dms_tuple(d=7.0, m=42.0, s=13.048557657487976)",188.706249,12.580417,7.703625
61186,109496,,12.578469,47.007386,100000.0,0.0,7.62,-12.38,K3IV,1.573,CVn,7798301.105,217,500.3012827613783,HD109496_TypK3_Mag7.62,"hms_tuple(h=12.0, m=35.0, s=9.685656856098745)","dms_tuple(d=46.0, m=58.0, s=34.49192363464533)",188.790357,12.586024,46.976248
61190,109551,,12.578902,70.02177,184.5018,5.0,4.95,-1.38,K2III,1.312,Dra,310.456,28,47.44052080584776,HD109551_TypK2_Mag4.95,"hms_tuple(h=12.0, m=35.0, s=38.27896158936923)","dms_tuple(d=69.0, m=59.0, s=25.959808965078537)",188.909496,12.593966,69.990544
61193,109463,,12.579357,24.224198,315.4574,-28.3,7.69,0.195,K5III,1.399,Com,72.778,229,532.1744198083834,HD109463_TypK5_Mag7.69,"hms_tuple(h=12.0, m=35.0, s=6.028702876545822)","dms_tuple(d=24.0, m=11.0, s=35.13198314302258)",188.77512,12.585008,24.193092
61210,109529,,12.581759,51.360448,349.6503,0.0,7.7,-0.018,K0,1.308,CVn,88.552,231,536.8905548349917,HD109529_TypK0_Mag7.7,"hms_tuple(h=12.0, m=35.0, s=24.030607655347325)","dms_tuple(d=51.0, m=19.0, s=45.48168589508407)",188.850128,12.590009,51.3293
61224,109511,,12.585489,18.377058,138.1215,4.0,5.03,-0.671,K2III,1.152,Com,161.585,30,50.910058428254736,HD109511_TypK2_Mag5.03,"hms_tuple(h=12.0, m=35.0, s=27.31080533558341)","dms_tuple(d=18.0, m=20.0, s=45.450082293578475)",188.863795,12.59092,18.345958
61226,109519,,12.585602,21.881384,195.6947,-14.0,5.86,-0.598,K1III,1.242,Com,151.078,56,105.88644663402476,HD109519_TypK1_Mag5.86,"hms_tuple(h=12.0, m=35.0, s=28.160231207866815)","dms_tuple(d=21.0, m=51.0, s=1.0106514421943302)",188.867334,12.591156,21.850281
61229,109520,,12.586314,11.547727,336.7003,0.0,7.55,-0.086,K0,1.04,Vir,94.276,206,470.3371004243402,HD109520_TypK0_Mag7.55,"hms_tuple(h=12.0, m=35.0, s=29.668405554345156)","dms_tuple(d=11.0, m=30.0, s=59.882495160314164)",188.873618,12.591575,11.516634
61247,109531,,12.591004,-3.546011,581.3953,0.0,7.94,-0.882,K5,1.514,Vir,196.246,277,663.5111201850515,HD109531_TypK5_Mag7.94,"hms_tuple(h=12.0, m=35.0, s=46.207345971301095)","dms_tuple(d=-3.0, m=-34.0, s=-37.52429573631261)",188.942531,12.596169,-3.57709
61257,109524,,12.592662,-34.881917,21.427,0.0,7.84,6.185,K4V,1.024,Cen,0.292,257,607.4779541357369,HD109524_TypK4_Mag7.84,"hms_tuple(h=12.0, m=35.0, s=56.21273412169572)","dms_tuple(d=-34.0, m=-54.0, s=-46.666551895709176)",188.98422,12.598948,-34.912963
61280,109654,,12.596843,56.578427,167.2241,-30.1,7.71,1.594,K0III,1.106,UMa,20.063,233,541.648484297334,HD109654_TypK0_Mag7.71,"hms_tuple(h=12.0, m=36.0, s=22.29787956520198)","dms_tuple(d=56.0, m=32.0, s=50.15649630924372)",189.092908,12.606194,56.547266
61293,109655,,12.598082,45.780973,598.8024,-2.4,7.28,-1.606,K5III,1.603,CVn,382.296,168,370.63931974020056,HD109655_TypK5_Mag7.28,"hms_tuple(h=12.0, m=36.0, s=19.688676397584146)","dms_tuple(d=45.0, m=44.0, s=59.4135668607413)",189.082036,12.605469,45.749837
61305,109649,,12.600346,32.004045,229.8851,12.1,7.37,0.562,K3III,1.35,CVn,51.904,180,401.2706596517492,HD109649_TypK3_Mag7.37,"hms_tuple(h=12.0, m=36.0, s=23.120833139186345)","dms_tuple(d=31.0, m=58.0, s=22.548326832071268)",189.096337,12.606422,31.97293
61306,109627,,12.600534,25.423613,162.3377,-4.2,7.72,1.668,K2IIICN...,1.051,Com,18.741,234,546.4485785781236,HD109627_TypK2_Mag7.72,"hms_tuple(h=12.0, m=36.0, s=22.46357833382163)","dms_tuple(d=25.0, m=23.0, s=33.02121231763067)",189.093598,12.60624,25.392506
61318,109702,,12.602843,56.8255,183.1502,0.0,7.23,0.916,K2III,1.18,UMa,37.463,161,354.6440255695144,HD109702_TypK2_Mag7.23,"hms_tuple(h=12.0, m=36.0, s=44.11935043545384)","dms_tuple(d=56.0, m=47.0, s=39.61661353545935)",189.183831,12.612255,56.794338
61320,109681,,12.603431,40.586401,125.1564,0.0,7.58,2.093,K2III,1.125,CVn,12.671,211,482.9526381068404,HD109681_TypK2_Mag7.58,"hms_tuple(h=12.0, m=36.0, s=36.77544496593313)","dms_tuple(d=40.0, m=33.0, s=18.986440514065066)",189.153231,12.610215,40.555274
61342,109638,,12.607212,-43.488491,252.5253,0.0,7.62,0.608,K3III,1.435,Cen,49.751,217,500.3012827613783,HD109638_TypK3_Mag7.62,"hms_tuple(h=12.0, m=36.0, s=51.55375263851184)","dms_tuple(d=-43.0, m=-31.0, s=-10.285685142414422)",189.214807,12.61432,-43.519524
61354,109695,,12.611208,-21.306641,751.8797,9.0,7.72,-1.661,K2/K3III,1.352,Crv,402.161,234,546.4485785781236,HD109695_TypK2_Mag7.72,"hms_tuple(h=12.0, m=37.0, s=0.27116140085496454)","dms_tuple(d=-21.0, m=-20.0, s=-15.730668236015788)",189.25113,12.616742,-21.337703
61368,109709,,12.614108,-15.572332,207.9002,0.0,7.46,0.871,K0III,1.072,Crv,39.048,192,434.43351452893916,HD109709_TypK0_Mag7.46,"hms_tuple(h=12.0, m=37.0, s=10.055568558225332)","dms_tuple(d=-15.0, m=-36.0, s=-12.239185756762936)",189.291898,12.61946,-15.6034
61370,109822,,12.614596,70.184724,283.2861,0.0,6.54,-0.721,K2,1.408,Dra,169.2,95,192.9303832342453,HD109822_TypK2_Mag6.54,"hms_tuple(h=12.0, m=37.0, s=47.2044692056879)","dms_tuple(d=70.0, m=9.0, s=12.589610816653476)",189.446685,12.629779,70.153497
61371,109698,,12.614605,-35.430092,169.4915,0.0,7.62,1.474,K0IIICN...,1.201,Cen,22.408,217,500.3012827613783,HD109698_TypK0_Mag7.62,"hms_tuple(h=12.0, m=37.0, s=15.36070757043106)","dms_tuple(d=-35.0, m=-27.0, s=-40.093861611235866)",189.314003,12.620934,-35.461137
61377,109742,,12.616204,17.089536,194.5525,-8.0,5.7,-0.745,K5III,1.436,Com,172.982,50,91.94583891191142,HD109742_TypK5_Mag5.7,"hms_tuple(h=12.0, m=37.0, s=17.745074944110968)","dms_tuple(d=17.0, m=3.0, s=30.375533002877546)",189.323938,12.621596,17.058438
61393,109745,,12.619918,-24.892502,833.3333,0.0,7.82,-1.784,K1III,1.234,Crv,450.402,253,596.8524553483364,HD109745_TypK1_Mag7.82,"hms_tuple(h=12.0, m=37.0, s=32.167167316022045)","dms_tuple(d=-24.0, m=-55.0, s=-24.816361946422205)",189.38403,12.625602,-24.92356
61424,109815,,12.627316,10.584139,202.8398,0.0,7.58,1.044,K2,1.398,Vir,33.297,211,482.9526381068404,HD109815_TypK2_Mag7.58,"hms_tuple(h=12.0, m=37.0, s=57.2135955762991)","dms_tuple(d=10.0, m=33.0, s=10.968973996378821)",189.48839,12.632559,10.553047
61430,109824,,12.630012,4.98536,186.9159,0.0,7.97,1.612,K0,1.089,Vir,19.733,284,681.3080354866522,HD109824_TypK0_Mag7.97,"hms_tuple(h=12.0, m=38.0, s=6.669511435474789)","dms_tuple(d=4.0, m=57.0, s=15.38328268596075)",189.52779,12.635186,4.954273
61462,109875,,12.63887,-11.516944,917.4312,0.0,7.66,-2.153,K0,1.445,Vir,632.703,224,518.2731261472211,HD109875_TypK0_Mag7.66,"hms_tuple(h=12.0, m=38.0, s=38.872122097500466)","dms_tuple(d=-11.0, m=-32.0, s=-52.85646132942318)",189.661967,12.644131,-11.548016
61470,109864,,12.640494,-38.797138,223.7136,0.0,7.37,0.622,K1III,0.979,Cen,49.113,180,401.2706596517492,HD109864_TypK1_Mag7.37,"hms_tuple(h=12.0, m=38.0, s=49.598706088606264)","dms_tuple(d=-38.0, m=-49.0, s=-41.44207734436577)",189.706661,12.647111,-38.828178
61482,109942,,12.643081,13.80545,164.2036,0.0,7.21,1.133,K0,1.17,Com,30.676,159,348.44088743422355,HD109942_TypK0_Mag7.21,"hms_tuple(h=12.0, m=38.0, s=54.197798846345506)","dms_tuple(d=13.0, m=46.0, s=27.677520677964793)",189.725824,12.648388,13.774355
61485,109901,,12.64419,-35.1636,163.3987,0.0,7.61,1.544,K1III,1.129,Cen,21.009,216,495.90655392467346,HD109901_TypK1_Mag7.61,"hms_tuple(h=12.0, m=39.0, s=1.791725423504289)","dms_tuple(d=-35.0, m=-11.0, s=-40.72397401128228)",189.757466,12.650498,-35.194646
61488,109903,,12.644736,-39.392364,187.9699,0.0,7.46,1.09,K1III,1.106,Cen,31.915,192,434.43351452893916,HD109903_TypK1_Mag7.46,"hms_tuple(h=12.0, m=39.0, s=5.072052965154796)","dms_tuple(d=-39.0, m=-25.0, s=-24.252435117412574)",189.771134,12.651409,-39.423403
61489,109902,,12.644874,-36.730639,354.6099,0.0,7.71,-0.039,K0III,0.997,Cen,90.282,233,541.648484297334,HD109902_TypK0_Mag7.71,"hms_tuple(h=12.0, m=39.0, s=4.7095368109778235)","dms_tuple(d=-36.0, m=-45.0, s=-42.056528859993136)",189.769623,12.651308,-36.761682
61491,109944,,12.64537,-4.37355,250.6266,10.0,6.67,-0.325,K5,1.595,Vir,117.49,105,216.3782561854747,HD109944_TypK5_Mag6.67,"hms_tuple(h=12.0, m=39.0, s=1.9436910490787795)","dms_tuple(d=-4.0, m=-24.0, s=-16.66196982260594)",189.758099,12.65054,-4.404628
61495,109981,,12.645775,34.576027,313.4796,0.0,7.97,0.489,K2IIICN+...,1.148,CVn,55.514,284,681.3080354866522,HD109981_TypK2_Mag7.97,"hms_tuple(h=12.0, m=39.0, s=7.3189922493503445)","dms_tuple(d=34.0, m=32.0, s=41.671464780599194)",189.780496,12.652033,34.544909
61519,110084,,12.649327,61.028901,300.3003,0.0,7.36,-0.028,K0,1.259,UMa,89.372,178,397.7458321127074,HD110084_TypK0_Mag7.36,"hms_tuple(h=12.0, m=39.0, s=35.85080367702446)","dms_tuple(d=60.0, m=59.0, s=51.80836735373532)",189.899378,12.659959,60.997725
61525,109996,,12.650606,22.659497,133.1558,-27.0,6.39,0.768,K1III,1.096,Com,42.934,85,169.01455281149524,HD109996_TypK1_Mag6.39,"hms_tuple(h=12.0, m=39.0, s=22.285963973324954)","dms_tuple(d=22.0, m=37.0, s=42.21447427665083)",189.842858,12.656191,22.628393
61526,109960,,12.650962,-30.422387,191.5709,-13.0,5.86,-0.552,K2/K3III,1.207,Hya,144.81,56,105.88644663402476,HD109960_TypK2_Mag5.86,"hms_tuple(h=12.0, m=39.0, s=24.989690355759677)","dms_tuple(d=-30.0, m=-27.0, s=-12.379210644376144)",189.854124,12.656942,-30.453439
61546,110014,,12.654102,-7.995564,90.009,-20.0,4.66,-0.111,K2III,1.24,Vir,96.472,22,36.73061194490244,HD110014_TypK2_Mag4.66,"hms_tuple(h=12.0, m=39.0, s=33.50751656491141)","dms_tuple(d=-8.0, m=-1.0, s=-35.90035193122972)",189.889615,12.659308,-8.026639
61565,110234,,12.657404,73.001502,197.2387,0.0,7.32,0.845,K0,0.992,Dra,39.994,173,383.9534407239423,HD110234_TypK0_Mag7.32,"hms_tuple(h=12.0, m=40.0, s=30.01662530270508)","dms_tuple(d=72.0, m=58.0, s=12.897584132072097)",190.125069,12.675005,72.970249
61567,110031,,12.657939,-19.239011,595.2381,0.0,8.0,-0.873,K0III,0.993,Crv,194.626,290,699.5823055523535,HD110031_TypK0_Mag8.0,"hms_tuple(h=12.0, m=39.0, s=48.238498544947674)","dms_tuple(d=-19.0, m=-16.0, s=-12.270374884732291)",189.950994,12.6634,-19.270075
61569,110069,,12.658604,-6.100566,286.533,0.0,6.71,-0.576,K2,1.417,Vir,148.047,108,224.15100485964183,HD110069_TypK2_Mag6.71,"hms_tuple(h=12.0, m=39.0, s=49.6378942840947)","dms_tuple(d=-6.0, m=-7.0, s=-53.91386011222423)",189.956825,12.663788,-6.131643
61573,110165,,12.659638,60.884697,228.833,0.0,7.05,0.252,K0,1.166,UMa,69.056,141,302.5664825365462,HD110165_TypK0_Mag7.05,"hms_tuple(h=12.0, m=40.0, s=12.79754491205125)","dms_tuple(d=60.0, m=51.0, s=12.675969123613982)",190.053323,12.670222,60.853521
61590,110089,,12.663328,-29.656416,243.9024,0.0,7.63,0.694,K3III,1.325,Hya,45.962,219,504.73495772895257,HD110089_TypK3_Mag7.63,"hms_tuple(h=12.0, m=40.0, s=9.341307426803525)","dms_tuple(d=-29.0, m=-41.0, s=-14.886963299283593)",190.038922,12.669261,-29.687469
61598,110123,,12.664877,-3.066349,205.7613,0.0,7.99,1.423,K0,1.002,Vir,23.486,288,693.4370594020932,HD110123_TypK0_Mag7.99,"hms_tuple(h=12.0, m=40.0, s=12.141071608468224)","dms_tuple(d=-3.0, m=-5.0, s=-50.742673417821926)",190.050588,12.670039,-3.097429
61625,110194,,12.669059,34.166194,286.533,-44.0,7.03,-0.256,K4III,1.407,CVn,110.255,138,297.27424144135534,HD110194_TypK4_Mag7.03,"hms_tuple(h=12.0, m=40.0, s=31.031567269559446)","dms_tuple(d=34.0, m=8.0, s=6.27463524742609)",190.129298,12.675287,34.135076
61655,110422,,12.675947,75.905842,440.5286,0.0,7.3,-0.92,K0,1.198,Dra,203.236,170,377.23764669214916,HD110422_TypK0_Mag7.3,"hms_tuple(h=12.0, m=41.0, s=49.447447491287875)","dms_tuple(d=75.0, m=52.0, s=28.388438218313468)",190.456031,12.697069,75.874552
61659,110198,,12.676679,-14.099806,284.0909,0.0,6.84,-0.427,K2III,1.341,Crv,129.062,120,251.39328881580803,HD110198_TypK2_Mag6.84,"hms_tuple(h=12.0, m=40.0, s=55.1801593651831)","dms_tuple(d=-14.0, m=-7.0, s=-51.15075318469408)",190.229917,12.681994,-14.130875
61675,110249,,12.678852,12.71542,386.1004,0.0,7.91,-0.024,K2,1.53,Vir,89.043,271,646.179090335777,HD110249_TypK2_Mag7.91,"hms_tuple(h=12.0, m=41.0, s=2.888135222959818)","dms_tuple(d=12.0, m=41.0, s=3.5732913876786654)",190.262034,12.684136,12.684326
61693,110296,,12.681315,34.104562,366.3004,-1.0,7.78,-0.039,K4V,1.545,CVn,90.282,245,576.1557641428401,HD110296_TypK4_Mag7.78,"hms_tuple(h=12.0, m=41.0, s=15.136842927364)","dms_tuple(d=34.0, m=4.0, s=24.399729915717785)",190.31307,12.687538,34.073444
61699,110238,,12.683271,-31.737867,91.1577,0.0,7.7,2.901,K0III,1.137,Hya,6.02,231,536.8905548349917,HD110238_TypK0_Mag7.7,"hms_tuple(h=12.0, m=41.0, s=21.602458459741456)","dms_tuple(d=-31.0, m=-46.0, s=-8.101327422597535)",190.34001,12.689334,-31.768917
61707,110315,,12.685133,15.376664,14.1784,24.5,7.91,7.152,K2,1.109,Com,0.12,271,646.179090335777,HD110315_TypK2_Mag7.91,"hms_tuple(h=12.0, m=41.0, s=25.721580722426438)","dms_tuple(d=15.0, m=20.0, s=44.04242238701386)",190.357173,12.690478,15.345567
61711,110253,,12.686024,-44.101185,135.6852,9.1,6.72,1.057,K3III,1.249,Cen,32.9,109,226.137433304753,HD110253_TypK3_Mag6.72,"hms_tuple(h=12.0, m=41.0, s=35.540971296293264)","dms_tuple(d=-44.0, m=-7.0, s=-55.98022630045591)",190.398087,12.693206,-44.132217
61722,110287,,12.689723,-46.145581,277.7778,7.0,5.84,-1.378,K3II,1.475,Cen,309.885,56,104.0343690357312,HD110287_TypK3_Mag5.84,"hms_tuple(h=12.0, m=41.0, s=49.80192785376559)","dms_tuple(d=-46.0, m=-10.0, s=-35.79234488509542)",190.457508,12.697167,-46.176609
61723,110350,,12.690126,19.07484,66.9344,0.0,7.85,3.722,K0,0.807,Com,2.826,259,612.8614298360975,HD110350_TypK0_Mag7.85,"hms_tuple(h=12.0, m=41.0, s=44.0847400007074)","dms_tuple(d=19.0, m=2.0, s=37.46273302849829)",190.433686,12.695579,19.04374
61731,110392,,12.690824,40.579332,332.2259,0.0,7.6,-0.007,K0III,0.956,CVn,87.66,214,491.5504291096121,HD110392_TypK0_Mag7.6,"hms_tuple(h=12.0, m=41.0, s=51.387666750783154)","dms_tuple(d=40.0, m=32.0, s=53.53808065104204)",190.464115,12.697608,40.548205
61732,110409,,12.691336,49.290545,240.9639,0.0,6.89,-0.02,K2IIICN...,1.293,CVn,88.716,124,262.73172769318006,HD110409_TypK2_Mag6.89,"hms_tuple(h=12.0, m=41.0, s=57.24313135254221)","dms_tuple(d=49.0, m=15.0, s=33.84752083203182)",190.488513,12.699234,49.259402
61775,110418,,12.699358,-7.500299,249.3766,-1.6,6.81,-0.174,K5,1.58,Vir,102.235,117,244.8264719937363,HD110418_TypK5_Mag6.81,"hms_tuple(h=12.0, m=42.0, s=16.40699989699101)","dms_tuple(d=-7.0, m=-31.0, s=-52.94800571194905)",190.568362,12.704557,-7.531374
61797,110468,,12.704505,4.292608,292.3977,0.0,7.74,0.41,K2,1.535,Vir,59.704,238,556.1767595666211,HD110468_TypK2_Mag7.74,"hms_tuple(h=12.0, m=42.0, s=34.826169086176435)","dms_tuple(d=4.0, m=15.0, s=41.47836829740292)",190.645109,12.709674,4.261522
61798,110442,,12.704897,-15.083665,207.4689,0.0,7.82,1.235,K0III,1.035,Crv,27.925,253,596.8524553483364,HD110442_TypK0_Mag7.82,"hms_tuple(h=12.0, m=42.0, s=36.85088519689003)","dms_tuple(d=-15.0, m=-6.0, s=-53.03970846915021)",190.653545,12.710236,-15.114733
61801,110501,,12.704933,33.68858,59.0667,0.0,6.64,2.783,K2III-IV,1.074,CVn,6.711,103,210.72609108853683,HD110501_TypK2_Mag6.64,"hms_tuple(h=12.0, m=42.0, s=40.052753555991245)","dms_tuple(d=33.0, m=39.0, s=26.866507639406336)",190.666886,12.711126,33.657463
61807,110453,,12.706828,-15.237866,198.8072,0.0,7.71,1.218,K1III,1.157,Crv,28.366,233,541.648484297334,HD110453_TypK1_Mag7.71,"hms_tuple(h=12.0, m=42.0, s=43.816537586423294)","dms_tuple(d=-15.0, m=-16.0, s=-8.162765729340435)",190.682569,12.712171,-15.268934
61814,110570,,12.708782,56.998793,325.7329,0.0,7.3,-0.264,K2,1.565,UMa,111.071,170,377.23764669214916,HD110570_TypK2_Mag7.3,"hms_tuple(h=12.0, m=43.0, s=5.657213023559109)","dms_tuple(d=56.0, m=58.0, s=3.469510697256055)",190.773572,12.718238,56.96763
61841,110527,,12.715432,-13.631019,306.7485,0.0,7.64,0.206,K2III,1.279,Crv,72.044,221,509.2079239683959,HD110527_TypK2_Mag7.64,"hms_tuple(h=12.0, m=43.0, s=14.652262258274789)","dms_tuple(d=-13.0, m=-39.0, s=-43.519183935758434)",190.811051,12.720737,-13.662089
61852,110678,,12.717822,61.155421,164.2036,-6.0,6.39,0.313,K0,1.268,UMa,65.283,85,169.01455281149524,HD110678_TypK0_Mag6.39,"hms_tuple(h=12.0, m=43.0, s=42.58596267651214)","dms_tuple(d=61.0, m=7.0, s=27.27859603604827)",190.927442,12.728496,61.124244
61854,110582,,12.717964,24.299943,320.5128,5.2,8.0,0.471,K0,1.023,Com,56.442,290,699.5823055523535,HD110582_TypK0_Mag8.0,"hms_tuple(h=12.0, m=43.0, s=25.026010639652867)","dms_tuple(d=24.0, m=16.0, s=7.813684557729914)",190.854275,12.723618,24.268837
61896,110602,,12.725571,-26.301516,211.4165,0.0,7.5,0.874,K0III,1.113,Hya,38.94,198,450.03925321819855,HD110602_TypK0_Mag7.5,"hms_tuple(h=12.0, m=43.0, s=52.76081251550522)","dms_tuple(d=-26.0, m=-19.0, s=-57.26107980842045)",190.969837,12.731322,-26.332573
61907,110762,,12.727,58.869667,258.3979,0.0,7.88,0.819,K2III,1.183,UMa,40.964,265,629.299802346522,HD110762_TypK2_Mag7.88,"hms_tuple(h=12.0, m=44.0, s=13.061746131256626)","dms_tuple(d=58.0, m=50.0, s=18.59417274898476)",191.054424,12.736962,58.838498
61915,110662,,12.729915,-12.014223,188.3239,0.0,6.61,0.235,K0,1.309,Crv,70.146,100,205.22157007953126,HD110662_TypK0_Mag6.61,"hms_tuple(h=12.0, m=44.0, s=6.668485093901779)","dms_tuple(d=-12.0, m=-2.0, s=-43.05916014213224)",191.027785,12.735186,-12.045294
61926,110683,,12.73131,-18.284605,230.9469,0.0,7.57,0.752,K0III,1.035,Crv,43.571,209,478.71030262103807,HD110683_TypK0_Mag7.57,"hms_tuple(h=12.0, m=44.0, s=12.262981512584616)","dms_tuple(d=-18.0, m=-18.0, s=-56.41226579726862)",191.051096,12.73674,-18.31567
61937,110666,,12.733481,-28.323957,126.4223,7.0,5.46,-0.049,K3III,1.346,Hya,91.117,42,74.39943501537284,HD110666_TypK3_Mag5.46,"hms_tuple(h=12.0, m=44.0, s=21.61826485827646)","dms_tuple(d=-28.0, m=-21.0, s=-18.04027596534837)",191.090076,12.739338,-28.355011
61951,110833,,12.737411,51.759302,14.881,10.6,7.01,6.147,K3V,0.936,CVn,0.303,136,292.07456782282145,HD110833_TypK3_Mag7.01,"hms_tuple(h=12.0, m=44.0, s=44.63912684204615)","dms_tuple(d=51.0, m=43.0, s=41.352707735073295)",191.185996,12.745733,51.728154
61983,110835,,12.742701,43.126602,223.7136,0.0,6.96,0.212,K3III,1.325,CVn,71.647,131,279.4698106282087,HD110835_TypK3_Mag6.96,"hms_tuple(h=12.0, m=44.0, s=59.13624503099783)","dms_tuple(d=43.0, m=5.0, s=43.695036953263866)",191.246401,12.74976,43.095471
61995,110805,,12.745234,-17.778294,335.5705,0.0,7.22,-0.409,K3III,1.379,Crv,126.94,160,351.52877406079745,HD110805_TypK3_Mag7.22,"hms_tuple(h=12.0, m=45.0, s=2.3331295445260025)","dms_tuple(d=-17.0, m=-48.0, s=-33.69450201506339)",191.259721,12.750648,-17.80936
62012,110836,,12.749907,-8.532003,325.7329,0.0,7.6,0.036,K0,1.249,Vir,84.256,214,491.5504291096121,HD110836_TypK0_Mag7.6,"hms_tuple(h=12.0, m=45.0, s=18.431114774173807)","dms_tuple(d=-8.0, m=-33.0, s=-47.07895610069144)",191.326796,12.75512,-8.563077
62019,110883,,12.750925,27.393389,179.2115,1.9,7.44,1.173,K2III,1.08,Com,29.567,189,426.83476505925523,HD110883_TypK2_Mag7.44,"hms_tuple(h=12.0, m=45.0, s=24.224431212018516)","dms_tuple(d=27.0, m=21.0, s=44.206766098258186)",191.350935,12.756729,27.36228
62066,110918,,12.758897,-4.810942,156.4945,0.0,7.18,1.208,K2,1.274,Vir,28.629,155,339.33902361009757,HD110918_TypK2_Mag7.18,"hms_tuple(h=12.0, m=45.0, s=50.65238437786164)","dms_tuple(d=-4.0, m=-50.0, s=-31.271726673901412)",191.461052,12.76407,-4.84202
62092,110952,,12.764605,-21.768266,215.5172,0.0,6.91,0.243,K2III,1.302,Crv,69.631,126,267.409023780344,HD110952_TypK2_Mag6.91,"hms_tuple(h=12.0, m=46.0, s=12.563912109262674)","dms_tuple(d=-21.0, m=-47.0, s=-57.57891857429371)",191.55235,12.770157,-21.799327
62129,111028,,12.772928,9.539684,45.1467,52.0,5.65,2.377,K1III-IV,0.989,Vir,9.754,48,87.97782833441168,HD111028_TypK1_Mag5.65,"hms_tuple(h=12.0, m=46.0, s=41.35602798053043)","dms_tuple(d=9.0, m=30.0, s=30.934504931369133)",191.672317,12.778154,9.508593
62133,111006,,12.773038,-18.219851,68.3995,0.0,7.29,3.115,K0IV,0.888,Crv,4.943,169,373.9239290957076,HD111006_TypK0_Mag7.29,"hms_tuple(h=12.0, m=46.0, s=42.476483982948)","dms_tuple(d=-18.0, m=-15.0, s=-3.2981012308653135)",191.676985,12.778466,-18.250916
62160,111067,,12.777433,16.577691,104.1667,53.0,5.12,0.031,K3III,1.346,Com,84.645,32,55.11750006106865,HD111067_TypK3_Mag5.12,"hms_tuple(h=12.0, m=46.0, s=58.11718340124102)","dms_tuple(d=16.0, m=32.0, s=47.73536382900147)",191.742155,12.78281,16.546593
62164,111032,,12.779508,-33.315483,108.9325,31.0,5.87,0.684,K3III,1.326,Cen,46.387,57,106.82481338226793,HD111032_TypK3_Mag5.87,"hms_tuple(h=12.0, m=47.0, s=8.442812910167703)","dms_tuple(d=-33.0, m=-20.0, s=-47.511646786199435)",191.785178,12.785679,-33.346531
62179,111132,,12.783941,9.063963,207.9002,0.0,6.89,0.301,K0,1.34,Vir,66.009,124,262.73172769318006,HD111132_TypK0_Mag6.89,"hms_tuple(h=12.0, m=47.0, s=20.977344887391354)","dms_tuple(d=9.0, m=1.0, s=58.340505898407855)",191.837406,12.78916,9.032872
62187,111114,,12.785097,-9.214467,208.3333,0.0,7.64,1.046,K2,1.389,Vir,33.235,221,509.2079239683959,HD111114_TypK2_Mag7.64,"hms_tuple(h=12.0, m=47.0, s=25.150168250596323)","dms_tuple(d=-9.0, m=-14.0, s=-43.947064050511244)",191.854792,12.790319,-9.245541
62190,111180,,12.785481,32.567723,324.6753,0.0,7.74,0.183,K3V,1.495,CVn,73.587,238,556.1767595666211,HD111180_TypK3_Mag7.74,"hms_tuple(h=12.0, m=47.0, s=29.743069123263695)","dms_tuple(d=32.0, m=32.0, s=11.786543201224049)",191.873929,12.791595,32.536607
62192,111163,,12.786273,15.591674,159.4896,0.0,6.66,0.646,K0,0.904,Com,48.04,104,214.47755395891784,HD111163_TypK0_Mag6.66,"hms_tuple(h=12.0, m=47.0, s=29.845553326333203)","dms_tuple(d=15.0, m=33.0, s=38.07766372468862)",191.874356,12.791624,15.560577
62203,111137,,12.788321,-12.278937,338.9831,0.0,7.34,-0.311,K2,1.338,Crv,115.985,175,390.78879304975095,HD111137_TypK2_Mag7.34,"hms_tuple(h=12.0, m=47.0, s=36.94901252538216)","dms_tuple(d=-12.0, m=-18.0, s=-36.02865200161787)",191.903954,12.793597,-12.310008
62209,111252,,12.788862,52.861854,186.9159,0.0,7.66,1.302,K0,0.866,UMa,26.254,224,518.2731261472211,HD111252_TypK0_Mag7.66,"hms_tuple(h=12.0, m=47.0, s=50.617510092443325)","dms_tuple(d=52.0, m=49.0, s=50.5302505051111)",191.960906,12.797394,52.830703
62217,111167,,12.790735,-21.464082,267.3797,0.0,7.99,0.854,K0III,1.047,Crv,39.664,288,693.4370594020932,HD111167_TypK0_Mag7.99,"hms_tuple(h=12.0, m=47.0, s=46.589845002185655)","dms_tuple(d=-21.0, m=-29.0, s=-42.51767274986719)",191.944124,12.796275,-21.495144
62226,111197,,12.792814,-4.681266,413.2231,0.0,7.42,-0.661,K2,1.538,Vir,160.103,187,419.36892659107707,HD111197_TypK2_Mag7.42,"hms_tuple(h=12.0, m=47.0, s=52.75006223419922)","dms_tuple(d=-4.0, m=-42.0, s=-44.43855471913622)",191.969792,12.797986,-4.712344
62227,111335,Tianyi,12.792873,66.790304,227.2727,8.0,5.43,-1.353,K5III,1.567,Dra,302.831,41,72.45599625567901,HD111335_TypK5_Mag5.43,"hms_tuple(h=12.0, m=48.0, s=21.369790940795923)","dms_tuple(d=66.0, m=45.0, s=32.760619516278666)",192.089041,12.805936,66.7591
62251,111214,,12.798145,-25.01535,137.1742,0.0,6.81,1.124,K0III,1.045,Hya,30.931,117,244.8264719937363,HD111214_TypK0_Mag6.81,"hms_tuple(h=12.0, m=48.0, s=13.804822042388025)","dms_tuple(d=-25.0, m=-2.0, s=-47.06867180870404)",192.05752,12.803835,-25.046408
62259,111420,,12.799822,70.946443,147.0588,-39.0,7.25,1.413,K3II-III,1.263,Dra,23.703,164,360.95759541392204,HD111420_TypK3_Mag7.25,"hms_tuple(h=12.0, m=48.0, s=56.11345096334233)","dms_tuple(d=70.0, m=54.0, s=54.755517929814914)",192.233806,12.815587,70.91521
62263,111272,,12.800111,18.836809,156.25,-14.0,6.91,0.941,K0,0.957,Com,36.61,126,267.409023780344,HD111272_TypK0_Mag6.91,"hms_tuple(h=12.0, m=48.0, s=20.0027976544402)","dms_tuple(d=18.0, m=48.0, s=20.552005014260715)",192.083345,12.805556,18.805709
62283,111318,,12.804244,30.39614,250.6266,-5.1,7.66,0.665,K0III,1.115,Com,47.206,224,518.2731261472211,HD111318_TypK0_Mag7.66,"hms_tuple(h=12.0, m=48.0, s=36.785403695816115)","dms_tuple(d=30.0, m=21.0, s=54.097526967232454)",192.153273,12.810218,30.365027
62288,111262,,12.80495,-32.324726,214.1328,0.0,7.41,0.757,K4III,1.428,Cen,43.371,185,415.6851208955647,HD111262_TypK4_Mag7.41,"hms_tuple(h=12.0, m=48.0, s=39.787347243651254)","dms_tuple(d=-32.0, m=-21.0, s=-20.791048872967508)",192.165781,12.811052,-32.355775
62306,111443,,12.80784,60.820201,471.6981,0.0,7.49,-0.878,K2,1.427,UMa,195.524,197,446.0860343240754,HD111443_TypK2_Mag7.49,"hms_tuple(h=12.0, m=49.0, s=6.248014969291518)","dms_tuple(d=60.0, m=47.0, s=20.491258588096457)",192.276033,12.818402,60.789025
62309,111312,,12.808974,-15.719473,23.8322,0.0,7.93,6.044,K2V,0.946,Crv,0.333,275,657.682729265769,HD111312_TypK2_Mag7.93,"hms_tuple(h=12.0, m=48.0, s=51.58705999949376)","dms_tuple(d=-15.0, m=-45.0, s=-1.9462654389563738)",192.214946,12.81433,-15.750541
62328,111382,,12.813357,13.32384,487.8049,0.0,7.87,-0.571,K2,1.3,Com,147.367,263,623.771929275639,HD111382_TypK2_Mag7.87,"hms_tuple(h=12.0, m=49.0, s=7.152781429635837)","dms_tuple(d=13.0, m=17.0, s=33.88319086448874)",192.279803,12.818654,13.292745
62355,111384,,12.816841,-9.220328,228.833,16.2,7.55,0.752,K2III,1.141,Vir,43.571,206,470.3371004243402,HD111384_TypK2_Mag7.55,"hms_tuple(h=12.0, m=49.0, s=19.42888141695235)","dms_tuple(d=-9.0, m=-15.0, s=-5.046644328825778)",192.330954,12.822064,-9.251402
62357,111371,,12.817158,-23.238511,226.2443,0.0,7.97,1.197,K2IIICN...,1.212,Hya,28.92,284,681.3080354866522,HD111371_TypK2_Mag7.97,"hms_tuple(h=12.0, m=49.0, s=21.96865380872154)","dms_tuple(d=-23.0, m=-16.0, s=-10.45526895830676)",192.341536,12.822769,-23.269571
62384,111403,,12.822904,-40.775233,181.1594,0.0,6.89,0.6,K2III,1.096,Cen,50.119,124,262.73172769318006,HD111403_TypK2_Mag6.89,"hms_tuple(h=12.0, m=49.0, s=46.97038543915809)","dms_tuple(d=-40.0, m=-48.0, s=-22.573083180590174)",192.44571,12.829714,-40.80627
62401,111498,,12.826364,9.373239,240.3846,0.0,7.68,0.775,K0,0.9,Vir,42.658,227,527.4997120883073,HD111498_TypK0_Mag7.68,"hms_tuple(h=12.0, m=49.0, s=53.716556642588955)","dms_tuple(d=9.0, m=20.0, s=31.733065571743424)",192.473819,12.831588,9.342148
62404,111572,,12.827234,48.74003,166.6667,0.0,6.5,0.391,K1III,1.135,CVn,60.758,92,186.24025315238663,HD111572_TypK1_Mag6.5,"hms_tuple(h=12.0, m=50.0, s=6.163551959313196)","dms_tuple(d=48.0, m=42.0, s=31.99771099564998)",192.525681,12.835045,48.708888
62414,111500,,12.829355,-15.88305,411.5226,0.0,6.63,-1.442,K4III,1.488,Crv,328.7,102,208.87503841075554,HD111500_TypK4_Mag6.63,"hms_tuple(h=12.0, m=50.0, s=4.974276173219039)","dms_tuple(d=-15.0, m=-54.0, s=-50.82288611467533)",192.520726,12.834715,-15.914117
62418,111541,,12.830175,26.431317,174.8252,-11.0,6.87,0.657,K0III,1.062,Com,47.555,123,258.1362429763933,HD111541_TypK0_Mag6.87,"hms_tuple(h=12.0, m=50.0, s=9.347331313541218)","dms_tuple(d=26.0, m=24.0, s=0.7515303041975585)",192.538947,12.83593,26.400209
62434,111627,,12.833541,54.755959,408.1633,0.0,7.18,-0.874,K2,1.372,UMa,194.805,155,339.33902361009757,HD111627_TypK2_Mag7.18,"hms_tuple(h=12.0, m=50.0, s=32.880234423993926)","dms_tuple(d=54.0, m=43.0, s=29.290458839330995)",192.637001,12.842467,54.724803
62443,111532,,12.836282,-37.481387,357.1429,0.0,7.54,-0.224,K4III,1.495,Cen,107.053,204,466.20558189854603,HD111532_TypK4_Mag7.54,"hms_tuple(h=12.0, m=50.0, s=34.00933548507723)","dms_tuple(d=-37.0, m=-30.0, s=-44.74545636571179)",192.641706,12.84278,-37.512429
62456,111591,,12.838136,22.863408,108.4599,6.0,6.43,1.254,K0III,1.002,Com,27.441,87,175.0859005727711,HD111591_TypK0_Mag6.43,"hms_tuple(h=12.0, m=50.0, s=37.42396082111057)","dms_tuple(d=22.0, m=49.0, s=56.29328854796455)",192.655933,12.843729,22.832304
62459,111548,,12.8388,-33.610132,265.9574,0.0,7.96,0.836,K1IIICN...,1.238,Cen,40.327,282,675.323313533301,HD111548_TypK1_Mag7.96,"hms_tuple(h=12.0, m=50.0, s=41.969736539196134)","dms_tuple(d=-33.0, m=-38.0, s=-28.24665798628814)",192.674874,12.844992,-33.64118
62471,111581,,12.84128,-13.034672,286.533,0.0,7.31,0.024,K2III,1.332,Crv,85.192,171,380.5807304870462,HD111581_TypK2_Mag7.31,"hms_tuple(h=12.0, m=50.0, s=47.65789958744833)","dms_tuple(d=-13.0, m=-3.0, s=-56.67204910258093)",192.698575,12.846572,-13.065742
62487,111596,,12.844854,-27.850004,271.7391,0.0,7.52,0.349,K0III,1.035,Hya,63.154,201,458.0511018694067,HD111596_TypK0_Mag7.52,"hms_tuple(h=12.0, m=51.0, s=2.4680625295532366)","dms_tuple(d=-27.0, m=-52.0, s=-51.811473209236)",192.760284,12.850686,-27.881059
62536,111811,,12.855101,49.269085,418.41,0.0,7.69,-0.418,K5III,1.58,CVn,127.997,229,532.1744198083834,HD111811_TypK5_Mag7.69,"hms_tuple(h=12.0, m=51.0, s=46.78477502602561)","dms_tuple(d=49.0, m=14.0, s=16.591685916779966)",192.944937,12.862996,49.237942
62552,111850,,12.857468,57.373425,296.7359,0.0,7.91,0.548,K0III-IV,1.062,UMa,52.578,271,646.179090335777,HD111850_TypK0_Mag7.91,"hms_tuple(h=12.0, m=52.0, s=1.273358707700396)","dms_tuple(d=57.0, m=20.0, s=32.140535898759026)",193.005306,12.86702,57.342261
62559,111765,,12.860247,3.056788,183.4862,3.0,6.02,-0.298,K4III:,1.288,Vir,114.604,64,121.94069588643114,HD111765_TypK4_Mag6.02,"hms_tuple(h=12.0, m=51.0, s=55.47182735679229)","dms_tuple(d=3.0, m=1.0, s=32.530435885771745)",192.981133,12.865409,3.025703
62581,111842,,12.865011,25.674835,253.8071,-35.5,7.55,0.527,K4III,1.464,Com,53.604,206,470.3371004243402,HD111842_TypK4_Mag7.55,"hms_tuple(h=12.0, m=52.0, s=14.623817622061637)","dms_tuple(d=25.0, m=38.0, s=37.41940115579581)",193.060933,12.870729,25.643728
62587,111771,,12.865777,-35.082415,273.224,0.0,6.98,-0.203,K1III,1.32,Cen,105.003,133,284.4450873609016,HD111771_TypK1_Mag6.98,"hms_tuple(h=12.0, m=52.0, s=19.482277953254652)","dms_tuple(d=-35.0, m=-6.0, s=-48.45837211314233)",193.081176,12.872078,-35.113461
62609,111853,,12.870053,-0.929018,338.9831,0.0,7.74,0.089,K5,1.45,Vir,80.242,238,556.1767595666211,HD111853_TypK5_Mag7.74,"hms_tuple(h=12.0, m=52.0, s=30.750127958212943)","dms_tuple(d=-0.0, m=-57.0, s=-36.35808916919686)",193.128126,12.875208,-0.960099
62636,111865,,12.876104,-23.136218,270.2703,0.0,7.54,0.381,K0III,0.993,Hya,61.32,204,466.20558189854603,HD111865_TypK0_Mag7.54,"hms_tuple(h=12.0, m=52.0, s=54.15878903782627)","dms_tuple(d=-23.0, m=-10.0, s=-2.2008659799752195)",193.225662,12.881711,-23.167278
62647,111882,,12.879705,-39.312194,346.0208,0.0,7.99,0.294,K2III/IV,1.373,Cen,66.435,288,693.4370594020932,HD111882_TypK2_Mag7.99,"hms_tuple(h=12.0, m=53.0, s=10.932875211996844)","dms_tuple(d=-39.0, m=-20.0, s=-35.640875015658935)",193.295554,12.88637,-39.343234
62678,112112,,12.886515,59.952179,625.0,0.0,7.57,-1.409,K2,1.461,UMa,318.86,209,478.71030262103807,HD112112_TypK2_Mag7.57,"hms_tuple(h=12.0, m=53.0, s=48.479098657846436)","dms_tuple(d=59.0, m=55.0, s=15.623691081171387)",193.451996,12.8968,59.921007
62682,111930,,12.887028,-39.390231,389.1051,0.0,6.85,-1.1,K3III,1.526,Cen,239.883,121,253.62113865358353,HD111930_TypK3_Mag6.85,"hms_tuple(h=12.0, m=53.0, s=37.322517802443116)","dms_tuple(d=-39.0, m=-25.0, s=-16.57364683437379)",193.40551,12.893701,-39.42127
62687,111948,,12.888076,-30.015464,418.41,0.0,7.85,-0.258,K2III,1.257,Hya,110.459,259,612.8614298360975,HD111948_TypK2_Mag7.85,"hms_tuple(h=12.0, m=53.0, s=38.51111488276089)","dms_tuple(d=-30.0, m=-2.0, s=-47.458198205582676)",193.410463,12.894031,-30.046516
62689,111931,,12.888366,-45.141928,909.0909,0.0,7.59,-2.203,K4III,1.51,Cen,662.522,212,487.2325692121131,HD111931_TypK4_Mag7.59,"hms_tuple(h=12.0, m=53.0, s=44.44035637588726)","dms_tuple(d=-45.0, m=-10.0, s=-22.64828423526808)",193.435168,12.895678,-45.172958
62716,112048,,12.893923,-4.224662,98.912,37.0,6.45,1.474,K0,1.094,Vir,22.408,89,178.20287698386963,HD112048_TypK0_Mag6.45,"hms_tuple(h=12.0, m=53.0, s=56.730829271130006)","dms_tuple(d=-4.0, m=-15.0, s=-20.665660674101716)",193.486378,12.899092,-4.25574
62719,112061,,12.894483,4.23777,182.1494,0.0,7.66,1.358,K0,1.114,Vir,24.934,224,518.2731261472211,HD112061_TypK0_Mag7.66,"hms_tuple(h=12.0, m=53.0, s=58.74565059424313)","dms_tuple(d=4.0, m=12.0, s=24.061749040928078)",193.494774,12.899652,4.206684
62731,112336,,12.89636,76.935641,198.4127,0.0,7.64,1.152,K0,0.964,Cam,30.144,221,509.2079239683959,HD112336_TypK0_Mag7.64,"hms_tuple(h=12.0, m=55.0, s=8.79652452210209)","dms_tuple(d=76.0, m=54.0, s=15.603793030121551)",193.786652,12.91911,76.904334
62732,112084,,12.896637,19.05744,179.2115,0.0,7.07,0.803,K0,1.17,Com,41.572,143,307.9529390460096,HD112084_TypK0_Mag7.07,"hms_tuple(h=12.0, m=54.0, s=7.5222832426055675)","dms_tuple(d=19.0, m=1.0, s=34.82279685477266)",193.531343,12.90209,19.02634
62740,112052,,12.898127,-29.308145,462.963,0.0,7.67,-0.658,K0III,0.849,Hya,159.661,226,522.866067770482,HD112052_TypK0_Mag7.67,"hms_tuple(h=12.0, m=54.0, s=14.54433401869494)","dms_tuple(d=-29.0, m=-20.0, s=-21.11287076717332)",193.560601,12.90404,-29.339198
62745,112127,,12.898818,26.779994,105.8201,4.6,6.91,1.787,K2IIICN+...,1.262,Com,16.796,126,267.409023780344,HD112127_TypK2_Mag6.91,"hms_tuple(h=12.0, m=54.0, s=16.525292036374708)","dms_tuple(d=26.0, m=44.0, s=55.987301361084576)",193.568855,12.90459,26.748885
62746,114282,,12.89895,87.648316,316.4557,-54.6,7.47,-0.032,K2,1.425,UMi,89.702,194,438.2834686761904,HD114282_TypK2_Mag7.47,"hms_tuple(h=13.0, m=1.0, s=22.40549580006089)","dms_tuple(d=87.0, m=36.0, s=57.528775504564464)",195.343356,13.02289,87.61598
62771,112651,,12.903668,82.517717,166.9449,0.0,7.14,1.027,K0,1.119,Cam,33.822,151,327.5719697549974,HD112651_TypK0_Mag7.14,"hms_tuple(h=12.0, m=56.0, s=35.116966911749756)","dms_tuple(d=82.0, m=29.0, s=10.46077238701514)",194.146321,12.943088,82.486239
62774,112371,,12.904029,75.409295,146.1988,0.0,6.95,1.125,K0,0.929,Dra,30.903,130,277.01490180011757,HD112371_TypK0_Mag6.95,"hms_tuple(h=12.0, m=55.0, s=28.01396150897517)","dms_tuple(d=75.0, m=22.0, s=40.84565832368867)",193.866725,12.924448,75.378013
62789,112143,,12.907142,-12.937428,246.9136,0.0,7.97,1.007,K0III,1.053,Crv,34.451,284,681.3080354866522,HD112143_TypK0_Mag7.97,"hms_tuple(h=12.0, m=54.0, s=44.75362644198938)","dms_tuple(d=-12.0, m=-58.0, s=-6.593984903798571)",193.686473,12.912432,-12.968498
62791,112220,,12.907797,46.777804,220.2643,0.0,7.47,0.755,K0III,1.045,CVn,43.451,194,438.2834686761904,HD112220_TypK0_Mag7.47,"hms_tuple(h=12.0, m=54.0, s=55.150404993586335)","dms_tuple(d=46.0, m=44.0, s=47.998333295553266)",193.729793,12.91532,46.746666
62842,112234,,12.918091,19.614732,137.1742,0.0,6.66,0.974,K0,1.175,Com,35.514,104,214.47755395891784,HD112234_TypK0_Mag6.66,"hms_tuple(h=12.0, m=55.0, s=24.823677110327225)","dms_tuple(d=19.0, m=35.0, s=1.0719458796145886)",193.853432,12.923562,19.583631
62845,112223,,12.918618,-13.452752,167.7852,0.0,6.97,0.846,K1III,1.187,Crv,39.958,132,281.9464748828664,HD112223_TypK1_Mag6.97,"hms_tuple(h=12.0, m=55.0, s=26.107522698305274)","dms_tuple(d=-13.0, m=-29.0, s=-1.7586023533637274)",193.858781,12.923919,-13.483822
62854,112207,,12.91968,-24.955644,352.1127,0.0,7.23,-0.503,K2III,1.43,Hya,138.42,161,354.6440255695144,HD112207_TypK2_Mag7.23,"hms_tuple(h=12.0, m=55.0, s=31.320863872827687)","dms_tuple(d=-24.0, m=-59.0, s=-12.12731014543266)",193.880504,12.925367,-24.986702
62860,112599,,12.92085,78.499787,279.3296,0.0,7.66,0.429,K0,1.229,Cam,58.668,224,518.2731261472211,HD112599_TypK0_Mag7.66,"hms_tuple(h=12.0, m=56.0, s=47.88721201295601)","dms_tuple(d=78.0, m=28.0, s=6.416208086365032)",194.19953,12.946635,78.468449
62879,112277,,12.924884,12.702155,367.6471,0.0,7.94,0.113,K0,0.96,Vir,78.487,277,663.5111201850515,HD112277_TypK0_Mag7.94,"hms_tuple(h=12.0, m=55.0, s=48.602344636618966)","dms_tuple(d=12.0, m=40.0, s=15.819337070500694)",193.95251,12.930167,12.671061
62892,112281,,12.927337,0.055291,172.117,0.0,6.78,0.601,K0,0.96,Vir,50.073,114,238.4311915057409,HD112281_TypK0_Mag6.78,"hms_tuple(h=12.0, m=55.0, s=56.96992400382044)","dms_tuple(d=0.0, m=1.0, s=27.151083984062197)",193.987375,12.932492,0.024209
62903,112353,,12.929112,32.000638,106.8376,-17.1,6.85,1.706,K1III,1.082,CVn,18.097,121,253.62113865358353,HD112353_TypK1_Mag6.85,"hms_tuple(h=12.0, m=56.0, s=6.677621248164343)","dms_tuple(d=31.0, m=58.0, s=10.2831423511671)",194.027823,12.935188,31.969523
62928,112326,,12.934512,-20.214396,254.4529,0.0,7.98,0.952,K0III,1.089,Crv,36.241,286,687.3457941057625,HD112326_TypK0_Mag7.98,"hms_tuple(h=12.0, m=56.0, s=24.021874042172584)","dms_tuple(d=-20.0, m=-14.0, s=-43.65276495739664)",194.100091,12.940006,-20.245459
62940,112357,,12.938114,-19.631523,82.3045,0.0,7.22,2.643,K0III,0.891,Crv,7.635,160,351.52877406079745,HD112357_TypK0_Mag7.22,"hms_tuple(h=12.0, m=56.0, s=36.916156625258054)","dms_tuple(d=-19.0, m=-39.0, s=-45.31212748380028)",194.153817,12.943588,-19.662587
62970,112446,,12.943166,9.316642,420.1681,0.0,7.59,-0.527,K0,1.06,Vir,141.514,212,487.2325692121131,HD112446_TypK0_Mag7.59,"hms_tuple(h=12.0, m=56.0, s=54.200710211935075)","dms_tuple(d=9.0, m=17.0, s=7.984056086112474)",194.225836,12.948389,9.285551
62985,112401,,12.945179,-24.45075,253.1646,0.0,7.99,0.973,K0III,1.116,Hya,35.547,288,693.4370594020932,HD112401_TypK0_Mag7.99,"hms_tuple(h=12.0, m=57.0, s=3.0343225193941237)","dms_tuple(d=-24.0, m=-28.0, s=-54.510916434186356)",194.262643,12.950843,-24.481809
62986,112433,,12.94529,-11.943678,100000.0,-21.2,7.4,-12.6,K5,1.63,Vir,9549925.86,184,412.0336743557815,HD112433_TypK5_Mag7.4,"hms_tuple(h=12.0, m=57.0, s=2.013515687172003)","dms_tuple(d=-11.0, m=-58.0, s=-29.09740185348369)",194.25839,12.950559,-11.974749
62989,112403,,12.945834,-27.381955,246.3054,0.0,7.12,0.163,K4III,1.442,Hya,74.955,148,321.8423534887257,HD112403_TypK4_Mag7.12,"hms_tuple(h=12.0, m=57.0, s=5.9064179894352264)","dms_tuple(d=-27.0, m=-24.0, s=-46.837028490111834)",194.27461,12.951641,-27.41301
63000,112640,,12.949454,67.242863,296.7359,0.0,6.55,-0.812,K0,1.408,Dra,183.992,96,194.64013421851007,HD112640_TypK0_Mag6.55,"hms_tuple(h=12.0, m=57.0, s=45.9440599581643)","dms_tuple(d=67.0, m=12.0, s=41.96331340432266)",194.441434,12.962762,67.211656
63008,112570,,12.952166,46.176789,104.3841,7.0,6.11,1.017,K0III-IV,1.012,CVn,34.135,68,132.01843644392628,HD112570_TypK0_Mag6.11,"hms_tuple(h=12.0, m=57.0, s=34.58165354740956)","dms_tuple(d=46.0, m=8.0, s=44.348483086808415)",194.39409,12.959606,46.145652
63010,112453,,12.952352,-39.78592,367.6471,0.0,7.76,-0.067,K0III,1.05,Cen,92.64,242,566.0781270342421,HD112453_TypK0_Mag7.76,"hms_tuple(h=12.0, m=57.0, s=32.62664617549646)","dms_tuple(d=-39.0, m=-49.0, s=-1.0518608543014807)",194.385944,12.959063,-39.816959
63017,112495,,12.95352,-12.066947,243.9024,0.0,6.33,-0.606,K5,1.491,Vir,152.195,81,160.2999881121757,HD112495_TypK5_Mag6.33,"hms_tuple(h=12.0, m=57.0, s=31.650219625475557)","dms_tuple(d=-12.0, m=-5.0, s=-52.86537940873117)",194.381876,12.958792,-12.098018
63040,112519,,12.959203,-22.753499,118.9061,3.0,6.31,0.934,K0III,1.069,Hya,36.847,80,157.49615413316394,HD112519_TypK0_Mag6.31,"hms_tuple(h=12.0, m=57.0, s=53.2581063860394)","dms_tuple(d=-22.0, m=-47.0, s=-4.413946051625146)",194.471909,12.964794,-22.784559
63079,112550,,12.96778,-46.427916,170.3578,0.0,7.48,1.323,K1III,1.196,Cen,25.751,195,442.16754115556887,HD112550_TypK1_Mag7.48,"hms_tuple(h=12.0, m=58.0, s=30.945761743460025)","dms_tuple(d=-46.0, m=-27.0, s=-32.19640467061595)",194.628941,12.975263,-46.458943
63080,112642,,12.968418,17.768309,386.1004,0.0,7.87,-0.064,K5,1.63,Com,92.385,263,623.771929275639,HD112642_TypK5_Mag7.87,"hms_tuple(h=12.0, m=58.0, s=25.787663637591578)","dms_tuple(d=17.0, m=44.0, s=13.955889501922627)",194.607449,12.97383,17.73721
63093,112615,,12.971705,-25.164952,220.2643,0.0,7.68,0.965,K1III,1.197,Hya,35.81,227,527.4997120883073,HD112615_TypK1_Mag7.68,"hms_tuple(h=12.0, m=58.0, s=38.645914174319245)","dms_tuple(d=-25.0, m=-11.0, s=-45.63527359982885)",194.661025,12.977402,-25.19601
63094,112826,,12.971907,64.925533,333.3333,0.0,6.44,-1.174,K0,1.15,Dra,256.803,88,176.63751357336122,HD112826_TypK0_Mag6.44,"hms_tuple(h=12.0, m=59.0, s=2.601315874505019)","dms_tuple(d=64.0, m=53.0, s=39.62152352833755)",194.760839,12.984056,64.894339
63109,112827,,12.975223,61.71697,543.4783,0.0,7.13,-1.546,K0,1.344,UMa,361.743,149,324.6945236416619,HD112827_TypK0_Mag7.13,"hms_tuple(h=12.0, m=59.0, s=9.92674156326089)","dms_tuple(d=61.0, m=41.0, s=8.846959635521898)",194.791361,12.986091,61.685791
63122,112679,,12.976641,-6.948348,366.3004,0.0,7.76,-0.059,K0,1.104,Vir,91.96,242,566.0781270342421,HD112679_TypK0_Mag7.76,"hms_tuple(h=12.0, m=58.0, s=54.60285702862649)","dms_tuple(d=-6.0, m=-58.0, s=-45.926244340575124)",194.727512,12.981834,-6.979424
63125,112696,,12.977771,-2.903643,207.0393,0.0,6.67,0.09,K2,1.406,Vir,80.168,105,216.3782561854747,HD112696_TypK2_Mag6.67,"hms_tuple(h=12.0, m=58.0, s=58.55669121794563)","dms_tuple(d=-2.0, m=-56.0, s=-5.00160824699492)",194.743986,12.982932,-2.934723
63133,112659,,12.978672,-40.98553,194.9318,0.0,7.65,1.201,K1III,1.141,Cen,28.814,222,513.7205296793568,HD112659_TypK1_Mag7.65,"hms_tuple(h=12.0, m=59.0, s=7.813286686061929)","dms_tuple(d=-41.0, m=-0.0, s=-59.64107615406249)",194.782555,12.985504,-41.016567
63137,113049,,12.979809,75.472508,166.113,-15.0,6.0,-0.102,K0III,1.03,Dra,95.675,63,119.80781072170208,HD113049_TypK0_Mag6.0,"hms_tuple(h=13.0, m=0.0, s=1.1341886787192834)","dms_tuple(d=75.0, m=26.0, s=28.40919290837519)",195.004726,13.000315,75.441225
63156,112709,,12.982704,-21.546755,139.2758,0.0,6.62,0.901,K3III,1.289,Vir,37.984,101,207.04024568445064,HD112709_TypK3_Mag6.62,"hms_tuple(h=12.0, m=59.0, s=17.68960508308183)","dms_tuple(d=-21.0, m=-34.0, s=-40.14015954151432)",194.823707,12.988247,-21.577817
63158,112739,,12.983182,-2.081572,161.0306,0.0,7.75,1.715,K0,0.989,Vir,17.947,240,561.1056035680328,HD112739_TypK0_Mag7.75,"hms_tuple(h=12.0, m=59.0, s=18.02454435594271)","dms_tuple(d=-2.0, m=-6.0, s=-45.548708266509195)",194.825102,12.98834,-2.112652
63159,112742,,12.983201,-8.738946,98.1354,0.0,7.59,2.631,K0,0.996,Vir,7.72,212,487.2325692121131,HD112742_TypK0_Mag7.59,"hms_tuple(h=12.0, m=59.0, s=18.299848840745483)","dms_tuple(d=-8.0, m=-46.0, s=-12.073061983098796)",194.826249,12.988417,-8.77002
63163,112758,,12.983769,-9.834085,20.8899,8.0,7.54,5.94,K0V,0.769,Vir,0.366,204,466.20558189854603,HD112758_TypK0_Mag7.54,"hms_tuple(h=12.0, m=59.0, s=20.40362592068007)","dms_tuple(d=-9.0, m=-51.0, s=-54.569775373436755)",194.835015,12.989001,-9.865158
63167,112987,,12.984874,70.596827,219.7802,0.0,7.01,0.3,K2,1.304,Dra,66.069,136,292.07456782282145,HD112987_TypK2_Mag7.01,"hms_tuple(h=13.0, m=0.0, s=1.318079628252633)","dms_tuple(d=70.0, m=33.0, s=56.14845221026712)",195.005492,13.000366,70.565597
63172,112699,,12.985669,-43.70403,313.4796,0.0,7.45,-0.031,K1/K2III,1.242,Cen,89.619,191,430.6173790127683,HD112699_TypK1_Mag7.45,"hms_tuple(h=12.0, m=59.0, s=34.090879970904666)","dms_tuple(d=-43.0, m=-44.0, s=-6.224736657441667)",194.892045,12.992803,-43.735062
63173,112802,,12.985888,7.900758,287.3563,0.0,7.87,0.578,K0,1.08,Vir,51.145,263,623.771929275639,HD112802_TypK0_Mag7.87,"hms_tuple(h=12.0, m=59.0, s=27.929949655103883)","dms_tuple(d=7.0, m=52.0, s=10.806403189114064)",194.866375,12.991092,7.869668
63191,112792,,12.990711,-22.128156,549.4505,0.0,7.96,-0.74,K1III,1.456,Vir,172.187,282,675.323313533301,HD112792_TypK1_Mag7.96,"hms_tuple(h=12.0, m=59.0, s=46.59624391105467)","dms_tuple(d=-22.0, m=-9.0, s=-33.18154668030985)",194.944151,12.996277,-22.159217
63217,112888,,12.996118,9.526,167.7852,0.0,6.74,0.616,K0,1.05,Vir,49.386,111,230.16325744576756,HD112888_TypK0_Mag6.74,"hms_tuple(h=13.0, m=0.0, s=4.839275874341098)","dms_tuple(d=9.0, m=29.0, s=41.67215104393719)",195.020164,13.001344,9.494909
63229,113092,,12.998665,66.597272,191.5709,-30.0,5.37,-1.042,K2III,1.282,Dra,227.405,39,68.72009034272482,HD113092_TypK2_Mag5.37,"hms_tuple(h=13.0, m=0.0, s=41.85519551836592)","dms_tuple(d=66.0, m=33.0, s=57.849451658775024)",195.174397,13.011626,66.566069
63242,112865,,13.000848,-36.182185,249.3766,0.0,6.97,-0.014,K3III,1.416,Cen,88.227,132,281.9464748828664,HD112865_TypK3_Mag6.97,"hms_tuple(h=13.0, m=0.0, s=26.052521258482386)","dms_tuple(d=-36.0, m=-12.0, s=-47.62491022622328)",195.108552,13.007237,-36.213229
63258,112989,,13.004576,30.785021,202.4291,-13.0,4.88,-1.651,K1IIIp,1.165,Com,398.474,27,44.59920005658938,HD112989_TypK1_Mag4.88,"hms_tuple(h=13.0, m=0.0, s=38.066966199113494)","dms_tuple(d=30.0, m=45.0, s=14.067407799248599)",195.158612,13.010574,30.753908
63281,112907,,13.008067,-43.088306,265.9574,0.0,7.25,0.126,K3III,1.39,Cen,77.553,164,360.95759541392204,HD112907_TypK3_Mag7.25,"hms_tuple(h=13.0, m=0.0, s=54.463756272880204)","dms_tuple(d=-43.0, m=-7.0, s=-9.622163481840857)",195.226932,13.015129,-43.119339
63283,112975,,13.008388,3.604193,383.1418,0.0,7.46,-0.457,K5,1.52,Vir,132.678,192,434.43351452893916,HD112975_TypK5_Mag7.46,"hms_tuple(h=13.0, m=0.0, s=48.78966522359249)","dms_tuple(d=3.0, m=34.0, s=23.186635521929446)",195.20329,13.013553,3.573107
63290,112992,,13.009985,-3.368488,100.3009,23.0,5.99,0.983,K2III,1.119,Vir,35.221,62,118.75539918732655,HD112992_TypK2_Mag5.99,"hms_tuple(h=13.0, m=0.0, s=54.53543464460466)","dms_tuple(d=-3.0, m=-23.0, s=-58.442079817224695)",195.227231,13.015149,-3.399567
63322,113094,,13.017658,24.316321,235.2941,-10.8,7.83,0.972,K1III,1.127,Com,35.58,255,602.141767772257,HD113094_TypK1_Mag7.83,"hms_tuple(h=13.0, m=1.0, s=23.92703522169782)","dms_tuple(d=24.0, m=17.0, s=6.774419949185813)",195.349696,13.023313,24.285215
63329,113095,,13.019337,17.123147,124.6883,-6.0,5.97,0.491,K0III,0.971,Com,55.412,61,116.67822858142785,HD113095_TypK0_Mag5.97,"hms_tuple(h=13.0, m=1.0, s=29.02737289208531)","dms_tuple(d=17.0, m=5.0, s=31.37501243110279)",195.370947,13.02473,17.092049
63334,113052,,13.02045,-20.777577,286.533,0.0,6.92,-0.366,K2III,1.308,Vir,122.011,127,269.7788052214281,HD113052_TypK2_Mag6.92,"hms_tuple(h=13.0, m=1.0, s=33.47160101153378)","dms_tuple(d=-20.0, m=-48.0, s=-31.10226002383854)",195.389465,13.025964,-20.80864
63348,113082,,13.022902,-17.882055,392.1569,0.0,7.57,-0.397,K0III,1.188,Vir,125.545,209,478.71030262103807,HD113082_TypK0_Mag7.57,"hms_tuple(h=13.0, m=1.0, s=41.949307168304415)","dms_tuple(d=-17.0, m=-54.0, s=-47.23372656844077)",195.424789,13.028319,-17.91312
63362,113170,,13.026426,21.268922,178.5714,-24.0,7.08,0.821,K5,1.463,Com,40.888,144,310.68202106935195,HD113170_TypK5_Mag7.08,"hms_tuple(h=13.0, m=1.0, s=55.0424336328463)","dms_tuple(d=21.0, m=14.0, s=16.14977204076581)",195.479343,13.031956,21.237819
63379,113104,,13.029526,-39.616148,133.3333,0.0,6.65,1.025,K0/K1III,1.041,Cen,33.884,104,212.59354781364726,HD113104_TypK0_Mag6.65,"hms_tuple(h=13.0, m=2.0, s=10.393619457701249)","dms_tuple(d=-39.0, m=-38.0, s=-49.87360182140719)",195.543307,13.03622,-39.647187
63381,113129,,13.029984,-30.832664,323.6246,0.0,7.38,-0.17,K4III,1.3,Cen,101.859,181,404.82672424766696,HD113129_TypK4_Mag7.38,"hms_tuple(h=13.0, m=2.0, s=9.560458634680487)","dms_tuple(d=-30.0, m=-51.0, s=-49.374593171064305)",195.539835,13.035989,-30.863715
63406,113216,,13.036902,-12.108918,141.844,0.0,7.33,1.571,K0,1.125,Vir,20.493,174,387.3560399526628,HD113216_TypK0_Mag7.33,"hms_tuple(h=13.0, m=2.0, s=31.828405046698833)","dms_tuple(d=-12.0, m=-8.0, s=-23.960835484716796)",195.632618,13.042175,-12.139989
63419,113203,,13.039627,-28.286305,337.8378,0.0,6.68,-0.964,K3III,1.52,Hya,211.641,106,218.29580245415895,HD113203_TypK3_Mag6.68,"hms_tuple(h=13.0, m=2.0, s=43.736393596030894)","dms_tuple(d=-28.0, m=-19.0, s=-2.4932352795948987)",195.682235,13.045482,-28.317359
63458,113290,,13.047768,-18.438286,210.9705,0.0,7.98,1.359,K0III,1.023,Vir,24.912,286,687.3457941057625,HD113290_TypK0_Mag7.98,"hms_tuple(h=13.0, m=3.0, s=11.529222718142478)","dms_tuple(d=-18.0, m=-28.0, s=-9.663306334644233)",195.798038,13.053203,-18.469351
63467,113289,,13.0493,-16.881365,223.2143,0.0,7.23,0.486,K0III,1.118,Vir,55.667,161,354.6440255695144,HD113289_TypK0_Mag7.23,"hms_tuple(h=13.0, m=3.0, s=16.87557189118081)","dms_tuple(d=-16.0, m=-54.0, s=-44.75332958527417)",195.820315,13.054688,-16.912431
63478,113380,,13.050691,23.202423,195.6947,-15.6,7.47,1.012,K0,1.12,Com,34.293,194,438.2834686761904,HD113380_TypK0_Mag7.47,"hms_tuple(h=13.0, m=3.0, s=22.67259818756429)","dms_tuple(d=23.0, m=10.0, s=16.745976989601274)",195.844469,13.056298,23.171318
63495,113458,,13.054332,47.968268,387.5969,0.0,7.95,0.008,K0,1.311,CVn,86.457,280,669.391162362906,HD113458_TypK0_Mag7.95,"hms_tuple(h=13.0, m=3.0, s=43.294056698606624)","dms_tuple(d=47.0, m=56.0, s=13.660233285048093)",195.930392,13.062026,47.937128
63533,113398,,13.062744,-34.250308,246.3054,0.0,7.11,0.153,K0/K1III+..,0.854,Cen,75.648,147,319.0152372679894,HD113398_TypK0_Mag7.11,"hms_tuple(h=13.0, m=4.0, s=8.336511385387837)","dms_tuple(d=-34.0, m=-16.0, s=-52.877207471197494)",196.034735,13.068982,-34.281355
63536,113388,,13.06316,-40.851197,186.5672,0.0,6.93,0.576,K0III,1.067,Cen,51.239,128,272.1695876893252,HD113388_TypK0_Mag6.93,"hms_tuple(h=13.0, m=4.0, s=11.920101934096863)","dms_tuple(d=-40.0, m=-52.0, s=-56.043048060716956)",196.049667,13.069978,-40.882234
63537,113493,,13.063627,31.001463,193.4236,-19.4,7.34,0.907,K0III,1.059,Com,37.775,175,390.78879304975095,HD113493_TypK0_Mag7.34,"hms_tuple(h=13.0, m=4.0, s=10.699367746442192)","dms_tuple(d=30.0, m=58.0, s=13.257644932280925)",196.044581,13.069639,30.970349
63547,113428,,13.065533,-24.517214,404.8583,0.0,7.51,-0.527,K0III,1.317,Hya,141.514,200,454.02750557766933,HD113428_TypK0_Mag7.51,"hms_tuple(h=13.0, m=4.0, s=16.31951199397136)","dms_tuple(d=-24.0, m=-32.0, s=-53.78105325476838)",196.067998,13.0712,-24.548273
63573,113637,,13.072208,53.954229,485.4369,-32.0,7.41,-1.021,K3III,1.39,UMa,223.049,185,415.6851208955647,HD113637_TypK3_Mag7.41,"hms_tuple(h=13.0, m=4.0, s=51.46119576354792)","dms_tuple(d=53.0, m=55.0, s=23.070186468686416)",196.214422,13.080961,53.923075
63583,113480,,13.073866,-26.481611,189.7533,0.0,7.67,1.279,K1III,1.248,Hya,26.816,226,522.866067770482,HD113480_TypK1_Mag7.67,"hms_tuple(h=13.0, m=4.0, s=46.655176659165534)","dms_tuple(d=-26.0, m=-30.0, s=-45.60234369738794)",196.194397,13.079626,-26.512667
63599,113564,,13.077369,-0.728307,680.2721,0.0,7.21,-1.953,K2,1.364,Vir,526.26,159,348.44088743422355,HD113564_TypK2_Mag7.21,"hms_tuple(h=13.0, m=4.0, s=57.086752342389815)","dms_tuple(d=-0.0, m=-45.0, s=-33.79914724608639)",196.237861,13.082524,-0.759389
63601,113696,,13.077778,53.857591,349.6503,0.0,7.35,-0.368,K2,1.31,UMa,122.236,177,394.25196723909164,HD113696_TypK2_Mag7.35,"hms_tuple(h=13.0, m=5.0, s=11.440459842685868)","dms_tuple(d=53.0, m=49.0, s=35.174297873991236)",196.297669,13.086511,53.826437
63607,113595,,13.079028,0.295129,74.184,0.0,7.07,2.718,K0,0.979,Vir,7.125,143,307.9529390460096,HD113595_TypK0_Mag7.07,"hms_tuple(h=13.0, m=5.0, s=3.057719403873449)","dms_tuple(d=0.0, m=15.0, s=50.567097792086955)",196.26274,13.084183,0.264046
63614,113565,,13.079716,-8.571055,389.1051,0.0,7.86,-0.09,K0,1.008,Vir,94.624,261,618.2926139519136,HD113565_TypK0_Mag7.86,"hms_tuple(h=13.0, m=5.0, s=5.745445294758866)","dms_tuple(d=-8.0, m=-36.0, s=-7.666025172827204)",196.273939,13.084929,-8.602129
63621,113846,,13.081005,69.657084,505.0505,0.0,7.97,-0.547,K5,1.477,UMi,144.145,284,681.3080354866522,HD113846_TypK5_Mag7.97,"hms_tuple(h=13.0, m=5.0, s=44.919217119895904)","dms_tuple(d=69.0, m=37.0, s=33.10024382235383)",196.437163,13.095811,69.625861
63668,113667,,13.090785,-17.004439,236.4066,0.0,7.83,0.962,K1III,1.207,Vir,35.909,255,602.141767772257,HD113667_TypK1_Mag7.83,"hms_tuple(h=13.0, m=5.0, s=46.2342928991454)","dms_tuple(d=-17.0, m=-2.0, s=-7.819288562935185)",196.442643,13.096176,-17.035505
63684,113731,,13.092887,13.226425,173.3102,0.0,7.49,1.296,K0,1.004,Vir,26.4,197,446.0860343240754,HD113731_TypK0_Mag7.49,"hms_tuple(h=13.0, m=5.0, s=53.453152869897735)","dms_tuple(d=13.0, m=11.0, s=43.18952787831748)",196.472721,13.098181,13.19533
63687,113771,,13.094687,26.585696,203.252,-11.2,7.5,0.96,K0III,0.93,Com,35.975,198,450.03925321819855,HD113771_TypK0_Mag7.5,"hms_tuple(h=13.0, m=6.0, s=1.6183539397468394)","dms_tuple(d=26.0, m=33.0, s=16.51529870311748)",196.506743,13.10045,26.554588
63700,113828,,13.09611,47.778246,168.6341,0.0,7.26,1.125,K0,1.02,CVn,30.903,165,364.156405231697,HD113828_TypK0_Mag7.26,"hms_tuple(h=13.0, m=6.0, s=13.593581030712585)","dms_tuple(d=47.0, m=44.0, s=49.58241602516921)",196.55664,13.103776,47.747106
63703,113811,,13.096322,39.604369,288.1844,0.0,7.31,0.012,K5III,1.51,CVn,86.139,171,380.5807304870462,HD113811_TypK5_Mag7.31,"hms_tuple(h=13.0, m=6.0, s=10.833493604426678)","dms_tuple(d=39.0, m=34.0, s=23.676736892239205)",196.54514,13.103009,39.573244
63704,113678,,13.096435,-35.111867,361.0108,0.0,7.83,0.042,K0III,1.064,Cen,83.792,255,602.141767772257,HD113678_TypK0_Mag7.83,"hms_tuple(h=13.0, m=6.0, s=9.859283431222252)","dms_tuple(d=-35.0, m=-8.0, s=-34.48542778297224)",196.54108,13.102739,-35.142913
63711,113733,,13.097682,-14.111937,473.9336,0.0,7.18,-1.199,K4III,1.5,Vir,262.785,155,339.33902361009757,HD113733_TypK4_Mag7.18,"hms_tuple(h=13.0, m=6.0, s=10.791979844931063)","dms_tuple(d=-14.0, m=-8.0, s=-34.82231089683168)",196.544967,13.102998,-14.143006
63712,113847,,13.097853,45.26855,132.626,-20.0,5.64,0.027,K1III,1.135,CVn,84.957,48,87.20501660577114,HD113847_TypK1_Mag5.64,"hms_tuple(h=13.0, m=6.0, s=18.62339902847708)","dms_tuple(d=45.0, m=14.0, s=14.694185285356411)",196.577597,13.105173,45.237415
63756,113817,,13.107497,-14.916036,218.3406,-12.2,7.09,0.394,K0III,0.976,Vir,60.59,145,313.4352882448582,HD113817_TypK0_Mag7.09,"hms_tuple(h=13.0, m=6.0, s=46.19579007556936)","dms_tuple(d=-14.0, m=-56.0, s=-49.57589757719006)",196.692482,13.112832,-14.947104
63768,113778,,13.109743,-41.588443,105.5966,2.0,5.59,0.472,K0II/III,1.05,Cen,56.39,46,83.4416007470692,HD113778_TypK0_Mag5.59,"hms_tuple(h=13.0, m=6.0, s=59.89745064352633)","dms_tuple(d=-41.0, m=-37.0, s=-10.124372428090851)",196.749573,13.116638,-41.619479
63777,113820,,13.110515,-31.611879,110.4972,0.0,6.75,1.533,K1III,1.019,Cen,21.223,112,232.20296653338022,HD113820_TypK1_Mag6.75,"hms_tuple(h=13.0, m=6.0, s=59.65122929144485)","dms_tuple(d=-31.0, m=-38.0, s=-34.54509801503008)",196.748547,13.11657,-31.642929
63818,113996,,13.119646,27.624741,101.626,-16.0,4.8,-0.235,K5III,1.482,Com,108.143,25,41.55974955696644,HD113996_TypK5_Mag4.8,"hms_tuple(h=13.0, m=7.0, s=31.663955673727457)","dms_tuple(d=27.0, m=35.0, s=37.07300260234234)",196.881933,13.125462,27.593631
63825,114215,,13.121812,71.394371,218.3406,0.0,7.66,0.964,K0,0.984,UMi,35.843,224,518.2731261472211,HD114215_TypK0_Mag7.66,"hms_tuple(h=13.0, m=8.0, s=16.591309976395223)","dms_tuple(d=71.0, m=21.0, s=47.28226574022415)",197.06913,13.137942,71.363134
63830,114037,,13.123526,26.523946,191.2046,-9.6,7.61,1.203,K1III,1.09,Com,28.761,216,495.90655392467346,HD114037_TypK1_Mag7.61,"hms_tuple(h=13.0, m=7.0, s=45.42759815029484)","dms_tuple(d=26.0, m=29.0, s=34.215551540497415)",196.939282,13.129285,26.492838
63861,114130,,13.129714,51.790911,100000.0,0.0,7.97,-12.03,K2,1.364,CVn,5649369.748,284,681.3080354866522,HD114130_TypK2_Mag7.97,"hms_tuple(h=13.0, m=8.0, s=16.95089541626416)","dms_tuple(d=51.0, m=45.0, s=35.144837470480184)",197.070629,13.138042,51.759762
63867,114020,,13.131099,-19.035678,249.3766,0.0,7.73,0.746,K1/K2III,1.189,Vir,43.813,236,551.2912113423957,HD114020_TypK1_Mag7.73,"hms_tuple(h=13.0, m=8.0, s=11.590262462750616)","dms_tuple(d=-19.0, m=-4.0, s=-0.27232195060150843)",197.048293,13.136553,-19.066742
63870,114124,,13.131206,42.373929,202.4291,0.0,7.93,1.399,K0III,1.25,CVn,24.01,275,657.682729265769,HD114124_TypK0_Mag7.93,"hms_tuple(h=13.0, m=8.0, s=17.44783742435814)","dms_tuple(d=42.0, m=20.0, s=34.076808150720694)",197.072699,13.13818,42.342799
63873,114092,,13.131566,27.555958,132.626,-9.0,6.2,0.587,K4III,1.363,Com,50.722,73,142.92904788185962,HD114092_TypK4_Mag6.2,"hms_tuple(h=13.0, m=8.0, s=14.562841614845183)","dms_tuple(d=27.0, m=31.0, s=29.454489481317978)",197.060679,13.137379,27.524848
63874,114038,,13.131614,-10.740408,94.2507,-9.0,5.15,0.279,K2III,1.138,Vir,67.36,33,56.59587992597486,HD114038_TypK2_Mag5.15,"hms_tuple(h=13.0, m=8.0, s=12.699948844721547)","dms_tuple(d=-10.0, m=-46.0, s=-17.329505913302654)",197.052916,13.136861,-10.77148
63892,114253,,13.135389,62.690198,276.2431,0.0,7.58,0.374,K0,1.143,UMa,61.716,211,482.9526381068404,HD114253_TypK0_Mag7.58,"hms_tuple(h=13.0, m=8.0, s=47.80393985681329)","dms_tuple(d=62.0, m=39.0, s=32.45311561990491)",197.199183,13.146612,62.659015
63896,114049,,13.136427,-28.204707,355.8719,0.0,7.75,-0.006,K3III,1.464,Hya,87.579,240,561.1056035680328,HD114049_TypK3_Mag7.75,"hms_tuple(h=13.0, m=8.0, s=32.2002515094195)","dms_tuple(d=-28.0, m=-14.0, s=-8.740780152667185)",197.134168,13.142278,-28.235761
63912,114131,,13.140686,15.491482,90.8265,-14.5,7.83,3.039,K1IV,0.937,Com,5.302,255,602.141767772257,HD114131_TypK1_Mag7.83,"hms_tuple(h=13.0, m=8.0, s=45.723007448581825)","dms_tuple(d=15.0, m=27.0, s=37.38681744781999)",197.190513,13.146034,15.460385
63914,114114,,13.141087,-11.762778,191.9386,0.0,7.34,0.924,K2,1.264,Vir,37.188,175,390.78879304975095,HD114114_TypK2_Mag7.34,"hms_tuple(h=13.0, m=8.0, s=46.87011568508311)","dms_tuple(d=-11.0, m=-47.0, s=-37.85802110412703)",197.195292,13.146353,-11.793849
63918,114113,,13.142352,-8.984385,97.0874,16.0,5.57,0.634,K3III,1.178,Vir,48.574,45,81.98210971283382,HD114113_TypK3_Mag5.57,"hms_tuple(h=13.0, m=8.0, s=51.25603797456904)","dms_tuple(d=-9.0, m=-0.0, s=-55.65263773929985)",197.213567,13.147571,-9.015459
63925,114075,,13.143577,-38.093789,418.41,0.0,7.9,-0.208,K1III,1.157,Cen,105.487,269,640.5029468202126,HD114075_TypK1_Mag7.9,"hms_tuple(h=13.0, m=9.0, s=0.4662319976630158)","dms_tuple(d=-38.0, m=-7.0, s=-29.389439372842503)",197.251943,13.15013,-38.12483
63929,114098,,13.144268,-23.106504,107.4114,0.0,6.69,1.535,K1III,1.12,Hya,21.184,107,220.23034203703895,HD114098_TypK1_Mag6.69,"hms_tuple(h=13.0, m=8.0, s=59.54471333013245)","dms_tuple(d=-23.0, m=-8.0, s=-15.23058119276726)",197.248103,13.149874,-23.137564
63945,114397,,13.147409,65.572941,943.3962,0.0,7.78,-2.093,K0,1.571,Dra,598.687,245,576.1557641428401,HD114397_TypK0_Mag7.78,"hms_tuple(h=13.0, m=9.0, s=35.49220117913933)","dms_tuple(d=65.0, m=32.0, s=30.278243072068562)",197.397884,13.159859,65.541744
63958,114133,,13.150221,-33.501545,172.117,0.0,7.17,0.991,K0/K1III,1.059,Cen,34.962,154,336.35821375838816,HD114133_TypK0_Mag7.17,"hms_tuple(h=13.0, m=9.0, s=23.057301589126524)","dms_tuple(d=-33.0, m=-31.0, s=-57.33397090148969)",197.346072,13.156405,-33.532593
63962,114149,,13.150909,-23.11807,70.9723,-19.0,4.94,0.685,K0III,1.048,Hya,46.345,28,47.023795460545855,HD114149_TypK0_Mag4.94,"hms_tuple(h=13.0, m=9.0, s=23.454054591923637)","dms_tuple(d=-23.0, m=-8.0, s=-56.86813635293049)",197.347725,13.156515,-23.14913
63965,114241,,13.151581,18.625714,185.8736,-40.0,6.94,0.594,K2,1.49,Com,50.396,129,274.581557295345,HD114241_TypK2_Mag6.94,"hms_tuple(h=13.0, m=9.0, s=25.27036612775987)","dms_tuple(d=18.0, m=35.0, s=40.61077626197829)",197.355293,13.15702,18.594614
63975,114256,,13.153454,10.022468,94.518,-0.4,5.79,0.912,K0III,1.025,Vir,37.601,54,99.54466638423023,HD114256_TypK0_Mag5.79,"hms_tuple(h=13.0, m=9.0, s=31.276890034602758)","dms_tuple(d=9.0, m=59.0, s=28.955275634596802)",197.38032,13.158688,9.991376
63977,114203,,13.153955,-9.538098,127.8772,0.0,6.32,0.786,K0,1.017,Vir,42.228,80,158.89188662502437,HD114203_TypK0_Mag6.32,"hms_tuple(h=13.0, m=9.0, s=33.05657115223951)","dms_tuple(d=-9.0, m=-34.0, s=-9.017574068431458)",197.387736,13.159182,-9.569172
63984,114164,,13.155397,-41.01945,170.3578,0.0,7.59,1.433,K0III,1.096,Cen,23.27,212,487.2325692121131,HD114164_TypK0_Mag7.59,"hms_tuple(h=13.0, m=9.0, s=44.03596179951762)","dms_tuple(d=-41.0, m=-3.0, s=-1.7528807445825123)",197.433483,13.162232,-41.050487
64008,114357,,13.160739,37.423146,106.4963,-19.0,6.01,0.873,K3III,1.169,CVn,38.976,63,120.86954873761292,HD114357_TypK3_Mag6.01,"hms_tuple(h=13.0, m=10.0, s=2.0169073725689657)","dms_tuple(d=37.0, m=23.0, s=31.28560932188236)",197.508404,13.167227,37.392024
64018,114245,,13.162111,-36.160406,290.6977,0.0,7.8,0.483,K2III,1.1,Cen,55.821,249,586.4128089424291,HD114245_TypK2_Mag7.8,"hms_tuple(h=13.0, m=10.0, s=6.592923027551478)","dms_tuple(d=-36.0, m=-11.0, s=-29.220619865693607)",197.527471,13.168498,-36.19145
64020,114287,,13.162578,-10.329327,212.766,-7.0,5.95,-0.69,K5III,1.49,Vir,164.437,61,114.63739011499842,HD114287_TypK5_Mag5.95,"hms_tuple(h=13.0, m=10.0, s=4.145085806752746)","dms_tuple(d=-10.0, m=-21.0, s=-37.43930032275685)",197.517271,13.167818,-10.3604
64021,114286,,13.162848,-7.655406,164.7446,0.0,7.34,1.256,K0,1.12,Vir,27.391,175,390.78879304975095,HD114286_TypK0_Mag7.34,"hms_tuple(h=13.0, m=10.0, s=4.9777703228691905)","dms_tuple(d=-7.0, m=-41.0, s=-11.33268819952292)",197.520741,13.168049,-7.686481
64022,114326,,13.163291,16.848611,206.1856,-17.0,5.91,-0.661,K5III,1.45,Com,160.103,59,110.66217874985526,HD114326_TypK5_Mag5.91,"hms_tuple(h=13.0, m=10.0, s=7.233433479147067)","dms_tuple(d=16.0, m=49.0, s=3.046396002057463)",197.530139,13.168676,16.817513
64025,114246,,13.163547,-36.532604,258.3979,0.0,7.53,0.469,K0III,0.993,Cen,56.546,203,462.11035531169057,HD114246_TypK0_Mag7.53,"hms_tuple(h=13.0, m=10.0, s=11.872819419340885)","dms_tuple(d=-36.0, m=-33.0, s=-49.13153770193446)",197.54947,13.169965,-36.563648
64044,114535,,13.168551,58.044997,100000.0,0.0,7.64,-12.36,K1II-III,1.348,UMa,7655966.069,221,509.2079239683959,HD114535_TypK1_Mag7.64,"hms_tuple(h=13.0, m=10.0, s=41.81517964436381)","dms_tuple(d=58.0, m=0.0, s=49.792034655254724)",197.67423,13.178282,58.013831
64077,114348,,13.174183,-32.556642,190.8397,0.0,7.89,1.487,K0III,1.058,Cen,22.141,267,634.876663483802,HD114348_TypK0_Mag7.89,"hms_tuple(h=13.0, m=10.0, s=49.08280510931249)","dms_tuple(d=-32.0, m=-35.0, s=-15.6875807823468)",197.704512,13.180301,-32.587691
64083,114430,,13.175499,-10.814645,232.5581,0.0,7.81,0.977,K0,0.912,Vir,35.416,251,591.6096051155723,HD114430_TypK0_Mag7.81,"hms_tuple(h=13.0, m=10.0, s=50.69062204893058)","dms_tuple(d=-10.0, m=-50.0, s=-44.58245369558753)",197.711211,13.180747,-10.845717
64099,114493,,13.179785,13.306769,232.0186,-18.3,7.11,0.282,K0,1.125,Vir,67.174,147,319.0152372679894,HD114493_TypK0_Mag7.11,"hms_tuple(h=13.0, m=11.0, s=6.29224017666786)","dms_tuple(d=13.0, m=16.0, s=32.427649942269596)",197.776218,13.185081,13.275674
64130,114523,,13.187328,-14.242334,212.766,0.0,7.61,0.97,K0III,1.02,Vir,35.645,216,495.90655392467346,HD114523_TypK0_Mag7.61,"hms_tuple(h=13.0, m=11.0, s=33.528610155797764)","dms_tuple(d=-14.0, m=-16.0, s=-24.251056055541795)",197.889703,13.192647,-14.273403
64132,114473,,13.187783,-41.419711,371.7472,0.0,7.87,0.019,K0IIICN...,1.192,Cen,85.585,263,623.771929275639,HD114473_TypK0_Mag7.87,"hms_tuple(h=13.0, m=11.0, s=40.7767808236963)","dms_tuple(d=-41.0, m=-27.0, s=-2.6901595365262665)",197.919903,13.19466,-41.450747
64140,114545,,13.189349,-13.962356,176.0563,0.0,6.92,0.692,K0III,1.097,Vir,46.047,127,269.7788052214281,HD114545_TypK0_Mag6.92,"hms_tuple(h=13.0, m=11.0, s=40.78066430381298)","dms_tuple(d=-13.0, m=-59.0, s=-36.331232012617534)",197.919919,13.194661,-13.993425
64143,114474,,13.189789,-43.368553,68.1663,-9.0,5.24,1.072,K1/K2III,1.049,Cen,32.449,35,61.27322402649,HD114474_TypK1_Mag5.24,"hms_tuple(h=13.0, m=11.0, s=48.78023965013881)","dms_tuple(d=-43.0, m=-23.0, s=-58.50963134871961)",197.953251,13.196883,-43.399586
64149,114674,,13.191305,40.792496,190.8397,-2.1,7.17,0.767,K0,0.939,CVn,42.973,154,336.35821375838816,HD114674_TypK0_Mag7.17,"hms_tuple(h=13.0, m=11.0, s=53.19741651879909)","dms_tuple(d=40.0, m=45.0, s=40.92726658748802)",197.971656,13.19811,40.761369
64156,114509,,13.191782,-35.129907,432.9004,0.0,6.63,-1.552,K1III,1.139,Cen,363.747,102,208.87503841075554,HD114509_TypK1_Mag6.63,"hms_tuple(h=13.0, m=11.0, s=53.11351536245979)","dms_tuple(d=-35.0, m=-9.0, s=-39.429339326009085)",197.971306,13.198087,-35.160953
64161,114607,,13.192495,7.404717,543.4783,0.0,8.0,-0.676,K0,1.143,Vir,162.33,290,699.5823055523535,HD114607_TypK0_Mag8.0,"hms_tuple(h=13.0, m=11.0, s=51.6934598649479)","dms_tuple(d=7.0, m=22.0, s=25.060458331322906)",197.965389,13.197693,7.373628
64172,114611,,13.194598,-11.22165,214.5923,0.0,6.89,0.232,K0,1.232,Vir,70.34,124,262.73172769318006,HD114611_TypK0_Mag6.89,"hms_tuple(h=13.0, m=11.0, s=59.47324907340828)","dms_tuple(d=-11.0, m=-15.0, s=-9.799068659034305)",197.997805,13.199854,-11.252722
64190,114597,,13.198341,-24.569059,213.2196,-4.9,7.97,1.326,K1/K2III,1.34,Hya,25.68,284,681.3080354866522,HD114597_TypK1_Mag7.97,"hms_tuple(h=13.0, m=12.0, s=14.436755290141718)","dms_tuple(d=-24.0, m=-36.0, s=-0.42284776895172627)",198.060153,13.20401,-24.600117
64194,114550,,13.199148,-45.278779,552.4862,0.0,7.81,-0.902,K4III,1.514,Cen,199.894,251,591.6096051155723,HD114550_TypK4_Mag7.81,"hms_tuple(h=13.0, m=12.0, s=23.319036732435023)","dms_tuple(d=-45.0, m=-18.0, s=-35.31097941774817)",198.097163,13.206478,-45.309809
64211,114724,,13.202336,24.258027,131.7523,-24.0,6.31,0.711,K1III,1.006,Com,45.248,80,157.49615413316394,HD114724_TypK1_Mag6.31,"hms_tuple(h=13.0, m=12.0, s=28.758504233561695)","dms_tuple(d=24.0, m=13.0, s=36.91624983366182)",198.119827,13.207988,24.226921
64213,114662,,13.202756,-20.88442,301.2048,4.5,7.63,0.236,K0IIICN...,1.187,Vir,70.081,219,504.73495772895257,HD114662_TypK0_Mag7.63,"hms_tuple(h=13.0, m=12.0, s=29.78731394189282)","dms_tuple(d=-20.0, m=-54.0, s=-55.73665892607721)",198.124114,13.208274,-20.915482
64231,115337,,13.20707,80.471309,207.9002,-11.0,6.25,-0.339,K0Ib,0.955,Cam,119.015,76,149.37548995214374,HD115337_TypK0_Mag6.25,"hms_tuple(h=13.0, m=14.0, s=17.185633556554905)","dms_tuple(d=80.0, m=26.0, s=23.700792331455887)",198.571607,13.238107,80.439917
64234,115299,,13.207893,79.652348,197.2387,0.0,7.52,1.045,K0,1.113,Cam,33.266,201,458.0511018694067,HD115299_TypK0_Mag7.52,"hms_tuple(h=13.0, m=14.0, s=11.417668972197106)","dms_tuple(d=79.0, m=37.0, s=15.53091129451218)",198.547574,13.236505,79.620981
64251,114783,,13.212163,-2.26504,20.5002,0.0,7.56,6.001,K0,0.93,Vir,0.346,208,474.5052325085976,HD114783_TypK0_Mag7.56,"hms_tuple(h=13.0, m=13.0, s=2.358433329142855)","dms_tuple(d=-2.0, m=-17.0, s=-46.03290596917077)",198.259827,13.217322,-2.29612
64262,114904,,13.213552,51.899853,261.7801,0.0,7.23,0.14,K0,0.937,CVn,76.56,161,354.6440255695144,HD114904_TypK0_Mag7.23,"hms_tuple(h=13.0, m=13.0, s=18.840260327854423)","dms_tuple(d=51.0, m=52.0, s=7.335103082677392)",198.328501,13.2219,51.868704
64266,114707,,13.214123,-42.69972,176.3668,-1.0,6.19,-0.042,K0III,1.057,Cen,90.532,73,141.67353559361956,HD114707_TypK0_Mag6.19,"hms_tuple(h=13.0, m=13.0, s=16.10549830476387)","dms_tuple(d=-42.0, m=-43.0, s=-50.714939158929155)",198.317106,13.22114,-42.730754
64268,114819,,13.214916,19.918333,395.2569,2.0,7.36,-0.624,K0,1.25,Com,154.739,178,397.7458321127074,HD114819_TypK0_Mag7.36,"hms_tuple(h=13.0, m=13.0, s=13.431154182819398)","dms_tuple(d=19.0, m=53.0, s=14.034422592207534)",198.305963,13.220398,19.887232
64276,115061,,13.21676,67.309686,108.2251,4.0,6.96,1.788,K0,1.145,Dra,16.78,131,279.4698106282087,HD115061_TypK0_Mag6.96,"hms_tuple(h=13.0, m=13.0, s=48.37906249265387)","dms_tuple(d=67.0, m=16.0, s=42.524649259777334)",198.451579,13.230105,67.278479
64284,114865,,13.218736,15.317542,150.6024,2.5,7.64,1.751,K0,1.12,Com,17.362,221,509.2079239683959,HD114865_TypK0_Mag7.64,"hms_tuple(h=13.0, m=13.0, s=26.686943510482735)","dms_tuple(d=15.0, m=17.0, s=11.203430724123393)",198.361196,13.22408,15.286445
64289,114803,,13.220028,-22.933207,319.4888,0.0,7.93,0.408,K4/K5III,1.59,Hya,59.814,275,657.682729265769,HD114803_TypK4_Mag7.93,"hms_tuple(h=13.0, m=13.0, s=32.25475764310815)","dms_tuple(d=-22.0, m=-57.0, s=-51.36205211887301)",198.384395,13.225626,-22.964267
64298,114827,,13.220983,-15.460521,561.7978,0.0,7.84,-0.908,K0III+...,0.816,Vir,201.002,257,607.4779541357369,HD114827_TypK0_Mag7.84,"hms_tuple(h=13.0, m=13.0, s=34.795110832776714)","dms_tuple(d=-15.0, m=-29.0, s=-29.719980642015855)",198.39498,13.226332,-15.491589
64301,114883,,13.221756,13.391382,375.9398,0.0,7.41,-0.466,K0,1.266,Vir,133.783,185,415.6851208955647,HD114883_TypK0_Mag7.41,"hms_tuple(h=13.0, m=13.0, s=37.39450659925055)","dms_tuple(d=13.0, m=21.0, s=37.03415703944458)",198.40581,13.227054,13.360287
64306,114866,,13.222577,-3.494563,392.1569,0.0,7.34,-0.627,K2,1.48,Vir,155.167,175,390.78879304975095,HD114866_TypK2_Mag7.34,"hms_tuple(h=13.0, m=13.0, s=39.86910984821435)","dms_tuple(d=-3.0, m=-31.0, s=-32.311665031784074)",198.416121,13.227741,-3.525642
64316,115136,,13.224492,67.287959,122.2494,4.2,6.52,1.084,K2III,1.146,Dra,32.092,94,189.555805541093,HD115136_TypK2_Mag6.52,"hms_tuple(h=13.0, m=14.0, s=16.170799056094722)","dms_tuple(d=67.0, m=15.0, s=24.30792620915554)",198.567378,13.237825,67.256752
64318,115019,,13.224557,56.680888,653.5948,-18.7,7.98,-1.097,K2II,1.132,UMa,239.221,286,687.3457941057625,HD115019_TypK2_Mag7.98,"hms_tuple(h=13.0, m=14.0, s=2.159694924922775)","dms_tuple(d=56.0, m=38.0, s=59.014988032170095)",198.508999,13.233933,56.649726
64334,115004,,13.228597,40.152885,140.8451,-21.0,4.94,-0.804,K0III,1.061,CVn,182.642,28,47.023795460545855,HD115004_TypK0_Mag4.94,"hms_tuple(h=13.0, m=14.0, s=7.216613339318059)","dms_tuple(d=40.0, m=7.0, s=18.331286439137102)",198.530069,13.235338,40.121759
64350,114960,,13.232657,1.456447,161.5509,7.0,6.55,0.508,K5III,1.383,Vir,54.551,96,194.64013421851007,HD114960_TypK5_Mag6.55,"hms_tuple(h=13.0, m=14.0, s=16.12766601711101)","dms_tuple(d=1.0, m=25.0, s=31.308090048770083)",198.567199,13.237813,1.425363
64351,114873,,13.232698,-43.139107,106.383,30.0,6.16,1.026,K5II,1.366,Cen,33.853,71,137.97278383067092,HD114873_TypK5_Mag6.16,"hms_tuple(h=13.0, m=14.0, s=23.156491366710554)","dms_tuple(d=-43.0, m=-10.0, s=-12.505450675061525)",198.596485,13.239766,-43.17014
64379,114921,,13.237876,-41.211788,264.5503,22.6,7.6,0.487,K0III,1.03,Cen,55.616,214,491.5504291096121,HD114921_TypK0_Mag7.6,"hms_tuple(h=13.0, m=14.0, s=41.03264575144635)","dms_tuple(d=-41.0, m=-14.0, s=-34.16856888036705)",198.670969,13.244731,-41.242825
64384,114922,,13.238917,-42.852187,151.7451,0.0,6.72,0.814,K1III,1.083,Cen,41.153,109,226.137433304753,HD114922_TypK1_Mag6.72,"hms_tuple(h=13.0, m=14.0, s=45.426241707971684)","dms_tuple(d=-42.0, m=-52.0, s=-59.5952105991006)",198.689276,13.245952,-42.883221
64419,115062,,13.245865,-10.370382,202.8398,27.3,6.95,0.414,K5,1.542,Vir,59.484,130,277.01490180011757,HD115062_TypK5_Mag6.95,"hms_tuple(h=13.0, m=15.0, s=3.980762171332941)","dms_tuple(d=-10.0, m=-24.0, s=-5.237161228747169)",198.766587,13.251106,-10.401455
64440,115676,,13.25093,78.701317,225.2252,0.0,7.58,0.817,K0,0.995,Cam,41.039,211,482.9526381068404,HD115676_TypK0_Mag7.58,"hms_tuple(h=13.0, m=16.0, s=37.80418474853931)","dms_tuple(d=78.0, m=40.0, s=11.907387249590329)",199.157517,13.277168,78.669974
64441,115066,,13.251202,-30.181427,149.2537,0.0,7.83,1.96,K0II,1.087,Cen,14.322,255,602.141767772257,HD115066_TypK0_Mag7.83,"hms_tuple(h=13.0, m=15.0, s=25.800783682104367)","dms_tuple(d=-30.0, m=-12.0, s=-44.92427093786972)",198.857503,13.257167,-30.212479
64445,115050,,13.252629,-36.37141,118.624,-4.0,6.17,0.799,K1III,0.968,Cen,41.725,72,139.1955000198045,HD115050_TypK1_Mag6.17,"hms_tuple(h=13.0, m=15.0, s=32.52000242520765)","dms_tuple(d=-36.0, m=-24.0, s=-8.833955054564626)",198.8855,13.259033,-36.402454
64448,115166,,13.252842,18.918904,204.0816,0.0,6.55,0.001,K0,1.47,Com,87.016,96,194.64013421851007,HD115166_TypK0_Mag6.55,"hms_tuple(h=13.0, m=15.0, s=29.843987521766024)","dms_tuple(d=18.0, m=53.0, s=16.09370455369799)",198.87435,13.25829,18.887804
64460,115183,,13.255143,16.194898,223.2143,0.0,7.44,0.696,K2,1.49,Com,45.878,189,426.83476505925523,HD115183_TypK2_Mag7.44,"hms_tuple(h=13.0, m=15.0, s=37.83526544607838)","dms_tuple(d=16.0, m=9.0, s=49.68192669170918)",198.907647,13.26051,16.163801
64471,115068,,13.256276,-43.063042,167.7852,0.0,7.49,1.366,K1III,1.087,Cen,24.751,197,446.0860343240754,HD115068_TypK1_Mag7.49,"hms_tuple(h=13.0, m=15.0, s=48.00566601625249)","dms_tuple(d=-43.0, m=-5.0, s=-38.67191885136947)",198.950024,13.263335,-43.094076
64490,115256,,13.260108,28.741981,295.858,9.6,7.28,-0.075,K3III,1.322,Com,93.325,168,370.63931974020056,HD115256_TypK3_Mag7.28,"hms_tuple(h=13.0, m=15.0, s=57.54679257671356)","dms_tuple(d=28.0, m=42.0, s=39.132291303441775)",198.989778,13.265985,28.71087
64493,115111,,13.26037,-41.14129,338.9831,0.0,7.85,0.199,K0III,1.02,Cen,72.51,259,612.8614298360975,HD115111_TypK0_Mag7.85,"hms_tuple(h=13.0, m=16.0, s=1.9844698728350352)","dms_tuple(d=-41.0, m=-10.0, s=-20.376177171672794)",199.008269,13.267218,-41.172327
64499,115348,,13.26124,54.403006,198.4127,0.0,7.65,1.162,K0,1.051,UMa,29.868,222,513.7205296793568,HD115348_TypK0_Mag7.65,"hms_tuple(h=13.0, m=16.0, s=12.319829396085566)","dms_tuple(d=54.0, m=22.0, s=18.663098011710417)",199.051333,13.270089,54.371851
64505,115245,,13.263036,7.952986,217.3913,0.0,6.75,0.064,K0,1.163,Vir,82.111,112,232.20296653338022,HD115245_TypK0_Mag6.75,"hms_tuple(h=13.0, m=16.0, s=5.665118043438753)","dms_tuple(d=7.0, m=55.0, s=18.82702869350709)",199.023605,13.26824,7.921896
64509,115141,,13.263763,-40.05476,217.8649,0.0,7.79,1.099,K1III,1.122,Cen,31.652,247,581.2616622824664,HD115141_TypK1_Mag7.79,"hms_tuple(h=13.0, m=16.0, s=13.80138944613961)","dms_tuple(d=-40.0, m=-5.0, s=-8.874361245995033)",199.057506,13.2705,-40.085798
64512,115217,,13.264992,-12.350139,304.878,0.0,7.28,-0.141,K2,1.253,Vir,99.174,168,370.63931974020056,HD115217_TypK2_Mag7.28,"hms_tuple(h=13.0, m=16.0, s=12.969779262211176)","dms_tuple(d=-12.0, m=-22.0, s=-52.35560742163756)",199.054041,13.270269,-12.38121
64519,115202,,13.266322,-19.943103,38.4763,34.2,5.21,2.284,K1III,1.011,Vir,10.627,34,59.67266404266916,HD115202_TypK1_Mag5.21,"hms_tuple(h=13.0, m=16.0, s=18.503614044200987)","dms_tuple(d=-19.0, m=-58.0, s=-26.9989734740588)",199.077098,13.271807,-19.974166
64572,115236,,13.27551,-44.704372,671.1409,-20.4,6.85,-2.284,K5pvar,2.867,Cen,713.839,121,253.62113865358353,HD115236_TypK5_Mag6.85,"hms_tuple(h=13.0, m=16.0, s=57.95881757190756)","dms_tuple(d=-44.0, m=-44.0, s=-7.449548317203494)",199.241495,13.282766,-44.735403
64575,115381,,13.276863,18.903278,138.3126,0.0,6.72,1.016,K0,1.003,Com,34.166,109,226.137433304753,HD115381_TypK0_Mag6.72,"hms_tuple(h=13.0, m=16.0, s=56.31775835643907)","dms_tuple(d=18.0, m=52.0, s=19.840161766169047)",199.234657,13.28231,18.872178
64591,115404,,13.280843,17.017182,11.0717,6.7,6.49,6.269,K2V,0.926,Com,0.271,92,184.60428810635165,HD115404_TypK2_Mag6.49,"hms_tuple(h=13.0, m=17.0, s=10.437971879545245)","dms_tuple(d=16.0, m=59.0, s=9.901392409157097)",199.293492,13.286233,16.986084
64594,115407,,13.281295,5.161547,452.4887,0.0,7.7,-0.578,K0,1.2,Vir,148.32,231,536.8905548349917,HD115407_TypK0_Mag7.7,"hms_tuple(h=13.0, m=17.0, s=11.293365866087441)","dms_tuple(d=5.0, m=7.0, s=49.655900650537816)",199.297056,13.28647,5.13046
64597,115310,,13.281425,-31.506196,78.9889,13.0,5.1,0.612,K0III,0.959,Cen,49.568,31,54.15343062270252,HD115310_TypK0_Mag5.1,"hms_tuple(h=13.0, m=17.0, s=14.902518403526983)","dms_tuple(d=-31.0, m=-32.0, s=-14.086775455801899)",199.312094,13.287473,-31.537246
64602,115368,,13.282902,-13.158839,199.6008,0.0,7.78,1.279,K0III,1.064,Vir,26.816,245,576.1557641428401,HD115368_TypK0_Mag7.78,"hms_tuple(h=13.0, m=17.0, s=17.506730124842136)","dms_tuple(d=-13.0, m=-11.0, s=-23.672819946350074)",199.322945,13.288196,-13.189909
64612,115333,,13.286539,-46.476744,100000.0,0.0,7.85,-12.15,K5/M0III,1.63,Cen,6309573.445,259,612.8614298360975,HD115333_TypK5_Mag7.85,"hms_tuple(h=13.0, m=17.0, s=38.50234973789625)","dms_tuple(d=-46.0, m=-30.0, s=-27.976867083097545)",199.410426,13.294028,-46.507771
64617,115478,,13.287674,13.675751,99.5025,-25.0,5.33,0.341,K3III,1.304,Vir,63.621,38,66.33712537928638,HD115478_TypK3_Mag5.33,"hms_tuple(h=13.0, m=17.0, s=34.72205088932398)","dms_tuple(d=13.0, m=38.0, s=40.761571131186685)",199.394675,13.292978,13.644656
64636,115677,,13.292155,57.821719,277.7778,0.0,7.77,0.552,K0,1.492,UMa,52.384,244,571.094717053101,HD115677_TypK0_Mag7.77,"hms_tuple(h=13.0, m=18.0, s=6.572610209702816)","dms_tuple(d=57.0, m=47.0, s=25.993826867828602)",199.527386,13.301826,57.790554
64637,115467,,13.292155,-15.548071,131.2336,24.2,6.68,1.09,K0III,1.051,Vir,31.915,106,218.29580245415895,HD115467_TypK0_Mag6.68,"hms_tuple(h=13.0, m=17.0, s=51.02249221990533)","dms_tuple(d=-15.0, m=-34.0, s=-44.89967147630608)",199.462594,13.297506,-15.579139
64643,115537,,13.292943,19.215171,321.5434,0.0,7.93,0.394,K2,1.44,Com,60.59,275,657.682729265769,HD115537_TypK2_Mag7.93,"hms_tuple(h=13.0, m=17.0, s=54.242609801773085)","dms_tuple(d=19.0, m=11.0, s=2.6538177790607165)",199.476011,13.298401,19.184071
64697,115866,,13.303292,67.687937,308.642,0.0,7.2,-0.247,K0,1.297,Dra,109.345,158,345.3801253121633,HD115866_TypK0_Mag7.2,"hms_tuple(h=13.0, m=19.0, s=0.664881157438515)","dms_tuple(d=67.0, m=39.0, s=24.219805157574683)",199.75277,13.316851,67.656728
64711,115629,,13.306206,3.752406,446.4286,0.0,7.86,-0.389,K0,1.494,Vir,124.624,261,618.2926139519136,HD115629_TypK0_Mag7.86,"hms_tuple(h=13.0, m=18.0, s=40.93753122005211)","dms_tuple(d=3.0, m=43.0, s=16.752947707371533)",199.670573,13.311372,3.72132
64714,115577,,13.306505,-28.332519,165.5629,152.2,6.8,0.705,K0III,0.981,Hya,45.499,116,242.67587595584382,HD115577_TypK0_Mag6.8,"hms_tuple(h=13.0, m=18.0, s=44.50636582074566)","dms_tuple(d=-28.0, m=-21.0, s=-48.863439721807254)",199.685443,13.312363,-28.363573
64721,115723,,13.307701,34.098304,153.6098,-20.0,5.81,-0.122,K4.5III,1.366,CVn,97.454,54,101.3168158032027,HD115723_TypK4_Mag5.81,"hms_tuple(h=13.0, m=18.0, s=50.12478816216273)","dms_tuple(d=34.0, m=4.0, s=1.8709598118454096)",199.708853,13.313924,34.067186
64724,115640,,13.307995,1.24639,246.3054,0.0,7.51,0.553,K0,0.943,Vir,52.336,200,454.02750557766933,HD115640_TypK0_Mag7.51,"hms_tuple(h=13.0, m=18.0, s=47.3428975674733)","dms_tuple(d=1.0, m=12.0, s=55.10357897944516)",199.697262,13.313151,1.215307
64726,115631,,13.309188,-6.265771,202.0202,0.0,7.6,1.073,K0,0.994,Vir,32.419,214,491.5504291096121,HD115631_TypK0_Mag7.6,"hms_tuple(h=13.0, m=18.0, s=51.74615479154781)","dms_tuple(d=-6.0, m=-17.0, s=-48.651312151367705)",199.715609,13.314374,-6.296848
64761,115661,,13.31615,-28.78488,278.5515,0.0,7.66,0.435,K5/M0III,1.614,Hya,58.345,224,518.2731261472211,HD115661_TypK5_Mag7.66,"hms_tuple(h=13.0, m=19.0, s=19.319300178788836)","dms_tuple(d=-28.0, m=-48.0, s=-57.3611164536058)",199.830497,13.322033,-28.815934
64777,115753,,13.318528,3.722837,290.6977,0.0,6.91,-0.407,K2III:,1.114,Vir,126.707,126,267.409023780344,HD115753_TypK2_Mag6.91,"hms_tuple(h=13.0, m=19.0, s=25.296109526255464)","dms_tuple(d=3.0, m=41.0, s=30.304645040945104)",199.8554,13.323693,3.691751
64808,115799,,13.326988,-12.483589,625.0,0.0,7.96,-1.019,K5,1.471,Vir,222.638,282,675.323313533301,HD115799_TypK5_Mag7.96,"hms_tuple(h=13.0, m=19.0, s=56.1651496712328)","dms_tuple(d=-12.0, m=-30.0, s=-52.775148658612636)",199.984021,13.332268,-12.51466
64838,115885,,13.332494,8.487131,186.2197,0.0,7.08,0.73,K0,1.13,Vir,44.463,144,310.68202106935195,HD115885_TypK0_Mag7.08,"hms_tuple(h=13.0, m=20.0, s=15.739070163227353)","dms_tuple(d=8.0, m=27.0, s=21.747241499816568)",200.065579,13.337705,8.456041
64861,115930,,13.337416,3.287533,123.3046,0.0,6.96,1.505,K2,1.148,Vir,21.777,131,279.4698106282087,HD115930_TypK2_Mag6.96,"hms_tuple(h=13.0, m=20.0, s=33.2843346559649)","dms_tuple(d=3.0, m=15.0, s=23.21167722778803)",200.138685,13.342579,3.256448
64866,116010,,13.3386,40.150548,156.0062,-21.0,5.6,-0.366,K1III,1.204,CVn,122.011,46,84.18106104676042,HD116010_TypK1_Mag5.6,"hms_tuple(h=13.0, m=20.0, s=43.22657923369775)","dms_tuple(d=40.0, m=7.0, s=9.918099539861487)",200.180111,13.345341,40.119422
64868,115903,,13.338885,-11.304132,150.1502,52.0,6.73,0.847,K0,1.0,Vir,39.921,110,228.14146549859603,HD115903_TypK0_Mag6.73,"hms_tuple(h=13.0, m=20.0, s=38.91188946914639)","dms_tuple(d=-11.0, m=-20.0, s=-6.733987500375349)",200.162133,13.344142,-11.335204
64881,115852,,13.34066,-41.576055,423.7288,0.0,7.55,-0.585,K4/K5III,1.484,Cen,149.279,206,470.3371004243402,HD115852_TypK4_Mag7.55,"hms_tuple(h=13.0, m=20.0, s=51.19388388595141)","dms_tuple(d=-41.0, m=-36.0, s=-25.52764507530526)",200.213308,13.347554,-41.607091
64890,115890,,13.341634,-27.410048,448.4305,0.0,7.79,-0.468,K5III,1.501,Hya,134.029,247,581.2616622824664,HD115890_TypK5_Mag7.79,"hms_tuple(h=13.0, m=20.0, s=50.79173767413252)","dms_tuple(d=-27.0, m=-26.0, s=-27.9717116013353)",200.211632,13.347442,-27.441103
64891,115873,,13.341666,-33.657738,383.1418,0.0,7.71,-0.207,K4III,1.556,Cen,105.39,233,541.648484297334,HD115873_TypK4_Mag7.71,"hms_tuple(h=13.0, m=20.0, s=52.299674992146805)","dms_tuple(d=-33.0, m=-41.0, s=-19.62803270955021)",200.217915,13.347861,-33.688786
64899,115982,,13.342472,8.245008,258.3979,0.0,7.59,0.529,K2,1.211,Vir,53.506,212,487.2325692121131,HD115982_TypK2_Mag7.59,"hms_tuple(h=13.0, m=20.0, s=51.64825865751297)","dms_tuple(d=8.0, m=12.0, s=50.10525221305599)",200.215201,13.34768,8.213918
64911,116029,,13.344317,24.648698,123.1527,-5.9,7.88,2.428,K1III,1.009,Com,9.307,265,629.299802346522,HD116029_TypK1_Mag7.88,"hms_tuple(h=13.0, m=20.0, s=59.9532064376298)","dms_tuple(d=24.0, m=37.0, s=3.3303051512294246)",200.249805,13.349987,24.617592
64917,115947,,13.345909,-23.763504,243.309,0.0,7.11,0.179,K5III,1.574,Hya,73.858,147,319.0152372679894,HD115947_TypK5_Mag7.11,"hms_tuple(h=13.0, m=21.0, s=5.553017390769952)","dms_tuple(d=-23.0, m=-47.0, s=-40.428021658205466)",200.273138,13.351543,-23.794563
64938,115912,,13.349367,-46.880008,126.7427,-3.0,5.76,0.245,K1III,1.106,Cen,69.502,52,96.94439175940381,HD115912_TypK1_Mag5.76,"hms_tuple(h=13.0, m=21.0, s=24.885346657851102)","dms_tuple(d=-46.0, m=-54.0, s=-39.72445558465893)",200.353689,13.356913,-46.911035
64945,115998,,13.351328,-24.470223,100000.0,0.0,6.89,-13.11,K5/M0III,1.653,Hya,15275660.582,124,262.73172769318006,HD115998_TypK5_Mag6.89,"hms_tuple(h=13.0, m=21.0, s=25.17387965670764)","dms_tuple(d=-24.0, m=-30.0, s=-4.613639355227406)",200.354891,13.356993,-24.501282
64948,116172,,13.352035,47.269741,191.9386,0.0,6.97,0.554,K0,0.9,CVn,52.288,132,281.9464748828664,HD116172_TypK0_Mag6.97,"hms_tuple(h=13.0, m=21.0, s=34.65763874964992)","dms_tuple(d=47.0, m=14.0, s=18.968067184852657)",200.394407,13.359627,47.238602
64966,116110,,13.356239,14.148903,628.9308,0.0,7.28,-1.713,K2,1.49,Vir,421.891,168,370.63931974020056,HD116110_TypK2_Mag7.28,"hms_tuple(h=13.0, m=21.0, s=41.59506117114958)","dms_tuple(d=14.0, m=7.0, s=4.10712541223603)",200.423313,13.361554,14.117808
64978,116342,,13.358622,63.950414,401.6064,0.0,7.32,-0.699,K2,1.483,Dra,165.806,173,383.9534407239423,HD116342_TypK2_Mag7.32,"hms_tuple(h=13.0, m=22.0, s=13.248366279281072)","dms_tuple(d=63.0, m=55.0, s=9.210258683586403)",200.555202,13.370347,63.919225
64985,116112,,13.359808,-11.74705,243.9024,0.0,7.75,0.814,K2,1.352,Vir,41.153,240,561.1056035680328,HD116112_TypK2_Mag7.75,"hms_tuple(h=13.0, m=21.0, s=54.26462991950146)","dms_tuple(d=-11.0, m=-46.0, s=-41.23727490490779)",200.476103,13.365074,-11.778121
64986,116139,,13.360253,2.853981,775.1938,0.0,7.79,-1.657,K5,1.544,Vir,400.682,247,581.2616622824664,HD116139_TypK5_Mag7.79,"hms_tuple(h=13.0, m=21.0, s=55.490067621700376)","dms_tuple(d=2.0, m=49.0, s=22.425902419966235)",200.481209,13.365414,2.822896
64991,116173,,13.361313,16.081431,209.205,0.0,7.2,0.597,K0,1.38,Com,50.257,158,345.3801253121633,HD116173_TypK0_Mag7.2,"hms_tuple(h=13.0, m=22.0, s=0.03621981281469289)","dms_tuple(d=16.0, m=3.0, s=1.2011296506170765)",200.500151,13.366677,16.050334
65003,116513,,13.363839,71.871886,220.7506,0.0,7.55,0.83,K2,1.153,UMi,40.551,206,470.3371004243402,HD116513_TypK2_Mag7.55,"hms_tuple(h=13.0, m=22.0, s=49.36194631079786)","dms_tuple(d=71.0, m=50.0, s=26.320549672686866)",200.705675,13.380378,71.840645
65028,116177,,13.368445,-14.419873,246.9136,0.0,6.84,-0.123,K5III,1.507,Vir,97.544,120,251.39328881580803,HD116177_TypK5_Mag6.84,"hms_tuple(h=13.0, m=22.0, s=25.565008357638703)","dms_tuple(d=-14.0, m=-27.0, s=-3.3908359286587597)",200.606521,13.373768,-14.450942
65032,116208,,13.368816,-0.06776,137.3626,0.0,7.96,2.271,K0,1.079,Vir,10.755,282,675.323313533301,HD116208_TypK0_Mag7.96,"hms_tuple(h=13.0, m=22.0, s=26.294349960309233)","dms_tuple(d=-0.0, m=-5.0, s=-55.832112656030084)",200.60956,13.373971,-0.098842
65033,116175,,13.368959,-12.579544,313.4796,-33.0,6.88,-0.601,K5III,1.61,Vir,151.496,123,260.4238489413245,HD116175_TypK5_Mag6.88,"hms_tuple(h=13.0, m=22.0, s=27.26784491379661)","dms_tuple(d=-12.0, m=-36.0, s=-38.21281849972365)",200.613616,13.374241,-12.610615
65039,116287,,13.370855,30.291938,235.8491,-3.9,6.8,-0.063,K2III,1.357,CVn,92.3,116,242.67587595584382,HD116287_TypK2_Mag6.8,"hms_tuple(h=13.0, m=22.0, s=36.5621475770584)","dms_tuple(d=30.0, m=15.0, s=38.970785297435384)",200.652342,13.376823,30.260825
65049,116288,,13.373879,20.696814,367.6471,0.0,7.29,-0.537,K0,1.382,Com,142.824,169,373.9239290957076,HD116288_TypK0_Mag7.29,"hms_tuple(h=13.0, m=22.0, s=45.79726070934129)","dms_tuple(d=20.0, m=39.0, s=56.563122378427124)",200.690822,13.379388,20.665712
65059,116249,,13.375263,-6.202152,62.8931,0.0,6.63,2.637,K0,0.692,Vir,7.677,102,208.87503841075554,HD116249_TypK0_Mag6.63,"hms_tuple(h=13.0, m=22.0, s=49.6138791504886)","dms_tuple(d=-6.0, m=-13.0, s=-59.62312320707788)",200.706724,13.380448,-6.233229
65094,116364,,13.383308,15.250584,469.4836,-44.0,7.57,-0.788,K0,1.254,Com,179.97,209,478.71030262103807,HD116364_TypK0_Mag7.57,"hms_tuple(h=13.0, m=23.0, s=19.140014082406225)","dms_tuple(d=15.0, m=13.0, s=10.154866532310507)",200.82975,13.38865,15.219487
65095,116292,,13.383643,-17.735274,93.8086,-27.0,5.36,0.499,K0III,0.987,Vir,55.005,38,68.11644175517128,HD116292_TypK0_Mag5.36,"hms_tuple(h=13.0, m=23.0, s=20.600834932374994)","dms_tuple(d=-17.0, m=-45.0, s=-58.822657549534085)",200.835837,13.389056,-17.76634
65117,116365,,13.388582,-4.924427,381.6794,10.0,5.88,-2.028,K3III,1.431,Vir,563.897,57,107.77149594601158,HD116365_TypK3_Mag5.88,"hms_tuple(h=13.0, m=23.0, s=37.5215461491554)","dms_tuple(d=-4.0, m=-57.0, s=-19.81735193870435)",200.90634,13.393756,-4.955505
65120,116531,,13.38904,46.122629,260.4167,0.0,7.67,0.592,K0,1.126,CVn,50.489,226,522.866067770482,HD116531_TypK0_Mag7.67,"hms_tuple(h=13.0, m=23.0, s=47.301739947046855)","dms_tuple(d=46.0, m=5.0, s=29.372852582105224)",200.947091,13.396473,46.091492
65124,116494,,13.390176,39.429637,134.5895,0.0,7.49,1.845,K0III,0.74,CVn,15.922,197,446.0860343240754,HD116494_TypK0_Mag7.49,"hms_tuple(h=13.0, m=23.0, s=48.64747863401007)","dms_tuple(d=39.0, m=23.0, s=54.64249848743748)",200.952698,13.396847,39.398512
65128,116441,,13.390562,17.296338,133.6898,0.0,7.47,1.84,K0,1.16,Com,15.996,194,438.2834686761904,HD116441_TypK0_Mag7.47,"hms_tuple(h=13.0, m=23.0, s=45.455523224397325)","dms_tuple(d=17.0, m=15.0, s=54.86199045606526)",200.939398,13.39596,17.265239
65160,116515,,13.39632,25.547921,307.6923,-6.0,7.39,-0.051,K0,1.024,Com,91.285,182,408.41430272357115,HD116515_TypK0_Mag7.39,"hms_tuple(h=13.0, m=24.0, s=7.314402821076129)","dms_tuple(d=25.0, m=31.0, s=0.5295125102898623)",201.030477,13.402032,25.516814
65175,116429,,13.39919,-20.924587,156.0062,0.0,6.44,0.474,K1/K2III/IV,1.101,Vir,56.286,88,176.63751357336122,HD116429_TypK1_Mag6.44,"hms_tuple(h=13.0, m=24.0, s=16.955042685643065)","dms_tuple(d=-20.0, m=-57.0, s=-20.337707987961835)",201.070646,13.40471,-20.955649
65186,116501,,13.402068,-4.536558,284.9003,0.0,7.73,0.457,K0,0.914,Vir,57.174,236,551.2912113423957,HD116501_TypK0_Mag7.73,"hms_tuple(h=13.0, m=24.0, s=26.060645933553985)","dms_tuple(d=-4.0, m=-34.0, s=-3.490232194914711)",201.108586,13.407239,-4.567636
65194,116481,,13.404152,-25.128831,213.2196,0.0,7.54,0.896,K3III,1.296,Hya,38.159,204,466.20558189854603,HD116481_TypK3_Mag7.54,"hms_tuple(h=13.0, m=24.0, s=35.44903731609551)","dms_tuple(d=-25.0, m=-9.0, s=-35.59981816999084)",201.147704,13.409847,-25.159889
65203,116448,,13.406403,-38.033409,621.118,27.8,7.14,-1.826,K3III,1.47,Cen,468.166,151,327.5719697549974,HD116448_TypK3_Mag7.14,"hms_tuple(h=13.0, m=24.0, s=46.62035199825269)","dms_tuple(d=-38.0, m=-3.0, s=-52.021758937753475)",201.194251,13.41295,-38.06445
65208,116545,,13.40724,-4.308977,120.3369,0.0,6.82,1.418,K0,1.08,Vir,23.594,118,246.99612663521023,HD116545_TypK0_Mag6.82,"hms_tuple(h=13.0, m=24.0, s=44.67408731990389)","dms_tuple(d=-4.0, m=-20.0, s=-24.19938272954525)",201.186142,13.412409,-4.340055
65211,116594,,13.408481,12.431832,190.8397,-6.0,6.44,0.037,K0III,1.062,Vir,84.178,88,176.63751357336122,HD116594_TypK0_Mag6.44,"hms_tuple(h=13.0, m=24.0, s=49.53160194363576)","dms_tuple(d=12.0, m=24.0, s=2.6574669977419774)",201.206382,13.413759,12.400738
65229,116855,,13.411134,66.164909,699.3007,0.0,7.75,-1.473,K0,1.521,Dra,338.221,240,561.1056035680328,HD116855_TypK0_Mag7.75,"hms_tuple(h=13.0, m=25.0, s=25.946424721305306)","dms_tuple(d=66.0, m=8.0, s=1.3514596479080865)",201.35811,13.423874,66.133709
65235,116535,,13.411762,-32.669302,223.7136,0.0,7.95,1.202,K0III,1.124,Cen,28.787,280,669.391162362906,HD116535_TypK0_Mag7.95,"hms_tuple(h=13.0, m=25.0, s=4.394964538206381)","dms_tuple(d=-32.0, m=-42.0, s=-1.2630599310358548)",201.268312,13.417887,-32.700351
65236,116621,,13.411829,4.402078,100000.0,0.0,7.66,-12.34,K5,1.467,Vir,7516228.94,224,518.2731261472211,HD116621_TypK5_Mag7.66,"hms_tuple(h=13.0, m=25.0, s=1.1952526672196484)","dms_tuple(d=4.0, m=22.0, s=15.5700074118797)",201.25498,13.416999,4.370992
65241,116610,,13.413405,-6.840335,628.9308,0.0,7.96,-1.033,K2,1.499,Vir,225.528,282,675.323313533301,HD116610_TypK2_Mag7.96,"hms_tuple(h=13.0, m=25.0, s=6.948976664889983)","dms_tuple(d=-6.0, m=-52.0, s=-17.079803629555386)",201.278954,13.418597,-6.871411
65277,116695,,13.421173,0.849736,232.5581,0.0,7.26,0.427,K0,1.035,Vir,58.776,165,364.156405231697,HD116695_TypK0_Mag7.26,"hms_tuple(h=13.0, m=25.0, s=34.781416708820956)","dms_tuple(d=0.0, m=49.0, s=7.150479621031849)",201.394923,13.426328,0.818653
65303,116784,,13.427792,15.564062,145.7726,0.0,6.83,1.012,K0,1.242,Com,34.293,119,249.18500877779775,HD116784_TypK0_Mag6.83,"hms_tuple(h=13.0, m=25.0, s=59.31137090286356)","dms_tuple(d=15.0, m=31.0, s=58.67456124185267)",201.497131,13.433142,15.532965
65306,117113,,13.428856,72.273273,243.9024,0.0,7.23,0.294,K0,1.026,UMi,66.435,161,354.6440255695144,HD117113_TypK0_Mag7.23,"hms_tuple(h=13.0, m=26.0, s=44.724128158812846)","dms_tuple(d=72.0, m=14.0, s=31.299907917091332)",201.686351,13.445757,72.242028
65322,116711,,13.432791,-35.075839,317.4603,0.0,6.82,-0.688,K5/M0III,1.627,Cen,164.135,118,246.99612663521023,HD116711_TypK5_Mag6.82,"hms_tuple(h=13.0, m=26.0, s=20.730847474671208)","dms_tuple(d=-35.0, m=-6.0, s=-24.784804324729635)",201.586379,13.439092,-35.106885
65326,116768,,13.435072,-16.858488,138.3126,0.0,6.56,0.856,K0III,1.16,Vir,39.591,97,196.3650370330839,HD116768_TypK0_Mag6.56,"hms_tuple(h=13.0, m=26.0, s=25.652419006801495)","dms_tuple(d=-16.0, m=-53.0, s=-22.39621149892031)",201.606885,13.440459,-16.889555
65329,116713,,13.435483,-39.755107,62.3441,67.0,5.11,1.136,Kp...,1.181,Cen,30.591,32,54.63333886606128,HD116713_TypKp_Mag5.11,"hms_tuple(h=13.0, m=26.0, s=31.88742292682548)","dms_tuple(d=-39.0, m=-47.0, s=-10.125231981099887)",201.632864,13.442191,-39.786146
65334,116817,,13.435741,-3.661106,202.0202,0.0,7.06,0.533,K0,0.979,Vir,53.309,142,305.2478297284723,HD116817_TypK0_Mag7.06,"hms_tuple(h=13.0, m=26.0, s=27.262918608505657)","dms_tuple(d=-3.0, m=-41.0, s=-31.865916933944334)",201.613595,13.440906,-3.692185
65344,116957,,13.437943,46.028055,126.2626,4.0,5.88,0.374,K0III:,0.985,CVn,61.716,57,107.77149594601158,HD116957_TypK0_Mag5.88,"hms_tuple(h=13.0, m=26.0, s=43.306772131087854)","dms_tuple(d=45.0, m=59.0, s=48.90709605697964)",201.680445,13.445363,45.996919
65349,116868,,13.440433,5.708728,222.7171,0.0,7.33,0.591,K0,1.075,Vir,50.536,174,387.3560399526628,HD116868_TypK0_Mag7.33,"hms_tuple(h=13.0, m=26.0, s=44.20700577390605)","dms_tuple(d=5.0, m=40.0, s=39.505690932792845)",201.684196,13.445613,5.67764
65351,116788,,13.440678,-34.010052,56.1798,0.0,6.87,3.122,K1III,0.944,Cen,4.911,123,258.1362429763933,HD116788_TypK1_Mag6.87,"hms_tuple(h=13.0, m=26.0, s=48.83509556151054)","dms_tuple(d=-34.0, m=-2.0, s=-27.95675771069625)",201.70348,13.446899,-34.041099
65354,116772,,13.441817,-41.849994,294.1176,0.0,7.65,0.307,K4III,1.334,Cen,65.645,222,513.7205296793568,HD116772_TypK4_Mag7.65,"hms_tuple(h=13.0, m=26.0, s=55.46519434907054)","dms_tuple(d=-41.0, m=-52.0, s=-51.70643205717795)",201.731105,13.44874,-41.88103
65374,116870,,13.445325,-12.707664,134.9528,-29.0,5.27,-0.381,K5III,1.477,Vir,123.709,36,62.91671476098047,HD116870_TypK5_Mag5.27,"hms_tuple(h=13.0, m=27.0, s=2.1950100346973045)","dms_tuple(d=-12.0, m=-44.0, s=-19.44437728230909)",201.759146,13.45061,-12.738735
65384,117156,,13.448576,63.007874,366.3004,0.0,7.93,0.111,K0,1.223,UMa,78.632,275,657.682729265769,HD117156_TypK0_Mag7.93,"hms_tuple(h=13.0, m=27.0, s=35.7157324346889)","dms_tuple(d=62.0, m=58.0, s=36.08172546016533)",201.898816,13.459921,62.976689
65386,116835,,13.448922,-41.497562,598.8024,-24.0,5.69,-3.196,K3III,1.477,Cen,1653.484,50,91.1381715250705,HD116835_TypK3_Mag5.69,"hms_tuple(h=13.0, m=27.0, s=20.906950103646267)","dms_tuple(d=-41.0, m=-31.0, s=-42.95330473589672)",201.837112,13.455807,-41.528598
65407,116928,,13.453004,-17.928954,217.8649,0.0,7.2,0.509,K0III,1.062,Vir,54.5,158,345.3801253121633,HD116928_TypK0_Mag7.2,"hms_tuple(h=13.0, m=27.0, s=30.321675108779118)","dms_tuple(d=-17.0, m=-57.0, s=-36.069956725932)",201.87634,13.458423,-17.960019
65416,116961,,13.4544,-13.310483,289.0173,2.4,7.76,0.455,K0III,1.057,Vir,57.28,242,566.0781270342421,HD116961_TypK0_Mag7.76,"hms_tuple(h=13.0, m=27.0, s=34.91142658789414)","dms_tuple(d=-13.0, m=-20.0, s=-29.590695229782682)",201.895464,13.459698,-13.341553
65432,116976,,13.457546,-15.973578,85.9107,-12.4,4.76,0.09,K1IIICN...,1.096,Vir,80.168,24,40.11860728562187,HD116976_TypK1_Mag4.76,"hms_tuple(h=13.0, m=27.0, s=46.470597147226584)","dms_tuple(d=-16.0, m=-0.0, s=-16.723365095710108)",201.943627,13.462908,-16.004645
65475,117033,,13.467189,-26.402235,429.1845,0.0,6.49,-1.673,K5III,1.608,Hya,406.631,92,184.60428810635165,HD117033_TypK5_Mag6.49,"hms_tuple(h=13.0, m=28.0, s=22.60367462319593)","dms_tuple(d=-26.0, m=-25.0, s=-59.84906841820816)",202.094182,13.472945,-26.433291
65477,117448,,13.467789,70.126119,187.9699,-28.0,7.26,0.89,K0,1.057,UMi,38.371,165,364.156405231697,HD117448_TypK0_Mag7.26,"hms_tuple(h=13.0, m=28.0, s=58.54484036050465)","dms_tuple(d=70.0, m=5.0, s=41.61327281775016)",202.243937,13.482929,70.094893
65482,116992,,13.468132,-45.069149,348.4321,0.0,7.24,-0.471,K1/K2III:,1.281,Cen,134.4,163,357.7868844682338,HD116992_TypK1_Mag7.24,"hms_tuple(h=13.0, m=28.0, s=31.564382003629703)","dms_tuple(d=-45.0, m=-6.0, s=-0.6443636584231172)",202.131518,13.475435,-45.100179
65484,116991,,13.468264,-43.768644,256.4103,0.0,7.2,0.155,K1III,1.08,Cen,75.509,158,345.3801253121633,HD116991_TypK1_Mag7.2,"hms_tuple(h=13.0, m=28.0, s=31.46063765644314)","dms_tuple(d=-43.0, m=-47.0, s=-58.834730518903484)",202.131086,13.475406,-43.799676
65490,117114,,13.469358,9.461116,490.1961,0.0,7.6,-0.852,K0,1.17,Vir,190.897,214,491.5504291096121,HD117114_TypK0_Mag7.6,"hms_tuple(h=13.0, m=28.0, s=28.499725112437773)","dms_tuple(d=9.0, m=25.0, s=48.08996964109937)",202.118749,13.474583,9.430025
65493,117083,,13.470463,-22.400493,136.4256,0.0,7.43,1.756,K1III,1.24,Vir,17.282,188,423.08537820947436,HD117083_TypK1_Mag7.43,"hms_tuple(h=13.0, m=28.0, s=33.74253293845342)","dms_tuple(d=-22.0, m=-25.0, s=-53.59370386813822)",202.140594,13.47604,-22.431554
65502,117203,,13.471876,31.149233,313.4796,-5.1,6.94,-0.541,K2,1.386,CVn,143.351,129,274.581557295345,HD117203_TypK2_Mag6.94,"hms_tuple(h=13.0, m=28.0, s=40.42939060191671)","dms_tuple(d=31.0, m=7.0, s=5.228985050446795)",202.168456,13.477897,31.118119
65565,117231,,13.484101,-5.955496,181.1594,0.0,7.09,0.8,K0,0.929,Vir,41.687,145,313.4352882448582,HD117231_TypK0_Mag7.09,"hms_tuple(h=13.0, m=29.0, s=21.422078960950444)","dms_tuple(d=-5.0, m=-59.0, s=-11.66234100808623)",202.339259,13.489284,-5.986573
65567,117417,,13.484246,56.233228,264.5503,0.0,7.53,0.417,K0III,0.973,UMa,59.32,203,462.11035531169057,HD117417_TypK0_Mag7.53,"hms_tuple(h=13.0, m=29.0, s=36.64508518937723)","dms_tuple(d=56.0, m=12.0, s=7.443786464365871)",202.402688,13.493513,56.202068
65583,117304,,13.486945,10.81831,98.2318,-1.0,5.65,0.689,K0III,1.052,Vir,46.174,48,87.97782833441168,HD117304_TypK0_Mag5.65,"hms_tuple(h=13.0, m=29.0, s=31.892536663615658)","dms_tuple(d=10.0, m=47.0, s=13.98377913618802)",202.382886,13.492192,10.787218
65584,117285,,13.487116,3.871421,507.6142,0.0,7.22,-1.308,K2,1.499,Vir,290.536,160,351.52877406079745,HD117285_TypK2_Mag7.22,"hms_tuple(h=13.0, m=29.0, s=32.21608405121742)","dms_tuple(d=3.0, m=50.0, s=25.206555873876937)",202.384234,13.492282,3.840335
65589,117267,,13.487477,-1.364428,154.0832,39.0,6.42,0.481,K0III,1.122,Vir,55.924,87,173.54791719623321,HD117267_TypK0_Mag6.42,"hms_tuple(h=13.0, m=29.0, s=33.479427875241754)","dms_tuple(d=-1.0, m=-23.0, s=-43.832661290691135)",202.389498,13.492633,-1.395509
65595,117449,,13.488299,53.177581,209.205,0.0,7.44,0.837,K0,1.033,UMa,40.29,189,426.83476505925523,HD117449_TypK0_Mag7.44,"hms_tuple(h=13.0, m=29.0, s=48.81604373768255)","dms_tuple(d=53.0, m=8.0, s=47.14459442640589)",202.4534,13.496893,53.146429
65606,117246,,13.491449,-18.729113,348.4321,19.3,6.88,-0.831,K2/K3IIICNp,1.403,Vir,187.241,123,260.4238489413245,HD117246_TypK2_Mag6.88,"hms_tuple(h=13.0, m=29.0, s=48.81430032876452)","dms_tuple(d=-18.0, m=-45.0, s=-36.63944484899986)",202.453393,13.496893,-18.760178
65621,117814,,13.494355,74.880691,403.2258,0.0,7.54,-0.488,K0,1.21,UMi,136.521,204,466.20558189854603,HD117814_TypK0_Mag7.54,"hms_tuple(h=13.0, m=30.0, s=50.67978931713313)","dms_tuple(d=74.0, m=50.0, s=57.89752113226427)",202.711166,13.514078,74.849416
65624,117226,,13.494983,-46.183614,531.9149,0.0,7.3,-1.329,K5/M0III+..,1.619,Cen,296.21,170,377.23764669214916,HD117226_TypK5_Mag7.3,"hms_tuple(h=13.0, m=30.0, s=8.75648192833225)","dms_tuple(d=-46.0, m=-12.0, s=-52.710884685216115)",202.536485,13.502432,-46.214642
65648,117405,,13.499344,6.013533,145.1379,-19.0,6.51,0.701,K0,0.956,Vir,45.667,93,187.8907161370077,HD117405_TypK0_Mag6.51,"hms_tuple(h=13.0, m=30.0, s=16.296738048989567)","dms_tuple(d=5.0, m=58.0, s=56.802681366739876)",202.567903,13.504527,5.982445
65655,117404,,13.500022,7.178853,325.7329,-3.0,6.18,-1.384,K5,1.471,Vir,311.602,72,140.42905193202526,HD117404_TypK5_Mag6.18,"hms_tuple(h=13.0, m=30.0, s=18.781264523919106)","dms_tuple(d=7.0, m=8.0, s=51.95081072963113)",202.578255,13.505217,7.147764
65658,117350,,13.500175,-20.312454,232.0186,0.0,7.54,0.712,K0III,1.106,Vir,45.206,204,466.20558189854603,HD117350_TypK0_Mag7.54,"hms_tuple(h=13.0, m=30.0, s=20.421195764956934)","dms_tuple(d=-20.0, m=-20.0, s=-36.66119956734235)",202.585088,13.505673,-20.343517
65659,117434,,13.500328,19.062112,88.4173,-5.0,7.23,2.497,K0,1.022,Com,8.734,161,354.6440255695144,HD117434_TypK0_Mag7.23,"hms_tuple(h=13.0, m=30.0, s=20.810435273869388)","dms_tuple(d=19.0, m=1.0, s=51.64197971835961)",202.58671,13.505781,19.031012
65679,117466,,13.506278,7.415131,228.833,0.0,7.63,0.832,K0,0.9,Vir,40.476,219,504.73495772895257,HD117466_TypK0_Mag7.63,"hms_tuple(h=13.0, m=30.0, s=41.31270030123346)","dms_tuple(d=7.0, m=23.0, s=2.5508236218713165)",202.672136,13.511476,7.384042
65702,117498,,13.510869,9.316814,226.2443,0.0,6.88,0.107,K0...,1.036,Vir,78.922,123,260.4238489413245,HD117498_TypK0_Mag6.88,"hms_tuple(h=13.0, m=30.0, s=57.93151944084656)","dms_tuple(d=9.0, m=17.0, s=8.603255507238146)",202.741381,13.516092,9.285723
65709,117452,,13.513939,-27.611301,709.2199,0.0,7.87,-1.384,K1III,1.236,Hya,311.602,263,623.771929275639,HD117452_TypK1_Mag7.87,"hms_tuple(h=13.0, m=31.0, s=11.128073673274628)","dms_tuple(d=-27.0, m=-38.0, s=-32.48167248490262)",202.796367,13.519758,-27.642356
65711,117515,,13.514286,-3.049831,126.9036,0.0,6.91,1.393,K0,1.03,Vir,24.143,126,267.409023780344,HD117515_TypK0_Mag6.91,"hms_tuple(h=13.0, m=31.0, s=10.013182468759538)","dms_tuple(d=-3.0, m=-4.0, s=-51.27792772131951)",202.791722,13.519448,-3.080911
65742,117710,,13.521052,42.106153,80.3859,-20.0,6.07,1.544,K2III,1.075,CVn,21.009,66,127.44051305929695,HD117710_TypK2_Mag6.07,"hms_tuple(h=13.0, m=31.0, s=40.7872354958856)","dms_tuple(d=42.0, m=4.0, s=30.084808065911375)",202.919947,13.527996,42.075024
65747,117483,,13.522919,-42.464751,144.9275,0.0,6.56,0.754,K0III,0.962,Cen,43.491,97,196.3650370330839,HD117483_TypK0_Mag6.56,"hms_tuple(h=13.0, m=31.0, s=47.67596656844205)","dms_tuple(d=-42.0, m=-29.0, s=-44.827961274655195)",202.94865,13.52991,-42.495786
65755,117521,,13.524804,-41.585342,247.5248,0.0,7.54,0.572,K0III,1.061,Cen,51.428,204,466.20558189854603,HD117521_TypK0_Mag7.54,"hms_tuple(h=13.0, m=31.0, s=54.11585713430412)","dms_tuple(d=-41.0, m=-36.0, s=-58.96079061598357)",202.975483,13.531699,-41.616378
65765,118018,,13.526309,71.793649,393.7008,0.0,7.76,-0.216,K2,1.344,UMi,106.267,242,566.0781270342421,HD118018_TypK2_Mag7.76,"hms_tuple(h=13.0, m=32.0, s=34.007151130361564)","dms_tuple(d=71.0, m=45.0, s=44.66997904746677)",203.141696,13.54278,71.762408
65767,117728,,13.526672,37.11387,185.8736,0.0,7.68,1.334,K0,1.07,CVn,25.492,227,527.4997120883073,HD117728_TypK0_Mag7.68,"hms_tuple(h=13.0, m=31.0, s=59.28007694756957)","dms_tuple(d=37.0, m=4.0, s=57.89360881631808)",202.997,13.533133,37.082748
65775,117696,,13.528348,18.966246,246.3054,0.0,7.87,0.913,K0,1.12,Com,37.566,263,623.771929275639,HD117696_TypK0_Mag7.87,"hms_tuple(h=13.0, m=32.0, s=1.6711403261008684)","dms_tuple(d=18.0, m=56.0, s=6.524731152220795)",203.006963,13.533798,18.935146
65781,117582,,13.529993,-31.05533,229.3578,0.0,7.47,0.667,K0III,1.097,Cen,47.119,194,438.2834686761904,HD117582_TypK0_Mag7.47,"hms_tuple(h=13.0, m=32.0, s=9.643348058920083)","dms_tuple(d=-31.0, m=-5.0, s=-10.97120027450984)",203.040181,13.536012,-31.086381
65784,117730,,13.53042,26.600967,349.6503,0.0,7.65,-0.068,K5,1.55,Com,92.726,222,513.7205296793568,HD117730_TypK5_Mag7.65,"hms_tuple(h=13.0, m=32.0, s=10.259918376697925)","dms_tuple(d=26.0, m=34.0, s=11.490836133527296)",203.04275,13.536183,26.569859
65791,117636,,13.531168,-6.014758,213.2196,0.0,7.86,1.216,K2,1.194,Vir,28.418,261,618.2926139519136,HD117636_TypK2_Mag7.86,"hms_tuple(h=13.0, m=32.0, s=10.865312973474346)","dms_tuple(d=-6.0, m=-2.0, s=-45.00534459033531)",203.045272,13.536351,-6.045835
65810,117597,,13.534836,-38.398844,97.9432,4.0,6.14,1.185,K1III,1.031,Cen,29.242,70,135.5594787266646,HD117597_TypK1_Mag6.14,"hms_tuple(h=13.0, m=32.0, s=29.097947672866127)","dms_tuple(d=-38.0, m=-25.0, s=-47.58581671991635)",203.121241,13.541416,-38.429885
65824,117762,,13.538203,6.353635,146.8429,0.0,7.9,2.066,K0,0.824,Vir,12.99,269,640.5029468202126,HD117762_TypK0_Mag7.9,"hms_tuple(h=13.0, m=32.0, s=36.20108073687291)","dms_tuple(d=6.0, m=19.0, s=21.168753558838063)",203.150838,13.543389,6.322547
65836,117680,,13.540173,-32.057891,546.4481,0.0,7.71,-0.978,K3III,1.492,Cen,214.388,233,541.648484297334,HD117680_TypK3_Mag7.71,"hms_tuple(h=13.0, m=32.0, s=46.525760851738625)","dms_tuple(d=-32.0, m=-5.0, s=-20.18627102809205)",203.193857,13.546257,-32.088941
65840,117933,,13.541731,53.961938,293.2551,0.0,7.94,0.604,K0,0.989,UMa,49.934,277,663.5111201850515,HD117933_TypK0_Mag7.94,"hms_tuple(h=13.0, m=33.0, s=1.7498164106439162)","dms_tuple(d=53.0, m=55.0, s=50.82251358244605)",203.257291,13.550486,53.930784
65874,117893,,13.546648,30.748303,196.8504,-13.1,7.5,1.029,K0,1.06,CVn,33.76,198,450.03925321819855,HD117893_TypK0_Mag7.5,"hms_tuple(h=13.0, m=33.0, s=9.51793968504873)","dms_tuple(d=30.0, m=43.0, s=1.8827707134090588)",203.289658,13.552644,30.71719
65879,117735,,13.547283,-36.853799,193.7984,0.0,7.07,0.633,K2III,1.258,Cen,48.618,143,307.9529390460096,HD117735_TypK2_Mag7.07,"hms_tuple(h=13.0, m=33.0, s=13.41924624458926)","dms_tuple(d=-36.0, m=-53.0, s=-5.431898820581864)",203.305914,13.553728,-36.884842
65882,117789,,13.547679,-15.363012,157.7287,-40.0,5.52,-0.47,K1III,1.228,Vir,134.276,43,78.44409339414062,HD117789_TypK1_Mag5.52,"hms_tuple(h=13.0, m=33.0, s=10.891659846071349)","dms_tuple(d=-15.0, m=-23.0, s=-38.68792466794176)",203.295382,13.553025,-15.39408
65888,117832,,13.549221,-2.424262,206.6116,0.0,7.25,0.674,K0,1.008,Vir,46.817,164,360.95759541392204,HD117832_TypK0_Mag7.25,"hms_tuple(h=13.0, m=33.0, s=15.769374638355487)","dms_tuple(d=-2.0, m=-27.0, s=-19.23158314280677)",203.315706,13.55438,-2.455342
65889,117818,,13.549465,-10.165,72.0981,-1.0,5.21,0.92,K0III,0.964,Vir,37.325,34,59.67266404266916,HD117818_TypK0_Mag5.21,"hms_tuple(h=13.0, m=33.0, s=16.92847728031282)","dms_tuple(d=-10.0, m=-11.0, s=-45.86265669811823)",203.320535,13.554702,-10.196073
65907,118019,,13.553651,47.758733,168.3502,0.0,7.47,1.339,K0,1.061,CVn,25.375,194,438.2834686761904,HD118019_TypK0_Mag7.47,"hms_tuple(h=13.0, m=33.0, s=40.73084029203116)","dms_tuple(d=47.0, m=43.0, s=39.33575744419329)",203.419712,13.561314,47.727593
65919,117981,,13.556275,33.657661,205.3388,-2.8,6.68,0.118,K2III,1.186,CVn,78.127,106,218.29580245415895,HD117981_TypK2_Mag6.68,"hms_tuple(h=13.0, m=33.0, s=44.87594911783191)","dms_tuple(d=33.0, m=37.0, s=35.55825387339155)",203.436983,13.562466,33.626544
65938,117936,,13.559001,8.586764,19.0694,0.0,7.98,6.578,K0,1.026,Vir,0.204,286,687.3457941057625,HD117936_TypK0_Mag7.98,"hms_tuple(h=13.0, m=33.0, s=51.169149803534424)","dms_tuple(d=8.0, m=33.0, s=20.42570759912337)",203.463205,13.564214,8.555674
65956,118202,,13.562736,60.262009,199.6008,0.0,7.03,0.529,K0,1.049,UMa,53.506,138,297.27424144135534,HD118202_TypK0_Mag7.03,"hms_tuple(h=13.0, m=34.0, s=23.224187335786297)","dms_tuple(d=60.0, m=13.0, s=51.00760978161645)",203.596767,13.573118,60.230835
66001,117927,,13.570923,-34.387566,150.1502,0.0,7.55,1.667,K0III,1.067,Cen,18.759,206,470.3371004243402,HD117927_TypK0_Mag7.55,"hms_tuple(h=13.0, m=34.0, s=37.81771070499914)","dms_tuple(d=-34.0, m=-25.0, s=-7.005347386893845)",203.657574,13.577172,-34.418613
66002,118036,,13.571183,-0.313777,26.5604,-2.2,7.37,5.249,K4III,1.521,Vir,0.692,180,401.2706596517492,HD118036_TypK4_Mag7.37,"hms_tuple(h=13.0, m=34.0, s=34.81585848418035)","dms_tuple(d=-0.0, m=-20.0, s=-41.49250620216577)",203.645066,13.576338,-0.344859
66011,118068,,13.572472,14.111039,185.1852,0.0,7.24,0.902,K0,1.114,Vir,37.949,163,357.7868844682338,HD118068_TypK0_Mag7.24,"hms_tuple(h=13.0, m=34.0, s=40.03068545253953)","dms_tuple(d=14.0, m=4.0, s=47.79685735955027)",203.666795,13.577786,14.079944
66041,118686,,13.578555,76.54671,229.3578,-14.0,6.46,-0.343,K5III:,1.573,Cam,119.454,90,179.78211266056408,HD118686_TypK5_Mag6.46,"hms_tuple(h=13.0, m=36.0, s=2.3782192064552987)","dms_tuple(d=76.0, m=30.0, s=55.47632343168516)",204.009909,13.600661,76.51541
66044,118010,,13.578773,-33.310854,184.8429,-9.0,6.46,0.126,K2III,1.25,Cen,77.553,90,179.78211266056408,HD118010_TypK2_Mag6.46,"hms_tuple(h=13.0, m=35.0, s=5.795632061686717)","dms_tuple(d=-33.0, m=-20.0, s=-30.847268529390703)",203.774148,13.584943,-33.341902
66046,118128,,13.578993,4.911314,294.1176,0.0,7.93,0.587,K2,1.236,Vir,50.722,275,657.682729265769,HD118128_TypK2_Mag7.93,"hms_tuple(h=13.0, m=35.0, s=2.9990405819440014)","dms_tuple(d=4.0, m=52.0, s=48.81792720439762)",203.762496,13.584166,4.880227
66065,118180,,13.583808,12.513958,143.2665,0.0,6.56,0.779,K0,1.047,Vir,42.501,97,196.3650370330839,HD118180_TypK0_Mag6.56,"hms_tuple(h=13.0, m=35.0, s=20.714811512559095)","dms_tuple(d=12.0, m=28.0, s=58.310784685420174)",203.836312,13.589087,12.482864
66076,118234,,13.585591,20.781883,184.5018,-19.2,7.82,1.49,K0,1.08,Com,22.08,253,596.8524553483364,HD118234_TypK0_Mag7.82,"hms_tuple(h=13.0, m=35.0, s=27.971595590711473)","dms_tuple(d=20.0, m=45.0, s=2.8112036723697997)",203.866548,13.591103,20.750781
66093,118288,,13.588431,36.3848,349.6503,0.0,7.94,0.222,K0,1.103,CVn,70.99,277,663.5111201850515,HD118288_TypK0_Mag7.94,"hms_tuple(h=13.0, m=35.0, s=41.39274847105625)","dms_tuple(d=36.0, m=21.0, s=13.245328383231367)",203.92247,13.594831,36.353679
66104,118296,,13.591241,34.97749,537.6344,0.0,7.9,-0.752,K0III,0.998,CVn,174.1,269,640.5029468202126,HD118296_TypK0_Mag7.9,"hms_tuple(h=13.0, m=35.0, s=51.10635107512138)","dms_tuple(d=34.0, m=56.0, s=46.93631565035844)",203.962943,13.59753,34.946371
66116,118266,,13.592618,10.204962,120.4819,33.0,6.48,1.075,K1III+...,1.043,Vir,32.359,91,182.98269364662428,HD118266_TypK1_Mag6.48,"hms_tuple(h=13.0, m=35.0, s=52.277964694190615)","dms_tuple(d=10.0, m=10.0, s=25.933058506808493)",203.967825,13.597855,10.17387
66170,118575,,13.609333,52.687515,189.7533,0.0,6.93,0.539,K5,1.549,UMa,53.015,128,272.1695876893252,HD118575_TypK5_Mag6.93,"hms_tuple(h=13.0, m=37.0, s=4.190481739638159)","dms_tuple(d=52.0, m=39.0, s=22.91140985138952)",204.26746,13.617831,52.656364
66171,118253,,13.609814,-47.299411,90.8265,0.0,7.58,2.789,K0/K1III,0.875,Cen,6.674,211,482.9526381068404,HD118253_TypK0_Mag7.58,"hms_tuple(h=13.0, m=37.0, s=2.709528098062748)","dms_tuple(d=-47.0, m=-19.0, s=-49.57228632660019)",204.26129,13.617419,-47.330437
66172,118557,,13.610092,51.294383,217.3913,0.0,7.39,0.704,K0,0.993,UMa,45.541,182,408.41430272357115,HD118557_TypK0_Mag7.39,"hms_tuple(h=13.0, m=37.0, s=5.986701153824754)","dms_tuple(d=51.0, m=15.0, s=47.64823976974526)",204.274945,13.61833,51.263236
66175,118536,,13.611082,49.486648,156.25,-10.0,6.48,0.511,K1III,1.175,UMa,54.4,91,182.98269364662428,HD118536_TypK1_Mag6.48,"hms_tuple(h=13.0, m=37.0, s=8.442330024579121)","dms_tuple(d=49.0, m=27.0, s=19.816805592644755)",204.285176,13.619012,49.455505
66183,119197,,13.612726,79.353807,327.8689,0.0,7.47,-0.109,K5,1.42,UMi,96.294,194,438.2834686761904,HD119197_TypK5_Mag7.47,"hms_tuple(h=13.0, m=38.0, s=25.968599314692824)","dms_tuple(d=79.0, m=19.0, s=20.81262878246889)",204.608202,13.640547,79.322448
66195,118319,,13.614048,-34.467839,131.9261,22.0,6.48,0.878,K0III,1.026,Cen,38.797,91,182.98269364662428,HD118319_TypK0_Mag6.48,"hms_tuple(h=13.0, m=37.0, s=13.089348057126244)","dms_tuple(d=-34.0, m=-29.0, s=-55.987760343095374)",204.304539,13.620303,-34.498885
66221,118337,,13.619053,-42.781293,467.2897,0.0,7.41,-0.938,K5III,1.568,Cen,206.633,185,415.6851208955647,HD118337_TypK5_Mag7.41,"hms_tuple(h=13.0, m=37.0, s=33.88679280318698)","dms_tuple(d=-42.0, m=-48.0, s=-44.37724292963992)",204.391195,13.62608,-42.812327
66225,118904,,13.619731,71.242252,126.1034,15.0,5.5,-0.004,K2III,1.219,UMi,87.418,43,77.07201459924187,HD118904_TypK2_Mag5.5,"hms_tuple(h=13.0, m=38.0, s=8.64635162943415)","dms_tuple(d=71.0, m=12.0, s=39.65871034607062)",204.536026,13.635735,71.211016
66230,118668,,13.620204,52.593054,303.0303,0.0,6.73,-0.677,K5,1.497,UMa,162.48,110,228.14146549859603,HD118668_TypK5_Mag6.73,"hms_tuple(h=13.0, m=37.0, s=43.26016464438027)","dms_tuple(d=52.0, m=33.0, s=42.85264955654327)",204.430251,13.628683,52.561904
66235,118415,,13.621038,-28.692433,232.0186,0.0,7.78,0.952,K1III,1.165,Hya,36.241,245,576.1557641428401,HD118415_TypK1_Mag7.78,"hms_tuple(h=13.0, m=37.0, s=36.89734529968007)","dms_tuple(d=-28.0, m=-43.0, s=-24.55231085256429)",204.403739,13.626916,-28.723487
66255,118511,,13.626441,-7.871892,195.6947,-4.8,7.05,0.592,K0III...,0.987,Vir,50.489,141,302.5664825365462,HD118511_TypK0_Mag7.05,"hms_tuple(h=13.0, m=37.0, s=53.922257786204426)","dms_tuple(d=-7.0, m=-54.0, s=-10.681565262656392)",204.474676,13.631645,-7.902967
66257,118643,,13.627333,33.738123,294.9853,-4.0,7.22,-0.129,K3II,1.357,CVn,98.084,160,351.52877406079745,HD118643_TypK3_Mag7.22,"hms_tuple(h=13.0, m=38.0, s=0.7056049975074075)","dms_tuple(d=33.0, m=42.0, s=25.221073102356968)",204.50294,13.633529,33.707006
66266,118578,,13.628888,2.382314,625.0,0.0,6.66,-2.319,K0,1.185,Vir,737.225,104,214.47755395891784,HD118578_TypK0_Mag6.66,"hms_tuple(h=13.0, m=38.0, s=2.5691581852012746)","dms_tuple(d=2.0, m=21.0, s=4.426251703548942)",204.510705,13.634047,2.35123
66272,118559,,13.629711,-3.236015,191.2046,0.0,6.68,0.273,K0,1.231,Vir,67.733,106,218.29580245415895,HD118559_TypK0_Mag6.68,"hms_tuple(h=13.0, m=38.0, s=5.546531488778044)","dms_tuple(d=-3.0, m=-16.0, s=-1.5397155352798109)",204.523111,13.634874,-3.267094
66285,118467,,13.631229,-38.896675,212.3142,0.0,7.45,0.815,K0/K1III+..,0.634,Cen,41.115,191,430.6173790127683,HD118467_TypK0_Mag7.45,"hms_tuple(h=13.0, m=38.0, s=16.278094066668274)","dms_tuple(d=-38.0, m=-55.0, s=-39.774738960659306)",204.567825,13.637855,-38.927715
66303,118582,,13.63376,-14.592331,266.6667,0.0,7.87,0.74,K4/K5III,1.467,Vir,44.055,263,623.771929275639,HD118582_TypK4_Mag7.87,"hms_tuple(h=13.0, m=38.0, s=20.713971165978933)","dms_tuple(d=-14.0, m=-37.0, s=-24.23903260029789)",204.586308,13.639087,-14.6234
66305,118483,,13.634296,-42.76499,909.0909,0.0,6.97,-2.823,K4III,1.658,Cen,1172.735,132,281.9464748828664,HD118483_TypK4_Mag6.97,"hms_tuple(h=13.0, m=38.0, s=28.75492752319147)","dms_tuple(d=-42.0, m=-47.0, s=-45.686542209479626)",204.619812,13.641321,-42.796024
66357,118744,,13.645367,9.98082,181.1594,0.0,7.83,1.54,K0,1.018,Boo,21.086,255,602.141767772257,HD118744_TypK0_Mag7.83,"hms_tuple(h=13.0, m=39.0, s=2.1612823830216144)","dms_tuple(d=9.0, m=56.0, s=59.022616375352186)",204.759005,13.6506,9.949729
66362,118590,,13.645897,-46.972977,204.0816,0.0,7.66,1.111,K1III,1.185,Cen,31.304,224,518.2731261472211,HD118590_TypK1_Mag7.66,"hms_tuple(h=13.0, m=39.0, s=12.440584216805775)","dms_tuple(d=-47.0, m=-0.0, s=-14.41220141670101)",204.801836,13.653456,-47.004003
66370,118760,,13.64844,-2.530693,526.3158,0.0,7.73,-0.876,K5,1.535,Vir,195.164,236,551.2912113423957,HD118760_TypK5_Mag7.73,"hms_tuple(h=13.0, m=39.0, s=12.959286257600269)","dms_tuple(d=-2.0, m=-33.0, s=-42.38283359363706)",204.803997,13.6536,-2.561773
66381,118709,,13.650434,-24.862672,250.6266,0.0,7.52,0.525,K0III,1.089,Hya,53.703,201,458.0511018694067,HD118709_TypK0_Mag7.52,"hms_tuple(h=13.0, m=39.0, s=22.01982083788451)","dms_tuple(d=-24.0, m=-53.0, s=-37.42848081433124)",204.841749,13.656117,-24.89373
66383,118839,,13.650635,18.265323,165.8375,-11.0,6.46,0.362,K3III,1.217,Boo,62.402,90,179.78211266056408,HD118839_TypK3_Mag6.46,"hms_tuple(h=13.0, m=39.0, s=21.823807708847767)","dms_tuple(d=18.0, m=14.0, s=3.2044885733645856)",204.840933,13.656062,18.234223
66402,118970,,13.654143,51.804213,263.1579,0.0,6.49,-0.611,K2,1.378,UMa,152.897,92,184.60428810635165,HD118970_TypK2_Mag6.49,"hms_tuple(h=13.0, m=39.0, s=44.90413111863404)","dms_tuple(d=51.0, m=46.0, s=23.031923622078807)",204.937101,13.662473,51.773064
66408,118778,,13.655576,-15.208637,265.9574,0.0,7.57,0.446,K0III,0.981,Vir,57.756,209,478.71030262103807,HD118778_TypK0_Mag7.57,"hms_tuple(h=13.0, m=39.0, s=39.30666165773559)","dms_tuple(d=-15.0, m=-14.0, s=-22.93846866740509)",204.913778,13.660919,-15.239705
66416,118905,,13.657049,26.684763,172.7116,-2.5,7.14,0.953,K1III,1.03,Boo,36.208,151,327.5719697549974,HD118905_TypK1_Mag7.14,"hms_tuple(h=13.0, m=39.0, s=46.13952695988871)","dms_tuple(d=26.0, m=39.0, s=13.15609250034612)",204.942248,13.662817,26.653654
66427,118841,,13.659596,-10.113884,320.5128,0.0,7.97,0.441,K0,1.188,Vir,58.023,284,681.3080354866522,HD118841_TypK0_Mag7.97,"hms_tuple(h=13.0, m=39.0, s=53.39705990403431)","dms_tuple(d=-10.0, m=-8.0, s=-41.84522964827664)",204.972488,13.664833,-10.144957
66445,118799,,13.663488,-40.051708,152.207,1.0,5.61,-0.302,K2/K3III,1.301,Cen,115.027,47,84.92707445101695,HD118799_TypK2_Mag5.61,"hms_tuple(h=13.0, m=40.0, s=12.810302128780648)","dms_tuple(d=-40.0, m=-4.0, s=-57.887178336591774)",205.053376,13.670225,-40.082746
66452,118876,,13.666255,-16.446537,229.3578,0.0,6.71,-0.093,K3III,1.488,Vir,94.886,108,224.15100485964183,HD118876_TypK3_Mag6.71,"hms_tuple(h=13.0, m=40.0, s=17.869474767515925)","dms_tuple(d=-16.0, m=-28.0, s=-39.37408316904623)",205.074456,13.67163,-16.477604
66467,118877,,13.669095,-27.577789,265.252,0.0,6.8,-0.318,K2/K3III,1.433,Hya,116.735,116,242.67587595584382,HD118877_TypK2_Mag6.8,"hms_tuple(h=13.0, m=40.0, s=29.683262397642096)","dms_tuple(d=-27.0, m=-36.0, s=-31.838612425473798)",205.12368,13.674912,-27.608844
66486,119111,,13.672346,44.987319,301.2048,0.0,7.94,0.546,K2,1.41,CVn,52.674,277,663.5111201850515,HD119111_TypK2_Mag7.94,"hms_tuple(h=13.0, m=40.0, s=46.66873058070777)","dms_tuple(d=44.0, m=57.0, s=22.264435295351177)",205.194453,13.67963,44.956185
66487,119007,,13.672538,22.232563,375.9398,0.0,7.68,-0.196,K2,1.45,Boo,104.328,227,527.4997120883073,HD119007_TypK2_Mag7.68,"hms_tuple(h=13.0, m=40.0, s=41.179467392327496)","dms_tuple(d=22.0, m=12.0, s=5.253711874499629)",205.171581,13.678105,22.201459
66493,119169,,13.673477,53.191747,142.8571,0.0,7.21,1.435,K2,0.986,UMa,23.227,159,348.44088743422355,HD119169_TypK2_Mag7.21,"hms_tuple(h=13.0, m=40.0, s=55.46705359451636)","dms_tuple(d=53.0, m=9.0, s=38.14206529681371)",205.231113,13.682074,53.160595
66513,119081,,13.677523,28.065165,166.6667,-63.0,6.22,0.111,K3III,1.311,CVn,78.632,74,145.4735501476104,HD119081_TypK3_Mag6.22,"hms_tuple(h=13.0, m=41.0, s=0.10623757021065217)","dms_tuple(d=28.0, m=2.0, s=2.5975570869351827)",205.250443,13.683363,28.034055
66523,119214,,13.678708,52.771847,235.8491,0.0,6.88,0.017,K0,1.036,UMa,85.743,123,260.4238489413245,HD119214_TypK0_Mag6.88,"hms_tuple(h=13.0, m=41.0, s=13.999642105955843)","dms_tuple(d=52.0, m=44.0, s=26.50585711559529)",205.308332,13.687222,52.740696
66542,118945,,13.682515,-39.717407,375.9398,0.0,7.74,-0.136,K2/K3III,1.345,Cen,98.719,238,556.1767595666211,HD118945_TypK2_Mag7.74,"hms_tuple(h=13.0, m=41.0, s=21.189403252366077)","dms_tuple(d=-39.0, m=-44.0, s=-54.405441147975466)",205.338289,13.689219,-39.748446
66545,119009,,13.683249,-12.782947,161.8123,0.0,7.25,1.205,K0III,1.164,Vir,28.708,164,360.95759541392204,HD119009_TypK0_Mag7.25,"hms_tuple(h=13.0, m=41.0, s=18.727079367040176)","dms_tuple(d=-12.0, m=-48.0, s=-50.46291781617967)",205.328029,13.688535,-12.814017
66552,118972,,13.684485,-34.464156,15.6544,0.0,6.92,5.947,K1V,0.855,Cen,0.364,127,269.7788052214281,HD118972_TypK1_Mag6.92,"hms_tuple(h=13.0, m=41.0, s=26.661553436599803)","dms_tuple(d=-34.0, m=-29.0, s=-42.72897811733628)",205.36109,13.690739,-34.495202
66568,119332,,13.687059,56.727173,24.6366,0.0,7.77,5.812,K0IV-V,0.83,UMa,0.412,244,571.094717053101,HD119332_TypK0_Mag7.77,"hms_tuple(h=13.0, m=41.0, s=47.208388744882654)","dms_tuple(d=56.0, m=41.0, s=45.640485410063434)",205.446702,13.696447,56.696011
66569,118962,,13.687098,-46.028307,123.7624,0.0,6.7,1.237,K0III,1.024,Cen,27.874,108,222.1820255290352,HD118962_TypK0_Mag6.7,"hms_tuple(h=13.0, m=41.0, s=40.29495208374328)","dms_tuple(d=-46.0, m=-3.0, s=-33.606744945982996)",205.417896,13.694526,-46.059335
66589,118998,,13.693506,-45.49383,164.7446,0.0,6.89,0.806,K2/K3III,1.265,Cen,41.457,124,262.73172769318006,HD118998_TypK2_Mag6.89,"hms_tuple(h=13.0, m=42.0, s=3.1085185867193843)","dms_tuple(d=-45.0, m=-31.0, s=-29.493148700017855)",205.512952,13.700863,-45.524859
66596,120103,,13.694425,80.203712,495.0495,0.0,7.04,-1.433,K5,1.568,Cam,325.987,140,299.90868873980725,HD120103_TypK5_Mag7.04,"hms_tuple(h=13.0, m=43.0, s=28.649966824872024)","dms_tuple(d=80.0, m=10.0, s=20.382536251361216)",205.869375,13.724625,80.172328
66605,119132,,13.695538,-18.553048,208.3333,0.0,7.76,1.166,K0III,1.126,Vir,29.758,242,566.0781270342421,HD119132_TypK0_Mag7.76,"hms_tuple(h=13.0, m=42.0, s=3.5143592617824027)","dms_tuple(d=-18.0, m=-35.0, s=-2.8060878995745497)",205.514643,13.700976,-18.584113
66609,119215,,13.695869,4.77083,94.7867,0.0,7.98,3.096,K0,0.88,Vir,5.03,286,687.3457941057625,HD119215_TypK0_Mag7.98,"hms_tuple(h=13.0, m=42.0, s=3.7487983716484052)","dms_tuple(d=4.0, m=44.0, s=23.07599097013167)",205.51562,13.701041,4.739743
66623,119370,,13.697708,47.413967,237.5297,0.0,7.95,1.071,K0,1.26,CVn,32.479,280,669.391162362906,HD119370_TypK0_Mag7.95,"hms_tuple(h=13.0, m=42.0, s=19.155126159652553)","dms_tuple(d=47.0, m=22.0, s=58.18063877980421)",205.579813,13.705321,47.382828
66634,119820,,13.699608,74.620501,476.1905,0.0,7.73,-0.659,K0,1.089,UMi,159.809,236,551.2912113423957,HD119820_TypK0_Mag7.73,"hms_tuple(h=13.0, m=43.0, s=8.420145711094023)","dms_tuple(d=74.0, m=35.0, s=21.225801535410938)",205.785084,13.719006,74.589229
66680,119549,,13.708592,55.727695,266.6667,0.0,6.91,-0.22,K1III,1.13,UMa,106.66,126,267.409023780344,HD119549_TypK1_Mag6.91,"hms_tuple(h=13.0, m=43.0, s=3.857965492735076)","dms_tuple(d=55.0, m=41.0, s=47.530272338658506)",205.766075,13.717738,55.696536
66681,119350,,13.7091,15.147029,283.2861,0.0,7.23,-0.031,K2,1.3,Boo,89.619,161,354.6440255695144,HD119350_TypK2_Mag7.23,"hms_tuple(h=13.0, m=42.0, s=51.98179387437449)","dms_tuple(d=15.0, m=6.0, s=57.35723093044754)",205.716591,13.714439,15.115933
66696,119446,,13.71221,33.844841,581.3953,0.0,7.86,-0.962,K0,1.21,CVn,211.252,261,618.2926139519136,HD119446_TypK0_Mag7.86,"hms_tuple(h=13.0, m=43.0, s=6.2905947984529575)","dms_tuple(d=33.0, m=48.0, s=49.405366977681524)",205.776211,13.718414,33.813724
66709,119373,,13.715079,-2.468413,161.2903,0.0,7.85,1.812,K0,1.067,Vir,16.413,259,612.8614298360975,HD119373_TypK0_Mag7.85,"hms_tuple(h=13.0, m=43.0, s=12.85879389770031)","dms_tuple(d=-2.0, m=-29.0, s=-58.175038145472016)",205.803578,13.720239,-2.499493
66711,119250,,13.715287,-41.401043,110.3753,28.0,5.96,0.746,K0III,1.019,Cen,43.813,61,115.65330781182224,HD119250_TypK0_Mag5.96,"hms_tuple(h=13.0, m=43.0, s=19.784059820557047)","dms_tuple(d=-41.0, m=-25.0, s=-55.485468431544405)",205.832434,13.722162,-41.432079
66714,119372,,13.716061,-1.207991,260.4167,0.0,7.6,0.522,K0,0.988,Vir,53.852,214,491.5504291096121,HD119372_TypK0_Mag7.6,"hms_tuple(h=13.0, m=43.0, s=16.380662491495883)","dms_tuple(d=-1.0, m=-14.0, s=-20.65997436062265)",205.818253,13.721217,-1.239072
66715,119583,,13.716264,50.026716,287.3563,0.0,7.73,0.438,K0,0.92,UMa,58.184,236,551.2912113423957,HD119583_TypK0_Mag7.73,"hms_tuple(h=13.0, m=43.0, s=27.41688865019441)","dms_tuple(d=49.0, m=59.0, s=44.057369133466864)",205.864237,13.724282,49.995571
66723,119425,,13.717698,3.537903,73.0994,-41.0,5.35,1.03,K1III,1.091,Vir,33.729,38,67.51809571619467,HD119425_TypK1_Mag5.35,"hms_tuple(h=13.0, m=43.0, s=22.304334508145445)","dms_tuple(d=3.0, m=30.0, s=24.542853651311347)",205.842935,13.722862,3.506817
66745,119637,,13.723848,45.520271,219.2982,0.0,6.69,-0.015,K0,1.16,CVn,88.308,107,220.23034203703895,HD119637_TypK0_Mag6.69,"hms_tuple(h=13.0, m=43.0, s=52.322914559036775)","dms_tuple(d=45.0, m=29.0, s=20.88811380242305)",205.968012,13.731201,45.489136
66749,119326,,13.724337,-42.681968,344.8276,0.0,7.9,0.212,K0III,1.089,Cen,71.647,269,640.5029468202126,HD119326_TypK0_Mag7.9,"hms_tuple(h=13.0, m=43.0, s=52.86867110863412)","dms_tuple(d=-42.0, m=-42.0, s=-46.807846975910934)",205.970286,13.731352,-42.713002
66753,119461,,13.725098,-4.274487,317.4603,4.7,7.06,-0.448,K2III,1.285,Vir,131.583,142,305.2478297284723,HD119461_TypK2_Mag7.06,"hms_tuple(h=13.0, m=43.0, s=48.962040526104715)","dms_tuple(d=-4.0, m=-18.0, s=-20.035496433327964)",205.954009,13.730267,-4.305565
66779,119584,,13.729212,22.700423,170.3578,9.0,6.12,-0.037,K4III,1.447,Boo,90.116,69,133.18838514701395,HD119584_TypK4_Mag6.12,"hms_tuple(h=13.0, m=44.0, s=5.273556900467327)","dms_tuple(d=22.0, m=40.0, s=9.547916764499575)",206.021973,13.734798,22.669319
66783,119585,,13.730199,17.407504,157.2327,0.0,7.88,1.897,K0,1.01,Boo,15.177,265,629.299802346522,HD119585_TypK0_Mag7.88,"hms_tuple(h=13.0, m=44.0, s=8.16048494261338)","dms_tuple(d=17.0, m=22.0, s=35.059190613860665)",206.034002,13.7356,17.376405
66808,119821,,13.735041,55.634985,328.9474,0.0,7.26,-0.326,K2,1.353,UMa,117.598,165,364.156405231697,HD119821_TypK2_Mag7.26,"hms_tuple(h=13.0, m=44.0, s=38.996499876321025)","dms_tuple(d=55.0, m=36.0, s=13.77522689342868)",206.162485,13.744166,55.603826
66817,119864,,13.736754,59.357973,330.033,0.0,7.8,0.207,K0,0.7,UMa,71.978,249,586.4128089424291,HD119864_TypK0_Mag7.8,"hms_tuple(h=13.0, m=44.0, s=48.690131255226134)","dms_tuple(d=59.0, m=19.0, s=36.48970909409343)",206.202876,13.746858,59.326803
66821,119566,,13.737655,-11.436802,221.2389,0.0,7.76,1.036,K2,1.288,Vir,33.543,242,566.0781270342421,HD119566_TypK2_Mag7.76,"hms_tuple(h=13.0, m=44.0, s=34.49272911312903)","dms_tuple(d=-11.0, m=-28.0, s=-4.345534923433263)",206.14372,13.742915,-11.467874
66830,119590,,13.739453,-14.760498,970.8738,0.0,7.46,-2.476,K5III,1.577,Vir,851.922,192,434.43351452893916,HD119590_TypK5_Mag7.46,"hms_tuple(h=13.0, m=44.0, s=41.223551773170044)","dms_tuple(d=-14.0, m=-47.0, s=-29.63964337044402)",206.171765,13.744784,-14.791567
66836,119650,,13.740865,0.70195,709.2199,-5.7,7.6,-1.654,K2,1.187,Vir,399.577,214,491.5504291096121,HD119650_TypK2_Mag7.6,"hms_tuple(h=13.0, m=44.0, s=45.67199445546123)","dms_tuple(d=0.0, m=40.0, s=15.121364143751492)",206.1903,13.74602,0.670867
66858,119623,,13.746019,-25.500933,158.7302,6.0,6.21,0.207,K3III,1.374,Hya,71.978,74,144.19568653254458,HD119623_TypK3_Mag6.21,"hms_tuple(h=13.0, m=45.0, s=6.233403743885191)","dms_tuple(d=-25.0, m=-31.0, s=-55.16552473885184)",206.275973,13.751732,-25.53199
66869,119706,,13.749133,-7.634393,212.766,-32.1,7.1,0.46,K0,1.26,Vir,57.016,146,316.2129549015887,HD119706_TypK0_Mag7.1,"hms_tuple(h=13.0, m=45.0, s=15.602844781536618)","dms_tuple(d=-7.0, m=-39.0, s=-55.68595833108105)",206.315012,13.754334,-7.665468
66870,119705,,13.749164,-6.002254,224.7191,0.0,7.23,0.472,K0,1.085,Vir,56.39,161,354.6440255695144,HD119705_TypK0_Mag7.23,"hms_tuple(h=13.0, m=45.0, s=15.650482107908203)","dms_tuple(d=-6.0, m=-1.0, s=-59.99098603710827)",206.31521,13.754347,-6.033331
66890,119784,,13.753732,10.325305,128.866,0.0,6.42,0.869,K2,1.226,Boo,39.12,87,173.54791719623321,HD119784_TypK2_Mag6.42,"hms_tuple(h=13.0, m=45.0, s=32.29551529777979)","dms_tuple(d=10.0, m=17.0, s=39.1674511655377)",206.384565,13.758971,10.294213
66916,119712,,13.758485,-38.510899,373.1343,0.0,7.56,-0.299,K1III,1.234,Cen,114.71,208,474.5052325085976,HD119712_TypK1_Mag7.56,"hms_tuple(h=13.0, m=45.0, s=54.27120866911821)","dms_tuple(d=-38.0, m=-32.0, s=-30.98321723201309)",206.47613,13.765075,-38.54194
66919,121623,,13.758717,84.513305,286.533,0.0,7.73,0.444,K0,1.211,Cam,57.863,236,551.2912113423957,HD121623_TypK0_Mag7.73,"hms_tuple(h=13.0, m=48.0, s=44.357061956811066)","dms_tuple(d=84.0, m=28.0, s=54.05744979517635)",207.184821,13.812321,84.481683
66955,119944,,13.764501,27.226409,318.4713,10.8,7.97,0.455,K2III,1.24,Boo,57.28,284,681.3080354866522,HD119944_TypK2_Mag7.97,"hms_tuple(h=13.0, m=46.0, s=13.066653738223408)","dms_tuple(d=27.0, m=11.0, s=43.079459008439756)",206.554444,13.770296,27.1953
66965,120022,,13.767439,41.037809,257.732,6.5,7.56,0.504,K0,0.98,CVn,54.752,208,474.5052325085976,HD120022_TypK0_Mag7.56,"hms_tuple(h=13.0, m=46.0, s=27.370796713702248)","dms_tuple(d=41.0, m=0.0, s=24.05265974608426)",206.614045,13.77427,41.006681
67037,120164,,13.783277,38.542697,97.1817,-10.0,5.51,0.572,K0III+...,1.036,CVn,51.428,43,77.75502756283679,HD120164_TypK0_Mag5.51,"hms_tuple(h=13.0, m=47.0, s=23.512399121814127)","dms_tuple(d=38.0, m=30.0, s=41.663306555790314)",206.847968,13.789865,38.511573
67058,120033,,13.787057,-9.709455,186.5672,7.0,6.04,-0.314,K5III,1.418,Vir,116.305,65,124.11155185705773,HD120033_TypK5_Mag6.04,"hms_tuple(h=13.0, m=47.0, s=32.233348329693996)","dms_tuple(d=-9.0, m=-44.0, s=-25.90219610528365)",206.884306,13.792287,-9.740528
67086,120245,,13.792096,37.893305,671.1409,0.0,6.99,-2.144,K0III,1.116,CVn,627.48,134,286.96584256768466,HD120245_TypK0_Mag6.99,"hms_tuple(h=13.0, m=47.0, s=55.05031894545695)","dms_tuple(d=37.0, m=51.0, s=43.85555230863588)",206.979376,13.798625,37.862182
67111,120232,,13.799266,18.944387,523.5602,0.0,7.57,-1.025,K5,1.66,Boo,223.872,209,478.71030262103807,HD120232_TypK5_Mag7.57,"hms_tuple(h=13.0, m=48.0, s=16.973374400849366)","dms_tuple(d=18.0, m=54.0, s=47.83241122826553)",207.070722,13.804715,18.913287
67114,120151,,13.799573,-16.065015,446.4286,0.0,7.99,-0.259,K2/K3III,1.431,Vir,110.561,288,693.4370594020932,HD120151_TypK2_Mag7.99,"hms_tuple(h=13.0, m=48.0, s=17.77666266171181)","dms_tuple(d=-16.0, m=-5.0, s=-45.89624055785748)",207.074069,13.804938,-16.096082
67122,120247,,13.801307,13.336737,217.8649,0.0,7.61,0.919,K0,1.107,Boo,37.359,216,495.90655392467346,HD120247_TypK0_Mag7.61,"hms_tuple(h=13.0, m=48.0, s=23.773795982933592)","dms_tuple(d=13.0, m=18.0, s=20.31234622616907)",207.099057,13.806604,13.305642
67124,120348,,13.801418,42.047469,164.7446,-1.3,6.59,0.506,K1III,1.094,CVn,54.651,99,201.63200517568157,HD120348_TypK1_Mag6.59,"hms_tuple(h=13.0, m=48.0, s=30.081753642269575)","dms_tuple(d=42.0, m=0.0, s=58.8227568882985)",207.125341,13.808356,42.01634
67139,120123,,13.804192,-38.262558,520.8333,0.0,7.76,-0.823,K4III,1.553,Cen,185.866,242,566.0781270342421,HD120123_TypK4_Mag7.76,"hms_tuple(h=13.0, m=48.0, s=38.73499152429119)","dms_tuple(d=-38.0, m=-17.0, s=-36.956943339966415)",207.161396,13.81076,-38.293599
67141,120235,,13.804996,-6.837381,146.1988,-0.9,6.57,0.745,K0,0.931,Vir,43.853,97,198.10522595363804,HD120235_TypK0_Mag6.57,"hms_tuple(h=13.0, m=48.0, s=36.676460563719786)","dms_tuple(d=-6.0, m=-52.0, s=-6.445413453287756)",207.152819,13.810188,-6.868457
67150,120334,,13.806841,23.44926,473.9336,0.0,7.97,-0.409,K0,1.196,Boo,126.94,284,681.3080354866522,HD120334_TypK0_Mag7.97,"hms_tuple(h=13.0, m=48.0, s=44.850074137312106)","dms_tuple(d=23.0, m=25.0, s=5.358217861538606)",207.186875,13.812458,23.418155
67158,120364,,13.808997,29.861225,480.7692,0.0,7.7,-0.71,K0,1.025,CVn,167.494,231,536.8905548349917,HD120364_TypK0_Mag7.7,"hms_tuple(h=13.0, m=48.0, s=53.780134439590626)","dms_tuple(d=29.0, m=49.0, s=48.40586953843257)",207.224084,13.814939,29.830113
67170,120420,,13.81076,31.190206,87.184,11.0,5.61,0.908,K0III,1.032,CVn,37.74,47,84.92707445101695,HD120420_TypK0_Mag5.61,"hms_tuple(h=13.0, m=49.0, s=0.42115746607848337)","dms_tuple(d=31.0, m=9.0, s=32.7316017177543)",207.251755,13.816784,31.159092
67171,120297,,13.810796,-2.840475,561.7978,0.0,6.71,-2.038,K2,1.446,Vir,569.115,108,224.15100485964183,HD120297_TypK2_Mag6.71,"hms_tuple(h=13.0, m=48.0, s=57.44565237350841)","dms_tuple(d=-2.0, m=-52.0, s=-17.597015843423947)",207.239357,13.815957,-2.871555
67172,120144,,13.81104,-46.973717,183.4862,0.0,7.12,0.802,K0III,0.996,Cen,41.61,148,321.8423534887257,HD120144_TypK0_Mag7.12,"hms_tuple(h=13.0, m=49.0, s=6.95576115751976)","dms_tuple(d=-47.0, m=-0.0, s=-17.076196200625304)",207.278982,13.818599,-47.004743
67178,120463,,13.811909,42.33762,177.9359,-22.5,7.08,0.829,K2,1.096,CVn,40.588,144,310.68202106935195,HD120463_TypK2_Mag7.08,"hms_tuple(h=13.0, m=49.0, s=7.964152007732963)","dms_tuple(d=42.0, m=18.0, s=23.364625887374473)",207.283184,13.818879,42.30649
67182,120648,,13.812528,62.847985,401.6064,0.0,7.89,-0.129,K2,1.42,Dra,98.084,267,634.876663483802,HD120648_TypK2_Mag7.89,"hms_tuple(h=13.0, m=49.0, s=25.720845285874674)","dms_tuple(d=62.0, m=49.0, s=0.48385051770537757)",207.35717,13.823811,62.816801
67184,120421,,13.812542,27.881258,183.8235,-7.2,7.16,0.838,K1III,1.063,CVn,40.253,153,333.40358783117154,HD120421_TypK1_Mag7.16,"hms_tuple(h=13.0, m=49.0, s=6.1388753120502315)","dms_tuple(d=27.0, m=51.0, s=0.5331295367079747)",207.275579,13.818372,27.850148
67188,120319,,13.813715,-8.190412,266.6667,0.0,7.82,0.69,K2,1.453,Vir,46.132,253,596.8524553483364,HD120319_TypK2_Mag7.82,"hms_tuple(h=13.0, m=49.0, s=8.123416343155156)","dms_tuple(d=-8.0, m=-13.0, s=-17.35250020609314)",207.283848,13.818923,-8.221487
67190,120365,,13.814224,9.713287,260.4167,0.0,7.33,0.252,K5,1.502,Boo,69.056,174,387.3560399526628,HD120365_TypK5_Mag7.33,"hms_tuple(h=13.0, m=49.0, s=10.031268105360027)","dms_tuple(d=9.0, m=40.0, s=55.904719598812136)",207.291797,13.819453,9.682196
67197,120302,,13.815888,-20.748251,210.084,0.0,7.03,0.418,K0IIICN...,1.09,Vir,59.265,138,297.27424144135534,HD120302_TypK0_Mag7.03,"hms_tuple(h=13.0, m=49.0, s=17.044542903418716)","dms_tuple(d=-20.0, m=-46.0, s=-45.52877001659198)",207.321019,13.821401,-20.779314
67204,120303,,13.817059,-22.723818,380.2281,0.0,7.98,0.08,K0III,1.054,Hya,80.91,286,687.3457941057625,HD120303_TypK0_Mag7.98,"hms_tuple(h=13.0, m=49.0, s=21.53533041867476)","dms_tuple(d=-22.0, m=-45.0, s=-17.56246048693413)",207.339731,13.822649,-22.754878
67208,120476,,13.817785,26.979911,13.4084,-20.7,7.05,6.413,K2,1.11,Boo,0.237,141,302.5664825365462,HD120476_TypK2_Mag7.05,"hms_tuple(h=13.0, m=49.0, s=24.84322829231388)","dms_tuple(d=26.0, m=56.0, s=55.687678110123215)",207.353513,13.823568,26.948802
67245,120477,,13.824623,15.797905,80.7754,-6.0,4.05,-0.486,K5IIIvar,1.52,Boo,136.27,14,21.443234265685387,HD120477_TypK5_Mag4.05,"hms_tuple(h=13.0, m=49.0, s=47.925004819860675)","dms_tuple(d=15.0, m=46.0, s=0.5085345480489423)",207.449688,13.829979,15.766808
67249,120531,,13.824917,30.720798,128.041,0.0,7.97,2.433,K0,0.95,CVn,9.264,284,681.3080354866522,HD120531_TypK0_Mag7.97,"hms_tuple(h=13.0, m=49.0, s=51.28018721410598)","dms_tuple(d=30.0, m=41.0, s=22.86489266911019)",207.463667,13.830911,30.689685
67266,120539,,13.828564,21.264105,123.0012,-3.0,4.92,-0.53,K4III,1.432,Boo,141.906,27,46.201294366895745,HD120539_TypK4_Mag4.92,"hms_tuple(h=13.0, m=50.0, s=2.7385832346574546)","dms_tuple(d=21.0, m=13.0, s=58.808590215094796)",207.511411,13.834094,21.233002
67278,120540,,13.830779,19.347044,213.2196,0.0,7.64,0.996,K0,1.314,Boo,34.802,221,509.2079239683959,HD120540_TypK0_Mag7.64,"hms_tuple(h=13.0, m=50.0, s=10.468008301946696)","dms_tuple(d=19.0, m=18.0, s=57.396132783729286)",207.543617,13.836241,19.315943
67280,120452,,13.831191,-18.134168,74.9064,-40.0,4.96,0.587,K0III,1.059,Vir,50.722,28,47.860939175324326,HD120452_TypK0_Mag4.96,"hms_tuple(h=13.0, m=50.0, s=11.81767453034439)","dms_tuple(d=-18.0, m=-9.0, s=-54.8396124889328)",207.54924,13.836616,-18.165233
67291,120650,,13.83296,32.522075,289.8551,-21.9,7.5,0.189,K3III,1.336,CVn,73.181,198,450.03925321819855,HD120650_TypK3_Mag7.5,"hms_tuple(h=13.0, m=50.0, s=20.656293915909174)","dms_tuple(d=32.0, m=29.0, s=27.45395362937927)",207.586068,13.839071,32.490959
67294,120427,,13.833149,-32.66517,168.6341,0.0,7.33,1.195,K1/K2III,1.243,Cen,28.973,174,387.3560399526628,HD120427_TypK1_Mag7.33,"hms_tuple(h=13.0, m=50.0, s=21.387143670423114)","dms_tuple(d=-32.0, m=-41.0, s=-46.38787905737388)",207.589113,13.839274,-32.696219
67319,120516,,13.837424,-20.86932,423.7288,0.0,7.11,-1.025,K4III,1.499,Vir,223.872,147,319.0152372679894,HD120516_TypK4_Mag7.11,"hms_tuple(h=13.0, m=50.0, s=34.590113968117464)","dms_tuple(d=-20.0, m=-54.0, s=-1.3767156473852538)",207.644125,13.842942,-20.900382
67323,120457,,13.838721,-39.900855,112.6126,-4.0,6.43,1.172,K1III,0.992,Cen,29.594,87,175.0859005727711,HD120457_TypK1_Mag6.43,"hms_tuple(h=13.0, m=50.0, s=43.59556532731972)","dms_tuple(d=-39.0, m=-55.0, s=-54.81722118080654)",207.681648,13.845443,-39.931894
67331,120602,,13.840189,5.497224,154.7988,-24.0,6.0,0.051,K0,0.899,Vir,83.1,63,119.80781072170208,HD120602_TypK0_Mag6.0,"hms_tuple(h=13.0, m=50.0, s=43.32189137633691)","dms_tuple(d=5.0, m=27.0, s=58.09199083924376)",207.680508,13.845367,5.466137
67339,120584,,13.842368,-7.598614,100000.0,0.0,7.3,-12.7,K0,1.393,Vir,10471285.481,170,377.23764669214916,HD120584_TypK0_Mag7.3,"hms_tuple(h=13.0, m=50.0, s=51.24727485944973)","dms_tuple(d=-7.0, m=-37.0, s=-46.881677728754596)",207.71353,13.847569,-7.629689
67355,120572,,13.846438,-24.979675,171.2329,0.0,7.46,1.292,K3III,1.453,Hya,26.497,192,434.43351452893916,HD120572_TypK3_Mag7.46,"hms_tuple(h=13.0, m=51.0, s=7.653668086938268)","dms_tuple(d=-25.0, m=-0.0, s=-38.63881424541802)",207.78189,13.852126,-25.010733
67364,120637,,13.84745,-7.784289,434.7826,0.0,6.92,-1.271,K0,1.28,Vir,280.802,127,269.7788052214281,HD120637_TypK0_Mag6.92,"hms_tuple(h=13.0, m=51.0, s=9.550704248919715)","dms_tuple(d=-7.0, m=-48.0, s=-55.31105789571484)",207.789795,13.852653,-7.815364
67369,121129,,13.848091,69.153363,233.6449,0.0,7.62,0.777,K0,1.189,Dra,42.579,217,500.3012827613783,HD121129_TypK0_Mag7.62,"hms_tuple(h=13.0, m=51.0, s=45.1982031265986)","dms_tuple(d=69.0, m=7.0, s=19.717951994867917)",207.938326,13.862555,69.122144
67375,121146,,13.849804,68.3153,102.3541,-45.0,6.39,1.339,K2IV,1.179,Dra,25.375,85,169.01455281149524,HD121146_TypK2_Mag6.39,"hms_tuple(h=13.0, m=51.0, s=49.44714892404761)","dms_tuple(d=68.0, m=17.0, s=2.7119850416499958)",207.95603,13.863735,68.284087
67378,121778,,13.850123,80.767917,151.7451,0.0,6.67,0.764,K0,1.119,Cam,43.092,105,216.3782561854747,HD121778_TypK0_Mag6.67,"hms_tuple(h=13.0, m=52.0, s=55.721259290130405)","dms_tuple(d=80.0, m=44.0, s=11.45322467629967)",208.232172,13.882145,80.736515
67401,120803,,13.854533,24.69562,302.1148,-51.2,7.6,0.199,K1III,1.166,Boo,72.51,214,491.5504291096121,HD120803_TypK1_Mag7.6,"hms_tuple(h=13.0, m=51.0, s=36.738475677892666)","dms_tuple(d=24.0, m=39.0, s=52.24931897866213)",207.903077,13.860205,24.664514
67414,120638,,13.857336,-37.392349,254.4529,0.0,7.59,0.562,K0III,1.077,Cen,51.904,212,487.2325692121131,HD120638_TypK0_Mag7.59,"hms_tuple(h=13.0, m=51.0, s=49.775888521108556)","dms_tuple(d=-37.0, m=-25.0, s=-24.2091196810037)",207.9574,13.863827,-37.423391
67450,120933,,13.863188,34.44424,184.1621,-44.0,4.76,-1.566,K5III,1.611,CVn,368.468,24,40.11860728562187,HD120933_TypK5_Mag4.76,"hms_tuple(h=13.0, m=52.0, s=9.970233838454874)","dms_tuple(d=34.0, m=24.0, s=47.23890051302874)",208.041543,13.869436,34.413122
67455,121046,,13.864051,52.840479,209.6436,0.0,7.41,0.803,K0,0.959,UMa,41.572,185,415.6851208955647,HD121046_TypK0_Mag7.41,"hms_tuple(h=13.0, m=52.0, s=21.28280696949247)","dms_tuple(d=52.0, m=48.0, s=33.58044236249896)",208.088678,13.872579,52.809328
67459,120848,,13.864388,10.135925,236.4066,0.0,6.57,-0.298,K5,1.512,Boo,114.604,97,198.10522595363804,HD120848_TypK5_Mag6.57,"hms_tuple(h=13.0, m=52.0, s=10.645902588697282)","dms_tuple(d=10.0, m=6.0, s=17.400092046895708)",208.044358,13.869624,10.104833
67520,120997,,13.875741,16.729009,411.5226,0.0,6.65,-1.422,K5,1.52,Boo,322.701,104,212.59354781364726,HD120997_TypK5_Mag6.65,"hms_tuple(h=13.0, m=52.0, s=52.04125220227837)","dms_tuple(d=16.0, m=41.0, s=52.479623603140055)",208.216839,13.881123,16.697911
67536,120834,,13.88,-42.483219,178.2531,0.0,7.18,0.925,K2III,1.158,Cen,37.154,155,339.33902361009757,HD120834_TypK2_Mag7.18,"hms_tuple(h=13.0, m=53.0, s=13.175002428705511)","dms_tuple(d=-42.0, m=-30.0, s=-51.31264988747546)",208.304896,13.886993,-42.514254
67548,120969,,13.881602,-10.682595,234.192,0.0,7.68,0.832,K0,1.057,Vir,40.476,227,527.4997120883073,HD120969_TypK0_Mag7.68,"hms_tuple(h=13.0, m=53.0, s=12.653133083891959)","dms_tuple(d=-10.0, m=-42.0, s=-49.20290224486365)",208.302721,13.886848,-10.713667
67563,121197,,13.885677,40.337977,355.8719,0.0,6.48,-1.276,K5,1.55,CVn,282.098,91,182.98269364662428,HD121197_TypK5_Mag6.48,"hms_tuple(h=13.0, m=53.0, s=32.770986495289804)","dms_tuple(d=40.0, m=18.0, s=24.66144598078415)",208.386546,13.892436,40.30685
67587,121184,,13.889704,24.15988,578.0347,-21.6,7.93,-0.88,K3III,1.47,Boo,195.884,275,657.682729265769,HD121184_TypK3_Mag7.93,"hms_tuple(h=13.0, m=53.0, s=43.26766089446792)","dms_tuple(d=24.0, m=7.0, s=43.58743640492008)",208.430282,13.895352,24.128774
67588,121212,,13.889753,33.786783,302.1148,0.0,6.98,-0.421,K5III,1.485,CVn,128.351,133,284.4450873609016,HD121212_TypK5_Mag6.98,"hms_tuple(h=13.0, m=53.0, s=45.43025807367698)","dms_tuple(d=33.0, m=45.0, s=20.396842481989097)",208.439293,13.895953,33.755666
67619,121052,,13.895031,-26.707362,371.7472,0.0,7.63,-0.221,K1III,1.211,Hya,106.758,219,504.73495772895257,HD121052_TypK1_Mag7.63,"hms_tuple(h=13.0, m=54.0, s=2.8901791251789177)","dms_tuple(d=-26.0, m=-44.0, s=-18.305017705710327)",208.512042,13.900803,-26.738418
67631,121054,,13.897272,-30.283497,295.858,0.0,7.91,0.555,K3III,1.5,Cen,52.24,271,646.179090335777,HD121054_TypK3_Mag7.91,"hms_tuple(h=13.0, m=54.0, s=11.675116614925543)","dms_tuple(d=-30.0, m=-18.0, s=-52.37582243724546)",208.548646,13.903243,-30.314549
67636,121056,,13.897806,-35.314361,65.9631,5.0,6.17,2.073,K0III,1.009,Cen,12.906,72,139.1955000198045,HD121056_TypK0_Mag6.17,"hms_tuple(h=13.0, m=54.0, s=14.851623438364783)","dms_tuple(d=-35.0, m=-20.0, s=-43.46283261799044)",208.561882,13.904125,-35.345406
67653,121138,,13.900735,-23.542899,568.1818,0.0,7.83,-0.942,K0III,1.067,Hya,207.396,255,602.141767772257,HD121138_TypK0_Mag7.83,"hms_tuple(h=13.0, m=54.0, s=22.892394426781806)","dms_tuple(d=-23.0, m=-34.0, s=-26.25088393722507)",208.595385,13.906359,-23.573959
67662,121185,,13.902201,-11.695375,400.0,0.0,7.36,-0.65,K2,1.415,Vir,158.489,178,397.7458321127074,HD121185_TypK2_Mag7.36,"hms_tuple(h=13.0, m=54.0, s=26.875873519599338)","dms_tuple(d=-11.0, m=-43.0, s=-35.20745162633759)",208.611983,13.907466,-11.726447
67663,121319,,13.902574,28.327852,186.5672,-43.0,7.74,1.386,K0III,1.01,CVn,24.3,238,556.1767595666211,HD121319_TypK0_Mag7.74,"hms_tuple(h=13.0, m=54.0, s=30.341508539853237)","dms_tuple(d=28.0, m=17.0, s=48.26964914939708)",208.626423,13.908428,28.296742
67673,121157,,13.904466,-28.743187,168.6341,0.0,6.77,0.635,K2/K3III,1.188,Hya,48.529,113,236.33677266456448,HD121157_TypK2_Mag6.77,"hms_tuple(h=13.0, m=54.0, s=37.24843091180773)","dms_tuple(d=-28.0, m=-46.0, s=-27.266494411547058)",208.655202,13.910347,-28.774241
67674,121368,,13.904583,34.607103,249.3766,0.0,7.66,0.676,K0,1.02,CVn,46.73,224,518.2731261472211,HD121368_TypK0_Mag7.66,"hms_tuple(h=13.0, m=54.0, s=39.03621086463417)","dms_tuple(d=34.0, m=34.0, s=33.54491457867027)",208.662651,13.910843,34.575985
67675,121156,,13.904626,-28.56959,64.8508,-17.0,6.05,1.99,K2III,1.129,Hya,13.932,65,125.21142966991891,HD121156_TypK2_Mag6.05,"hms_tuple(h=13.0, m=54.0, s=37.78936031016954)","dms_tuple(d=-28.0, m=-36.0, s=-2.3180338499167874)",208.657456,13.910497,-28.600644
67681,121221,,13.905937,-17.180122,177.9359,0.0,6.59,0.339,K3III,1.387,Vir,63.738,99,201.63200517568157,HD121221_TypK3_Mag6.59,"hms_tuple(h=13.0, m=54.0, s=40.79983597502718)","dms_tuple(d=-17.0, m=-12.0, s=-40.2774580141741)",208.669999,13.911333,-17.211188
67682,121811,,13.905951,73.31334,398.4064,0.0,7.87,-0.132,K0,0.986,UMi,98.356,263,623.771929275639,HD121811_TypK0_Mag7.87,"hms_tuple(h=13.0, m=55.0, s=25.933034984306147)","dms_tuple(d=73.0, m=16.0, s=55.50225067585416)",208.858054,13.92387,73.282084
67712,121299,,13.911707,-1.503125,75.5858,-7.0,5.16,0.768,K2III,1.093,Vir,42.934,33,57.09743317946767,HD121299_TypK2_Mag5.16,"hms_tuple(h=13.0, m=55.0, s=0.7085769689439303)","dms_tuple(d=-1.0, m=-32.0, s=-3.1414063461923547)",208.752952,13.916863,-1.534206
67718,121371,,13.912322,15.277564,319.4888,0.0,7.91,0.388,K0,0.97,Boo,60.926,271,646.179090335777,HD121371_TypK0_Mag7.91,"hms_tuple(h=13.0, m=55.0, s=3.5928802394195714)","dms_tuple(d=15.0, m=14.0, s=47.282771534035675)",208.76497,13.917665,15.246467
67719,121646,,13.912428,62.377392,210.9705,-28.4,7.33,0.709,K0,1.121,UMa,45.331,174,387.3560399526628,HD121646_TypK0_Mag7.33,"hms_tuple(h=13.0, m=55.0, s=24.72276729596672)","dms_tuple(d=62.0, m=20.0, s=46.35632579560536)",208.853012,13.923534,62.34621
67732,121324,,13.915714,-5.876092,387.5969,0.0,7.85,-0.092,K2,1.365,Vir,94.798,259,612.8614298360975,HD121324_TypK2_Mag7.85,"hms_tuple(h=13.0, m=55.0, s=15.226185603958697)","dms_tuple(d=-5.0, m=-54.0, s=-25.80820411769622)",208.813442,13.920896,-5.907169
67754,121304,,13.91961,-23.667591,268.0965,0.0,7.91,0.769,K0IIICNpvar,0.956,Hya,42.894,271,646.179090335777,HD121304_TypK0_Mag7.91,"hms_tuple(h=13.0, m=55.0, s=30.86168706214778)","dms_tuple(d=-23.0, m=-41.0, s=-55.141596911443855)",208.87859,13.925239,-23.69865
67757,122079,,13.920154,76.50092,537.6344,0.0,7.91,-0.742,K2,1.599,UMi,172.504,271,646.179090335777,HD122079_TypK2_Mag7.91,"hms_tuple(h=13.0, m=56.0, s=31.870302070368126)","dms_tuple(d=76.0, m=28.0, s=10.635074741788912)",209.132793,13.942186,76.469621
67761,121440,,13.921137,3.275385,253.8071,0.0,7.85,0.827,K2,1.289,Vir,40.663,259,612.8614298360975,HD121440_TypK2_Mag7.85,"hms_tuple(h=13.0, m=55.0, s=34.679710856319446)","dms_tuple(d=3.0, m=14.0, s=39.47891717720683)",208.894499,13.9263,3.2443
67763,121287,,13.921195,-32.099228,175.4386,0.0,6.98,0.759,K1/K2III+..,0.898,Cen,43.291,133,284.4450873609016,HD121287_TypK1_Mag6.98,"hms_tuple(h=13.0, m=55.0, s=38.214879524539214)","dms_tuple(d=-32.0, m=-7.0, s=-48.99928216555509)",208.909229,13.927282,-32.130278
67771,121492,,13.922702,19.387345,505.0505,0.0,7.88,-0.637,K0,1.42,Boo,156.603,265,629.299802346522,HD121492_TypK0_Mag7.88,"hms_tuple(h=13.0, m=55.0, s=41.395662261994914)","dms_tuple(d=19.0, m=21.0, s=22.47958441098291)",208.922482,13.928165,19.356244
67776,121920,,13.924357,69.93512,261.7801,0.0,7.31,0.22,K0,1.131,UMi,71.121,171,380.5807304870462,HD121920_TypK0_Mag7.31,"hms_tuple(h=13.0, m=56.0, s=21.69273321872481)","dms_tuple(d=69.0, m=54.0, s=14.022224874501035)",209.090386,13.939359,69.903895
67790,121423,,13.926904,-16.144557,223.2143,0.0,7.77,1.026,K5III,1.499,Vir,33.853,244,571.094717053101,HD121423_TypK5_Mag7.77,"hms_tuple(h=13.0, m=55.0, s=56.176021530087894)","dms_tuple(d=-16.0, m=-10.0, s=-32.247157995851694)",208.984067,13.932271,-16.175624
67806,121447,,13.929713,-18.249026,341.2969,-15.0,7.87,0.204,Kp...,1.741,Vir,72.177,263,623.771929275639,HD121447_TypKp_Mag7.87,"hms_tuple(h=13.0, m=56.0, s=6.509768130301694)","dms_tuple(d=-18.0, m=-16.0, s=-48.32799517773566)",209.027124,13.935142,-18.280091
67807,121481,,13.929988,-9.559911,192.3077,0.0,6.69,0.27,K5,1.55,Vir,67.92,107,220.23034203703895,HD121481_TypK5_Mag6.69,"hms_tuple(h=13.0, m=56.0, s=6.776580394935792)","dms_tuple(d=-9.0, m=-35.0, s=-27.54430052883734)",209.028236,13.935216,-9.590985
67809,121559,,13.930054,22.680468,224.2152,0.0,7.62,0.867,K2,1.49,Boo,39.192,217,500.3012827613783,HD121559_TypK2_Mag7.62,"hms_tuple(h=13.0, m=56.0, s=8.301833097116571)","dms_tuple(d=22.0, m=38.0, s=57.70999357715681)",209.034591,13.935639,22.649364
67820,121647,,13.931399,39.463136,280.8989,0.0,7.38,0.137,K2III,1.241,CVn,76.771,181,404.82672424766696,HD121647_TypK2_Mag7.38,"hms_tuple(h=13.0, m=56.0, s=17.061820369022627)","dms_tuple(d=39.0, m=25.0, s=55.23871450780575)",209.071091,13.938073,39.432011
67833,121523,,13.93344,-3.661949,236.9668,0.0,6.78,-0.093,K2,1.375,Vir,94.886,114,238.4311915057409,HD121523_TypK2_Mag6.78,"hms_tuple(h=13.0, m=56.0, s=18.979336265673794)","dms_tuple(d=-3.0, m=-41.0, s=-34.90071415909284)",209.079081,13.938605,-3.693028
67861,121416,,13.938837,-46.592948,97.561,-1.0,5.82,0.874,K0IV,1.14,Cen,38.94,55,102.2146864373567,HD121416_TypK0_Mag5.82,"hms_tuple(h=13.0, m=56.0, s=46.83296800560598)","dms_tuple(d=-46.0, m=-37.0, s=-26.310461225507993)",209.195137,13.946342,-46.623975
67869,121780,,13.940609,49.012419,207.9002,0.0,7.33,0.741,K0,0.99,UMa,44.015,174,387.3560399526628,HD121780_TypK0_Mag7.33,"hms_tuple(h=13.0, m=56.0, s=54.46692517115764)","dms_tuple(d=48.0, m=58.0, s=52.5960493170669)",209.226946,13.948463,48.981277
67876,121551,,13.941221,-19.232616,277.7778,0.0,7.94,0.722,K0III,1.282,Vir,44.792,277,663.5111201850515,HD121551_TypK0_Mag7.94,"hms_tuple(h=13.0, m=56.0, s=48.05293161563014)","dms_tuple(d=-19.0, m=-15.0, s=-49.248398408732896)",209.200221,13.946681,-19.26368
67878,121606,,13.941389,2.244404,310.559,0.0,7.71,0.249,K0,1.071,Vir,69.247,233,541.648484297334,HD121606_TypK0_Mag7.71,"hms_tuple(h=13.0, m=56.0, s=47.57097664975461)","dms_tuple(d=2.0, m=12.0, s=47.95070448900695)",209.198212,13.946547,2.21332
67881,121524,,13.942018,-27.638088,168.0672,0.0,6.83,0.703,K0III,0.962,Hya,45.583,119,249.18500877779775,HD121524_TypK0_Mag6.83,"hms_tuple(h=13.0, m=56.0, s=52.21760634988911)","dms_tuple(d=-27.0, m=-40.0, s=-8.914760565157565)",209.217573,13.947838,-27.669143
67884,121710,,13.942827,27.492082,178.2531,-40.0,5.02,-1.235,K3IIIvar,1.441,Boo,271.644,30,50.462856093257514,HD121710_TypK3_Mag5.02,"hms_tuple(h=13.0, m=56.0, s=55.09030479418314)","dms_tuple(d=27.0, m=27.0, s=39.50115557298972)",209.229543,13.948636,27.460973
67889,121683,,13.943599,15.891098,148.8095,0.0,6.82,0.957,K0,0.948,Boo,36.074,118,246.99612663521023,HD121683_TypK0_Mag6.82,"hms_tuple(h=13.0, m=56.0, s=56.24748962023119)","dms_tuple(d=15.0, m=51.0, s=36.0030045576822)",209.234365,13.948958,15.860001
67895,121527,,13.945309,-38.319127,185.8736,0.0,6.97,0.624,K2III,1.254,Cen,49.023,132,281.9464748828664,HD121527_TypK2_Mag6.97,"hms_tuple(h=13.0, m=57.0, s=6.774649083021984)","dms_tuple(d=-38.0, m=-21.0, s=-0.6050420697499703)",209.278228,13.951882,-38.350168
67909,121539,,13.947292,-38.397294,448.4305,0.0,7.68,-0.578,K5III,1.563,Cen,148.32,227,527.4997120883073,HD121539_TypK5_Mag7.68,"hms_tuple(h=13.0, m=57.0, s=13.939039231470503)","dms_tuple(d=-38.0, m=-25.0, s=-42.00582499929055)",209.308079,13.953872,-38.428335
67913,121892,,13.94786,53.894051,588.2353,0.0,7.97,-0.878,K2,1.393,UMa,195.524,284,681.3080354866522,HD121892_TypK2_Mag7.97,"hms_tuple(h=13.0, m=57.0, s=23.76305197216581)","dms_tuple(d=53.0, m=51.0, s=46.42995450971)",209.349013,13.956601,53.862897
67919,121922,,13.949958,54.585785,313.4796,0.0,7.01,-0.471,K5,1.495,UMa,134.4,136,292.07456782282145,HD121922_TypK5_Mag7.01,"hms_tuple(h=13.0, m=57.0, s=31.847225031064426)","dms_tuple(d=54.0, m=33.0, s=16.665724444548573)",209.382697,13.958846,54.554629
67927,121764,,13.951754,20.953912,230.4147,0.0,6.68,-0.133,K0,1.569,Boo,98.446,106,218.29580245415895,HD121764_TypK0_Mag6.68,"hms_tuple(h=13.0, m=57.0, s=26.181085076605655)","dms_tuple(d=20.0, m=55.0, s=22.114958077247593)",209.359088,13.957273,20.92281
67933,121596,,13.952341,-34.903808,699.3007,0.0,7.42,-1.803,K3III,1.503,Cen,458.353,187,419.36892659107707,HD121596_TypK3_Mag7.42,"hms_tuple(h=13.0, m=57.0, s=31.06317186925793)","dms_tuple(d=-34.0, m=-56.0, s=-5.47404515317794)",209.37943,13.958629,-34.934854
67942,121653,,13.954759,-28.635214,353.3569,0.0,7.2,-0.541,K3III,1.42,Hya,143.351,158,345.3801253121633,HD121653_TypK3_Mag7.2,"hms_tuple(h=13.0, m=57.0, s=38.28138138395644)","dms_tuple(d=-28.0, m=-39.0, s=-58.56415461188135)",209.409506,13.960634,-28.666268
67958,121699,,13.957702,-23.02263,175.7469,1.0,6.14,-0.084,K2/K3III,1.426,Hya,94.102,70,135.5594787266646,HD121699_TypK2_Mag6.14,"hms_tuple(h=13.0, m=57.0, s=47.89451965774589)","dms_tuple(d=-23.0, m=-3.0, s=-13.28450612992043)",209.44956,13.963304,-23.05369
67961,121844,,13.958007,24.998414,233.6449,-61.4,7.89,1.047,K1III,1.11,Boo,33.205,267,634.876663483802,HD121844_TypK1_Mag7.89,"hms_tuple(h=13.0, m=57.0, s=49.29483596092112)","dms_tuple(d=24.0, m=58.0, s=2.3065141955424906)",209.455395,13.963693,24.967307
67965,122064,,13.958911,61.492861,10.0644,-25.0,6.49,6.476,K3V,1.04,UMa,0.224,92,184.60428810635165,HD122064_TypK3_Mag6.49,"hms_tuple(h=13.0, m=58.0, s=10.921844375914418)","dms_tuple(d=61.0, m=27.0, s=42.05780160984489)",209.545508,13.969701,61.461683
67993,121730,,13.965339,-30.964676,204.0816,-63.7,7.58,1.031,K0III,1.07,Cen,33.698,211,482.9526381068404,HD121730_TypK0_Mag7.58,"hms_tuple(h=13.0, m=58.0, s=16.868324401626182)","dms_tuple(d=-30.0, m=-59.0, s=-44.61720507175272)",209.570285,13.971352,-30.995727
67997,121934,,13.965818,32.600898,174.216,0.0,7.16,0.955,K0,0.963,CVn,36.141,153,333.40358783117154,HD121934_TypK0_Mag7.16,"hms_tuple(h=13.0, m=58.0, s=18.964406682452477)","dms_tuple(d=32.0, m=34.0, s=11.216390136821133)",209.579018,13.971935,32.569782
68005,121758,,13.966354,-25.998079,196.4637,0.0,6.42,-0.046,K1III,1.274,Hya,90.866,87,173.54791719623321,HD121758_TypK1_Mag6.42,"hms_tuple(h=13.0, m=58.0, s=19.525771414405995)","dms_tuple(d=-26.0, m=-1.0, s=-44.88911490170665)",209.581357,13.97209,-26.029136
68017,121881,,13.968709,2.783501,271.0027,0.0,7.62,0.455,K0,1.296,Vir,57.28,217,500.3012827613783,HD121881_TypK0_Mag7.62,"hms_tuple(h=13.0, m=58.0, s=25.93055481889806)","dms_tuple(d=2.0, m=45.0, s=8.698134000284483)",209.608044,13.97387,2.752416
68020,121769,,13.969359,-29.744273,273.9726,0.0,7.23,0.041,K2III,1.357,Hya,83.869,161,354.6440255695144,HD121769_TypK2_Mag7.23,"hms_tuple(h=13.0, m=58.0, s=31.071622006094373)","dms_tuple(d=-29.0, m=-46.0, s=-31.17178136877584)",209.629465,13.975298,-29.775325
68047,122251,,13.97467,64.893864,187.9699,0.0,7.04,0.67,K0,0.999,Dra,46.989,140,299.90868873980725,HD122251_TypK0_Mag7.04,"hms_tuple(h=13.0, m=59.0, s=12.496590319136516)","dms_tuple(d=64.0, m=51.0, s=45.613699508046466)",209.802069,13.986805,64.86267
68048,121883,,13.974957,-14.122065,142.2475,0.0,6.84,1.075,K0III,0.971,Vir,32.359,120,251.39328881580803,HD121883_TypK0_Mag6.84,"hms_tuple(h=13.0, m=58.0, s=48.98283256953249)","dms_tuple(d=-14.0, m=-9.0, s=-11.283075587827653)",209.704095,13.980273,-14.153134
68060,121980,,13.977752,14.649275,170.9402,-41.0,6.01,-0.154,K5III,1.43,Boo,100.369,63,120.86954873761292,HD121980_TypK5_Mag6.01,"hms_tuple(h=13.0, m=58.0, s=59.084715314705676)","dms_tuple(d=14.0, m=37.0, s=5.444577557704662)",209.746186,13.983079,14.618179
68069,122150,,13.97908,49.245981,395.2569,0.0,7.94,-0.044,K5,1.418,UMa,90.698,277,663.5111201850515,HD122150_TypK5_Mag7.94,"hms_tuple(h=13.0, m=59.0, s=13.095888562596372)","dms_tuple(d=49.0, m=12.0, s=53.41746348810716)",209.804566,13.986971,49.214838
68075,122021,,13.980753,14.562863,263.1579,0.0,7.37,0.269,K0,1.111,Boo,67.983,180,401.2706596517492,HD122021_TypK0_Mag7.37,"hms_tuple(h=13.0, m=59.0, s=9.880796394701576)","dms_tuple(d=14.0, m=31.0, s=54.36167996548292)",209.79117,13.986078,14.531767
68095,121957,,13.984354,-18.62291,183.1502,0.0,7.07,0.756,K0III,1.251,Vir,43.411,143,307.9529390460096,HD121957_TypK0_Mag7.07,"hms_tuple(h=13.0, m=59.0, s=23.26000334207933)","dms_tuple(d=-18.0, m=-39.0, s=-14.3090328990246)",209.846917,13.989794,-18.653975
68100,121896,,13.985859,-37.596329,208.3333,0.0,7.69,1.096,K1III,1.366,Cen,31.739,229,532.1744198083834,HD121896_TypK1_Mag7.69,"hms_tuple(h=13.0, m=59.0, s=32.52266610881435)","dms_tuple(d=-37.0, m=-37.0, s=-38.53605661974086)",209.885511,13.992367,-37.627371
68107,122363,,13.986305,64.385238,194.9318,0.0,7.11,0.661,K2,1.068,Dra,47.381,147,319.0152372679894,HD122363_TypK2_Mag7.11,"hms_tuple(h=13.0, m=59.0, s=53.573149871885164)","dms_tuple(d=64.0, m=21.0, s=14.56916791858248)",209.973221,13.998215,64.354047
68137,122236,,13.992524,48.549459,335.5705,0.0,7.85,0.221,K2,1.198,UMa,71.056,259,612.8614298360975,HD122236_TypK2_Mag7.85,"hms_tuple(h=14.0, m=0.0, s=1.1016081327653637)","dms_tuple(d=48.0, m=31.0, s=5.943540177804039)",210.00459,14.000306,48.518318
68150,122253,,13.994867,42.049806,101.2146,9.5,7.8,2.774,K0,0.916,CVn,6.767,249,586.4128089424291,HD122253_TypK0_Mag7.8,"hms_tuple(h=14.0, m=0.0, s=6.499071525834665)","dms_tuple(d=42.0, m=1.0, s=7.235943009291077)",210.027079,14.001805,42.018677
68179,122135,,14.001299,-8.16164,104.0583,-3.0,6.56,1.474,K0,1.05,Vir,22.408,97,196.3650370330839,HD122135_TypK0_Mag6.56,"hms_tuple(h=14.0, m=0.0, s=23.424458432990747)","dms_tuple(d=-8.0, m=-11.0, s=-33.773396482251314)",210.097602,14.006507,-8.192715
68181,122125,,14.00209,-13.466772,168.0672,0.0,7.68,1.553,K0III,1.122,Vir,20.835,227,527.4997120883073,HD122125_TypK0_Mag7.68,"hms_tuple(h=14.0, m=0.0, s=26.607842976359564)","dms_tuple(d=-13.0, m=-29.0, s=-52.23055375083504)",210.110866,14.007391,-13.497842
68196,122203,,14.00561,2.67457,290.6977,0.0,7.29,-0.027,K0,1.349,Vir,89.289,169,373.9239290957076,HD122203_TypK0_Mag7.29,"hms_tuple(h=14.0, m=0.0, s=38.77249046948563)","dms_tuple(d=2.0, m=38.0, s=36.54689186770639)",210.161552,14.01077,2.643485
68199,122326,,14.006509,39.029937,216.9197,0.0,6.63,-0.051,K2,1.297,CVn,91.285,102,208.87503841075554,HD122326_TypK2_Mag6.63,"hms_tuple(h=14.0, m=0.0, s=47.310043971102544)","dms_tuple(d=38.0, m=59.0, s=55.724680157388775)",210.197125,14.013142,38.998812
68248,122364,,14.017678,21.976284,164.4737,0.0,7.11,1.03,K0IV,0.91,Boo,33.729,147,319.0152372679894,HD122364_TypK0_Mag7.11,"hms_tuple(h=14.0, m=1.0, s=23.64714618192579)","dms_tuple(d=21.0, m=56.0, s=42.65029010129467)",210.34853,14.023235,21.945181
68255,122195,,14.018999,-37.470014,228.833,0.0,6.88,0.082,K2III,1.276,Cen,80.761,123,260.4238489413245,HD122195_TypK2_Mag6.88,"hms_tuple(h=14.0, m=1.0, s=31.78697169255301)","dms_tuple(d=-37.0, m=-30.0, s=-3.8027156074150525)",210.382446,14.025496,-37.501056
68274,122210,,14.021962,-40.221943,203.666,-45.0,6.12,-0.425,K1III,1.265,Cen,128.825,69,133.18838514701395,HD122210_TypK1_Mag6.12,"hms_tuple(h=14.0, m=1.0, s=43.377605587195376)","dms_tuple(d=-40.0, m=-15.0, s=-10.73222270395604)",210.43074,14.028716,-40.252981
68280,122209,,14.022741,-39.669762,377.3585,0.0,7.64,-0.244,K5/M0III,1.568,Cen,109.044,221,509.2079239683959,HD122209_TypK5_Mag7.64,"hms_tuple(h=14.0, m=1.0, s=45.98633193670821)","dms_tuple(d=-39.0, m=-42.0, s=-2.8837051643836276)",210.44161,14.029441,-39.700801
68282,122456,,14.022867,31.563596,323.6246,0.0,6.87,-0.68,K3III,1.419,CVn,162.93,123,258.1362429763933,HD122456_TypK3_Mag6.87,"hms_tuple(h=14.0, m=1.0, s=44.09260738457391)","dms_tuple(d=31.0, m=31.0, s=56.9339236350595)",210.433719,14.028915,31.532482
68289,122387,,14.02395,9.298752,229.3578,0.0,6.91,0.107,K0,1.392,Boo,78.922,126,267.409023780344,HD122387_TypK0_Mag6.91,"hms_tuple(h=14.0, m=1.0, s=45.02215127305945)","dms_tuple(d=9.0, m=16.0, s=3.5801162938442133)",210.437592,14.029173,9.267661
68294,122517,,14.026209,36.224201,108.5776,0.0,7.53,2.351,K0,0.84,CVn,9.991,203,462.11035531169057,HD122517_TypK0_Mag7.53,"hms_tuple(h=14.0, m=1.0, s=57.346201742329015)","dms_tuple(d=36.0, m=11.0, s=35.08973833996208)",210.488943,14.032596,36.19308
68317,122574,,14.030382,40.420041,210.5263,-22.5,6.81,0.193,K2,1.183,CVn,72.912,117,244.8264719937363,HD122574_TypK2_Mag6.81,"hms_tuple(h=14.0, m=2.0, s=13.738612083180186)","dms_tuple(d=40.0, m=23.0, s=20.09138284854089)",210.557244,14.03715,40.388914
68318,122909,,14.030746,68.678675,230.4147,-22.0,6.34,-0.473,K5,1.412,Dra,134.648,82,161.720568208778,HD122909_TypK5_Mag6.34,"hms_tuple(h=14.0, m=2.0, s=41.650943473737385)","dms_tuple(d=68.0, m=38.0, s=50.85314353870103)",210.673546,14.044903,68.647459
68348,122675,,14.036717,45.753457,170.068,-49.0,6.28,0.127,K2III,1.353,CVn,77.482,78,153.3820888800899,HD122675_TypK2_Mag6.28,"hms_tuple(h=14.0, m=2.0, s=38.761575817429446)","dms_tuple(d=45.0, m=43.0, s=20.356152011764266)",210.661507,14.0441,45.722321
68362,122430,,14.039662,-27.429773,134.7709,0.0,5.47,-0.178,K2/K3III,1.331,Hya,102.612,42,75.05876355198704,HD122430_TypK2_Mag5.47,"hms_tuple(h=14.0, m=2.0, s=43.69627741923125)","dms_tuple(d=-27.0, m=-27.0, s=-38.981629494371646)",210.682068,14.045471,-27.460828
68364,122548,,14.039958,10.327036,166.9449,0.0,7.12,1.007,K0,1.07,Boo,34.451,148,321.8423534887257,HD122548_TypK0_Mag7.12,"hms_tuple(h=14.0, m=2.0, s=42.70921879791018)","dms_tuple(d=10.0, m=17.0, s=45.39904530413807)",210.677955,14.045197,10.295944
68423,122577,,14.051132,-17.367012,111.8568,0.0,6.32,1.077,K2/K3III,1.38,Vir,32.3,80,158.89188662502437,HD122577_TypK2_Mag6.32,"hms_tuple(h=14.0, m=3.0, s=23.5215881703472)","dms_tuple(d=-17.0, m=-23.0, s=-53.080785925568534)",210.848007,14.056534,-17.398078
68434,122784,,14.053331,32.813753,100000.0,0.0,7.22,-12.78,K5III,1.519,CVn,11271974.562,160,351.52877406079745,HD122784_TypK5_Mag7.22,"hms_tuple(h=14.0, m=3.0, s=34.063738134323955)","dms_tuple(d=32.0, m=46.0, s=57.493405351694946)",210.891932,14.059462,32.782637
68440,122767,,14.054368,24.597455,662.2517,-21.4,7.96,-1.145,K3III,1.33,Boo,250.035,282,675.323313533301,HD122767_TypK3_Mag7.96,"hms_tuple(h=14.0, m=3.0, s=36.128453149124056)","dms_tuple(d=24.0, m=33.0, s=58.855708308683745)",210.900535,14.060036,24.566349
68442,123262,,14.055647,70.288102,490.1961,0.0,7.74,-0.712,K5,1.438,UMi,167.803,238,556.1767595666211,HD123262_TypK5_Mag7.74,"hms_tuple(h=14.0, m=4.0, s=15.262763191913677)","dms_tuple(d=70.0, m=15.0, s=24.74745600032975)",211.063595,14.070906,70.256874
68452,122796,,14.057587,27.509936,161.8123,-35.5,7.18,1.135,K1III,1.047,Boo,30.62,155,339.33902361009757,HD122796_TypK1_Mag7.18,"hms_tuple(h=14.0, m=3.0, s=48.22969312528514)","dms_tuple(d=27.0, m=28.0, s=43.7754812287335)",210.950957,14.063397,27.478827
68459,122679,,14.058699,-10.731275,346.0208,0.0,7.49,-0.206,K5,1.62,Vir,105.293,197,446.0860343240754,HD122679_TypK5_Mag7.49,"hms_tuple(h=14.0, m=3.0, s=50.205376274237494)","dms_tuple(d=-10.0, m=-45.0, s=-44.45073693374866)",210.959189,14.063946,-10.762347
68486,122833,,14.065307,12.72611,349.6503,0.0,7.01,-0.708,K0,1.124,Boo,167.186,136,292.07456782282145,HD122833_TypK0_Mag7.01,"hms_tuple(h=14.0, m=4.0, s=14.126934333861243)","dms_tuple(d=12.0, m=41.0, s=42.057254569317024)",211.058862,14.070591,12.695016
68488,122834,,14.065814,11.282464,127.7139,0.0,6.7,1.169,K0,1.168,Boo,29.676,108,222.1820255290352,HD122834_TypK0_Mag6.7,"hms_tuple(h=14.0, m=4.0, s=15.85076033630898)","dms_tuple(d=11.0, m=15.0, s=4.936599941277819)",211.066045,14.07107,11.251371
68489,122771,,14.066041,-9.745089,155.0388,0.0,7.26,1.308,K0,0.992,Vir,26.11,165,364.156405231697,HD122771_TypK0_Mag7.26,"hms_tuple(h=14.0, m=4.0, s=16.5777623048227)","dms_tuple(d=-9.0, m=-46.0, s=-34.18447584259084)",211.069074,14.071272,-9.776162
68495,122641,,14.06709,-38.459628,193.7984,0.0,7.91,1.473,K0III,1.079,Cen,22.428,271,646.179090335777,HD122641_TypK0_Mag7.91,"hms_tuple(h=14.0, m=4.0, s=25.232317362927716)","dms_tuple(d=-38.0, m=-29.0, s=-26.40789176031774)",211.105135,14.073676,-38.490669
68500,122665,,14.067479,-37.772375,406.5041,0.0,7.98,-0.065,K5III,1.658,Cen,92.47,286,687.3457941057625,HD122665_TypK5_Mag7.98,"hms_tuple(h=14.0, m=4.0, s=26.41040454198901)","dms_tuple(d=-37.0, m=-48.0, s=-12.300734438086351)",211.110043,14.074003,-37.803417
68519,122815,,14.070711,-5.381416,100.9082,-9.0,6.39,1.37,K0,1.321,Vir,24.66,85,169.01455281149524,HD122815_TypK0_Mag6.39,"hms_tuple(h=14.0, m=4.0, s=33.19942955944043)","dms_tuple(d=-5.0, m=-24.0, s=-44.976241596216795)",211.138331,14.075889,-5.412493
68543,122837,,14.074161,-14.971708,125.9446,-15.0,6.35,0.849,K1III+...,1.081,Vir,39.847,82,163.15373750039242,HD122837_TypK1_Mag6.35,"hms_tuple(h=14.0, m=4.0, s=46.19118251579607)","dms_tuple(d=-15.0, m=-0.0, s=-9.994902028523)",211.192463,14.079498,-15.002776
68546,123133,,14.074527,52.415662,492.6108,0.0,7.81,-0.653,K0,1.267,UMa,158.928,251,591.6096051155723,HD123133_TypK0_Mag7.81,"hms_tuple(h=14.0, m=4.0, s=58.70016344920458)","dms_tuple(d=52.0, m=23.0, s=4.24301674197352)",211.244584,14.082972,52.384512
68556,122910,,14.077063,2.297531,120.1923,-29.0,6.28,0.881,K0,1.022,Vir,38.69,78,153.3820888800899,HD122910_TypK0_Mag6.28,"hms_tuple(h=14.0, m=4.0, s=55.99805016878662)","dms_tuple(d=2.0, m=15.0, s=59.20773007295708)",211.233325,14.082222,2.266447
68583,122900,,14.084923,-22.622133,155.7632,0.0,7.21,1.248,K0III,0.988,Hya,27.593,159,348.44088743422355,HD122900_TypK0_Mag7.21,"hms_tuple(h=14.0, m=5.0, s=25.830793967173094)","dms_tuple(d=-22.0, m=-39.0, s=-11.496852157848139)",211.357628,14.090509,-22.653194
68586,122993,,14.086816,-7.276582,189.3939,0.0,7.69,1.303,K0,1.282,Vir,26.23,229,532.1744198083834,HD122993_TypK0_Mag7.69,"hms_tuple(h=14.0, m=5.0, s=31.24628464053174)","dms_tuple(d=-7.0, m=-18.0, s=-27.56755149052175)",211.380193,14.092013,-7.307658
68594,123338,,14.088282,56.520646,142.6534,0.0,7.09,1.319,K0III-IV,1.044,UMa,25.846,145,313.4352882448582,HD123338_TypK0_Mag7.09,"hms_tuple(h=14.0, m=5.0, s=51.42699287559225)","dms_tuple(d=56.0, m=29.0, s=22.145518659701793)",211.464279,14.097619,56.489485
68604,123802,,14.091778,74.715332,191.9386,-68.6,7.5,1.084,K0,1.165,UMi,32.092,198,450.03925321819855,HD123802_TypK0_Mag7.5,"hms_tuple(h=14.0, m=6.0, s=40.6540715706123)","dms_tuple(d=74.0, m=41.0, s=2.6129728899513793)",211.669392,14.111293,74.684059
68614,123190,,14.094814,22.731019,167.5042,0.0,7.69,1.57,K0,1.16,Boo,20.512,229,532.1744198083834,HD123190_TypK0_Mag7.69,"hms_tuple(h=14.0, m=6.0, s=1.4452462124518206)","dms_tuple(d=22.0, m=41.0, s=59.693398948083995)",211.506022,14.100401,22.699915
68658,123232,,14.10359,10.826127,735.2941,0.0,7.71,-1.622,K5,1.613,Boo,387.972,233,541.648484297334,HD123232_TypK5_Mag7.71,"hms_tuple(h=14.0, m=6.0, s=31.815027898822166)","dms_tuple(d=10.0, m=47.0, s=42.12495258127362)",211.632563,14.108838,10.795035
68672,123422,,14.105693,48.880864,377.3585,0.0,7.45,-0.434,K5,1.398,UMa,129.897,191,430.6173790127683,HD123422_TypK5_Mag7.45,"hms_tuple(h=14.0, m=6.0, s=48.69496299801611)","dms_tuple(d=48.0, m=50.0, s=58.99904784111243)",211.702896,14.113526,48.849722
68674,123123,,14.106193,-26.682361,30.9598,27.3,3.25,0.796,K2III,1.091,Hya,41.841,7,10.586412605065927,HD123123_TypK2_Mag3.25,"hms_tuple(h=14.0, m=6.0, s=43.06881439917319)","dms_tuple(d=-26.0, m=-42.0, s=-48.30152043595206)",211.679453,14.111964,-26.713417
68680,123254,,14.106935,7.004782,273.224,0.0,7.15,-0.033,K0,1.1,Vir,89.784,152,330.4749158245449,HD123254_TypK0_Mag7.15,"hms_tuple(h=14.0, m=6.0, s=43.661028213289086)","dms_tuple(d=6.0, m=58.0, s=25.295790086444754)",211.681921,14.112128,6.973693
68683,123351,,14.107264,30.846479,97.8474,0.0,7.58,2.627,K0,1.029,CVn,7.748,211,482.9526381068404,HD123351_TypK0_Mag7.58,"hms_tuple(h=14.0, m=6.0, s=47.75756951452138)","dms_tuple(d=30.0, m=48.0, s=55.31593483778721)",211.69899,14.113266,30.815366
68684,123399,,14.107459,38.417561,183.1502,-16.9,7.97,1.656,K0,0.89,CVn,18.95,284,681.3080354866522,HD123399_TypK0_Mag7.97,"hms_tuple(h=14.0, m=6.0, s=50.52651049650706)","dms_tuple(d=38.0, m=23.0, s=11.174375341529412)",211.710527,14.114035,38.386437
68697,123194,,14.109235,-17.456175,353.3569,0.0,7.68,-0.061,K5III,1.7,Vir,92.13,227,527.4997120883073,HD123194_TypK5_Mag7.68,"hms_tuple(h=14.0, m=6.0, s=52.70189885386159)","dms_tuple(d=-17.0, m=-29.0, s=-14.06726479662467)",211.719591,14.114639,-17.487241
68698,123323,,14.10926,17.912012,222.2222,0.0,7.7,0.966,K0,1.06,Boo,35.777,231,536.8905548349917,HD123323_TypK0_Mag7.7,"hms_tuple(h=14.0, m=6.0, s=52.83456725798331)","dms_tuple(d=17.0, m=52.0, s=51.28616983442129)",211.720144,14.114676,17.880913
68711,123518,,14.111463,53.312304,209.205,0.0,7.13,0.527,K0,0.999,Boo,53.604,149,324.6945236416619,HD123518_TypK0_Mag7.13,"hms_tuple(h=14.0, m=7.0, s=12.30389298911902)","dms_tuple(d=53.0, m=16.0, s=52.14616290413346)",211.801266,14.120084,53.281152
68713,123139,Menkent,14.111395,-36.369954,18.0343,1.3,2.06,0.78,K0IIIb,1.011,Cen,42.462,3,3.7048307662983833,HD123139_TypK0_Mag2.06,"hms_tuple(h=14.0, m=7.0, s=4.0771704477111825)","dms_tuple(d=-36.0, m=-24.0, s=-3.5923624218901296)",211.766988,14.117799,-36.400998
68715,123408,,14.111557,34.778567,127.3885,-3.4,7.02,1.494,K0,1.015,CVn,21.999,137,294.66293556170405,HD123408_TypK0_Mag7.02,"hms_tuple(h=14.0, m=7.0, s=4.189294160783703)","dms_tuple(d=34.0, m=44.0, s=50.81448380319728)",211.767455,14.11783,34.747448
68731,123324,,14.114982,0.952917,367.6471,0.0,7.95,0.123,K0,1.183,Vir,77.768,280,669.391162362906,HD123324_TypK0_Mag7.95,"hms_tuple(h=14.0, m=7.0, s=12.494324377198325)","dms_tuple(d=0.0, m=55.0, s=18.601741316922897)",211.80206,14.120137,0.921834
68734,123409,,14.11551,28.438043,173.0104,-55.1,6.89,0.7,K0,0.998,Boo,45.709,124,262.73172769318006,HD123409_TypK0_Mag6.89,"hms_tuple(h=14.0, m=7.0, s=16.932991213353716)","dms_tuple(d=28.0, m=24.0, s=24.95678276837822)",211.820554,14.12137,28.406932
68761,123532,,14.122522,42.098508,158.4786,0.0,7.2,1.2,K0,1.032,Boo,28.84,158,345.3801253121633,HD123532_TypK0_Mag7.2,"hms_tuple(h=14.0, m=7.0, s=46.07622462784093)","dms_tuple(d=42.0, m=4.0, s=2.562853544961854)",211.941984,14.129466,42.067379
68775,123258,,14.125919,-40.651129,625.0,0.0,7.83,-1.149,K2III,1.357,Cen,250.957,255,602.141767772257,HD123258_TypK2_Mag7.83,"hms_tuple(h=14.0, m=7.0, s=57.77868164116484)","dms_tuple(d=-40.0, m=-40.0, s=-55.79939190658649)",211.990745,14.132716,-40.682166
68804,123472,,14.130574,-0.055998,253.1646,0.0,7.27,0.253,K5,1.491,Vir,68.992,166,367.38356293404297,HD123472_TypK5_Mag7.27,"hms_tuple(h=14.0, m=8.0, s=8.623143779584268)","dms_tuple(d=-0.0, m=-5.0, s=-13.488951211815134)",212.03593,14.135729,-0.08708
68809,123519,,14.131288,16.866609,473.9336,14.7,7.78,-0.599,K2,1.49,Boo,151.217,245,576.1557641428401,HD123519_TypK2_Mag7.78,"hms_tuple(h=14.0, m=8.0, s=12.024475188391364)","dms_tuple(d=16.0, m=50.0, s=7.839131609017613)",212.050102,14.136673,16.835511
68846,123612,,14.137739,24.315051,282.4859,-28.4,6.57,-0.685,K5III,1.499,Boo,163.682,97,198.10522595363804,HD123612_TypK5_Mag6.57,"hms_tuple(h=14.0, m=8.0, s=36.21843161989318)","dms_tuple(d=24.0, m=17.0, s=2.2024249597509993)",212.15091,14.143394,24.283945
68856,123428,,14.13936,-33.052943,194.9318,-32.5,7.26,0.811,K0III,1.02,Cen,41.267,165,364.156405231697,HD123428_TypK0_Mag7.26,"hms_tuple(h=14.0, m=8.0, s=43.84346521837557)","dms_tuple(d=-33.0, m=-5.0, s=-2.3688763460086193)",212.182681,14.145512,-33.083991
68861,123512,,14.140247,-12.565439,483.0918,0.0,7.86,-0.56,K2III,1.341,Vir,145.881,261,618.2926139519136,HD123512_TypK2_Mag7.86,"hms_tuple(h=14.0, m=8.0, s=43.90359826577466)","dms_tuple(d=-12.0, m=-35.0, s=-47.434867047216756)",212.182932,14.145529,-12.59651
68886,123977,,14.146143,59.337649,119.7605,11.0,6.47,1.078,K0III,1.023,UMa,32.27,90,181.37534353960828,HD123977_TypK0_Mag6.47,"hms_tuple(h=14.0, m=9.0, s=22.46879188537946)","dms_tuple(d=59.0, m=18.0, s=23.323564939452694)",212.34362,14.156241,59.306479
68891,124547,,14.147498,77.547514,140.056,6.0,4.8,-0.932,K3III,1.368,UMi,205.494,25,41.55974955696644,HD124547_TypK3_Mag4.8,"hms_tuple(h=14.0, m=10.0, s=16.839050254760224)","dms_tuple(d=77.0, m=30.0, s=58.30564203478161)",212.570163,14.171344,77.516196
68910,123876,,14.150738,43.74275,160.0,0.0,7.7,1.679,K2,1.151,Boo,18.552,231,536.8905548349917,HD123876_TypK2_Mag7.7,"hms_tuple(h=14.0, m=9.0, s=28.329231191569306)","dms_tuple(d=43.0, m=42.0, s=41.82401048450572)",212.368038,14.157869,43.711618
68919,123712,,14.153115,7.38496,180.5054,0.0,7.13,0.848,K0,0.99,Vir,39.884,149,324.6945236416619,HD123712_TypK0_Mag7.13,"hms_tuple(h=14.0, m=9.0, s=29.92462604349612)","dms_tuple(d=7.0, m=21.0, s=13.935324176165196)",212.374686,14.158312,7.353871
68937,123913,,14.156976,40.039293,257.0694,0.0,7.98,0.93,K0,0.947,Boo,36.983,286,687.3457941057625,HD123913_TypK0_Mag7.98,"hms_tuple(h=14.0, m=9.0, s=49.34058369306186)","dms_tuple(d=40.0, m=0.0, s=29.400722172431415)",212.455586,14.163706,40.008167
68944,123739,,14.157803,2.797576,212.3142,0.0,6.8,0.165,K0,1.02,Vir,74.817,116,242.67587595584382,HD123739_TypK0_Mag6.8,"hms_tuple(h=14.0, m=9.0, s=46.669174790800696)","dms_tuple(d=2.0, m=45.0, s=59.36808775543227)",212.444455,14.162964,2.766491
68962,123877,,14.161655,25.845987,434.7826,19.0,7.93,-0.261,K5III,1.49,Boo,110.764,275,657.682729265769,HD123877_TypK5_Mag7.93,"hms_tuple(h=14.0, m=10.0, s=2.5718701206130845)","dms_tuple(d=25.0, m=48.0, s=53.565909834540264)",212.510716,14.167381,25.814879
68966,123879,,14.162918,19.74016,278.5515,0.0,7.75,0.525,K0,1.29,Boo,53.703,240,561.1056035680328,HD123879_TypK0_Mag7.75,"hms_tuple(h=14.0, m=10.0, s=6.216275819728878)","dms_tuple(d=19.0, m=42.0, s=32.61228232843109)",212.525901,14.168393,19.709059
68969,123825,,14.164944,-0.65134,515.4639,0.0,7.25,-1.311,K5,1.549,Vir,291.34,164,360.95759541392204,HD123825_TypK5_Mag7.25,"hms_tuple(h=14.0, m=10.0, s=12.356438655736213)","dms_tuple(d=-0.0, m=-40.0, s=-56.718199582898876)",212.551485,14.170099,-0.682422
68976,124018,,14.16659,40.778209,171.8213,0.0,7.15,0.975,K2,1.21,Boo,35.481,152,330.4749158245449,HD124018_TypK2_Mag7.15,"hms_tuple(h=14.0, m=10.0, s=24.218152402128368)","dms_tuple(d=40.0, m=44.0, s=49.49414820134791)",212.600909,14.173394,40.747082
68977,124101,,14.166677,52.252962,598.8024,0.0,7.88,-1.006,K0,0.96,Boo,219.989,265,629.299802346522,HD124101_TypK0_Mag7.88,"hms_tuple(h=14.0, m=10.0, s=30.32865271621219)","dms_tuple(d=52.0, m=13.0, s=18.52444309676116)",212.626369,14.175091,52.221812
68985,124369,,14.16912,68.863384,251.2563,0.0,6.54,-0.461,K0,1.24,UMi,133.168,95,192.9303832342453,HD124369_TypK0_Mag6.54,"hms_tuple(h=14.0, m=11.0, s=0.2213767539467426)","dms_tuple(d=68.0, m=49.0, s=55.8009384301306)",212.750922,14.183395,68.832167
69004,124085,,14.173834,39.526295,96.0615,0.0,7.97,3.057,K0,0.983,Boo,5.214,284,681.3080354866522,HD124085_TypK0_Mag7.97,"hms_tuple(h=14.0, m=10.0, s=49.84963373301596)","dms_tuple(d=39.0, m=29.0, s=42.61076715091917)",212.707707,14.180514,39.49517
69014,123919,,14.174651,-6.559608,460.8295,0.0,7.89,-0.428,K0,0.971,Vir,129.181,267,634.876663483802,HD123919_TypK0_Mag7.89,"hms_tuple(h=14.0, m=10.0, s=47.42377145594432)","dms_tuple(d=-6.0, m=-35.0, s=-26.46353666896829)",212.697599,14.17984,-6.590684
69035,123790,,14.178343,-39.715417,431.0345,0.0,7.95,-0.223,K0III,0.956,Cen,106.955,280,669.391162362906,HD123790_TypK0_Mag7.95,"hms_tuple(h=14.0, m=11.0, s=6.169506142346535)","dms_tuple(d=-39.0, m=-44.0, s=-47.24145218247941)",212.775706,14.185047,-39.746456
69037,124034,,14.178715,15.290755,258.3979,-18.0,6.95,-0.111,K2,1.427,Boo,96.472,130,277.01490180011757,HD124034_TypK2_Mag6.95,"hms_tuple(h=14.0, m=11.0, s=2.6088877700418323)","dms_tuple(d=15.0, m=15.0, s=34.77032507883422)",212.76087,14.184058,15.259658
69045,124532,,14.180655,70.063819,307.6923,0.0,7.95,0.509,K0,0.951,UMi,54.5,280,669.391162362906,HD124532_TypK0_Mag7.95,"hms_tuple(h=14.0, m=11.0, s=44.699291068546785)","dms_tuple(d=70.0, m=1.0, s=57.33502934130229)",212.936247,14.19575,70.032593
69048,123888,,14.181071,-32.075702,302.1148,0.0,6.64,-0.761,K1III,1.189,Cen,175.55,103,210.72609108853683,HD123888_TypK1_Mag6.64,"hms_tuple(h=14.0, m=11.0, s=13.762832041444426)","dms_tuple(d=-32.0, m=-6.0, s=-24.305789673246068)",212.807345,14.187156,-32.106752
69056,123905,,14.18186,-25.321036,328.9474,0.0,7.85,0.264,K3III,1.438,Hya,68.297,259,612.8614298360975,HD123905_TypK3_Mag7.85,"hms_tuple(h=14.0, m=11.0, s=15.230308532104573)","dms_tuple(d=-25.0, m=-21.0, s=-7.5370479027662896)",212.81346,14.187564,-25.352094
69066,124002,,14.182913,-2.67445,671.1409,0.0,7.66,-1.474,K0,1.065,Vir,338.532,224,518.2731261472211,HD124002_TypK0_Mag7.66,"hms_tuple(h=14.0, m=11.0, s=17.064230178334725)","dms_tuple(d=-2.0, m=-42.0, s=-19.90756136275195)",212.821101,14.188073,-2.70553
69082,123983,,14.185479,-11.952679,355.8719,0.0,7.46,-0.296,K0,1.208,Vir,114.393,192,434.43351452893916,HD123983_TypK0_Mag7.46,"hms_tuple(h=14.0, m=11.0, s=26.69454799997567)","dms_tuple(d=-11.0, m=-59.0, s=-1.5009710200216375)",212.861227,14.190748,-11.98375
69093,124186,,14.187534,32.295892,110.742,-22.0,6.14,0.918,K4III,1.258,Boo,37.394,70,135.5594787266646,HD124186_TypK4_Mag6.14,"hms_tuple(h=14.0, m=11.0, s=37.06769357419276)","dms_tuple(d=32.0, m=15.0, s=53.196193150671434)",212.904449,14.19363,32.264777
69103,123951,,14.188709,-29.784702,215.5172,0.0,7.58,0.913,K0/K1III,1.195,Hya,37.566,211,482.9526381068404,HD123951_TypK0_Mag7.58,"hms_tuple(h=14.0, m=11.0, s=40.740261787120744)","dms_tuple(d=-29.0, m=-48.0, s=-56.716005391346584)",212.919751,14.19465,-29.815754
69106,123969,,14.18917,-26.344186,340.1361,0.0,7.91,0.252,K5III,1.616,Hya,69.056,271,646.179090335777,HD123969_TypK5_Mag7.91,"hms_tuple(h=14.0, m=11.0, s=41.72485293926243)","dms_tuple(d=-26.0, m=-22.0, s=-30.872905608902386)",212.923854,14.194924,-26.375242
69127,124291,,14.193638,42.340723,199.2032,0.0,6.88,0.384,K0,0.979,Boo,61.15,123,260.4238489413245,HD124291_TypK0_Mag6.88,"hms_tuple(h=14.0, m=12.0, s=2.189788897581053)","dms_tuple(d=42.0, m=18.0, s=34.53540728916778)",213.009124,14.200608,42.309593
69129,124117,,14.194902,-5.857463,235.2941,0.0,7.35,0.492,K0,0.994,Vir,55.36,177,394.25196723909164,HD124117_TypK0_Mag7.35,"hms_tuple(h=14.0, m=12.0, s=0.3023590158124989)","dms_tuple(d=-5.0, m=-53.0, s=-18.743865834965305)",213.00126,14.200084,-5.88854
69133,124087,,14.19607,-19.017568,146.8429,0.0,7.74,1.906,K0III,1.089,Vir,15.052,238,556.1767595666211,HD124087_TypK0_Mag7.74,"hms_tuple(h=14.0, m=12.0, s=5.483718742074046)","dms_tuple(d=-19.0, m=-2.0, s=-55.07638839941251)",213.022849,14.201523,-19.048632
69134,124106,,14.19616,-12.611766,23.3863,7.6,7.93,6.085,K1V,0.865,Vir,0.321,275,657.682729265769,HD124106_TypK1_Mag7.93,"hms_tuple(h=14.0, m=12.0, s=5.193840673107815)","dms_tuple(d=-12.0, m=-38.0, s=-34.211907575880645)",213.021641,14.201443,-12.642837
69175,124162,,14.206824,-24.363352,171.2329,11.0,6.35,0.182,K2III,1.351,Hya,73.655,82,163.15373750039242,HD124162_TypK2_Mag6.35,"hms_tuple(h=14.0, m=12.0, s=44.94219377504251)","dms_tuple(d=-24.0, m=-23.0, s=-39.878462083838144)",213.187259,14.212484,-24.394411
69192,124206,,14.212785,-27.261186,66.7111,27.0,5.07,0.949,K2III,1.13,Hya,36.341,31,52.73885165418213,HD124206_TypK2_Mag5.07,"hms_tuple(h=14.0, m=13.0, s=6.907237123092074)","dms_tuple(d=-27.0, m=-17.0, s=-32.069130307620526)",213.27878,14.218585,-27.292241
69193,124753,,14.212811,64.923018,456.621,0.0,7.68,-0.618,K5,1.469,Dra,153.886,227,527.4997120883073,HD124753_TypK5_Mag7.68,"hms_tuple(h=14.0, m=13.0, s=29.85161903097662)","dms_tuple(d=64.0, m=53.0, s=30.567569319539416)",213.374382,14.224959,64.891824
69194,124321,,14.213057,8.008071,173.0104,0.0,7.62,1.43,K0,1.159,Boo,23.335,217,500.3012827613783,HD124321_TypK0_Mag7.62,"hms_tuple(h=14.0, m=13.0, s=5.743233510350336)","dms_tuple(d=7.0, m=58.0, s=37.13284460456137)",213.27393,14.218262,7.976981
69204,124294,Kang,14.214929,-10.273702,78.125,-4.0,4.18,-0.284,K3III,1.323,Vir,113.136,15,24.049346503148676,HD124294_TypK3_Mag4.18,"hms_tuple(h=14.0, m=13.0, s=12.605347088848333)","dms_tuple(d=-10.0, m=-18.0, s=-17.189488721720352)",213.302522,14.220168,-10.304775
69210,124226,,14.215654,-25.504339,205.7613,0.0,7.21,0.643,K0III,0.986,Hya,48.173,159,348.44088743422355,HD124226_TypK0_Mag7.21,"hms_tuple(h=14.0, m=13.0, s=16.919987739860858)","dms_tuple(d=-25.0, m=-32.0, s=-7.427111026243267)",213.3205,14.221367,-25.535396
69235,124281,,14.220349,-26.612309,162.6016,-10.0,6.23,0.174,K0III,1.071,Hya,74.199,75,146.76273820280338,HD124281_TypK0_Mag6.23,"hms_tuple(h=14.0, m=13.0, s=34.017655904820714)","dms_tuple(d=-26.0, m=-38.0, s=-36.1146080427784)",213.39174,14.226116,-26.643365
69243,124353,,14.221849,-8.444632,234.7418,0.0,7.16,0.307,K0,1.061,Vir,65.645,153,333.40358783117154,HD124353_TypK0_Mag7.16,"hms_tuple(h=14.0, m=13.0, s=37.418028618156)","dms_tuple(d=-8.0, m=-28.0, s=-32.54364892836364)",213.405908,14.227061,-8.475707
69284,124624,,14.229484,37.573291,490.1961,0.0,7.99,-0.462,K5III,1.509,Boo,133.291,288,693.4370594020932,HD124624_TypK5_Mag7.99,"hms_tuple(h=14.0, m=14.0, s=9.545863957710168)","dms_tuple(d=37.0, m=32.0, s=31.806828048373177)",213.539774,14.235985,37.542169
69289,124410,,14.229862,-13.341074,100000.0,0.0,7.79,-12.21,K5/M0III,1.628,Vir,6668067.692,247,581.2616622824664,HD124410_TypK5_Mag7.79,"hms_tuple(h=14.0, m=14.0, s=6.577044450409488)","dms_tuple(d=-13.0, m=-22.0, s=-19.71818929959099)",213.527404,14.23516,-13.372144
69290,124641,,14.229902,41.187593,168.9189,0.0,7.99,1.852,K2,1.0,Boo,15.82,288,693.4370594020932,HD124641_TypK2_Mag7.99,"hms_tuple(h=14.0, m=14.0, s=12.29370346222808)","dms_tuple(d=41.0, m=9.0, s=23.274195593444915)",213.551224,14.236748,41.156465
69294,124517,,14.230406,11.997745,170.9402,0.0,6.59,0.426,K0,1.006,Boo,58.83,99,201.63200517568157,HD124517_TypK0_Mag6.59,"hms_tuple(h=14.0, m=14.0, s=8.430547267410873)","dms_tuple(d=11.0, m=57.0, s=59.945756270306845)",213.535127,14.235675,11.966652
69299,124493,,14.231717,7.121475,145.3488,0.0,7.5,1.688,K0,1.149,Vir,18.399,198,450.03925321819855,HD124493_TypK0_Mag7.5,"hms_tuple(h=14.0, m=14.0, s=12.880925530319445)","dms_tuple(d=7.0, m=5.0, s=25.390201747853425)",213.553671,14.236911,7.090386
69304,124731,,14.233002,45.424056,207.9002,0.0,7.3,0.711,K0,0.979,Boo,45.248,170,377.23764669214916,HD124731_TypK0_Mag7.3,"hms_tuple(h=14.0, m=14.0, s=25.232212975086412)","dms_tuple(d=45.0, m=23.0, s=34.514754448612166)",213.605134,14.240342,45.392921
69317,124549,,14.235753,7.881119,252.5253,0.0,7.79,0.778,K5,1.501,Boo,42.54,247,581.2616622824664,HD124549_TypK5_Mag7.79,"hms_tuple(h=14.0, m=14.0, s=27.44306326486509)","dms_tuple(d=7.0, m=51.0, s=0.10606879233364452)",213.614346,14.240956,7.850029
69323,124696,,14.236525,35.603619,325.7329,0.0,6.91,-0.654,K5III,1.6,Boo,159.074,126,267.409023780344,HD124696_TypK5_Mag6.91,"hms_tuple(h=14.0, m=14.0, s=34.30433470541331)","dms_tuple(d=35.0, m=34.0, s=20.997637285399264)",213.642935,14.242862,35.572499
69346,124755,,14.239876,41.518757,45.7666,-10.0,6.23,2.927,K3III:,1.071,Boo,5.878,75,146.76273820280338,HD124755_TypK3_Mag6.23,"hms_tuple(h=14.0, m=14.0, s=48.32566917196729)","dms_tuple(d=41.0, m=29.0, s=15.462670893970767)",213.701357,14.246757,41.487629
69349,124551,,14.240957,-4.785604,502.5126,0.0,7.85,-0.656,K0,1.291,Vir,159.368,259,612.8614298360975,HD124551_TypK0_Mag7.85,"hms_tuple(h=14.0, m=14.0, s=46.06768856616753)","dms_tuple(d=-4.0, m=-49.0, s=-0.05501032442282394)",213.691949,14.24613,-4.816682
69357,124796,,14.242599,39.276433,166.6667,0.0,7.38,1.271,K2III,1.08,Boo,27.015,181,404.82672424766696,HD124796_TypK2_Mag7.38,"hms_tuple(h=14.0, m=14.0, s=57.317739014008)","dms_tuple(d=39.0, m=14.0, s=43.10893765294054)",213.738824,14.249255,39.245308
69362,124678,,14.243224,13.975451,144.0922,0.0,6.45,0.657,K2,1.348,Boo,47.555,89,178.20287698386963,HD124678_TypK2_Mag6.45,"hms_tuple(h=14.0, m=14.0, s=54.72659055268977)","dms_tuple(d=13.0, m=56.0, s=39.680529494821)",213.728027,14.248535,13.944356
69363,124572,,14.243593,-5.326842,319.4888,0.0,7.72,0.198,K0,1.093,Vir,72.577,234,546.4485785781236,HD124572_TypK0_Mag7.72,"hms_tuple(h=14.0, m=14.0, s=55.57295597851052)","dms_tuple(d=-5.0, m=-21.0, s=-28.51002207880363)",213.731554,14.24877,-5.357919
69389,124679,,14.247458,10.10061,81.2348,17.0,5.29,0.741,K1III,1.007,Boo,44.015,36,64.03679304902215,HD124679_TypK1_Mag5.29,"hms_tuple(h=14.0, m=15.0, s=9.69583592394443)","dms_tuple(d=10.0, m=4.0, s=10.266211472540334)",213.790399,14.252693,10.069518
69390,124575,,14.247755,-21.064756,641.0256,-21.0,7.47,-1.564,K3/K4III,1.47,Vir,367.79,194,438.2834686761904,HD124575_TypK3_Mag7.47,"hms_tuple(h=14.0, m=15.0, s=11.80773721179662)","dms_tuple(d=-21.0, m=-5.0, s=-44.94558062951768)",213.799199,14.25328,-21.095818
69402,124483,,14.250409,-40.90064,100000.0,0.0,6.96,-13.04,K2III,1.383,Cen,14321878.993,131,279.4698106282087,HD124483_TypK2_Mag6.96,"hms_tuple(h=14.0, m=15.0, s=26.03486012359184)","dms_tuple(d=-40.0, m=-55.0, s=-54.0375643156068)",213.858479,14.257232,-40.931677
69450,124897,Arcturus,14.26103,19.18241,11.2575,-5.0,-0.05,-0.307,K2IIIp,1.239,Boo,115.558,0,0.5757914846014354,HD124897_TypK2_Mag-0.05,"hms_tuple(h=14.0, m=15.0, s=59.351905072141165)","dms_tuple(d=19.0, m=9.0, s=4.71433814504735)",213.9973,14.266487,19.15131
69451,125075,,14.261594,50.991225,273.9726,0.0,7.93,0.741,K0,1.125,Boo,44.015,275,657.682729265769,HD125075_TypK0_Mag7.93,"hms_tuple(h=14.0, m=16.0, s=11.199994731478)","dms_tuple(d=50.0, m=57.0, s=36.281961119543666)",214.046667,14.269778,50.960078
69452,124801,,14.261711,-7.665917,185.1852,0.0,7.55,1.212,K0,1.232,Vir,28.523,206,470.3371004243402,HD124801_TypK0_Mag7.55,"hms_tuple(h=14.0, m=16.0, s=0.88503427114631)","dms_tuple(d=-7.0, m=-41.0, s=-49.172253116128104)",214.003688,14.266913,-7.696992
69460,124759,,14.263953,-16.081369,181.8182,0.0,7.98,1.682,K0III,1.226,Vir,18.501,286,687.3457941057625,HD124759_TypK0_Mag7.98,"hms_tuple(h=14.0, m=16.0, s=9.54625435234476)","dms_tuple(d=-16.0, m=-6.0, s=-44.770582481062036)",214.039776,14.269318,-16.112436
69480,125076,,14.267333,45.566268,140.2525,0.0,6.5,0.765,K0,1.041,Boo,43.053,92,186.24025315238663,HD125076_TypK0_Mag6.5,"hms_tuple(h=14.0, m=16.0, s=28.890556897666784)","dms_tuple(d=45.0, m=32.0, s=6.477006758406674)",214.120377,14.274692,45.535133
69487,125372,,14.268869,67.68928,267.3797,0.0,7.96,0.824,K2,1.11,UMi,40.776,282,675.323313533301,HD125372_TypK2_Mag7.96,"hms_tuple(h=14.0, m=16.0, s=56.74486513619371)","dms_tuple(d=67.0, m=39.0, s=29.054574693439008)",214.236437,14.282429,67.658071
69516,126066,,14.274044,79.336776,662.2517,0.0,7.94,-1.165,K2,1.536,UMi,254.683,277,663.5111201850515,HD126066_TypK2_Mag7.94,"hms_tuple(h=14.0, m=18.0, s=6.555757211166906)","dms_tuple(d=79.0, m=18.0, s=19.50265247625225)",214.527316,14.301821,79.305417
69525,125260,,14.27514,55.298362,160.5136,0.0,6.9,0.872,K1III,1.153,UMa,39.012,125,265.0600588895962,HD125260_TypK1_Mag6.9,"hms_tuple(h=14.0, m=17.0, s=3.073957834560588)","dms_tuple(d=55.0, m=16.0, s=1.935855233295456)",214.262808,14.284187,55.267204
69550,124973,,14.280204,-8.884473,177.9359,0.0,6.47,0.219,K0,1.212,Vir,71.187,90,181.37534353960828,HD124973_TypK0_Mag6.47,"hms_tuple(h=14.0, m=17.0, s=7.518069621139318)","dms_tuple(d=-8.0, m=-54.0, s=-55.969773401531455)",214.281325,14.285422,-8.915547
69565,125021,,14.284112,-4.32878,350.8772,0.0,7.8,0.074,K5,1.614,Vir,81.358,249,586.4128089424291,HD125021_TypK5_Mag7.8,"hms_tuple(h=14.0, m=17.0, s=21.413776603009467)","dms_tuple(d=-4.0, m=-21.0, s=-35.49011743996196)",214.339224,14.289282,-4.359858
69568,124990,,14.284386,-18.5857,125.6281,-12.0,6.22,0.725,K0III,0.985,Vir,44.668,74,145.4735501476104,HD124990_TypK0_Mag6.22,"hms_tuple(h=14.0, m=17.0, s=23.37091444620995)","dms_tuple(d=-18.0, m=-37.0, s=-0.3531687438641029)",214.347379,14.289825,-18.616765
69574,125043,,14.284868,-5.739304,202.0202,0.0,7.34,0.813,K0,1.059,Vir,41.191,175,390.78879304975095,HD125043_TypK0_Mag7.34,"hms_tuple(h=14.0, m=17.0, s=24.17603161380086)","dms_tuple(d=-5.0, m=-46.0, s=-13.371857196064383)",214.350733,14.290049,-5.770381
69578,124857,,14.285953,-46.910673,398.4064,0.0,7.14,-0.862,K4/K5III,1.587,Cen,192.664,151,327.5719697549974,HD124857_TypK4_Mag7.14,"hms_tuple(h=14.0, m=17.0, s=36.61050150355109)","dms_tuple(d=-46.0, m=-56.0, s=-30.118240064305155)",214.402544,14.293503,-46.9417
69581,125274,,14.286302,43.555164,571.4286,0.0,7.96,-0.825,K2,1.376,Boo,186.209,282,675.323313533301,HD125274_TypK2_Mag7.96,"hms_tuple(h=14.0, m=17.0, s=36.27966498972512)","dms_tuple(d=43.0, m=31.0, s=26.51558371506951)",214.401165,14.293411,43.524032
69598,125059,,14.289621,-9.022758,218.3406,0.0,6.62,-0.076,K0,1.267,Vir,93.411,101,207.04024568445064,HD125059_TypK0_Mag6.62,"hms_tuple(h=14.0, m=17.0, s=41.42643891908506)","dms_tuple(d=-9.0, m=-3.0, s=-13.795308772919839)",214.42261,14.294841,-9.053832
69617,125194,,14.293576,11.335236,462.963,0.0,7.6,-0.728,K0,1.337,Boo,170.294,214,491.5504291096121,HD125194_TypK0_Mag7.6,"hms_tuple(h=14.0, m=17.0, s=55.79743577946232)","dms_tuple(d=11.0, m=18.0, s=14.915620076243101)",214.482489,14.298833,11.304143
69632,125435,,14.296177,51.857887,134.7709,0.0,7.0,1.352,K2,1.054,Boo,25.073,135,289.50893673230235,HD125435_TypK2_Mag7.0,"hms_tuple(h=14.0, m=18.0, s=16.262252884968547)","dms_tuple(d=51.0, m=49.0, s=36.25786355722539)",214.567759,14.304517,51.826738
69651,125183,,14.299185,-5.971461,609.7561,0.0,7.77,-1.156,K2,1.45,Vir,252.581,244,571.094717053101,HD125183_TypK2_Mag7.77,"hms_tuple(h=14.0, m=18.0, s=15.725024909602041)","dms_tuple(d=-6.0, m=-0.0, s=-9.13628809795739)",214.565521,14.304368,-6.002538
69653,125185,,14.299576,-7.966652,310.559,0.0,7.01,-0.451,K0,1.259,Vir,131.947,136,292.07456782282145,HD125185_TypK0_Mag7.01,"hms_tuple(h=14.0, m=18.0, s=17.212585531497098)","dms_tuple(d=-7.0, m=-59.0, s=-51.817248582112256)",214.571719,14.304781,-7.997727
69655,125351,,14.29995,35.509505,71.582,-26.0,4.8,0.526,K1III,1.057,Boo,53.654,25,41.55974955696644,HD125351_TypK1_Mag4.8,"hms_tuple(h=14.0, m=18.0, s=22.607594755679088)","dms_tuple(d=35.0, m=28.0, s=42.18770304838813)",214.594198,14.30628,35.478385
69665,125068,,14.302755,-38.884504,100000.0,0.0,7.79,-12.21,K4/K5III,1.553,Cen,6668067.692,247,581.2616622824664,HD125068_TypK4_Mag7.79,"hms_tuple(h=14.0, m=18.0, s=33.767602627947895)","dms_tuple(d=-38.0, m=-54.0, s=-55.95920487311105)",214.640698,14.30938,-38.915544
69675,125352,,14.30594,21.304297,141.0437,0.0,7.03,1.283,K0,1.187,Boo,26.718,138,297.27424144135534,HD125352_TypK0_Mag7.03,"hms_tuple(h=14.0, m=18.0, s=41.29761563093595)","dms_tuple(d=21.0, m=16.0, s=23.499638535892018)",214.672073,14.311472,21.273194
69690,125309,,14.308284,3.674518,188.6792,0.0,7.01,0.631,K0,1.264,Vir,48.708,136,292.07456782282145,HD125309_TypK0_Mag7.01,"hms_tuple(h=14.0, m=18.0, s=48.41670435751951)","dms_tuple(d=3.0, m=38.0, s=36.35640408077819)",214.701736,14.313449,3.643432
69694,125376,,14.308676,21.473199,181.8182,0.0,7.78,1.482,K0,1.166,Boo,22.243,245,576.1557641428401,HD125376_TypK0_Mag7.78,"hms_tuple(h=14.0, m=18.0, s=51.17018439197494)","dms_tuple(d=21.0, m=26.0, s=31.546200214045825)",214.713209,14.314214,21.442096
69701,126125,,14.310254,75.668822,172.117,0.0,7.74,1.561,K0,1.079,UMi,20.682,238,556.1767595666211,HD126125_TypK0_Mag7.74,"hms_tuple(h=14.0, m=19.0, s=51.723561321000346)","dms_tuple(d=75.0, m=38.0, s=15.129272581027635)",214.965515,14.331034,75.637536
69704,125577,,14.31046,53.940674,719.4245,0.0,7.83,-1.455,K5,1.517,Boo,332.66,255,602.141767772257,HD125577_TypK5_Mag7.83,"hms_tuple(h=14.0, m=19.0, s=9.15816771382282)","dms_tuple(d=53.0, m=54.0, s=34.272314561869734)",214.788159,14.319211,53.90952
69712,125391,,14.31207,17.353575,207.0393,-41.0,7.79,1.21,K0,0.96,Boo,28.576,247,581.2616622824664,HD125391_TypK0_Mag7.79,"hms_tuple(h=14.0, m=19.0, s=2.8903681656208846)","dms_tuple(d=17.0, m=19.0, s=20.914984646298365)",214.762043,14.31747,17.322476
69721,125294,,14.313658,-12.063237,352.1127,0.0,7.81,0.077,K2,1.494,Vir,81.133,251,591.6096051155723,HD125294_TypK2_Mag7.81,"hms_tuple(h=14.0, m=19.0, s=8.146756266071122)","dms_tuple(d=-12.0, m=-5.0, s=-39.50939212861755)",214.783945,14.31893,-12.094308
69735,125547,,14.315879,42.004936,192.3077,0.0,7.08,0.66,K0,1.039,Boo,47.424,144,310.68202106935195,HD125547_TypK0_Mag7.08,"hms_tuple(h=14.0, m=19.0, s=22.12466734888835)","dms_tuple(d=41.0, m=58.0, s=25.70420930570492)",214.842186,14.322812,41.973807
69745,125450,,14.317782,19.065433,162.3377,0.0,6.86,0.808,K0,1.082,Boo,41.381,122,255.86873171888556,HD125450_TypK0_Mag6.86,"hms_tuple(h=14.0, m=19.0, s=23.645227772765622)","dms_tuple(d=19.0, m=2.0, s=3.597567536704389)",214.848522,14.323235,19.034333
69753,125279,,14.318655,-27.141147,277.0083,0.0,6.35,-0.862,K5III,1.591,Hya,192.664,82,163.15373750039242,HD125279_TypK5_Mag6.35,"hms_tuple(h=14.0, m=19.0, s=28.01673484257762)","dms_tuple(d=-27.0, m=-10.0, s=-19.929228011379507)",214.866736,14.324449,-27.172203
69778,125453,,14.324152,-0.013359,564.9718,0.0,7.79,-0.97,K2,1.314,Vir,212.814,247,581.2616622824664,HD125453_TypK2_Mag7.79,"hms_tuple(h=14.0, m=19.0, s=45.50392792953829)","dms_tuple(d=-0.0, m=-2.0, s=-39.988690982094525)",214.9396,14.329307,-0.044441
69789,125284,,14.325717,-40.953112,375.9398,0.0,7.78,-0.096,K2III,1.441,Cen,95.148,245,576.1557641428401,HD125284_TypK2_Mag7.78,"hms_tuple(h=14.0, m=19.0, s=57.163193080244525)","dms_tuple(d=-40.0, m=-59.0, s=-2.9364627226988205)",214.98818,14.332545,-40.984149
69792,125455,,14.326352,-5.151195,20.8812,-9.1,7.58,5.981,K1V,0.867,Vir,0.353,211,482.9526381068404,HD125455_TypK1_Mag7.58,"hms_tuple(h=14.0, m=19.0, s=53.50008631426405)","dms_tuple(d=-5.0, m=-10.0, s=-56.181402746709)",214.972917,14.331528,-5.182273
69803,125560,,14.329233,16.306948,57.3394,-8.0,4.84,1.048,K3III,1.228,Boo,33.174,26,43.05266060062844,HD125560_TypK3_Mag4.84,"hms_tuple(h=14.0, m=20.0, s=4.570259990751424)","dms_tuple(d=16.0, m=16.0, s=33.06152831082244)",215.019043,14.334603,16.27585
69854,125550,,14.340986,-17.528429,152.207,0.0,7.83,1.918,K0/K1III,1.164,Vir,14.887,255,602.141767772257,HD125550_TypK0_Mag7.83,"hms_tuple(h=14.0, m=20.0, s=47.01324733371308)","dms_tuple(d=-17.0, m=-33.0, s=-34.18140433604691)",215.195889,14.346393,-17.559495
69857,125609,,14.341357,0.181851,220.7506,0.0,6.79,0.07,K0,1.219,Vir,81.658,115,240.54417110761835,HD125609_TypK0_Mag6.79,"hms_tuple(h=14.0, m=20.0, s=47.44198659382022)","dms_tuple(d=0.0, m=9.0, s=2.7666691208882455)",215.197675,14.346512,0.150769
69891,125460,,14.347191,-46.784265,261.0966,0.0,7.94,0.856,K5III,1.584,Lup,39.591,277,663.5111201850515,HD125460_TypK5_Mag7.94,"hms_tuple(h=14.0, m=21.0, s=17.003345227804942)","dms_tuple(d=-46.0, m=-48.0, s=-55.05032690389385)",215.320847,14.354723,-46.815292
69921,125771,,14.352606,19.180199,537.6344,0.0,6.9,-1.752,K5,1.619,Boo,437.321,125,265.0600588895962,HD125771_TypK5_Mag6.9,"hms_tuple(h=14.0, m=21.0, s=29.02524183390952)","dms_tuple(d=19.0, m=8.0, s=56.75474626668205)",215.370939,14.358063,19.149099
69938,125711,,14.355381,-5.215553,320.5128,0.0,7.76,0.231,K0,1.015,Vir,70.404,242,566.0781270342421,HD125711_TypK0_Mag7.76,"hms_tuple(h=14.0, m=21.0, s=38.00639647356988)","dms_tuple(d=-5.0, m=-14.0, s=-47.86999002494689)",215.40836,14.360557,-5.246631
69943,126565,,14.356095,75.060891,161.5509,0.0,7.71,1.668,K0,1.074,UMi,18.741,233,541.648484297334,HD126565_TypK0_Mag7.71,"hms_tuple(h=14.0, m=22.0, s=33.77855073732931)","dms_tuple(d=75.0, m=1.0, s=46.60877184624269)",215.640744,14.37605,75.029614
69980,125774,,14.363676,-10.666799,284.0909,0.0,7.99,0.723,K0,1.12,Lib,44.751,288,693.4370594020932,HD125774_TypK0_Mag7.99,"hms_tuple(h=14.0, m=22.0, s=8.11854874977655)","dms_tuple(d=-10.0, m=-41.0, s=-52.33735587466214)",215.533827,14.368922,-10.697871
70000,125920,,14.367114,19.805147,136.9863,0.0,7.94,2.257,K0IIIvar,1.043,Boo,10.894,277,663.5111201850515,HD125920_TypK0_Mag7.94,"hms_tuple(h=14.0, m=22.0, s=21.3299008883115)","dms_tuple(d=19.0, m=46.0, s=26.565241866605902)",215.588875,14.372592,19.774046
70001,125734,,14.367106,-28.308442,157.2327,0.0,6.8,0.817,K0III,0.964,Hya,41.039,116,242.67587595584382,HD125734_TypK0_Mag6.8,"hms_tuple(h=14.0, m=22.0, s=22.665184482374485)","dms_tuple(d=-28.0, m=-20.0, s=-22.186341626563433)",215.594438,14.372963,-28.339496
70002,125818,,14.367294,-8.091345,207.4689,0.0,7.2,0.615,K2,1.439,Vir,49.431,158,345.3801253121633,HD125818_TypK2_Mag7.2,"hms_tuple(h=14.0, m=22.0, s=21.003161528519172)","dms_tuple(d=-8.0, m=-7.0, s=-20.711631643211632)",215.587513,14.372501,-8.12242
70005,125649,,14.36763,-44.658706,467.2897,19.1,7.76,-0.588,K1III,1.22,Lup,149.692,242,566.0781270342421,HD125649_TypK1_Mag7.76,"hms_tuple(h=14.0, m=22.0, s=29.5702131056575)","dms_tuple(d=-44.0, m=-41.0, s=-23.05224472860857)",215.623209,14.374881,-44.689737
70037,125862,,14.376315,-20.757609,138.1215,0.0,6.8,1.099,K0III,1.032,Lib,31.652,116,242.67587595584382,HD125862_TypK0_Mag6.8,"hms_tuple(h=14.0, m=22.0, s=54.582973307551725)","dms_tuple(d=-20.0, m=-47.0, s=-19.21753492229243)",215.727429,14.381829,-20.788672
70043,126324,,14.377188,59.779594,205.3388,0.0,7.66,1.098,K0,0.972,UMa,31.681,224,518.2731261472211,HD126324_TypK0_Mag7.66,"hms_tuple(h=14.0, m=23.0, s=14.710506295168528)","dms_tuple(d=59.0, m=44.0, s=54.31993159968215)",215.811294,14.38742,59.748422
70044,126081,,14.377286,32.503499,150.8296,0.0,7.07,1.178,K0V,0.958,Boo,29.431,143,307.9529390460096,HD126081_TypK0_Mag7.07,"hms_tuple(h=14.0, m=23.0, s=0.2253535196193468)","dms_tuple(d=32.0, m=28.0, s=20.5804391999078)",215.750939,14.383396,32.472383
70049,125841,,14.378176,-26.786691,510.2041,0.0,7.86,-0.679,K4/K5III,1.572,Hya,162.78,261,618.2926139519136,HD125841_TypK4_Mag7.86,"hms_tuple(h=14.0, m=23.0, s=2.226702667331608)","dms_tuple(d=-26.0, m=-49.0, s=-3.889091439814365)",215.759278,14.383952,-26.817747
70059,126439,,14.379707,64.275981,154.7988,0.0,7.66,1.711,K2,1.091,Dra,18.014,224,518.2731261472211,HD126439_TypK2_Mag7.66,"hms_tuple(h=14.0, m=23.0, s=29.6508090053554)","dms_tuple(d=64.0, m=14.0, s=41.24587225634059)",215.873545,14.39157,64.244791
70065,125805,,14.381085,-39.623991,295.858,0.0,6.83,-0.525,K3III,1.42,Cen,141.254,119,249.18500877779775,HD125805_TypK3_Mag6.83,"hms_tuple(h=14.0, m=23.0, s=16.00875370831261)","dms_tuple(d=-39.0, m=-39.0, s=-18.108358453247888)",215.816703,14.38778,-39.65503
70070,125963,,14.38228,-10.750707,100000.0,0.0,7.98,-12.02,K2,1.427,Lib,5597576.015,286,687.3457941057625,HD125963_TypK2_Mag7.98,"hms_tuple(h=14.0, m=23.0, s=15.098195132106156)","dms_tuple(d=-10.0, m=-46.0, s=-54.40587093024561)",215.812909,14.387527,-10.781779
70075,126052,,14.383755,4.28605,366.3004,0.0,7.9,0.081,K2,1.341,Vir,80.835,269,640.5029468202126,HD126052_TypK2_Mag7.9,"hms_tuple(h=14.0, m=23.0, s=20.126010502366825)","dms_tuple(d=4.0, m=15.0, s=17.86958991362191)",215.833858,14.388924,4.254964
70082,125932,,14.384942,-27.754017,48.2625,20.0,4.78,1.362,K3III,1.3,Hya,24.843,25,40.83282100669428,HD125932_TypK3_Mag4.78,"hms_tuple(h=14.0, m=23.0, s=26.766301516522333)","dms_tuple(d=-27.0, m=-47.0, s=-6.258675564028522)",215.861526,14.390768,-27.785072
70123,126304,,14.392756,43.458724,208.3333,0.0,7.6,1.006,K0,1.163,Boo,34.483,214,491.5504291096121,HD126304_TypK0_Mag7.6,"hms_tuple(h=14.0, m=23.0, s=59.47325345494406)","dms_tuple(d=43.0, m=25.0, s=39.332184048825525)",215.997805,14.399854,43.427592
70125,126378,,14.393486,49.405088,680.2721,0.0,7.18,-1.983,K0,1.455,Boo,541.003,155,339.33902361009757,HD126378_TypK0_Mag7.18,"hms_tuple(h=14.0, m=24.0, s=5.049333263776958)","dms_tuple(d=49.0, m=22.0, s=26.201437254856614)",216.021039,14.401403,49.373945
70128,126581,,14.394495,64.746173,549.4505,0.0,7.6,-1.1,K2,1.235,Dra,239.883,214,491.5504291096121,HD126581_TypK2_Mag7.6,"hms_tuple(h=14.0, m=24.0, s=23.628065750896923)","dms_tuple(d=64.0, m=42.0, s=53.92876782043345)",216.09845,14.406563,64.71498
70158,126105,,14.400098,-19.800888,72.4638,0.0,7.32,3.019,K1III,1.028,Lib,5.4,173,383.9534407239423,HD126105_TypK1_Mag7.32,"hms_tuple(h=14.0, m=24.0, s=20.079478400869846)","dms_tuple(d=-19.0, m=-49.0, s=-55.02550076201857)",216.083664,14.405578,-19.831952
70159,126201,,14.400196,5.822975,178.5714,-40.4,7.19,0.931,K0,1.01,Vir,36.949,156,342.3462494285041,HD126201_TypK0_Mag7.19,"hms_tuple(h=14.0, m=24.0, s=19.357540418712773)","dms_tuple(d=5.0, m=47.0, s=30.794512655485136)",216.080656,14.405377,5.791887
70161,126307,,14.40055,27.413177,609.7561,31.6,6.39,-2.536,K4III,1.609,Boo,900.326,85,169.01455281149524,HD126307_TypK4_Mag6.39,"hms_tuple(h=14.0, m=24.0, s=22.87816763315064)","dms_tuple(d=27.0, m=22.0, s=55.4434838464789)",216.095326,14.406355,27.382068
70190,126271,,14.405075,8.084595,110.011,-31.0,6.19,0.983,K4III,1.208,Boo,35.221,73,141.67353559361956,HD126271_TypK4_Mag6.19,"hms_tuple(h=14.0, m=24.0, s=37.01155786764602)","dms_tuple(d=8.0, m=3.0, s=12.618988786075107)",216.154215,14.410281,8.053505
70216,126213,,14.409959,-14.081462,191.5709,0.0,7.31,0.898,K0III,1.042,Lib,38.089,171,380.5807304870462,HD126213_TypK0_Mag7.31,"hms_tuple(h=14.0, m=24.0, s=54.98661807341264)","dms_tuple(d=-14.0, m=-6.0, s=-45.11241712213533)",216.229111,14.415274,-14.112531
70227,126093,,14.411339,-44.311134,159.4896,0.0,6.43,0.416,K0/K1III,1.047,Lup,59.375,87,175.0859005727711,HD126093_TypK0_Mag6.43,"hms_tuple(h=14.0, m=25.0, s=6.767385531444603)","dms_tuple(d=-44.0, m=-20.0, s=-31.795285569288012)",216.278197,14.418546,-44.342165
70243,126410,,14.413477,21.357896,253.8071,0.0,7.24,0.217,K2,1.208,Boo,71.318,163,357.7868844682338,HD126410_TypK2_Mag7.24,"hms_tuple(h=14.0, m=25.0, s=8.438080005198856)","dms_tuple(d=21.0, m=19.0, s=36.4558361314954)",216.285159,14.419011,21.326793
70245,126218,,14.413508,-24.80631,140.647,-22.0,5.34,-0.401,K0III,0.962,Lib,126.009,38,66.92500564733533,HD126218_TypK0_Mag5.34,"hms_tuple(h=14.0, m=25.0, s=9.076896412363311)","dms_tuple(d=-24.0, m=-50.0, s=-14.525505251478421)",216.28782,14.419188,-24.837368
70260,126233,,14.417259,-30.799629,204.918,0.0,7.86,1.302,K1III,1.198,Cen,26.254,261,618.2926139519136,HD126233_TypK1_Mag7.86,"hms_tuple(h=14.0, m=25.0, s=23.743015773782616)","dms_tuple(d=-30.0, m=-49.0, s=-50.44874008488648)",216.348929,14.423262,-30.83068
70264,126630,,14.417757,50.942465,769.2308,0.0,7.91,-1.52,K0,1.363,Boo,353.183,271,646.179090335777,HD126630_TypK0_Mag7.91,"hms_tuple(h=14.0, m=25.0, s=33.355919953624635)","dms_tuple(d=50.0, m=54.0, s=40.746363582036906)",216.388983,14.425932,50.911318
70274,126279,,14.420326,-28.130962,240.3846,0.0,7.11,0.205,K2III,1.382,Hya,72.111,147,319.0152372679894,HD126279_TypK2_Mag7.11,"hms_tuple(h=14.0, m=25.0, s=34.22212089176284)","dms_tuple(d=-28.0, m=-9.0, s=-43.25909138162757)",216.392592,14.426173,-28.162016
70277,126363,,14.421554,-13.353163,154.0832,0.0,6.49,0.551,K2III,1.223,Lib,52.432,92,184.60428810635165,HD126363_TypK2_Mag6.49,"hms_tuple(h=14.0, m=25.0, s=36.66920161327596)","dms_tuple(d=-13.0, m=-23.0, s=-3.238547430514842)",216.402788,14.426853,-13.384233
70290,126334,,14.424368,-28.89561,105.5966,0.0,6.83,1.712,K1III,1.085,Hya,17.997,119,249.18500877779775,HD126334_TypK1_Mag6.83,"hms_tuple(h=14.0, m=25.0, s=48.92668068868247)","dms_tuple(d=-28.0, m=-55.0, s=-35.98864313274248)",216.453861,14.430257,-28.926664
70293,126597,,14.424764,38.393053,172.4138,25.0,6.28,0.097,K2III:,1.225,Boo,79.653,78,153.3820888800899,HD126597_TypK2_Mag6.28,"hms_tuple(h=14.0, m=25.0, s=52.81649312816725)","dms_tuple(d=38.0, m=21.0, s=42.94570605272497)",216.470069,14.431338,38.361929
70297,126313,,14.425285,-32.972049,515.4639,-23.9,7.58,-0.981,Kp,1.14,Cen,214.981,211,482.9526381068404,HD126313_TypKp_Mag7.58,"hms_tuple(h=14.0, m=25.0, s=53.15313425679804)","dms_tuple(d=-33.0, m=-0.0, s=-11.150853718353915)",216.471471,14.431431,-33.003097
70311,126399,,14.429438,-21.431241,377.3585,0.0,7.86,-0.024,K4:III,1.372,Lib,89.043,261,618.2926139519136,HD126399_TypK4_Mag7.86,"hms_tuple(h=14.0, m=26.0, s=5.916147432360361)","dms_tuple(d=-21.0, m=-27.0, s=-44.29019706979631)",216.524651,14.434977,-21.462303
70314,126400,,14.429936,-26.852241,71.7875,7.0,6.48,2.2,K0III,0.941,Hya,11.482,91,182.98269364662428,HD126400_TypK0_Mag6.48,"hms_tuple(h=14.0, m=26.0, s=8.574748992541856)","dms_tuple(d=-26.0, m=-52.0, s=-59.8688214996929)",216.535728,14.435715,-26.883297
70323,126598,,14.431829,26.265265,215.9827,4.8,7.44,0.768,K4III,1.31,Boo,42.934,189,426.83476505925523,HD126598_TypK4_Mag7.44,"hms_tuple(h=14.0, m=26.0, s=15.27205555084251)","dms_tuple(d=26.0, m=14.0, s=2.965007779167763)",216.563634,14.437576,26.234157
70356,126386,,14.437074,-42.318597,98.1354,-33.0,6.33,1.371,K3III,1.215,Cen,24.638,81,160.2999881121757,HD126386_TypK3_Mag6.33,"hms_tuple(h=14.0, m=26.0, s=38.57536631136341)","dms_tuple(d=-42.0, m=-20.0, s=-58.67444046911601)",216.660731,14.444049,-42.349632
70392,126647,,14.44506,5.934965,57.5374,0.0,7.2,3.4,K0,1.039,Vir,3.802,158,345.3801253121633,HD126647_TypK0_Mag7.2,"hms_tuple(h=14.0, m=27.0, s=0.8716747412488246)","dms_tuple(d=5.0, m=54.0, s=13.958141702704552)",216.753632,14.450242,5.903877
70426,126721,,14.450375,9.981312,176.3668,0.0,7.22,0.988,K0,1.021,Boo,35.059,160,351.52877406079745,HD126721_TypK0_Mag7.22,"hms_tuple(h=14.0, m=27.0, s=20.190110763612097)","dms_tuple(d=9.0, m=57.0, s=0.7938147129617334)",216.834125,14.455608,9.950221
70427,126697,,14.450423,5.962133,273.9726,0.0,7.43,0.241,K0,1.079,Vir,69.759,188,423.08537820947436,HD126697_TypK0_Mag7.43,"hms_tuple(h=14.0, m=27.0, s=20.1793916314638)","dms_tuple(d=5.0, m=55.0, s=51.762851689624654)",216.834081,14.455605,5.931045
70458,126701,,14.457051,-15.813217,269.5418,0.0,7.78,0.627,K0III,1.111,Lib,48.888,245,576.1557641428401,HD126701_TypK0_Mag7.78,"hms_tuple(h=14.0, m=27.0, s=44.67318711238832)","dms_tuple(d=-15.0, m=-50.0, s=-39.424333549998636)",216.936138,14.462409,-15.844285
70463,126812,,14.45839,14.754262,369.0037,-26.0,7.28,-0.555,K0,1.274,Boo,145.211,168,370.63931974020056,HD126812_TypK0_Mag7.28,"hms_tuple(h=14.0, m=27.0, s=49.39071717925884)","dms_tuple(d=14.0, m=43.0, s=23.397409824377462)",216.955795,14.46372,14.723166
70469,127700,,14.458758,75.695993,110.011,10.0,4.25,-0.957,K4III,1.431,UMi,210.281,16,25.581479526584033,HD127700_TypK4_Mag4.25,"hms_tuple(h=14.0, m=28.0, s=46.476773783654295)","dms_tuple(d=75.0, m=39.0, s=52.943422394148456)",217.193653,14.479577,75.664707
70512,126990,,14.466149,35.577199,114.0251,0.0,7.44,2.155,K0,0.944,Boo,11.967,189,426.83476505925523,HD126990_TypK0_Mag7.44,"hms_tuple(h=14.0, m=28.0, s=20.9432156291183)","dms_tuple(d=35.0, m=32.0, s=45.885768146296186)",217.087263,14.472484,35.546079
70520,127370,,14.467054,66.340493,277.0083,0.0,7.98,0.768,K2,1.125,UMi,42.934,286,687.3457941057625,HD127370_TypK2_Mag7.98,"hms_tuple(h=14.0, m=28.0, s=47.57853390579115)","dms_tuple(d=66.0, m=18.0, s=33.45031923780766)",217.198244,14.479883,66.309292
70538,127065,,14.471234,36.197028,259.7403,-18.0,6.22,-0.853,K0III,1.174,Boo,191.073,74,145.4735501476104,HD127065_TypK0_Mag6.22,"hms_tuple(h=14.0, m=28.0, s=39.42822786590028)","dms_tuple(d=36.0, m=9.0, s=57.267075054008956)",217.164284,14.477619,36.165908
70560,126896,,14.475543,-10.004287,240.3846,0.0,6.61,-0.295,K0,1.408,Lib,114.288,100,205.22157007953126,HD126896_TypK0_Mag6.61,"hms_tuple(h=14.0, m=28.0, s=50.799844191322734)","dms_tuple(d=-10.0, m=-2.0, s=-7.296400282261146)",217.211666,14.480778,-10.03536
70561,126957,,14.47561,10.326033,269.5418,0.0,7.85,0.697,K0,1.182,Boo,45.835,259,612.8614298360975,HD126957_TypK0_Mag7.85,"hms_tuple(h=14.0, m=28.0, s=51.05635882419193)","dms_tuple(d=10.0, m=17.0, s=41.7882487004394)",217.212735,14.480849,10.294941
70564,126821,,14.47624,-27.919645,311.5265,0.0,7.65,0.183,K3III,1.478,Hya,73.587,222,513.7205296793568,HD126821_TypK3_Mag7.65,"hms_tuple(h=14.0, m=28.0, s=55.47118652243242)","dms_tuple(d=-27.0, m=-57.0, s=-2.5187808440409754)",217.23113,14.482075,-27.9507
70571,126927,,14.478256,-6.900536,191.5709,-49.0,5.42,-0.992,K5III,1.49,Vir,217.17,40,71.81953085551153,HD126927_TypK5_Mag5.42,"hms_tuple(h=14.0, m=29.0, s=0.414953886877214)","dms_tuple(d=-6.0, m=-55.0, s=-53.80320340029584)",217.251729,14.483449,-6.931612
70578,126962,,14.480043,-5.218689,159.4896,0.0,6.6,0.586,K0,1.114,Vir,50.769,100,203.41887002054995,HD126962_TypK0_Mag6.6,"hms_tuple(h=14.0, m=29.0, s=6.789690161503472)","dms_tuple(d=-5.0, m=-14.0, s=-59.15957965844733)",217.27829,14.485219,-5.249767
70586,127031,,14.481133,9.169155,321.5434,0.0,7.92,0.384,K0,1.132,Boo,61.15,273,651.9055358919003,HD127031_TypK0_Mag7.92,"hms_tuple(h=14.0, m=29.0, s=10.87406224324127)","dms_tuple(d=9.0, m=8.0, s=17.031352262441573)",217.295309,14.486354,9.138064
70589,127185,,14.482014,39.618711,271.7391,0.0,7.49,0.319,K0,1.227,Boo,64.923,197,446.0860343240754,HD127185_TypK0_Mag7.49,"hms_tuple(h=14.0, m=29.0, s=19.329675921573255)","dms_tuple(d=39.0, m=35.0, s=15.3078577494)",217.33054,14.488703,39.587586
70592,127032,,14.482349,3.719607,387.5969,0.0,6.84,-1.102,K5,1.615,Vir,240.326,120,251.39328881580803,HD127032_TypK5_Mag6.84,"hms_tuple(h=14.0, m=29.0, s=15.051641917445693)","dms_tuple(d=3.0, m=41.0, s=18.676655672877587)",217.312715,14.487514,3.688521
70594,127106,,14.482651,20.767742,216.4502,0.0,7.3,0.623,K5,1.554,Boo,49.068,170,377.23764669214916,HD127106_TypK5_Mag7.3,"hms_tuple(h=14.0, m=29.0, s=17.385740744066283)","dms_tuple(d=20.0, m=44.0, s=11.903656675608545)",217.322441,14.488163,20.73664
70604,127069,,14.484119,11.042758,291.5452,0.0,7.6,0.276,K0,1.25,Boo,67.546,214,491.5504291096121,HD127069_TypK0_Mag7.6,"hms_tuple(h=14.0, m=29.0, s=21.73319164626676)","dms_tuple(d=11.0, m=0.0, s=41.99581611691059)",217.340555,14.48937,11.011666
70617,127319,,14.4868,47.989687,301.2048,0.0,7.76,0.366,K0,1.068,Boo,62.173,242,566.0781270342421,HD127319_TypK0_Mag7.76,"hms_tuple(h=14.0, m=29.0, s=40.19033811911882)","dms_tuple(d=47.0, m=57.0, s=30.768476787544614)",217.41746,14.494497,47.958547
70620,127285,,14.487506,44.262141,216.9197,0.0,6.52,-0.161,K0,1.017,Boo,101.018,94,189.555805541093,HD127285_TypK0_Mag6.52,"hms_tuple(h=14.0, m=29.0, s=40.91953127957083)","dms_tuple(d=44.0, m=13.0, s=51.628323291698734)",217.420498,14.4947,44.231008
70642,126973,,14.491981,-26.013345,632.9114,0.0,6.88,-2.127,K2III,1.495,Hya,617.732,123,260.4238489413245,HD126973_TypK2_Mag6.88,"hms_tuple(h=14.0, m=29.0, s=51.78565965667502)","dms_tuple(d=-26.0, m=-2.0, s=-39.84665291705085)",217.465774,14.497718,-26.044402
70643,127072,,14.492028,-10.566635,197.2387,0.0,7.85,1.375,K0,1.003,Lib,24.547,259,612.8614298360975,HD127072_TypK0_Mag7.85,"hms_tuple(h=14.0, m=29.0, s=50.179542766885845)","dms_tuple(d=-10.0, m=-35.0, s=-51.74729581680566)",217.459081,14.497272,-10.597708
70654,127119,,14.495097,-5.982984,100000.0,0.0,7.95,-12.05,K2,1.406,Vir,5754399.373,280,669.391162362906,HD127119_TypK2_Mag7.95,"hms_tuple(h=14.0, m=30.0, s=1.0086198770331123)","dms_tuple(d=-6.0, m=-0.0, s=-50.61904990728259)",217.504203,14.50028,-6.014061
70668,127037,,14.497207,-25.542882,140.8451,0.0,7.72,1.976,K1III,1.232,Hya,14.112,234,546.4485785781236,HD127037_TypK1_Mag7.72,"hms_tuple(h=14.0, m=30.0, s=10.51740373833212)","dms_tuple(d=-25.0, m=-34.0, s=-26.18175579751977)",217.543823,14.502922,-25.573939
70674,127227,,14.498247,16.208763,628.9308,-40.5,7.52,-1.473,K5III,1.481,Boo,338.221,201,458.0511018694067,HD127227_TypK5_Mag7.52,"hms_tuple(h=14.0, m=30.0, s=13.011021220734875)","dms_tuple(d=16.0, m=10.0, s=39.59587742085944)",217.554213,14.503614,16.177666
70701,127097,,14.504265,-33.619032,289.8551,0.0,7.71,0.399,K1III,1.15,Cen,60.311,233,541.648484297334,HD127097_TypK1_Mag7.71,"hms_tuple(h=14.0, m=30.0, s=37.646041020919085)","dms_tuple(d=-33.0, m=-39.0, s=-0.28661588944260075)",217.656859,14.510457,-33.65008
70716,127174,,14.510149,-29.30991,100000.0,0.0,7.73,-12.27,K3III,1.44,Hya,7046930.69,236,551.2912113423957,HD127174_TypK3_Mag7.73,"hms_tuple(h=14.0, m=30.0, s=57.823902615724876)","dms_tuple(d=-29.0, m=-20.0, s=-27.46686315352207)",217.740933,14.516062,-29.340963
70725,127337,,14.512608,4.772286,212.766,6.0,6.01,-0.63,K4III,1.421,Vir,155.597,63,120.86954873761292,HD127337_TypK4_Mag6.01,"hms_tuple(h=14.0, m=31.0, s=4.009237610795111)","dms_tuple(d=4.0, m=44.0, s=28.317586164567956)",217.766705,14.51778,4.741199
70735,127250,,14.514427,-20.718261,226.2443,0.0,7.07,0.297,K0III,0.995,Lib,66.252,143,307.9529390460096,HD127250_TypK0_Mag7.07,"hms_tuple(h=14.0, m=31.0, s=11.7810043659874)","dms_tuple(d=-20.0, m=-44.0, s=-57.56488245565578)",217.799088,14.519939,-20.749324
70740,127152,,14.515728,-40.845122,282.4859,-16.0,6.39,-0.865,K3III,1.441,Cen,193.197,85,169.01455281149524,HD127152_TypK3_Mag6.39,"hms_tuple(h=14.0, m=31.0, s=21.16264943930247)","dms_tuple(d=-40.0, m=-52.0, s=-34.17308289489711)",217.838178,14.522545,-40.876159
70761,127193,,14.519678,-38.869708,96.6184,8.0,5.99,1.065,K1III,1.06,Cen,32.659,62,118.75539918732655,HD127193_TypK1_Mag5.99,"hms_tuple(h=14.0, m=31.0, s=34.68543210026397)","dms_tuple(d=-38.0, m=-54.0, s=-2.6936849709449007)",217.894523,14.526302,-38.900748
70820,127273,,14.529738,-44.806699,649.3506,0.0,7.16,-1.902,K3III,1.48,Lup,502.111,153,333.40358783117154,HD127273_TypK3_Mag7.16,"hms_tuple(h=14.0, m=32.0, s=13.22596620737599)","dms_tuple(d=-44.0, m=-50.0, s=-15.826082423990329)",218.055108,14.537007,-44.837729
70827,127665,,14.5305,30.371437,49.0918,-14.0,3.57,0.115,K3III,1.298,Boo,78.343,9,14.039944985866978,HD127665_TypK3_Mag3.57,"hms_tuple(h=14.0, m=32.0, s=11.30157440322705)","dms_tuple(d=30.0, m=20.0, s=25.166835711047497)",218.04709,14.536473,30.340324
70837,127481,,14.532613,-16.362537,271.7391,0.0,7.56,0.389,K4III,1.61,Lib,60.87,208,474.5052325085976,HD127481_TypK4_Mag7.56,"hms_tuple(h=14.0, m=32.0, s=16.749907453768316)","dms_tuple(d=-16.0, m=-23.0, s=-36.974382481046746)",218.069791,14.537986,-16.393604
70840,127407,,14.533369,-32.185594,161.5509,0.0,7.51,1.468,K3III,1.387,Cen,22.532,200,454.02750557766933,HD127407_TypK3_Mag7.51,"hms_tuple(h=14.0, m=32.0, s=22.06206864574611)","dms_tuple(d=-32.0, m=-12.0, s=-59.9164870191305)",218.091925,14.539462,-32.216643
70846,127456,,14.533942,-20.9477,296.7359,0.0,7.95,0.588,K1II/III,1.085,Lib,50.676,280,669.391162362906,HD127456_TypK1_Mag7.95,"hms_tuple(h=14.0, m=32.0, s=22.065314689372002)","dms_tuple(d=-20.0, m=-58.0, s=-43.54442109806314)",218.091939,14.539463,-20.978762
70858,127459,,14.536762,-26.784755,197.6285,0.0,7.47,0.991,K0III,1.098,Hya,34.962,194,438.2834686761904,HD127459_TypK0_Mag7.47,"hms_tuple(h=14.0, m=32.0, s=33.135947508420145)","dms_tuple(d=-26.0, m=-48.0, s=-56.91949940767216)",218.138066,14.542538,-26.815811
70866,127738,,14.538431,30.2601,362.3188,0.0,7.79,-0.005,K0,1.246,Boo,87.498,247,581.2616622824664,HD127738_TypK0_Mag7.79,"hms_tuple(h=14.0, m=32.0, s=39.828787938082684)","dms_tuple(d=30.0, m=13.0, s=44.35412514217745)",218.165953,14.544397,30.228987
70884,128000,,14.541926,55.39801,190.1141,3.0,5.74,-0.655,K5III,1.529,Dra,159.221,52,95.24872114276333,HD128000_TypK5_Mag5.74,"hms_tuple(h=14.0, m=33.0, s=3.585518808452264)","dms_tuple(d=55.0, m=22.0, s=0.6676464477993704)",218.26494,14.550996,55.366852
70916,127741,,14.549463,6.933012,91.9963,0.0,7.43,2.611,K0,0.916,Vir,7.863,188,423.08537820947436,HD127741_TypK0_Mag7.43,"hms_tuple(h=14.0, m=33.0, s=16.75897888302387)","dms_tuple(d=6.0, m=54.0, s=6.924028831049611)",218.319829,14.554655,6.901923
70926,127643,,14.552614,-24.018244,178.5714,0.0,7.21,0.951,K0III,0.983,Lib,36.274,159,348.44088743422355,HD127643_TypK0_Mag7.21,"hms_tuple(h=14.0, m=33.0, s=29.73105548365396)","dms_tuple(d=-24.0, m=-2.0, s=-57.49102230439604)",218.373879,14.558259,-24.049303
70928,127624,,14.55268,-30.715068,101.2146,10.0,6.07,1.044,K0III,1.03,Cen,33.297,66,127.44051305929695,HD127624_TypK0_Mag6.07,"hms_tuple(h=14.0, m=33.0, s=31.239619995280492)","dms_tuple(d=-30.0, m=-44.0, s=-46.02951568611701)",218.380165,14.558678,-30.746119
70936,131616,,14.55494,85.938393,179.5332,0.0,7.12,0.849,K0,0.926,UMi,39.847,148,321.8423534887257,HD131616_TypK0_Mag7.12,"hms_tuple(h=14.0, m=37.0, s=37.75985884203436)","dms_tuple(d=85.0, m=54.0, s=23.69374852955616)",219.407333,14.627156,85.906582
70944,127764,,14.555897,-6.93585,367.6471,0.0,7.8,-0.027,K0,1.53,Vir,89.289,249,586.4128089424291,HD127764_TypK0_Mag7.8,"hms_tuple(h=14.0, m=33.0, s=39.92395825550446)","dms_tuple(d=-6.0, m=-58.0, s=-0.9334859217266)",218.41635,14.56109,-6.966926
70953,127672,,14.557627,-33.316061,128.5347,0.0,6.94,1.395,K1III,1.033,Cen,24.099,129,274.581557295345,HD127672_TypK1_Mag6.94,"hms_tuple(h=14.0, m=33.0, s=49.67136037579223)","dms_tuple(d=-33.0, m=-20.0, s=-49.59244407107519)",218.456964,14.563798,-33.347109
70955,128165,,14.558039,52.90879,13.2188,11.5,7.24,6.634,K3V,0.997,Boo,0.193,163,357.7868844682338,HD128165_TypK3_Mag7.24,"hms_tuple(h=14.0, m=33.0, s=59.68794130459017)","dms_tuple(d=52.0, m=52.0, s=39.4994285543379)",218.4987,14.56658,52.877639
70970,129245,,14.560711,79.660427,137.931,-23.0,6.27,0.572,K3III,1.315,UMi,51.428,77,152.0347553587468,HD129245_TypK3_Mag6.27,"hms_tuple(h=14.0, m=35.0, s=21.641828580723654)","dms_tuple(d=79.0, m=37.0, s=44.61449472446361)",218.840174,14.589345,79.62906
71009,127774,,14.568099,-31.957532,294.1176,0.0,7.55,0.207,K1III,1.179,Cen,71.978,206,470.3371004243402,HD127774_TypK1_Mag7.55,"hms_tuple(h=14.0, m=34.0, s=27.035364718353918)","dms_tuple(d=-31.0, m=-59.0, s=-18.894328843467747)",218.612647,14.574176,-31.988582
71015,127859,,14.569375,-19.519182,769.2308,0.0,7.87,-1.56,K0III,1.164,Lib,366.438,263,623.771929275639,HD127859_TypK0_Mag7.87,"hms_tuple(h=14.0, m=34.0, s=29.441998367538815)","dms_tuple(d=-19.0, m=-33.0, s=-0.8849424622877677)",218.622675,14.574845,-19.550246
71038,128422,,14.574969,59.857833,460.8295,0.0,7.69,-0.628,K5,1.375,Dra,155.31,229,532.1744198083834,HD128422_TypK5_Mag7.69,"hms_tuple(h=14.0, m=35.0, s=6.808584088737746)","dms_tuple(d=59.0, m=49.0, s=35.97931876878761)",218.778369,14.585225,59.826661
71040,128492,,14.575146,63.215833,150.6024,0.0,7.44,1.551,K2,1.125,Dra,20.874,189,426.83476505925523,HD128492_TypK2_Mag7.44,"hms_tuple(h=14.0, m=35.0, s=11.66073108162422)","dms_tuple(d=63.0, m=11.0, s=4.730799611419343)",218.798586,14.586572,63.184647
71050,128198,,14.577362,36.626064,155.521,-12.0,6.02,0.061,K5III,1.379,Boo,82.338,64,121.94069588643114,HD128198_TypK5_Mag6.02,"hms_tuple(h=14.0, m=35.0, s=1.6161861900521046)","dms_tuple(d=36.0, m=35.0, s=41.794505299776574)",218.756734,14.583782,36.594943
71081,127894,,14.582389,-37.204301,423.7288,0.0,7.16,-0.975,K0/K1III,1.205,Cen,213.796,153,333.40358783117154,HD127894_TypK0_Mag7.16,"hms_tuple(h=14.0, m=35.0, s=19.908277719610368)","dms_tuple(d=-37.0, m=-14.0, s=-7.2372945922074905)",218.832951,14.588863,-37.235344
71104,128097,,14.58767,-9.095546,230.9469,0.0,7.74,0.922,K2,1.547,Lib,37.256,238,556.1767595666211,HD128097_TypK2_Mag7.74,"hms_tuple(h=14.0, m=35.0, s=34.406658756647346)","dms_tuple(d=-9.0, m=-7.0, s=-35.8318640667288)",218.893361,14.592891,-9.12662
71140,128200,,14.595471,-5.266064,207.4689,2.0,7.5,0.915,K0III,1.23,Vir,37.497,198,450.03925321819855,HD128200_TypK0_Mag7.5,"hms_tuple(h=14.0, m=36.0, s=2.331912395922018)","dms_tuple(d=-5.0, m=-17.0, s=-49.70942304079628)",219.009716,14.600648,-5.297142
71168,128311,,14.600155,9.746518,16.5017,-15.0,7.48,6.392,K0,0.973,Boo,0.242,195,442.16754115556887,HD128311_TypK0_Mag7.48,"hms_tuple(h=14.0, m=36.0, s=19.38473425349102)","dms_tuple(d=9.0, m=42.0, s=55.53620748606349)",219.08077,14.605385,9.715427
71179,128402,,14.601909,23.250359,116.6861,7.0,6.39,1.055,K0,1.063,Boo,32.961,85,169.01455281149524,HD128402_TypK0_Mag6.39,"hms_tuple(h=14.0, m=36.0, s=27.064635871867324)","dms_tuple(d=23.0, m=13.0, s=9.315391003935929)",219.112769,14.607518,23.219254
71184,128526,,14.603326,40.25231,502.5126,0.0,8.0,-0.506,K0,1.311,Boo,138.803,290,699.5823055523535,HD128526_TypK0_Mag8.0,"hms_tuple(h=14.0, m=36.0, s=36.27659008974803)","dms_tuple(d=40.0, m=13.0, s=16.260728247654015)",219.151152,14.610077,40.221184
71188,128425,,14.604321,23.984148,126.5823,0.0,7.65,2.138,K0,1.026,Boo,12.156,222,513.7205296793568,HD128425_TypK0_Mag7.65,"hms_tuple(h=14.0, m=36.0, s=35.861060206190274)","dms_tuple(d=23.0, m=57.0, s=10.952927081479231)",219.149421,14.609961,23.953042
71190,128275,,14.605009,-9.612558,212.766,0.0,7.52,0.88,K0,1.177,Lib,38.726,201,458.0511018694067,HD128275_TypK0_Mag7.52,"hms_tuple(h=14.0, m=36.0, s=36.85511085565821)","dms_tuple(d=-9.0, m=-38.0, s=-37.07332299751769)",219.153563,14.610238,-9.643631
71192,128068,,14.605288,-46.245451,214.5923,-60.0,5.55,-1.108,K3III,1.489,Lup,241.657,45,80.54814688107709,HD128068_TypK3_Mag5.55,"hms_tuple(h=14.0, m=36.0, s=45.88472876391677)","dms_tuple(d=-46.0, m=-16.0, s=-35.32366086177149)",219.191186,14.612746,-46.276479
71201,128152,,14.606698,-39.597407,139.47,-31.0,6.13,0.408,K1III,1.048,Cen,59.814,70,134.36870194720012,HD128152_TypK1_Mag6.13,"hms_tuple(h=14.0, m=36.0, s=48.20629025245765)","dms_tuple(d=-39.0, m=-37.0, s=-42.40610541061358)",219.20086,14.613391,-39.628446
71209,128643,,14.607983,49.526253,854.7009,0.0,7.62,-2.039,K5,1.56,Boo,569.639,217,500.3012827613783,HD128643_TypK5_Mag7.62,"hms_tuple(h=14.0, m=36.0, s=57.309023393419665)","dms_tuple(d=49.0, m=29.0, s=42.394498102834746)",219.238788,14.615919,49.49511
71212,128480,,14.608981,23.621422,425.5319,0.0,7.63,-0.515,K5,1.515,Boo,139.959,219,504.73495772895257,HD128480_TypK5_Mag7.63,"hms_tuple(h=14.0, m=36.0, s=52.580517865068686)","dms_tuple(d=23.0, m=35.0, s=25.140746776693845)",219.219085,14.614606,23.590317
71236,128781,,14.615069,54.855253,283.2861,0.0,7.43,0.169,K1III,1.084,Boo,74.542,188,423.08537820947436,HD128781_TypK1_Mag7.43,"hms_tuple(h=14.0, m=37.0, s=26.459996646948554)","dms_tuple(d=54.0, m=49.0, s=26.747880508111734)",219.36025,14.624017,54.824097
71249,128527,,14.617611,11.208251,746.2687,0.0,7.53,-1.834,K2,1.301,Boo,471.628,203,462.11035531169057,HD128527_TypK2_Mag7.53,"hms_tuple(h=14.0, m=37.0, s=22.315102141248673)","dms_tuple(d=11.0, m=10.0, s=37.77005277316334)",219.34298,14.622865,11.177158
71258,128625,,14.618707,33.678229,251.2563,0.0,7.46,0.459,K0,1.177,Boo,57.069,192,434.43351452893916,HD128625_TypK0_Mag7.46,"hms_tuple(h=14.0, m=37.0, s=29.63647248341161)","dms_tuple(d=33.0, m=38.0, s=49.60295660703309)",219.373485,14.624899,33.647112
71268,128358,,14.620244,-30.176624,260.4167,0.0,7.75,0.672,K3III,1.38,Cen,46.903,240,561.1056035680328,HD128358_TypK3_Mag7.75,"hms_tuple(h=14.0, m=37.0, s=34.350935606188244)","dms_tuple(d=-30.0, m=-12.0, s=-27.6334920195697)",219.393129,14.626209,-30.207676
71273,128266,,14.622266,-46.133439,418.41,-16.0,5.39,-2.718,K0III,0.927,Lup,1064.633,39,69.94348354495335,HD128266_TypK0_Mag5.39,"hms_tuple(h=14.0, m=37.0, s=46.9508123731255)","dms_tuple(d=-46.0, m=-9.0, s=-52.0812278778925)",219.445628,14.629709,-46.164467
71297,128409,,14.628683,-35.520552,244.4988,0.0,7.77,0.829,K0III,1.133,Cen,40.588,244,571.094717053101,HD128409_TypK0_Mag7.77,"hms_tuple(h=14.0, m=38.0, s=6.067185141104119)","dms_tuple(d=-35.0, m=-33.0, s=-5.749414144328284)",219.52528,14.635019,-35.551597
71317,128529,,14.633238,-23.164342,952.381,0.0,7.54,-2.354,K5III,1.608,Lib,761.377,204,466.20558189854603,HD128529_TypK5_Mag7.54,"hms_tuple(h=14.0, m=38.0, s=19.845432081837515)","dms_tuple(d=-23.0, m=-11.0, s=-43.44715688514299)",219.582689,14.638846,-23.195402
71326,128595,,14.634521,-9.737863,100000.0,0.0,7.64,-12.36,K2,1.63,Lib,7655966.069,221,509.2079239683959,HD128595_TypK2_Mag7.64,"hms_tuple(h=14.0, m=38.0, s=23.10535327961574)","dms_tuple(d=-9.0, m=-46.0, s=-8.170900232011888)",219.596272,14.639751,-9.768936
71341,128902,,14.636837,43.64213,276.2431,-49.0,5.74,-1.466,K2III,1.481,Boo,336.047,52,95.24872114276333,HD128902_TypK2_Mag5.74,"hms_tuple(h=14.0, m=38.0, s=38.24264161639064)","dms_tuple(d=43.0, m=36.0, s=39.59264070836866)",219.659344,14.643956,43.610998
71343,128413,,14.637078,-45.871905,160.0,0.0,6.83,0.809,K2III,1.167,Lup,41.343,119,249.18500877779775,HD128413_TypK2_Mag6.83,"hms_tuple(h=14.0, m=38.0, s=40.147515903151714)","dms_tuple(d=-45.0, m=-54.0, s=-10.56060667158988)",219.667281,14.644485,-45.902934
71344,128750,,14.637219,18.298379,99.0099,-14.4,5.9,0.922,K2III:,1.099,Boo,37.256,58,109.69010395244493,HD128750_TypK2_Mag5.9,"hms_tuple(h=14.0, m=38.0, s=33.52992519497036)","dms_tuple(d=18.0, m=16.0, s=2.205968432930092)",219.639708,14.642647,18.267279
71349,128847,,14.638084,36.725796,294.9853,0.0,7.68,0.331,K2,1.463,Boo,64.21,227,527.4997120883073,HD128847_TypK2_Mag7.68,"hms_tuple(h=14.0, m=38.0, s=40.2453330853011)","dms_tuple(d=36.0, m=41.0, s=40.829197475553656)",219.667689,14.644513,36.694675
71354,128488,,14.638711,-38.794184,221.2389,28.0,6.04,-0.684,K3III,1.422,Cen,163.531,65,124.11155185705773,HD128488_TypK3_Mag6.04,"hms_tuple(h=14.0, m=38.0, s=43.1789177458559)","dms_tuple(d=-38.0, m=-49.0, s=-30.807693299235552)",219.679912,14.645327,-38.825224
71364,128704,,14.641925,-3.143468,476.1905,0.0,7.94,-0.449,K2III,1.457,Vir,131.704,277,663.5111201850515,HD128704_TypK2_Mag7.94,"hms_tuple(h=14.0, m=38.0, s=49.51524210089147)","dms_tuple(d=-3.0, m=-10.0, s=-28.37081986387826)",219.706314,14.647088,-3.174547
71378,128885,,14.644501,30.014994,346.0208,0.0,7.55,-0.146,K0,1.114,Boo,99.632,206,470.3371004243402,HD128885_TypK0_Mag7.55,"hms_tuple(h=14.0, m=39.0, s=1.6275806120715686)","dms_tuple(d=29.0, m=59.0, s=1.9735987233124774)",219.756782,14.650452,29.983882
71380,129307,,14.645281,65.866155,322.5806,0.0,7.81,0.267,K2,1.311,UMi,68.108,251,591.6096051155723,HD129307_TypK2_Mag7.81,"hms_tuple(h=14.0, m=39.0, s=28.342011030503613)","dms_tuple(d=65.0, m=50.0, s=5.842972240401423)",219.868092,14.657873,65.834956
71390,128555,,14.646823,-43.000882,200.4008,0.0,7.61,1.101,K0III,0.972,Lup,31.594,216,495.90655392467346,HD128555_TypK0_Mag7.61,"hms_tuple(h=14.0, m=39.0, s=13.949113412042493)","dms_tuple(d=-43.0, m=-1.0, s=-54.89630058040348)",219.808121,14.653875,-43.031916
71397,130235,,14.648843,79.787408,271.7391,0.0,7.29,0.119,K0,1.605,UMi,78.055,169,373.9239290957076,HD130235_TypK0_Mag7.29,"hms_tuple(h=14.0, m=40.0, s=40.180893709116816)","dms_tuple(d=79.0, m=45.0, s=21.733092996259984)",220.16742,14.677828,79.756037
71403,128783,,14.650022,-5.787091,165.2893,0.0,7.78,1.689,K0,1.043,Vir,18.382,245,576.1557641428401,HD128783_TypK0_Mag7.78,"hms_tuple(h=14.0, m=39.0, s=18.73201021862684)","dms_tuple(d=-5.0, m=-49.0, s=-5.40489893788191)",219.82805,14.655203,-5.818168
71425,128756,,14.656114,-25.028616,203.252,11.8,7.18,0.64,K0III,1.083,Lib,48.306,155,339.33902361009757,HD128756_TypK0_Mag7.18,"hms_tuple(h=14.0, m=39.0, s=42.4954389719295)","dms_tuple(d=-25.0, m=-3.0, s=-34.826218821463044)",219.927064,14.661804,-25.059674
71445,128725,,14.660196,-39.564841,199.2032,0.0,7.47,0.974,K1III,1.071,Cen,35.514,194,438.2834686761904,HD128725_TypK1_Mag7.47,"hms_tuple(h=14.0, m=40.0, s=0.7877590718535998)","dms_tuple(d=-39.0, m=-35.0, s=-45.16868528287432)",220.003282,14.666885,-39.59588
71471,129170,,14.666517,38.110469,442.4779,0.0,7.57,-0.659,K0,1.45,Boo,159.809,209,478.71030262103807,HD129170_TypK0_Mag7.57,"hms_tuple(h=14.0, m=40.0, s=23.035552152011007)","dms_tuple(d=38.0, m=4.0, s=45.64480683187412)",220.095981,14.673065,38.079346
71477,129005,,14.667731,7.341352,520.8333,0.0,7.63,-0.953,K5,1.488,Vir,209.508,219,504.73495772895257,HD129005_TypK5_Mag7.63,"hms_tuple(h=14.0, m=40.0, s=22.540393754258048)","dms_tuple(d=7.0, m=18.0, s=36.94666948931918)",220.093918,14.672928,7.310263
71485,129131,,14.668936,28.426627,877.193,0.0,7.89,-1.825,K5,1.558,Boo,467.735,267,634.876663483802,HD129131_TypK5_Mag7.89,"hms_tuple(h=14.0, m=40.0, s=29.264318392414168)","dms_tuple(d=28.0, m=23.0, s=43.85923113131554)",220.121935,14.674796,28.395516
71486,128924,,14.669022,-16.201824,210.5263,0.0,7.69,1.073,K2III,1.349,Lib,32.419,229,532.1744198083834,HD128924_TypK2_Mag7.69,"hms_tuple(h=14.0, m=40.0, s=27.806434530480573)","dms_tuple(d=-16.0, m=-13.0, s=-58.408154421847485)",220.11586,14.674391,-16.232891
71499,135294,,14.671789,87.214771,380.2281,-27.1,6.91,-0.99,K0,1.46,UMi,216.77,126,267.409023780344,HD135294_TypK0_Mag6.91,"hms_tuple(h=14.0, m=46.0, s=36.02061753279685)","dms_tuple(d=87.0, m=10.0, s=57.462004911707254)",221.650086,14.776672,87.182628
71505,128907,,14.673586,-30.536572,257.732,0.0,7.8,0.744,K2III,1.246,Cen,43.893,249,586.4128089424291,HD128907_TypK2_Mag7.8,"hms_tuple(h=14.0, m=40.0, s=46.46138599825704)","dms_tuple(d=-30.0, m=-34.0, s=-3.4447063664606503)",220.193589,14.679573,-30.567624
71518,128986,,14.675599,-14.046753,436.6812,0.0,6.97,-1.231,K4/K5III,1.629,Lib,270.645,132,281.9464748828664,HD128986_TypK4_Mag6.97,"hms_tuple(h=14.0, m=40.0, s=51.287707812706174)","dms_tuple(d=-14.0, m=-4.0, s=-40.160138071090614)",220.213699,14.680913,-14.077822
71527,129134,,14.677308,8.978045,297.619,0.0,7.59,0.222,K0,1.093,Boo,70.99,212,487.2325692121131,HD129134_TypK0_Mag7.59,"hms_tuple(h=14.0, m=40.0, s=57.09408782962058)","dms_tuple(d=8.0, m=56.0, s=49.035994585538276)",220.237892,14.682526,8.946954
71557,129500,,14.683975,52.235794,123.4568,0.0,7.17,1.712,K0,1.16,Boo,17.997,154,336.35821375838816,HD129500_TypK0_Mag7.17,"hms_tuple(h=14.0, m=41.0, s=32.58974808735019)","dms_tuple(d=52.0, m=12.0, s=16.71979299506347)",220.385791,14.692386,52.204644
71581,129156,,14.688615,-11.364328,216.9197,0.0,7.74,1.059,K2,1.219,Lib,32.84,238,556.1767595666211,HD129156_TypK2_Mag7.74,"hms_tuple(h=14.0, m=41.0, s=37.943886655686896)","dms_tuple(d=-11.0, m=-23.0, s=-43.43938220624295)",220.4081,14.693873,-11.3954
71589,129138,,14.690382,-19.927982,179.8561,0.0,7.04,0.765,K0III,1.038,Lib,43.053,140,299.90868873980725,HD129138_TypK0_Mag7.04,"hms_tuple(h=14.0, m=41.0, s=45.117721008063114)","dms_tuple(d=-19.0, m=-57.0, s=-32.563429582991716)",220.437991,14.695866,-19.959045
71635,129195,,14.699214,-28.065758,203.666,0.0,7.01,0.465,K2III,1.389,Hya,56.754,136,292.07456782282145,HD129195_TypK2_Mag7.01,"hms_tuple(h=14.0, m=42.0, s=18.206118880236062)","dms_tuple(d=-28.0, m=-5.0, s=-48.52496620759581)",220.575859,14.705057,-28.096812
71646,129293,,14.700631,-12.234901,163.3987,0.0,6.82,0.754,K0,1.216,Lib,43.491,118,246.99612663521023,HD129293_TypK0_Mag6.82,"hms_tuple(h=14.0, m=42.0, s=21.26183315643388)","dms_tuple(d=-12.0, m=-15.0, s=-57.49920319953219)",220.588591,14.705906,-12.265972
71666,129217,,14.704552,-33.633724,166.113,0.0,7.52,1.418,K0III,0.979,Cen,23.594,201,458.0511018694067,HD129217_TypK0_Mag7.52,"hms_tuple(h=14.0, m=42.0, s=38.68304744825679)","dms_tuple(d=-33.0, m=-39.0, s=-53.17774637752052)",220.661179,14.710745,-33.664772
71674,129272,,14.706492,-23.425675,432.9004,0.0,7.14,-1.042,K0III,1.136,Lib,227.405,151,327.5719697549974,HD129272_TypK0_Mag7.14,"hms_tuple(h=14.0, m=42.0, s=43.59957801723937)","dms_tuple(d=-23.0, m=-27.0, s=-24.2449409513884)",220.681665,14.712111,-23.456735
71688,129470,,14.709693,4.486732,247.5248,0.0,7.85,0.882,K0,1.109,Vir,38.654,259,612.8614298360975,HD129470_TypK0_Mag7.85,"hms_tuple(h=14.0, m=42.0, s=53.50777502494168)","dms_tuple(d=4.0, m=27.0, s=20.324128264165182)",220.722949,14.714863,4.455646
71694,129536,,14.709872,20.491608,256.4103,0.0,7.94,0.895,K0,1.099,Boo,38.194,277,663.5111201850515,HD129536_TypK0_Mag7.94,"hms_tuple(h=14.0, m=42.0, s=55.34543166703003)","dms_tuple(d=20.0, m=27.0, s=37.82228970639949)",220.730606,14.715374,20.460506
71707,129379,,14.712518,-19.311698,176.3668,0.0,6.87,0.638,K0III,1.2,Lib,48.395,123,258.1362429763933,HD129379_TypK0_Mag6.87,"hms_tuple(h=14.0, m=43.0, s=4.731637066381893)","dms_tuple(d=-19.0, m=-20.0, s=-33.943307376381426)",220.769715,14.717981,-19.342762
71782,129456,,14.727624,-35.173655,64.2261,-38.0,4.06,0.021,K3III,1.356,Cen,85.428,14,21.633264422040092,HD129456_TypK3_Mag4.06,"hms_tuple(h=14.0, m=44.0, s=2.156936701206149)","dms_tuple(d=-35.0, m=-12.0, s=-16.92192464983748)",221.008987,14.733932,-35.204701
71785,129846,,14.72901,40.459254,209.6436,13.0,5.72,-0.887,K4III,1.398,Boo,197.151,51,93.58270978529147,HD129846_TypK4_Mag5.72,"hms_tuple(h=14.0, m=44.0, s=8.813611363406295)","dms_tuple(d=40.0, m=25.0, s=41.25796114946638)",221.036723,14.735782,40.428127
71808,129606,,14.735483,-28.352901,193.4236,0.0,7.94,1.507,K1III,1.172,Hya,21.737,277,663.5111201850515,HD129606_TypK1_Mag7.94,"hms_tuple(h=14.0, m=44.0, s=28.831217993387384)","dms_tuple(d=-28.0, m=-23.0, s=-2.2385534198133428)",221.12013,14.741342,-28.383955
71829,129635,,14.738256,-24.1287,302.1148,0.0,6.82,-0.581,K2III,1.42,Lib,148.73,118,246.99612663521023,HD129635_TypK2_Mag6.82,"hms_tuple(h=14.0, m=44.0, s=38.059790401189844)","dms_tuple(d=-24.0, m=-9.0, s=-35.13218775039405)",221.158582,14.743905,-24.159759
71837,130236,,14.740596,60.772177,246.3054,0.0,7.95,0.993,K0,1.0,Dra,34.898,280,669.391162362906,HD130236_TypK0_Mag7.95,"hms_tuple(h=14.0, m=45.0, s=4.112713150218639)","dms_tuple(d=60.0, m=44.0, s=27.60551856436905)",221.267136,14.751142,60.741002
71846,130251,,14.742883,60.053744,413.2231,0.0,7.57,-0.511,K0,1.11,Dra,139.444,209,478.71030262103807,HD130251_TypK0_Mag7.57,"hms_tuple(h=14.0, m=45.0, s=11.517622270599759)","dms_tuple(d=60.0, m=1.0, s=21.25636162909302)",221.29799,14.753199,60.022571
71871,130002,,14.748825,30.294908,390.625,0.0,7.54,-0.419,K0,1.241,Boo,128.115,204,466.20558189854603,HD130002_TypK0_Mag7.54,"hms_tuple(h=14.0, m=45.0, s=17.254797373605868)","dms_tuple(d=30.0, m=15.0, s=49.66277224746278)",221.321895,14.754793,30.263795
71898,129972,,14.754017,16.96428,74.5156,-9.0,4.6,0.239,K0III,0.972,Boo,69.888,21,34.83674370151837,HD129972_TypK0_Mag4.6,"hms_tuple(h=14.0, m=45.0, s=33.85890921591255)","dms_tuple(d=16.0, m=55.0, s=59.45438194872992)",221.391079,14.759405,16.933182
71912,130025,,14.755717,18.884956,178.2531,-4.0,6.15,-0.105,K0,0.841,Boo,95.94,71,136.76080818184963,HD130025_TypK0_Mag6.15,"hms_tuple(h=14.0, m=45.0, s=40.1900158917762)","dms_tuple(d=18.0, m=51.0, s=13.88102883607246)",221.417458,14.761164,18.853856
71919,130004,,14.756718,13.846315,18.8964,0.0,7.87,6.488,K0,0.931,Boo,0.221,263,623.771929275639,HD130004_TypK0_Mag7.87,"hms_tuple(h=14.0, m=45.0, s=43.29434495850961)","dms_tuple(d=13.0, m=48.0, s=54.791378647731364)",221.430393,14.762026,13.81522
71935,130005,,14.760045,8.159683,180.5054,0.0,6.97,0.688,K0,1.022,Boo,46.217,132,281.9464748828664,HD130005_TypK0_Mag6.97,"hms_tuple(h=14.0, m=45.0, s=54.90704988642179)","dms_tuple(d=8.0, m=7.0, s=42.93553767412803)",221.478779,14.765252,8.128593
71956,130086,,14.764383,13.10141,163.9344,0.0,6.57,0.497,K0,1.291,Boo,55.106,97,198.10522595363804,HD130086_TypK0_Mag6.57,"hms_tuple(h=14.0, m=46.0, s=10.82905253960945)","dms_tuple(d=13.0, m=4.0, s=13.135959983058711)",221.545121,14.769675,13.070316
71959,129942,,14.764724,-17.698427,151.7451,0.0,7.29,1.384,K4III,1.429,Lib,24.344,169,373.9239290957076,HD129942_TypK4_Mag7.29,"hms_tuple(h=14.0, m=46.0, s=12.488424484753011)","dms_tuple(d=-17.0, m=-43.0, s=-46.17359070662957)",221.552035,14.770136,-17.729493
71967,129978,,14.766044,-15.459541,444.4444,-40.0,6.33,-1.909,K2III,1.194,Lib,505.359,81,160.2999881121757,HD129978_TypK2_Mag6.33,"hms_tuple(h=14.0, m=46.0, s=17.014619547315988)","dms_tuple(d=-15.0, m=-29.0, s=-26.191984101206458)",221.570894,14.771393,-15.490609
71973,130215,,14.76752,27.512345,25.1699,-19.2,7.98,5.976,K2V,0.87,Boo,0.354,286,687.3457941057625,HD130215_TypK2_Mag7.98,"hms_tuple(h=14.0, m=46.0, s=23.988950544748775)","dms_tuple(d=27.0, m=28.0, s=52.447871195786604)",221.599954,14.77333,27.481236
71983,129944,,14.768547,-23.153018,103.7344,7.0,5.8,0.72,K0III,0.98,Lib,44.875,54,100.42683221252334,HD129944_TypK0_Mag5.8,"hms_tuple(h=14.0, m=46.0, s=26.956122840114602)","dms_tuple(d=-23.0, m=-11.0, s=-2.6808008171622077)",221.612317,14.774154,-23.184078
71992,130289,,14.770709,36.431256,420.1681,0.0,7.71,-0.407,K0,1.223,Boo,126.707,233,541.648484297334,HD130289_TypK0_Mag7.71,"hms_tuple(h=14.0, m=46.0, s=37.6073145136219)","dms_tuple(d=36.0, m=24.0, s=0.48669346642554956)",221.656697,14.777113,36.400135
71999,130110,,14.771612,-0.833774,201.2072,0.0,6.91,0.392,K0III,1.119,Vir,60.702,126,267.409023780344,HD130110_TypK0_Mag6.91,"hms_tuple(h=14.0, m=46.0, s=36.36203658925382)","dms_tuple(d=-0.0, m=-51.0, s=-53.480001457063935)",221.651508,14.776767,-0.864856
72011,130499,,14.773176,56.6164,182.8154,0.0,6.61,0.3,K2III,1.137,Dra,66.069,100,205.22157007953126,HD130499_TypK2_Mag6.61,"hms_tuple(h=14.0, m=46.0, s=57.13048857630497)","dms_tuple(d=56.0, m=35.0, s=6.858886272186737)",221.738044,14.782536,56.585239
72024,130217,,14.774897,14.855348,180.1802,0.0,7.67,1.391,K0,1.088,Boo,24.188,226,522.866067770482,HD130217_TypK0_Mag7.67,"hms_tuple(h=14.0, m=46.0, s=48.82484641019943)","dms_tuple(d=14.0, m=49.0, s=27.30665542017391)",221.703437,14.780229,14.824252
72059,130317,,14.783238,19.799502,180.5054,0.0,7.39,1.108,K0,1.183,Boo,31.391,182,408.41430272357115,HD130317_TypK0_Mag7.39,"hms_tuple(h=14.0, m=47.0, s=19.375602537219123)","dms_tuple(d=19.0, m=46.0, s=6.2432627617207)",221.830732,14.788715,19.768401
72069,130055,,14.784747,-38.290639,153.6098,41.0,5.9,-0.032,K3III,1.336,Cen,89.702,58,109.69010395244493,HD130055_TypK3_Mag5.9,"hms_tuple(h=14.0, m=47.0, s=28.742147422311177)","dms_tuple(d=-38.0, m=-19.0, s=-18.04839384738898)",221.869759,14.791317,-38.32168
72083,130157,,14.787125,-21.324871,505.0505,-24.0,6.05,-2.467,K4/K5III,1.649,Lib,844.89,65,125.21142966991891,HD130157_TypK4_Mag6.05,"hms_tuple(h=14.0, m=47.0, s=33.57483890522019)","dms_tuple(d=-21.0, m=-21.0, s=-21.358599350647864)",221.889895,14.79266,-21.355933
72111,130073,,14.79225,-43.556806,231.4815,-23.0,6.3,-0.523,K1III,1.068,Lup,140.994,79,156.1126819853037,HD130073_TypK1_Mag6.3,"hms_tuple(h=14.0, m=47.0, s=57.71957842524131)","dms_tuple(d=-43.0, m=-35.0, s=-16.219258786523483)",221.990498,14.799367,-43.587839
72121,130446,,14.794231,24.097554,354.6099,0.0,7.48,-0.269,K0,1.388,Boo,111.584,195,442.16754115556887,HD130446_TypK0_Mag7.48,"hms_tuple(h=14.0, m=47.0, s=59.554970372491596)","dms_tuple(d=24.0, m=3.0, s=59.21408158015822)",221.998146,14.799876,24.066448
72146,130325,,14.798597,-12.840007,112.7396,33.0,6.34,1.08,K0III,1.097,Lib,32.211,82,161.720568208778,HD130325_TypK0_Mag6.34,"hms_tuple(h=14.0, m=48.0, s=13.984200531231465)","dms_tuple(d=-12.0, m=-52.0, s=-15.878721053125417)",222.058268,14.803885,-12.871077
72161,130386,,14.80063,-5.50662,174.5201,10.7,7.78,1.571,K2,1.125,Lib,20.493,245,576.1557641428401,HD130386_TypK2_Mag7.78,"hms_tuple(h=14.0, m=48.0, s=20.91173416185697)","dms_tuple(d=-5.0, m=-32.0, s=-15.710227408342519)",222.087132,14.805809,-5.537697
72177,130799,,14.804303,52.625804,270.2703,0.0,7.99,0.831,K2,1.397,Boo,40.514,288,693.4370594020932,HD130799_TypK2_Mag7.99,"hms_tuple(h=14.0, m=48.0, s=46.03937676423982)","dms_tuple(d=52.0, m=35.0, s=40.75235883756818)",222.191831,14.812789,52.594653
72191,130583,,14.807074,22.39871,420.1681,0.0,7.68,-0.437,K5,1.587,Boo,130.257,227,527.4997120883073,HD130583_TypK5_Mag7.68,"hms_tuple(h=14.0, m=48.0, s=45.532899972309764)","dms_tuple(d=22.0, m=22.0, s=3.3822757769587497)",222.18972,14.812648,22.367606
72200,130311,,14.809083,-35.841503,187.2659,0.0,6.72,0.358,K0III,0.992,Cen,62.633,109,226.137433304753,HD130311_TypK0_Mag6.72,"hms_tuple(h=14.0, m=48.0, s=55.59921967637578)","dms_tuple(d=-35.0, m=-52.0, s=-21.17141834198037)",222.231663,14.815444,-35.872548
72215,130463,,14.813596,-13.119466,598.8024,0.0,7.66,-1.226,K0III,1.064,Lib,269.401,224,518.2731261472211,HD130463_TypK0_Mag7.66,"hms_tuple(h=14.0, m=49.0, s=8.002065564168106)","dms_tuple(d=-13.0, m=-9.0, s=-1.9301560775480198)",222.283342,14.818889,-13.150536
72219,130652,,14.814296,18.199683,201.6129,-27.8,7.36,0.837,K2,1.029,Boo,40.29,178,397.7458321127074,HD130652_TypK2_Mag7.36,"hms_tuple(h=14.0, m=49.0, s=10.996049274043287)","dms_tuple(d=18.0, m=10.0, s=6.900727003561258)",222.295817,14.819721,18.168584
72227,130363,,14.816289,-40.420935,343.6426,0.0,7.64,-0.041,K4III,1.533,Cen,90.448,221,509.2079239683959,HD130363_TypK4_Mag7.64,"hms_tuple(h=14.0, m=49.0, s=23.02665972336925)","dms_tuple(d=-40.0, m=-27.0, s=-7.102299526873708)",222.345944,14.823063,-40.451973
72239,130704,,14.818311,19.698191,363.6364,0.0,7.8,-0.003,K2,1.043,Boo,87.337,249,586.4128089424291,HD130704_TypK2_Mag7.8,"hms_tuple(h=14.0, m=49.0, s=25.62591012068637)","dms_tuple(d=19.0, m=40.0, s=1.5240375162875353)",222.356775,14.823785,19.66709
72241,131005,,14.818535,54.2315,278.5515,0.0,7.03,-0.195,K2,1.469,Boo,104.232,138,297.27424144135534,HD131005_TypK2_Mag7.03,"hms_tuple(h=14.0, m=49.0, s=38.449471699736506)","dms_tuple(d=54.0, m=12.0, s=1.2431478936281337)",222.410206,14.827347,54.200345
72248,130703,,14.819276,20.40132,709.2199,0.0,7.83,-1.424,K0,1.132,Boo,323.296,255,602.141767772257,HD130703_TypK0_Mag7.83,"hms_tuple(h=14.0, m=49.0, s=29.188218238825527)","dms_tuple(d=20.0, m=22.0, s=12.785826670388474)",222.371618,14.824775,20.370218
72254,130766,,14.820786,25.150893,215.9827,-13.0,6.68,0.008,K3II,1.347,Boo,86.457,106,218.29580245415895,HD130766_TypK3_Mag6.68,"hms_tuple(h=14.0, m=49.0, s=35.32470435039755)","dms_tuple(d=25.0, m=7.0, s=11.230305255608926)",222.397186,14.826479,25.119786
72261,130529,,14.821874,-24.25147,310.559,-26.0,5.68,-1.781,K3III+...,1.275,Lib,449.159,49,90.33759882152823,HD130529_TypK3_Mag5.68,"hms_tuple(h=14.0, m=49.0, s=39.104204578344195)","dms_tuple(d=-24.0, m=-16.0, s=-57.10370386796569)",222.412934,14.827529,-24.282529
72264,130619,,14.822614,-5.791289,363.6364,0.0,7.92,0.117,K5,1.634,Lib,78.199,273,651.9055358919003,HD130619_TypK5_Mag7.92,"hms_tuple(h=14.0, m=49.0, s=40.0633495289496)","dms_tuple(d=-5.0, m=-49.0, s=-20.51768503390207)",222.416931,14.827795,-5.822366
72272,130705,,14.823932,10.044158,157.7287,0.0,6.64,0.65,K4II-III,1.26,Boo,47.863,103,210.72609108853683,HD130705_TypK4_Mag6.64,"hms_tuple(h=14.0, m=49.0, s=44.99894811039397)","dms_tuple(d=10.0, m=0.0, s=47.039202323484375)",222.437496,14.829166,10.013066
72294,130707,,14.827337,1.504483,231.4815,0.0,7.6,0.777,K5III,1.519,Vir,42.579,214,491.5504291096121,HD130707_TypK5_Mag7.6,"hms_tuple(h=14.0, m=49.0, s=56.97605978206241)","dms_tuple(d=1.0, m=28.0, s=24.237532486570572)",222.4874,14.832493,1.473399
72302,130744,,14.828966,3.870745,165.5629,0.0,7.36,1.265,K0,1.137,Vir,27.164,178,397.7458321127074,HD130744_TypK0_Mag7.36,"hms_tuple(h=14.0, m=50.0, s=2.87606932265021)","dms_tuple(d=3.0, m=50.0, s=22.772958099779856)",222.511984,14.834132,3.839659
72309,130539,,14.830365,-32.427174,186.9159,0.0,6.85,0.492,K0III,1.062,Cen,55.36,121,253.62113865358353,HD130539_TypK0_Mag6.85,"hms_tuple(h=14.0, m=50.0, s=11.306295228585839)","dms_tuple(d=-32.0, m=-27.0, s=-29.60337772634773)",222.54711,14.836474,-32.458223
72324,130626,,14.832669,-29.034634,181.1594,0.0,7.19,0.9,K1III,1.256,Hya,38.019,156,342.3462494285041,HD130626_TypK1_Mag7.19,"hms_tuple(h=14.0, m=50.0, s=18.838811707944103)","dms_tuple(d=-29.0, m=-3.0, s=-56.47444743378685)",222.578495,14.838566,-29.065687
72344,130694,,14.838147,-27.960371,101.5228,-10.0,4.42,-0.613,K3III,1.366,Hya,153.179,19,29.721157681618813,HD130694_TypK3_Mag4.42,"hms_tuple(h=14.0, m=50.0, s=38.3443178133156)","dms_tuple(d=-27.0, m=-59.0, s=-29.132209694365088)",222.659768,14.843985,-27.991426
72351,131444,,14.839422,65.645835,520.8333,-27.9,6.98,-1.603,K5,1.594,UMi,381.241,133,284.4450873609016,HD131444_TypK5_Mag6.98,"hms_tuple(h=14.0, m=51.0, s=6.864753386350628)","dms_tuple(d=65.0, m=36.0, s=52.69524524740859)",222.778603,14.851907,65.614638
72355,131111,,14.841577,37.272047,64.3501,-67.0,5.47,1.427,K0III-IV,1.03,Boo,23.399,42,75.05876355198704,HD131111_TypK0_Mag5.47,"hms_tuple(h=14.0, m=50.0, s=52.986803549022454)","dms_tuple(d=37.0, m=14.0, s=27.32999240616664)",222.720778,14.848052,37.240925
72366,130950,,14.843056,12.784113,222.2222,0.0,7.27,0.536,K2,1.412,Boo,53.162,166,367.38356293404297,HD130950_TypK2_Mag7.27,"hms_tuple(h=14.0, m=50.0, s=54.02768295812521)","dms_tuple(d=12.0, m=45.0, s=10.867854742139116)",222.725115,14.848341,12.753019
72379,131873,Kochab,14.845105,74.155505,40.1445,17.0,2.07,-0.948,K4IIIvar,1.465,UMi,208.545,3,3.737663013573414,HD131873_TypK4_Mag2.07,"hms_tuple(h=14.0, m=51.0, s=50.21435248728011)","dms_tuple(d=74.0, m=7.0, s=27.261169737743103)",222.959226,14.863948,74.124239
72384,131288,,14.846297,51.528722,357.1429,0.0,7.94,0.176,K2,1.476,Boo,74.063,277,663.5111201850515,HD131288_TypK2_Mag7.94,"hms_tuple(h=14.0, m=51.0, s=16.476922526413205)","dms_tuple(d=51.0, m=29.0, s=51.26666788276623)",222.818654,14.854577,51.497574
72385,131360,,14.846813,57.410957,332.2259,0.0,7.78,0.173,K5,1.352,Dra,74.268,245,576.1557641428401,HD131360_TypK5_Mag7.78,"hms_tuple(h=14.0, m=51.0, s=22.950547588387025)","dms_tuple(d=57.0, m=22.0, s=47.25531295922167)",222.845627,14.856375,57.379793
72396,131494,,14.848536,62.780447,195.3125,0.0,7.72,1.266,K0,0.969,Dra,27.139,234,546.4485785781236,HD131494_TypK0_Mag7.72,"hms_tuple(h=14.0, m=51.0, s=35.256652862873636)","dms_tuple(d=62.0, m=44.0, s=57.34810888876382)",222.896903,14.859794,62.749263
72401,130970,,14.850026,-0.257491,140.2525,-20.0,6.18,0.445,K3III,1.397,Vir,57.81,72,140.42905193202526,HD130970_TypK3_Mag6.18,"hms_tuple(h=14.0, m=51.0, s=18.650557712744984)","dms_tuple(d=-0.0, m=-17.0, s=-18.86309071259639)",222.827711,14.855181,-0.288573
72406,131023,,14.850643,9.723673,29.4377,-35.6,7.4,5.055,K0...,0.76,Boo,0.828,184,412.0336743557815,HD131023_TypK0_Mag7.4,"hms_tuple(h=14.0, m=51.0, s=21.140250630301836)","dms_tuple(d=9.0, m=41.0, s=33.294284561554264)",222.838084,14.855872,9.692582
72412,130900,,14.851019,-15.027477,309.5975,0.0,7.19,-0.264,K1III+...,0.578,Lib,111.071,156,342.3462494285041,HD130900_TypK1_Mag7.19,"hms_tuple(h=14.0, m=51.0, s=22.885004452444377)","dms_tuple(d=-15.0, m=-3.0, s=-30.763106037004633)",222.845354,14.856357,-15.058545
72422,130953,,14.854002,-13.607032,358.4229,0.0,7.72,-0.052,K2III,1.462,Lib,91.369,234,546.4485785781236,HD130953_TypK2_Mag7.72,"hms_tuple(h=14.0, m=51.0, s=33.502320756325474)","dms_tuple(d=-13.0, m=-38.0, s=-17.166067202112316)",222.889593,14.859306,-13.638102
72424,130855,,14.854272,-23.859381,169.7793,0.0,7.5,1.351,K1III,1.008,Lib,25.096,198,450.03925321819855,HD130855_TypK1_Mag7.5,"hms_tuple(h=14.0, m=51.0, s=35.67482100202298)","dms_tuple(d=-23.0, m=-53.0, s=-25.584845991724308)",222.898645,14.85991,-23.89044
72425,131132,,14.854451,18.649842,373.1343,0.0,7.6,-0.259,K0,0.994,Boo,110.561,214,491.5504291096121,HD131132_TypK0_Mag7.6,"hms_tuple(h=14.0, m=51.0, s=35.605142100078666)","dms_tuple(d=18.0, m=37.0, s=7.471488206134609)",222.898355,14.85989,18.618742
72436,131507,,14.857362,59.293985,138.8889,11.0,5.48,-0.233,K4III,1.369,Dra,107.944,42,75.72393506468185,HD131507_TypK4_Mag5.48,"hms_tuple(h=14.0, m=52.0, s=2.810590310856327)","dms_tuple(d=59.0, m=15.0, s=46.1337135638189)",223.011711,14.867447,59.262815
72446,131158,,14.859024,13.477561,230.9469,0.0,7.85,1.032,K0,0.976,Boo,33.667,259,612.8614298360975,HD131158_TypK0_Mag7.85,"hms_tuple(h=14.0, m=51.0, s=51.56614398406788)","dms_tuple(d=13.0, m=26.0, s=47.27825850434556)",222.964859,14.864324,13.446466
72459,133872,,14.86127,83.937483,370.3704,-12.0,6.95,-0.893,K0,1.378,UMi,198.244,130,277.01490180011757,HD133872_TypK0_Mag6.95,"hms_tuple(h=14.0, m=54.0, s=35.3738019578897)","dms_tuple(d=83.0, m=54.0, s=21.283146087492923)",223.647391,14.909826,83.905912
72460,130992,,14.861255,-24.304133,17.0271,-65.4,7.81,6.654,K3V,1.036,Lib,0.19,251,591.6096051155723,HD130992_TypK3_Mag7.81,"hms_tuple(h=14.0, m=52.0, s=0.8842584838770051)","dms_tuple(d=-24.0, m=-20.0, s=-6.690296016830644)",223.003684,14.866912,-24.335192
72464,130991,,14.862513,-20.614161,163.3987,-5.0,7.61,1.544,K0III,1.097,Lib,21.009,216,495.90655392467346,HD130991_TypK0_Mag7.61,"hms_tuple(h=14.0, m=52.0, s=4.8769873430298105)","dms_tuple(d=-20.0, m=-38.0, s=-42.805272403867605)",223.020321,14.868021,-20.645224
72466,131333,,14.862759,38.403952,168.3502,0.0,7.53,1.399,K0,1.04,Boo,24.01,203,462.11035531169057,HD131333_TypK0_Mag7.53,"hms_tuple(h=14.0, m=52.0, s=9.602057342226828)","dms_tuple(d=38.0, m=22.0, s=22.182047934818456)",223.040009,14.869334,38.372828
72473,131027,,14.864252,-18.355325,223.7136,-21.9,6.27,-0.478,K0II/III,1.094,Lib,135.27,77,152.0347553587468,HD131027_TypK0_Mag6.27,"hms_tuple(h=14.0, m=52.0, s=10.862186164009131)","dms_tuple(d=-18.0, m=-23.0, s=-11.004008471068687)",223.045259,14.869684,-18.38639
72478,131208,,14.865504,8.825331,83.4725,0.0,7.6,2.992,K0,1.031,Boo,5.536,214,491.5504291096121,HD131208_TypK0_Mag7.6,"hms_tuple(h=14.0, m=52.0, s=14.591875085349955)","dms_tuple(d=8.0, m=47.0, s=39.26610737379647)",223.060799,14.87072,8.794241
72490,131446,,14.867566,46.47662,149.0313,0.0,6.76,0.894,K0,1.219,Boo,38.23,113,234.26075154331102,HD131446_TypK0_Mag6.76,"hms_tuple(h=14.0, m=52.0, s=30.16870477094031)","dms_tuple(d=46.0, m=26.0, s=43.73802430820547)",223.125703,14.875047,46.445483
72520,131302,,14.872402,17.781382,220.2643,0.0,7.88,1.165,K2,1.529,Boo,29.785,265,629.299802346522,HD131302_TypK2_Mag7.88,"hms_tuple(h=14.0, m=52.0, s=40.13148612015016)","dms_tuple(d=17.0, m=45.0, s=1.0186422611269563)",223.167215,14.877814,17.750283
72522,131182,,14.872518,-11.472983,243.309,0.0,7.95,1.019,K0,1.118,Lib,34.072,280,669.391162362906,HD131182_TypK0_Mag7.95,"hms_tuple(h=14.0, m=52.0, s=40.00195886817963)","dms_tuple(d=-11.0, m=-30.0, s=-14.597011425648532)",223.166675,14.877778,-11.504055
72534,131347,,14.874786,23.801364,210.5263,0.0,7.24,0.623,K0,1.051,Boo,49.068,163,357.7868844682338,HD131347_TypK0_Mag7.24,"hms_tuple(h=14.0, m=52.0, s=49.50642653740928)","dms_tuple(d=23.0, m=46.0, s=12.931243480432784)",223.206277,14.880418,23.770259
72566,131451,,14.878824,31.925022,156.9859,0.0,6.89,0.911,K0,1.018,Boo,37.636,124,262.73172769318006,HD131451_TypK0_Mag6.89,"hms_tuple(h=14.0, m=53.0, s=5.622837270074825)","dms_tuple(d=31.0, m=53.0, s=38.06588649039895)",223.273428,14.884895,31.893907
72591,132698,,14.884365,78.17666,67.8426,0.0,6.52,2.362,K0,1.2,UMi,9.89,94,189.555805541093,HD132698_TypK0_Mag6.52,"hms_tuple(h=14.0, m=54.0, s=34.04575233200319)","dms_tuple(d=78.0, m=8.0, s=43.18480037263839)",223.641857,14.909457,78.145329
72602,131509,,14.886646,28.508272,76.5697,-43.7,7.96,3.54,K0V,0.896,Boo,3.342,282,675.323313533301,HD131509_TypK0_Mag7.96,"hms_tuple(h=14.0, m=53.0, s=33.03660238972739)","dms_tuple(d=28.0, m=28.0, s=37.78088501928039)",223.387653,14.89251,28.477161
72618,131496,Arcalís,14.88973,18.235401,110.011,0.0,7.8,2.593,K0,1.039,Boo,7.995,249,586.4128089424291,HD131496_TypK0_Mag7.8,"hms_tuple(h=14.0, m=53.0, s=42.56244949822559)","dms_tuple(d=18.0, m=12.0, s=15.485397284104181)",223.427344,14.895156,18.204301
72621,131511,,14.889939,19.152798,11.5101,-31.0,6.0,5.695,K2V,0.841,Boo,0.459,63,119.80781072170208,HD131511_TypK2_Mag6.0,"hms_tuple(h=14.0, m=53.0, s=43.42078252585509)","dms_tuple(d=19.0, m=7.0, s=18.111246900265883)",223.43092,14.895395,19.121698
72632,131528,,14.891996,19.888398,145.7726,0.0,6.94,1.122,K0,1.138,Boo,30.988,129,274.581557295345,HD131528_TypK0_Mag6.94,"hms_tuple(h=14.0, m=53.0, s=50.915427983700994)","dms_tuple(d=19.0, m=51.0, s=26.268533538435577)",223.462148,14.897477,19.857297
72635,132188,,14.893156,69.762673,636.9427,0.0,7.42,-1.601,K5,1.552,UMi,380.54,187,419.36892659107707,HD132188_TypK5_Mag7.42,"hms_tuple(h=14.0, m=54.0, s=28.928717890155866)","dms_tuple(d=69.0, m=43.0, s=53.21777397993628)",223.620536,14.908036,69.731449
72640,131477,,14.894189,2.237534,235.2941,0.0,6.82,-0.038,K5III,1.518,Vir,90.199,118,246.99612663521023,HD131477_TypK5_Mag6.82,"hms_tuple(h=14.0, m=53.0, s=57.65089072451602)","dms_tuple(d=2.0, m=12.0, s=23.21872704231282)",223.490212,14.899347,2.20645
72641,131476,,14.894393,6.241799,337.8378,-24.8,6.63,-1.014,K0,1.17,Vir,221.615,102,208.87503841075554,HD131476_TypK0_Mag6.63,"hms_tuple(h=14.0, m=53.0, s=58.48107934345393)","dms_tuple(d=6.0, m=12.0, s=38.55952457655604)",223.493671,14.899578,6.210711
72654,131455,,14.896294,-0.42468,452.4887,0.0,8.0,-0.278,K0III,1.079,Vir,112.512,290,699.5823055523535,HD131455_TypK0_Mag8.0,"hms_tuple(h=14.0, m=54.0, s=5.215709449757213)","dms_tuple(d=-0.0, m=-27.0, s=-20.742942645710656)",223.521732,14.901449,-0.455762
72657,131225,,14.896357,-43.16211,100000.0,0.0,7.69,-12.31,K4III,1.593,Lup,7311390.835,229,532.1744198083834,HD131225_TypK4_Mag7.69,"hms_tuple(h=14.0, m=54.0, s=12.33847961313458)","dms_tuple(d=-43.0, m=-11.0, s=-35.31610886303099)",223.55141,14.903427,-43.193143
72659,131745,,14.897031,45.682665,390.625,0.0,7.97,0.011,K2,1.395,Boo,86.218,284,681.3080354866522,HD131745_TypK2_Mag7.97,"hms_tuple(h=14.0, m=54.0, s=15.858358555798304)","dms_tuple(d=45.0, m=39.0, s=5.505427523551134)",223.566076,14.904405,45.651529
72674,131498,,14.900216,-5.57154,147.2754,0.0,7.73,1.889,K0,1.011,Lib,15.29,236,551.2912113423957,HD131498_TypK0_Mag7.73,"hms_tuple(h=14.0, m=54.0, s=19.42339445372511)","dms_tuple(d=-5.0, m=-36.0, s=-9.422012577366843)",223.580931,14.905395,-5.602617
72684,131969,,14.901816,59.514788,206.6116,0.0,7.25,0.674,K2,1.128,Dra,46.817,164,360.95759541392204,HD131969_TypK2_Mag7.25,"hms_tuple(h=14.0, m=54.0, s=43.08210030301524)","dms_tuple(d=59.0, m=29.0, s=1.0217247118794148)",223.679509,14.911967,59.483617
72699,131724,,14.905005,32.016861,156.7398,0.0,6.95,0.974,K0,1.11,Boo,35.514,130,277.01490180011757,HD131724_TypK0_Mag6.95,"hms_tuple(h=14.0, m=54.0, s=39.896288435717366)","dms_tuple(d=31.0, m=59.0, s=8.685868444168534)",223.666235,14.911082,31.985746
72701,131430,,14.905592,-24.642202,127.8772,9.0,5.27,-0.264,K2/K3III,1.336,Lib,111.071,36,62.91671476098047,HD131430_TypK2_Mag5.27,"hms_tuple(h=14.0, m=54.0, s=40.55230744598063)","dms_tuple(d=-24.0, m=-40.0, s=-23.737357579466334)",223.668968,14.911265,-24.67326
72702,131415,,14.905754,-28.348198,148.1481,0.0,6.54,0.687,K1III,1.091,Hya,46.259,95,192.9303832342453,HD131415_TypK1_Mag6.54,"hms_tuple(h=14.0, m=54.0, s=41.80588260858599)","dms_tuple(d=-28.0, m=-22.0, s=-45.307773336351715)",223.674191,14.911613,-28.379252
72713,132166,,14.907129,64.64632,198.8072,0.0,7.81,1.318,K0,0.99,Dra,25.87,251,591.6096051155723,HD132166_TypK0_Mag7.81,"hms_tuple(h=14.0, m=55.0, s=8.950833408046321)","dms_tuple(d=64.0, m=36.0, s=54.459755408944375)",223.787295,14.919153,64.615128
72715,131541,,14.908004,-8.38846,315.4574,0.0,7.39,-0.105,K0,1.317,Lib,95.94,182,408.41430272357115,HD131541_TypK0_Mag7.39,"hms_tuple(h=14.0, m=54.0, s=47.573297057627286)","dms_tuple(d=-8.0, m=-25.0, s=-10.324637120871216)",223.698222,14.913215,-8.419535
72724,131883,,14.909342,46.593738,203.252,0.0,7.33,0.79,K0,1.006,Boo,42.073,174,387.3560399526628,HD131883_TypK0_Mag7.33,"hms_tuple(h=14.0, m=55.0, s=0.6203858230506398)","dms_tuple(d=46.0, m=33.0, s=45.36201395954549)",223.752585,14.916839,46.562601
72731,131432,,14.910532,-33.300575,320.5128,-24.0,5.85,-1.679,K2III,1.429,Cen,408.884,56,104.95632265378961,HD131432_TypK2_Mag5.85,"hms_tuple(h=14.0, m=55.0, s=0.1254108768684148)","dms_tuple(d=-33.0, m=-19.0, s=-53.84291680325987)",223.750523,14.916702,-33.331623
72744,135280,,14.913103,85.120842,227.7904,0.0,7.46,0.672,K0,1.026,UMi,46.903,192,434.43351452893916,HD135280_TypK0_Mag7.46,"hms_tuple(h=14.0, m=58.0, s=23.949783972936416)","dms_tuple(d=85.0, m=5.0, s=20.948724310477473)",224.599791,14.973319,85.089152
72754,131766,,14.915007,23.593023,446.4286,0.0,7.45,-0.799,K5,1.553,Boo,181.803,191,430.6173790127683,HD131766_TypK5_Mag7.45,"hms_tuple(h=14.0, m=55.0, s=14.269738482833105)","dms_tuple(d=23.0, m=33.0, s=42.90445759651334)",223.809457,14.92063,23.561918
72765,131747,,14.91696,14.979394,178.8909,0.0,6.92,0.657,K0III,0.896,Boo,47.555,127,269.7788052214281,HD131747_TypK0_Mag6.92,"hms_tuple(h=14.0, m=55.0, s=20.26269686967268)","dms_tuple(d=14.0, m=56.0, s=53.87182006618062)",223.834428,14.922295,14.948298
72767,131586,,14.918245,-20.013489,160.0,0.0,7.39,1.369,K0III,1.132,Lib,24.683,182,408.41430272357115,HD131586_TypK0_Mag7.39,"hms_tuple(h=14.0, m=55.0, s=25.435248738367733)","dms_tuple(d=-20.0, m=-2.0, s=-40.38831215343947)",223.85598,14.923732,-20.044552
72768,131783,,14.918551,17.70142,150.1502,0.0,7.78,1.897,K0,0.903,Boo,15.177,245,576.1557641428401,HD131783_TypK0_Mag7.78,"hms_tuple(h=14.0, m=55.0, s=26.259204507312717)","dms_tuple(d=17.0, m=40.0, s=13.155731105307211)",223.859413,14.923961,17.670321
72777,132142,,14.919843,53.680347,23.3863,-14.4,7.77,5.925,K1V,0.785,Boo,0.372,244,571.094717053101,HD132142_TypK1_Mag7.77,"hms_tuple(h=14.0, m=55.0, s=42.74215435449449)","dms_tuple(d=53.0, m=38.0, s=57.097558606234315)",223.928092,14.928539,53.649194
72787,131893,,14.921921,32.823895,155.7632,0.0,7.22,1.258,K0,1.114,Boo,27.34,160,351.52877406079745,HD131893_TypK0_Mag7.22,"hms_tuple(h=14.0, m=55.0, s=40.990254991680786)","dms_tuple(d=32.0, m=47.0, s=34.00455831180011)",223.920793,14.928053,32.792779
72792,131786,,14.923013,6.784772,324.6753,0.0,6.74,-0.817,K5,1.589,Vir,184.842,111,230.16325744576756,HD131786_TypK5_Mag6.74,"hms_tuple(h=14.0, m=55.0, s=41.533189176408314)","dms_tuple(d=6.0, m=45.0, s=13.260521726638217)",223.923055,14.928204,6.753683
72797,131785,,14.924021,7.762039,540.5405,0.0,7.63,-1.034,K5,1.421,Boo,225.736,219,504.73495772895257,HD131785_TypK5_Mag7.63,"hms_tuple(h=14.0, m=55.0, s=45.202537587816494)","dms_tuple(d=7.0, m=43.0, s=51.418466441628254)",223.938344,14.929223,7.73095
72801,131971,,14.924784,39.653054,177.305,0.0,7.52,1.276,K0,1.053,Boo,26.891,201,458.0511018694067,HD131971_TypK0_Mag7.52,"hms_tuple(h=14.0, m=55.0, s=53.31362097867469)","dms_tuple(d=39.0, m=37.0, s=18.942468102879957)",223.97214,14.931476,39.621928
72829,131544,,14.930124,-44.696679,378.7879,0.0,7.95,0.058,K3III,1.572,Lup,82.566,280,669.391162362906,HD131544_TypK3_Mag7.95,"hms_tuple(h=14.0, m=56.0, s=14.565743055420342)","dms_tuple(d=-44.0, m=-43.0, s=-39.75479828410869)",224.060691,14.937379,-44.72771
72837,132047,,14.931547,36.430112,64.7668,0.0,7.66,3.603,K0,1.06,Boo,3.154,224,518.2731261472211,HD132047_TypK0_Mag7.66,"hms_tuple(h=14.0, m=56.0, s=16.623775139007222)","dms_tuple(d=36.0, m=23.0, s=56.36829925472966)",224.069266,14.937951,36.398991
72843,131972,,14.933445,24.386017,234.192,1.0,6.82,-0.028,K2III,1.171,Boo,89.372,118,246.99612663521023,HD131972_TypK2_Mag6.82,"hms_tuple(h=14.0, m=56.0, s=20.771430229331997)","dms_tuple(d=24.0, m=21.0, s=17.67974482333244)",224.086548,14.939103,24.354911
72880,131774,,14.941907,-32.636784,195.3125,12.0,6.06,-0.394,K3III,1.413,Cen,125.199,66,126.32105461095017,HD131774_TypK3_Mag6.06,"hms_tuple(h=14.0, m=56.0, s=52.90893616891253)","dms_tuple(d=-32.0, m=-40.0, s=-4.198410403503772)",224.220454,14.94803,-32.667833
72882,131830,,14.94209,-24.258338,271.7391,0.0,7.49,0.319,K0III,1.113,Lib,64.923,197,446.0860343240754,HD131830_TypK0_Mag7.49,"hms_tuple(h=14.0, m=56.0, s=51.882905714035985)","dms_tuple(d=-24.0, m=-17.0, s=-21.828476770987777)",224.216179,14.947745,-24.289397
72889,131703,,14.943392,-43.456125,100000.0,0.0,7.42,-12.58,K4III,1.557,Lup,9375620.069,187,419.36892659107707,HD131703_TypK4_Mag7.42,"hms_tuple(h=14.0, m=57.0, s=1.7880365546164967)","dms_tuple(d=-43.0, m=-29.0, s=-13.768286802608145)",224.25745,14.950497,-43.487158
72905,131918,,14.946142,-11.409701,168.3502,15.0,5.48,-0.651,K4III,1.491,Lib,158.635,42,75.72393506468185,HD131918_TypK4_Mag5.48,"hms_tuple(h=14.0, m=57.0, s=5.044114483811342)","dms_tuple(d=-11.0, m=-26.0, s=-26.782027407424778)",224.271017,14.951401,-11.440773
72909,133086,Baekdu,14.946759,74.900927,160.0,0.0,6.83,0.809,K0,0.985,UMi,41.343,119,249.18500877779775,HD133086_TypK0_Mag6.83,"hms_tuple(h=14.0, m=57.0, s=59.426927715199724)","dms_tuple(d=74.0, m=52.0, s=10.746148756998082)",224.497612,14.966507,74.869652
72929,132071,,14.951233,5.430781,259.0674,0.0,7.28,0.213,K0,1.226,Vir,71.581,168,370.63931974020056,HD132071_TypK0_Mag7.28,"hms_tuple(h=14.0, m=57.0, s=23.078235495814)","dms_tuple(d=5.0, m=23.0, s=58.89741060864473)",224.346159,14.956411,5.399694
72940,131837,,14.953486,-42.13748,177.6199,0.0,7.0,0.753,K1III,1.164,Cen,43.531,135,289.50893673230235,HD131837_TypK1_Mag7.0,"hms_tuple(h=14.0, m=57.0, s=37.586550638939116)","dms_tuple(d=-42.0, m=-10.0, s=-6.654324329591077)",224.406611,14.960441,-42.168515
72956,131977,,14.957765,-21.415475,5.8404,29.1,5.72,6.888,K4V,1.024,Lib,0.153,51,93.58270978529147,HD131977_TypK4_Mag5.72,"hms_tuple(h=14.0, m=57.0, s=47.891191328440925)","dms_tuple(d=-21.0, m=-26.0, s=-47.53265673226906)",224.449547,14.963303,-21.446537
72965,132132,,14.959236,-0.167612,89.3655,20.6,5.51,0.754,K1III,1.131,Vir,43.491,43,77.75502756283679,HD132132_TypK1_Mag5.51,"hms_tuple(h=14.0, m=57.0, s=51.80643393057977)","dms_tuple(d=-0.0, m=-11.0, s=-55.29898534018006)",224.46586,14.964391,-0.198694
72975,132304,,14.961552,24.674108,421.9409,-41.0,6.95,-1.176,K3III,1.39,Boo,257.276,130,277.01490180011757,HD132304_TypK3_Mag6.95,"hms_tuple(h=14.0, m=58.0, s=2.003357200099458)","dms_tuple(d=24.0, m=38.0, s=34.806204349267205)",224.508347,14.967223,24.643002
72983,132296,,14.962493,18.986896,102.459,0.0,6.62,1.567,K0,0.927,Boo,20.568,101,207.04024568445064,HD132296_TypK0_Mag6.62,"hms_tuple(h=14.0, m=58.0, s=4.595567572821295)","dms_tuple(d=18.0, m=57.0, s=20.864655485822254)",224.519148,14.967943,18.955796
72986,132277,,14.963208,15.05879,280.8989,0.0,7.01,-0.233,K2,1.301,Boo,107.944,136,292.07456782282145,HD132277_TypK2_Mag7.01,"hms_tuple(h=14.0, m=58.0, s=6.762623718135501)","dms_tuple(d=15.0, m=1.0, s=39.69714115260686)",224.528178,14.968545,15.027694
73010,132150,,14.96813,-17.364205,133.5113,0.0,6.64,1.012,K1III,1.253,Lib,34.293,103,210.72609108853683,HD132150_TypK1_Mag6.64,"hms_tuple(h=14.0, m=58.0, s=24.714089673617394)","dms_tuple(d=-17.0, m=-23.0, s=-42.9755960301361)",224.602975,14.973532,-17.395271
73025,132343,,14.97116,14.037612,212.3142,0.0,6.77,0.135,K3III,1.306,Boo,76.913,113,236.33677266456448,HD132343_TypK3_Mag6.77,"hms_tuple(h=14.0, m=58.0, s=35.30135380489526)","dms_tuple(d=14.0, m=0.0, s=23.459913111256014)",224.647089,14.976473,14.006517
73028,132637,,14.971776,50.104272,423.7288,0.0,7.79,-0.345,K5,1.524,Boo,119.674,247,581.2616622824664,HD132637_TypK5_Mag7.79,"hms_tuple(h=14.0, m=58.0, s=47.306749497979865)","dms_tuple(d=50.0, m=4.0, s=23.25835295119191)",224.697111,14.979807,50.073127
73032,132151,,14.972327,-27.327116,195.3125,0.0,7.66,1.206,K0III,0.99,Hya,28.681,224,518.2731261472211,HD132151_TypK0_Mag7.66,"hms_tuple(h=14.0, m=58.0, s=41.27085594965337)","dms_tuple(d=-27.0, m=-21.0, s=-29.416856491942553)",224.671962,14.978131,-27.358171
73051,132096,,14.976817,-39.907172,102.7749,24.0,6.17,1.111,K1III,1.216,Cen,31.304,72,139.1955000198045,HD132096_TypK1_Mag6.17,"hms_tuple(h=14.0, m=59.0, s=0.7433990865293083)","dms_tuple(d=-39.0, m=-56.0, s=-17.558385961143017)",224.753097,14.98354,-39.938211
73063,132309,,14.978527,-12.768406,180.8318,0.0,7.72,1.434,K0/K1III,1.211,Lib,23.249,234,546.4485785781236,HD132309_TypK0_Mag7.72,"hms_tuple(h=14.0, m=59.0, s=1.7267815054167102)","dms_tuple(d=-12.0, m=-47.0, s=-58.11536794442233)",224.757195,14.983813,-12.799476
73071,133541,,14.98005,76.527964,97.1817,0.0,7.47,2.532,K0,0.876,UMi,8.457,194,438.2834686761904,HD133541_TypK0_Mag7.47,"hms_tuple(h=15.0, m=0.0, s=7.651791409956132)","dms_tuple(d=76.0, m=29.0, s=47.99185200637112)",225.031882,15.002125,76.496664
73075,132524,,14.980452,25.047983,242.1308,-21.4,7.33,0.41,K0III,1.035,Boo,59.704,174,387.3560399526628,HD132524_TypK0_Mag7.33,"hms_tuple(h=14.0, m=59.0, s=10.10509255855169)","dms_tuple(d=25.0, m=1.0, s=0.7547164028545694)",224.792105,14.98614,25.016876
73082,132345,,14.98155,-11.144014,95.057,-12.0,5.88,0.99,K3III-IV,1.274,Lib,34.995,57,107.77149594601158,HD132345_TypK3_Mag5.88,"hms_tuple(h=14.0, m=59.0, s=12.495366972937774)","dms_tuple(d=-11.0, m=-10.0, s=-30.3097331518714)",224.802064,14.986804,-11.175086
73151,132348,,14.995252,-36.891221,207.9002,0.0,7.48,0.891,K1III,1.226,Cen,38.335,195,442.16754115556887,HD132348_TypK1_Mag7.48,"hms_tuple(h=15.0, m=0.0, s=6.119027748797379)","dms_tuple(d=-36.0, m=-55.0, s=-20.150906981459116)",225.025496,15.0017,-36.922264
73160,132737,,14.997888,27.160288,275.4821,-20.7,7.64,0.44,K0III,1.006,Boo,58.076,221,509.2079239683959,HD132737_TypK0_Mag7.64,"hms_tuple(h=15.0, m=0.0, s=13.247503772400648)","dms_tuple(d=27.0, m=7.0, s=45.04413281424064)",225.055198,15.00368,27.129179
73167,132679,,14.999346,14.833331,177.305,0.0,7.2,0.956,K2III,1.166,Boo,36.108,158,345.3801253121633,HD132679_TypK2_Mag7.2,"hms_tuple(h=15.0, m=0.0, s=16.839295784752295)","dms_tuple(d=14.0, m=48.0, s=8.045532639160484)",225.070164,15.004678,14.802235
73170,132396,,15.000099,-36.030567,128.3697,0.0,6.94,1.398,K0III,1.02,Cen,24.033,129,274.581557295345,HD132396_TypK0_Mag6.94,"hms_tuple(h=15.0, m=0.0, s=23.311721442681232)","dms_tuple(d=-36.0, m=-3.0, s=-41.8008722365596)",225.097132,15.006475,-36.061611
73175,133229,,15.000747,65.476219,181.4882,0.0,6.9,0.606,K0,0.974,Dra,49.843,125,265.0600588895962,HD133229_TypK0_Mag6.9,"hms_tuple(h=15.0, m=0.0, s=47.34333586908335)","dms_tuple(d=65.0, m=26.0, s=42.08088579925629)",225.197264,15.013151,65.445022
73176,132892,,15.001001,44.586338,179.5332,0.0,6.91,0.639,K0,1.011,Boo,48.35,126,267.409023780344,HD132892_TypK0_Mag6.91,"hms_tuple(h=15.0, m=0.0, s=29.645396525644685)","dms_tuple(d=44.0, m=33.0, s=18.73544193117425)",225.123522,15.008235,44.555204
73179,132381,,15.001293,-39.797987,278.5515,0.0,7.36,0.135,K0III,1.11,Cen,76.913,178,397.7458321127074,HD132381_TypK0_Mag7.36,"hms_tuple(h=15.0, m=0.0, s=28.81848932966733)","dms_tuple(d=-39.0, m=-49.0, s=-44.49299379573176)",225.120077,15.008005,-39.829026
73182,133328,,15.00227,67.090506,393.7008,0.0,7.48,-0.496,K0,1.205,UMi,137.531,195,442.16754115556887,HD133328_TypK0_Mag7.48,"hms_tuple(h=15.0, m=0.0, s=55.780494711573425)","dms_tuple(d=67.0, m=3.0, s=33.48142146720761)",225.232419,15.015495,67.0593
73196,132701,,15.005187,7.648282,100000.0,0.0,6.99,-13.01,K2,1.41,Boo,13931568.029,134,286.96584256768466,HD132701_TypK2_Mag6.99,"hms_tuple(h=15.0, m=0.0, s=37.395128308148884)","dms_tuple(d=7.0, m=37.0, s=1.8936461060287968)",225.155813,15.010388,7.617193
73236,132879,,15.014521,22.045589,240.9639,-26.0,6.29,-0.62,K0,1.179,Boo,154.17,79,154.74136248456367,HD132879_TypK0_Mag6.29,"hms_tuple(h=15.0, m=1.0, s=12.291715965193504)","dms_tuple(d=22.0, m=0.0, s=52.1480259110632)",225.301215,15.020081,22.014486
73248,133030,,15.016858,40.084324,166.6667,0.0,7.09,0.981,K0III,1.013,Boo,35.286,145,313.4352882448582,HD133030_TypK0_Mag7.09,"hms_tuple(h=15.0, m=1.0, s=24.931783593668797)","dms_tuple(d=40.0, m=3.0, s=11.5120704038344)",225.353882,15.023592,40.053198
73264,132604,,15.020303,-38.058398,119.7605,41.0,5.88,0.488,K2/K3III,1.246,Cen,55.565,57,107.77149594601158,HD132604_TypK2_Mag5.88,"hms_tuple(h=15.0, m=1.0, s=36.66840695438239)","dms_tuple(d=-38.0, m=-5.0, s=-21.9820267459653)",225.402785,15.026852,-38.089439
73278,133207,,15.023973,49.194781,320.5128,0.0,7.25,-0.279,K0,1.308,Boo,112.616,164,360.95759541392204,HD133207_TypK0_Mag7.25,"hms_tuple(h=15.0, m=1.0, s=54.68130552753237)","dms_tuple(d=49.0, m=9.0, s=49.097856407079234)",225.477839,15.031856,49.163638
73290,132883,,15.026484,-3.164255,109.2896,0.0,6.68,1.487,K1:IV-V:,1.196,Lib,22.141,106,218.29580245415895,HD132883_TypK1_Mag6.68,"hms_tuple(h=15.0, m=1.0, s=53.92801730539688)","dms_tuple(d=-3.0, m=-11.0, s=-43.2039515133782)",225.4747,15.031647,-3.195334
73338,133252,,15.035123,42.052347,429.1845,0.0,7.88,-0.283,K0,1.312,Boo,113.032,265,629.299802346522,HD133252_TypK0_Mag7.88,"hms_tuple(h=15.0, m=2.0, s=31.421669656473057)","dms_tuple(d=42.0, m=1.0, s=16.38352791759644)",225.630924,15.042062,42.021218
73339,133124,,15.035141,25.008138,113.8952,14.0,4.8,-0.483,K4III,1.506,Boo,135.894,25,41.55974955696644,HD133124_TypK4_Mag4.8,"hms_tuple(h=15.0, m=2.0, s=26.978853932933617)","dms_tuple(d=24.0, m=58.0, s=37.31287540691682)",225.612412,15.040827,24.977031
73349,133704,,15.03907,65.96504,344.8276,0.0,7.8,0.112,K0,1.047,UMi,78.56,249,586.4128089424291,HD133704_TypK0_Mag7.8,"hms_tuple(h=15.0, m=3.0, s=6.15751568317549)","dms_tuple(d=65.0, m=56.0, s=1.827030512915826)",225.775656,15.05171,65.933841
73350,132783,,15.039331,-41.690614,260.4167,0.0,7.59,0.512,K4III,1.444,Cen,54.35,212,487.2325692121131,HD132783_TypK4_Mag7.59,"hms_tuple(h=15.0, m=2.0, s=46.45367916121501)","dms_tuple(d=-41.0, m=-43.0, s=-17.9393721982035)",225.693557,15.046237,-41.72165
73356,133253,,15.041461,33.274358,257.0694,0.0,7.17,0.12,K0,0.949,Boo,77.983,154,336.35821375838816,HD133253_TypK0_Mag7.17,"hms_tuple(h=15.0, m=2.0, s=51.447328151676714)","dms_tuple(d=33.0, m=14.0, s=35.669258085525826)",225.714364,15.047624,33.243241
73359,132954,,15.041685,-22.014104,179.8561,0.0,7.85,1.575,K2III,1.246,Lib,20.417,259,612.8614298360975,HD132954_TypK2_Mag7.85,"hms_tuple(h=15.0, m=2.0, s=50.08645322165776)","dms_tuple(d=-22.0, m=-2.0, s=-42.59478219836012)",225.708694,15.047246,-22.045165
73361,133445,,15.04203,51.619604,289.8551,0.0,7.21,-0.101,K5,1.418,Boo,95.587,159,348.44088743422355,HD133445_TypK5_Mag7.21,"hms_tuple(h=15.0, m=3.0, s=1.1753136888071936)","dms_tuple(d=51.0, m=35.0, s=18.4410976761626)",225.754897,15.050326,51.588456
73386,133073,,15.047646,-10.392353,173.6111,0.0,7.63,1.432,K0,1.109,Lib,23.292,219,504.73495772895257,HD133073_TypK0_Mag7.63,"hms_tuple(h=15.0, m=3.0, s=10.393691669873277)","dms_tuple(d=-10.0, m=-25.0, s=-24.332686776138956)",225.793307,15.052887,-10.423426
73391,133165,,15.048344,2.091303,59.9161,-16.0,4.39,0.502,K0III,1.026,Vir,54.853,18,28.944790901286467,HD133165_TypK0_Mag4.39,"hms_tuple(h=15.0, m=3.0, s=12.607125269397272)","dms_tuple(d=2.0, m=3.0, s=36.78760705104558)",225.80253,15.053502,2.060219
73407,133093,,15.05179,-17.63295,133.8688,24.3,6.93,1.297,K0III,0.998,Lib,26.375,128,272.1695876893252,HD133093_TypK0_Mag6.93,"hms_tuple(h=15.0, m=3.0, s=25.918921870778604)","dms_tuple(d=-17.0, m=-39.0, s=-50.456627191402106)",225.857996,15.0572,-17.664016
73417,133312,,15.053621,17.975653,155.2795,0.0,7.21,1.254,K0,1.061,Boo,27.441,159,348.44088743422355,HD133312_TypK0_Mag7.21,"hms_tuple(h=15.0, m=3.0, s=32.54116915172574)","dms_tuple(d=17.0, m=56.0, s=40.39353942359668)",225.885588,15.059039,17.944554
73425,133666,,15.05601,56.035083,139.6648,0.0,6.86,1.135,K2,1.123,Dra,30.62,122,255.86873171888556,HD133666_TypK2_Mag6.86,"hms_tuple(h=15.0, m=3.0, s=54.82422303594532)","dms_tuple(d=56.0, m=0.0, s=14.123874751143717)",225.978434,15.065229,56.003923
73426,133234,,15.056219,0.889647,177.305,0.0,6.91,0.666,K0,1.137,Vir,47.163,126,267.409023780344,HD133234_TypK0_Mag6.91,"hms_tuple(h=15.0, m=3.0, s=40.94720593675987)","dms_tuple(d=0.0, m=51.0, s=30.82994876525646)",225.920613,15.061374,0.858564
73432,133768,,15.057427,60.025581,198.8072,0.0,6.69,0.198,K5,1.363,Dra,72.577,107,220.23034203703895,HD133768_TypK5_Mag6.69,"hms_tuple(h=15.0, m=4.0, s=3.844406174086714)","dms_tuple(d=59.0, m=59.0, s=39.869931091073454)",226.016018,15.067735,59.994408
73441,133173,,15.059351,-16.592196,396.8254,0.0,7.79,-0.203,K2IIICNvar,1.355,Lib,105.003,247,581.2616622824664,HD133173_TypK2_Mag7.79,"hms_tuple(h=15.0, m=3.0, s=53.029699894915865)","dms_tuple(d=-16.0, m=-37.0, s=-23.74596353479774)",225.970957,15.06473,-16.623263
73442,135756,,15.059568,82.824572,305.8104,0.0,7.63,0.203,K2,1.486,UMi,72.244,219,504.73495772895257,HD135756_TypK2_Mag7.63,"hms_tuple(h=15.0, m=6.0, s=2.3652057004321136)","dms_tuple(d=82.0, m=47.0, s=35.07745557098929)",226.509855,15.100657,82.793077
73471,133459,,15.063689,27.081153,243.309,5.2,6.8,-0.131,K4III,1.456,Boo,98.265,116,242.67587595584382,HD133459_TypK4_Mag6.8,"hms_tuple(h=15.0, m=4.0, s=10.116378736037603)","dms_tuple(d=27.0, m=3.0, s=0.1584600854013729)",226.042152,15.069477,27.050044
73484,133432,,15.067734,10.73513,193.4236,0.0,7.88,1.447,K5,1.525,Boo,22.972,265,629.299802346522,HD133432_TypK5_Mag7.88,"hms_tuple(h=15.0, m=4.0, s=22.727732823042004)","dms_tuple(d=10.0, m=42.0, s=14.53606161923446)",226.094699,15.07298,10.704038
73507,133487,,15.072243,13.647261,543.4783,-19.8,8.0,-0.676,K2III,1.172,Boo,162.33,290,699.5823055523535,HD133487_TypK2_Mag8.0,"hms_tuple(h=15.0, m=4.0, s=39.16814856186676)","dms_tuple(d=13.0, m=36.0, s=58.197670012379064)",226.163201,15.077547,13.616166
73516,133582,,15.074098,26.947649,75.4148,-26.0,4.52,0.133,K2III,1.24,Boo,77.055,20,32.462607889340894,HD133582_TypK2_Mag4.52,"hms_tuple(h=15.0, m=4.0, s=47.564073968459155)","dms_tuple(d=26.0, m=54.0, s=59.54461116093114)",226.198184,15.079879,26.91654
73518,133395,,15.074452,-8.046923,588.2353,0.0,7.31,-1.538,K2,1.537,Lib,359.087,171,380.5807304870462,HD133395_TypK2_Mag7.31,"hms_tuple(h=15.0, m=4.0, s=46.769893236331086)","dms_tuple(d=-8.0, m=-4.0, s=-40.792580207582176)",226.194875,15.079658,-8.077998
73519,133528,,15.074837,19.841333,223.2143,0.0,7.62,0.876,K0,0.989,Boo,38.869,217,500.3012827613783,HD133528_TypK0_Mag7.62,"hms_tuple(h=15.0, m=4.0, s=49.137183233723505)","dms_tuple(d=19.0, m=48.0, s=36.834707887905154)",226.204738,15.080316,19.810232
73522,133353,,15.075247,-17.903619,100000.0,0.0,7.93,-12.07,K2IIICN...,1.252,Lib,5861381.645,275,657.682729265769,HD133353_TypK2_Mag7.93,"hms_tuple(h=15.0, m=4.0, s=50.39368140662347)","dms_tuple(d=-17.0, m=-56.0, s=-4.864048486597881)",226.209974,15.080665,-17.934684
73529,133166,,15.076723,-43.897534,82.1693,0.0,7.92,3.346,K2III/IVCN.,1.123,Lup,3.996,273,651.9055358919003,HD133166_TypK2_Mag7.92,"hms_tuple(h=15.0, m=5.0, s=1.968685484516186)","dms_tuple(d=-43.0, m=-55.0, s=-42.83791773584085)",226.258203,15.08388,-43.928566
73555,134350,,15.081336,70.765758,154.321,0.0,7.87,1.928,K0,1.025,UMi,14.75,263,623.771929275639,HD134350_TypK0_Mag7.87,"hms_tuple(h=15.0, m=5.0, s=49.051503230525384)","dms_tuple(d=70.0, m=44.0, s=4.295008076301201)",226.454381,15.096959,70.734526
73582,133321,,15.086135,-40.56932,380.2281,0.0,7.45,-0.45,K5III,1.611,Lup,131.826,191,430.6173790127683,HD133321_TypK5_Mag7.45,"hms_tuple(h=15.0, m=5.0, s=34.52630952095177)","dms_tuple(d=-40.0, m=-36.0, s=-1.287457654833588)",226.39386,15.092924,-40.600358
73594,133583,,15.088303,0.493973,344.8276,0.0,7.95,0.262,K0,1.222,Vir,68.423,280,669.391162362906,HD133583_TypK0_Mag7.95,"hms_tuple(h=15.0, m=5.0, s=36.44812795892136)","dms_tuple(d=0.0, m=27.0, s=46.40484595714916)",226.401867,15.093458,0.46289
73595,133434,,15.08842,-29.990374,233.6449,0.0,7.06,0.217,K0III,1.087,Lup,71.318,142,305.2478297284723,HD133434_TypK0_Mag7.06,"hms_tuple(h=15.0, m=5.0, s=39.7440882409029)","dms_tuple(d=-30.0, m=-1.0, s=-17.134307940336555)",226.4156,15.094373,-30.021426
73600,133467,,15.088917,-23.776357,346.0208,0.0,7.99,0.294,K0III,1.219,Lib,66.435,288,693.4370594020932,HD133467_TypK0_Mag7.99,"hms_tuple(h=15.0, m=5.0, s=40.38382414892041)","dms_tuple(d=-23.0, m=-48.0, s=-26.69877132964416)",226.418266,15.094551,-23.807416
73615,133686,,15.09158,11.857164,884.9558,0.0,7.75,-1.985,K5,1.507,Boo,542.001,240,561.1056035680328,HD133686_TypK5_Mag7.75,"hms_tuple(h=15.0, m=5.0, s=48.64714489905424)","dms_tuple(d=11.0, m=49.0, s=33.85463754481165)",226.452696,15.096846,11.826071
73633,133645,,15.095215,-1.985398,234.7418,0.0,7.33,0.477,K0,1.024,Lib,56.131,174,387.3560399526628,HD133645_TypK0_Mag7.33,"hms_tuple(h=15.0, m=6.0, s=1.342220753977017)","dms_tuple(d=-2.0, m=-0.0, s=-59.32262393339389)",226.505593,15.100373,-2.016479
73635,134585,,15.096099,71.882712,208.3333,-17.6,7.46,0.866,K2,1.151,UMi,39.228,192,434.43351452893916,HD134585_TypK2_Mag7.46,"hms_tuple(h=15.0, m=6.0, s=45.53226711629193)","dms_tuple(d=71.0, m=51.0, s=5.293784109394437)",226.689718,15.112648,71.85147
73639,133873,,15.097007,31.064711,239.8082,0.0,7.96,1.061,K5,1.46,Boo,32.779,282,675.323313533301,HD133873_TypK5_Mag7.96,"hms_tuple(h=15.0, m=6.0, s=10.881728475013972)","dms_tuple(d=31.0, m=2.0, s=0.9501627426803338)",226.545341,15.103023,31.033597
73653,134209,,15.100702,57.75158,154.321,0.0,7.73,1.788,K0,1.125,Dra,16.78,236,551.2912113423957,HD134209_TypK0_Mag7.73,"hms_tuple(h=15.0, m=6.0, s=37.27431515071103)","dms_tuple(d=57.0, m=43.0, s=13.494234557010714)",226.65531,15.110354,57.720415
73655,133603,,15.10087,-22.40398,186.2197,0.0,7.14,0.79,K1/K2III,1.311,Lib,42.073,151,327.5719697549974,HD133603_TypK1_Mag7.14,"hms_tuple(h=15.0, m=6.0, s=23.20823736580749)","dms_tuple(d=-22.0, m=-26.0, s=-6.146890489540056)",226.596701,15.106447,-22.435041
73662,133947,,15.10224,34.753498,198.8072,0.0,7.89,1.398,K2,1.291,Boo,24.033,267,634.876663483802,HD133947_TypK2_Mag7.89,"hms_tuple(h=15.0, m=6.0, s=30.641244107359142)","dms_tuple(d=34.0, m=43.0, s=20.566205482087412)",226.627672,15.108511,34.72238
73667,133627,,15.102956,-24.131503,130.3781,0.0,6.73,1.154,K0III,1.028,Lib,30.088,110,228.14146549859603,HD133627_TypK0_Mag6.73,"hms_tuple(h=15.0, m=6.0, s=30.98023675558977)","dms_tuple(d=-24.0, m=-9.0, s=-45.22297671310497)",226.629084,15.108606,-24.162562
73669,133571,,15.103075,-30.418345,649.3506,0.0,7.94,-1.122,K2III,1.443,Lup,244.794,277,663.5111201850515,HD133571_TypK2_Mag7.94,"hms_tuple(h=15.0, m=6.0, s=32.595597577232525)","dms_tuple(d=-30.0, m=-26.0, s=-57.8280284734484)",226.635815,15.109054,-30.449397
73673,133550,,15.103871,-36.264599,288.1844,-37.0,6.27,-1.028,K5III,1.658,Lup,224.492,77,152.0347553587468,HD133550_TypK5_Mag6.27,"hms_tuple(h=15.0, m=6.0, s=36.95959523122255)","dms_tuple(d=-36.0, m=-17.0, s=-44.31489478574122)",226.653998,15.110267,-36.295643
73675,133649,,15.104111,-19.377502,311.5265,0.0,7.66,0.193,K0III,1.172,Lib,72.912,224,518.2731261472211,HD133649_TypK0_Mag7.66,"hms_tuple(h=15.0, m=6.0, s=34.47438212852717)","dms_tuple(d=-19.0, m=-24.0, s=-30.83746499384489)",226.643643,15.109576,-19.408566
73688,133922,,15.105837,26.437148,265.9574,-0.6,7.9,0.776,K4III,1.339,Boo,42.619,269,640.5029468202126,HD133922_TypK4_Mag7.9,"hms_tuple(h=15.0, m=6.0, s=41.73157810465767)","dms_tuple(d=26.0, m=24.0, s=21.74310647893151)",226.673882,15.111592,26.40604
73690,133651,,15.105975,-26.107384,251.8892,0.0,7.94,0.934,K3III,1.442,Lib,36.847,277,663.5111201850515,HD133651_TypK3_Mag7.94,"hms_tuple(h=15.0, m=6.0, s=42.18066713327829)","dms_tuple(d=-26.0, m=-8.0, s=-18.386670733123083)",226.675753,15.111717,-26.138441
73698,133670,,15.107539,-22.03183,58.072,5.0,6.13,2.31,K0III,1.04,Lib,10.375,70,134.36870194720012,HD133670_TypK0_Mag6.13,"hms_tuple(h=15.0, m=6.0, s=47.163362660208605)","dms_tuple(d=-22.0, m=-3.0, s=-46.40831455617274)",226.696514,15.113101,-22.062891
73716,133774,,15.110444,-16.256818,213.2196,-15.0,5.19,-1.454,K5III,1.589,Lib,332.353,34,58.62891946706819,HD133774_TypK5_Mag5.19,"hms_tuple(h=15.0, m=6.0, s=56.93104599791866)","dms_tuple(d=-16.0, m=-17.0, s=-16.38635881641079)",226.737213,15.115814,-16.287885
73728,133749,,15.114233,-26.825331,188.6792,0.0,7.97,1.591,K0III,1.272,Lib,20.119,284,681.3080354866522,HD133749_TypK0_Mag7.97,"hms_tuple(h=15.0, m=7.0, s=12.038998676317476)","dms_tuple(d=-26.0, m=-51.0, s=-22.992932355091398)",226.800162,15.120011,-26.856387
73746,134129,,15.118415,33.965031,222.2222,0.0,7.79,1.056,K0,1.2,Boo,32.931,247,581.2616622824664,HD134129_TypK0_Mag7.79,"hms_tuple(h=15.0, m=7.0, s=28.66006881256766)","dms_tuple(d=33.0, m=56.0, s=2.0887954458709146)",226.869417,15.124628,33.933914
73748,133948,,15.118574,2.362612,478.4689,0.0,6.59,-1.809,K2,1.497,Vir,460.893,99,201.63200517568157,HD133948_TypK2_Mag6.59,"hms_tuple(h=15.0, m=7.0, s=25.438497063852168)","dms_tuple(d=2.0, m=19.0, s=53.499116394417214)",226.855994,15.123733,2.331528
73763,133843,,15.121251,-24.193885,150.8296,0.0,7.23,1.338,K0III,1.022,Lib,25.398,161,354.6440255695144,HD133843_TypK0_Mag7.23,"hms_tuple(h=15.0, m=7.0, s=36.85218824885183)","dms_tuple(d=-24.0, m=-13.0, s=-29.79793094813317)",226.903551,15.126903,-24.224944
73764,134062,,15.121485,22.908329,209.6436,0.0,7.18,0.573,K0,1.095,Boo,51.381,155,339.33902361009757,HD134062_TypK0_Mag7.18,"hms_tuple(h=15.0, m=7.0, s=37.48701538937766)","dms_tuple(d=22.0, m=52.0, s=38.008715138308276)",226.906196,15.12708,22.877225
73769,134012,,15.122019,8.958488,364.9635,0.0,6.88,-0.931,K5,1.535,Boo,205.305,123,260.4238489413245,HD134012_TypK5_Mag6.88,"hms_tuple(h=15.0, m=7.0, s=38.05267949259019)","dms_tuple(d=8.0, m=55.0, s=38.630860278567525)",226.908553,15.127237,8.927397
73772,134027,,15.122566,10.529105,72.8332,0.0,7.63,3.318,K0,0.903,Boo,4.1,219,504.73495772895257,HD134027_TypK0_Mag7.63,"hms_tuple(h=15.0, m=7.0, s=40.1102271651186)","dms_tuple(d=10.0, m=29.0, s=52.84676062487378)",226.917126,15.127808,10.498013
73775,133987,,15.123548,0.029274,331.1258,0.0,7.85,0.25,K0,1.125,Vir,69.183,259,612.8614298360975,HD133987_TypK0_Mag7.85,"hms_tuple(h=15.0, m=7.0, s=43.329522356651324)","dms_tuple(d=-0.0, m=-0.0, s=-6.510030732544604)",226.93054,15.128703,-0.001808
73784,134645,,15.125346,64.719575,175.1313,0.0,7.24,1.023,K0,1.126,Dra,33.947,163,357.7868844682338,HD134645_TypK0_Mag7.24,"hms_tuple(h=15.0, m=8.0, s=14.64901641776109)","dms_tuple(d=64.0, m=41.0, s=18.17644527027028)",227.061038,15.137403,64.688382
73789,134028,,15.126195,6.269261,212.3142,0.0,7.3,0.665,K0,1.24,Vir,47.206,170,377.23764669214916,HD134028_TypK0_Mag7.3,"hms_tuple(h=15.0, m=7.0, s=52.96925516307127)","dms_tuple(d=6.0, m=14.0, s=17.422633485641583)",226.970705,15.13138,6.238173
73790,134404,,15.126274,52.993577,244.4988,0.0,7.76,0.819,K0,1.064,Boo,40.964,242,566.0781270342421,HD134404_TypK0_Mag7.76,"hms_tuple(h=15.0, m=8.0, s=5.394206573025144)","dms_tuple(d=52.0, m=57.0, s=44.73186400617692)",227.022476,15.134832,52.962426
73797,134047,,15.127868,5.498035,167.7852,3.0,6.16,0.036,K0III,0.921,Vir,84.256,71,137.97278383067092,HD134047_TypK0_Mag6.16,"hms_tuple(h=15.0, m=7.0, s=58.966316627986544)","dms_tuple(d=5.0, m=28.0, s=1.0115881564446028)",226.995693,15.133046,5.466948
73801,134302,,15.128352,42.388129,571.4286,0.0,7.96,-0.825,K2,1.469,Boo,186.209,282,675.323313533301,HD134302_TypK2_Mag7.96,"hms_tuple(h=15.0, m=8.0, s=7.179109785949294)","dms_tuple(d=42.0, m=21.0, s=25.19672292817404)",227.029913,15.135328,42.356999
73828,134068,,15.134939,-3.756689,220.2643,0.0,7.64,0.925,K2,1.147,Lib,37.154,221,509.2079239683959,HD134068_TypK2_Mag7.64,"hms_tuple(h=15.0, m=8.0, s=24.37774651983247)","dms_tuple(d=-3.0, m=-47.0, s=-15.964402275234164)",227.101574,15.140105,-3.787768
73836,134247,,15.136472,21.085489,87.8735,0.0,7.97,3.251,K0,0.913,Boo,4.361,284,681.3080354866522,HD134247_TypK0_Mag7.97,"hms_tuple(h=15.0, m=8.0, s=31.183395360683335)","dms_tuple(d=21.0, m=3.0, s=15.791663290917484)",227.129931,15.141995,21.054387
73845,134607,,15.137534,57.657023,549.4505,0.0,7.72,-0.98,K5,1.483,Dra,214.783,234,546.4485785781236,HD134607_TypK5_Mag7.72,"hms_tuple(h=15.0, m=8.0, s=49.77901770077551)","dms_tuple(d=57.0, m=37.0, s=33.09011849127785)",227.207413,15.147161,57.625858
73851,134352,,15.138452,33.706511,116.4144,0.0,6.7,1.37,K0,0.979,Boo,24.66,108,222.1820255290352,HD134352_TypK0_Mag6.7,"hms_tuple(h=15.0, m=8.0, s=40.725801217569995)","dms_tuple(d=33.0, m=40.0, s=31.418022785084077)",227.169691,15.144646,33.675394
73854,134493,,15.138761,50.054955,139.0821,-29.0,6.33,0.614,K0III,1.05,Boo,49.477,81,160.2999881121757,HD134493_TypK0_Mag6.33,"hms_tuple(h=15.0, m=8.0, s=48.42305481148273)","dms_tuple(d=50.0, m=1.0, s=25.71754500501072)",227.201763,15.146784,50.02381
73858,134320,,15.139939,26.301152,158.7302,21.0,5.67,-0.333,K2III,1.24,Boo,118.359,49,89.5440584804197,HD134320_TypK2_Mag5.67,"hms_tuple(h=15.0, m=8.0, s=44.47444712566238)","dms_tuple(d=26.0, m=16.0, s=12.15806152826758)",227.18531,15.145687,26.270044
73867,134335,,15.143212,25.108635,143.0615,-16.0,5.82,0.042,K1III,1.233,Boo,83.792,55,102.2146864373567,HD134335_TypK1_Mag5.82,"hms_tuple(h=15.0, m=8.0, s=56.051225162908906)","dms_tuple(d=25.0, m=4.0, s=39.101674168887826)",227.233547,15.148903,25.077528
73870,134284,,15.144139,10.099418,300.3003,0.0,7.61,0.222,K2,1.32,Boo,70.99,216,495.90655392467346,HD134284_TypK2_Mag7.61,"hms_tuple(h=15.0, m=8.0, s=57.74736629987174)","dms_tuple(d=10.0, m=4.0, s=5.975015503096728)",227.240614,15.149374,10.068326
73878,134851,,15.145476,64.547703,232.0186,0.0,7.04,0.212,K0,1.021,Dra,71.647,140,299.90868873980725,HD134851_TypK0_Mag7.04,"hms_tuple(h=15.0, m=9.0, s=26.843652336859805)","dms_tuple(d=64.0, m=30.0, s=59.44030802886573)",227.361849,15.157457,64.516511
73882,134136,,15.146526,-20.694495,190.4762,0.0,7.99,1.591,K1III,1.187,Lib,20.119,288,693.4370594020932,HD134136_TypK1_Mag7.99,"hms_tuple(h=15.0, m=9.0, s=7.334288186264217)","dms_tuple(d=-20.0, m=-43.0, s=-32.007371527911914)",227.28056,15.152037,-20.725558
73901,134454,,15.149253,33.265362,170.6485,0.0,7.16,0.999,K2,1.208,Boo,34.706,153,333.40358783117154,HD134454_TypK2_Mag7.16,"hms_tuple(h=15.0, m=9.0, s=19.496245240568157)","dms_tuple(d=33.0, m=14.0, s=3.2837002392375325)",227.331234,15.155416,33.234245
73905,134808,,15.149439,60.796313,561.7978,0.0,7.94,-0.808,K2,1.262,Dra,183.316,277,663.5111201850515,HD134808_TypK2_Mag7.94,"hms_tuple(h=15.0, m=9.0, s=35.97608634269335)","dms_tuple(d=60.0, m=45.0, s=54.4947871192079)",227.3999,15.159993,60.765137
73910,134054,,15.149925,-36.432641,155.2795,0.0,7.33,1.374,K1IIICN...,1.211,Lup,24.57,174,387.3560399526628,HD134054_TypK1_Mag7.33,"hms_tuple(h=15.0, m=9.0, s=22.803797081033963)","dms_tuple(d=-36.0, m=-27.0, s=-49.26524497617379)",227.345016,15.156334,-36.463685
73959,134358,,15.159616,-5.394951,80.3213,0.0,7.12,2.596,K0,1.057,Lib,7.973,148,321.8423534887257,HD134358_TypK0_Mag7.12,"hms_tuple(h=15.0, m=9.0, s=53.25784729122404)","dms_tuple(d=-5.0, m=-25.0, s=-33.70219682936764)",227.471908,15.164794,-5.426028
73967,134197,,15.161408,-35.86584,141.6431,0.0,7.0,1.244,K0III,1.174,Lup,27.695,135,289.50893673230235,HD134197_TypK0_Mag7.0,"hms_tuple(h=15.0, m=10.0, s=3.976258119613618)","dms_tuple(d=-35.0, m=-53.0, s=-48.78449680958681)",227.516568,15.167771,-35.896885
73973,134438,,15.16319,3.708472,233.1002,0.0,7.87,1.032,K0,1.016,Vir,33.667,263,623.771929275639,HD134438_TypK0_Mag7.87,"hms_tuple(h=15.0, m=10.0, s=6.079009301794258)","dms_tuple(d=3.0, m=40.0, s=38.59069232449741)",227.525329,15.168355,3.677386
73977,134329,,15.16425,-23.985972,206.1856,-14.0,6.55,-0.021,K4III,1.577,Lib,88.797,96,194.64013421851007,HD134329_TypK4_Mag6.55,"hms_tuple(h=15.0, m=10.0, s=11.615552247653227)","dms_tuple(d=-24.0, m=-1.0, s=-1.3119491270481376)",227.548398,15.169893,-24.017031
74010,134373,,15.171843,-26.332621,130.3781,-33.0,5.75,0.174,K0III,1.045,Lib,74.199,52,96.09281626139521,HD134373_TypK0_Mag5.75,"hms_tuple(h=15.0, m=10.0, s=39.345580436587824)","dms_tuple(d=-26.0, m=-21.0, s=-49.23895283550564)",227.66394,15.177596,-26.363677
74036,134772,,15.17747,33.078885,322.5806,0.0,6.91,-0.633,K0,1.1,Boo,156.027,126,267.409023780344,HD134772_TypK0_Mag6.91,"hms_tuple(h=15.0, m=11.0, s=1.0303513539719233)","dms_tuple(d=33.0, m=2.0, s=51.96737209085882)",227.754293,15.18362,33.047769
74042,134330,,15.17867,-43.716915,31.0655,-4.2,7.6,5.139,K0IV-V,0.72,Lup,0.766,214,491.5504291096121,HD134330_TypK0_Mag7.6,"hms_tuple(h=15.0, m=11.0, s=8.90000787679682)","dms_tuple(d=-43.0, m=-44.0, s=-52.610655737354364)",227.787083,15.185806,-43.747947
74059,134681,,15.183447,7.324469,149.2537,0.0,7.91,2.04,K0,0.895,Vir,13.305,271,646.179090335777,HD134681_TypK0_Mag7.91,"hms_tuple(h=15.0, m=11.0, s=19.117287382820933)","dms_tuple(d=7.0, m=17.0, s=36.167925740214386)",227.829655,15.188644,7.29338
74072,134630,,15.187087,-13.054315,216.4502,-37.0,7.36,0.683,K0III,1.225,Lib,46.43,178,397.7458321127074,HD134630_TypK0_Mag7.36,"hms_tuple(h=15.0, m=11.0, s=32.5646165163883)","dms_tuple(d=-13.0, m=-5.0, s=-7.38678123967631)",227.885686,15.192379,-13.085385
74082,134649,,15.189072,-11.471466,350.8772,0.0,7.32,-0.406,K0,1.173,Lib,126.59,173,383.9534407239423,HD134649_TypK0_Mag7.32,"hms_tuple(h=15.0, m=11.0, s=39.59625682900253)","dms_tuple(d=-11.0, m=-30.0, s=-9.13581660431646)",227.914984,15.194332,-11.502538
74087,135244,,15.190032,59.053896,337.8378,-11.3,7.59,-0.054,K5,1.409,Dra,91.538,212,487.2325692121131,HD135244_TypK5_Mag7.59,"hms_tuple(h=15.0, m=12.0, s=0.1688407280009585)","dms_tuple(d=59.0, m=1.0, s=21.81630527497532)",228.000704,15.200047,59.022727
74100,134443,,15.192206,-45.2792,122.8501,21.0,7.38,1.933,K0III,1.084,Lup,14.682,181,404.82672424766696,HD134443_TypK0_Mag7.38,"hms_tuple(h=15.0, m=11.0, s=58.328032724366494)","dms_tuple(d=-45.0, m=-18.0, s=-36.82657662751694)",227.993033,15.199536,-45.31023
74107,134444,,15.193002,-45.277459,156.4945,-4.0,6.44,0.468,K1III,1.039,Lup,56.598,88,176.63751357336122,HD134444_TypK1_Mag6.44,"hms_tuple(h=15.0, m=12.0, s=1.1928222490676887)","dms_tuple(d=-45.0, m=-18.0, s=-30.558988166027916)",228.00497,15.200331,-45.308489
74138,134700,,15.197216,-16.159558,129.8701,-20.4,6.68,1.112,K1III,1.243,Lib,31.275,106,218.29580245415895,HD134700_TypK1_Mag6.68,"hms_tuple(h=15.0, m=12.0, s=9.300689665559077)","dms_tuple(d=-16.0, m=-11.0, s=-26.250704681397394)",228.038753,15.202584,-16.190625
74144,134871,,15.198356,9.776898,168.3502,0.0,7.41,1.279,K0,0.983,Ser,26.816,185,415.6851208955647,HD134871_TypK0_Mag7.41,"hms_tuple(h=15.0, m=12.0, s=12.910046164614215)","dms_tuple(d=9.0, m=44.0, s=44.90410497237022)",228.053792,15.203586,9.745807
74162,134758,,15.203337,-19.106482,160.5136,0.0,6.49,0.462,K4III,1.507,Lib,56.911,92,184.60428810635165,HD134758_TypK4_Mag6.49,"hms_tuple(h=15.0, m=12.0, s=31.655467023888946)","dms_tuple(d=-19.0, m=-8.0, s=-15.166462018605102)",228.131898,15.208793,-19.137546
74175,135162,,15.206402,38.987573,206.6116,0.0,7.72,1.144,K0,0.997,Boo,30.367,234,546.4485785781236,HD135162_TypK0_Mag7.72,"hms_tuple(h=15.0, m=12.0, s=46.9105629850236)","dms_tuple(d=38.0, m=57.0, s=23.214509944013457)",228.195461,15.213031,38.956448
74182,135339,,15.20727,52.930096,132.626,0.0,7.61,1.997,K0,1.15,Boo,13.842,216,495.90655392467346,HD135339_TypK0_Mag7.61,"hms_tuple(h=15.0, m=12.0, s=56.93465674898192)","dms_tuple(d=52.0, m=53.0, s=56.20083671366672)",228.237228,15.215815,52.898945
74183,134812,,15.2073,-18.089948,143.2665,0.0,6.86,1.079,K0III,0.973,Lib,32.24,122,255.86873171888556,HD134812_TypK0_Mag6.86,"hms_tuple(h=15.0, m=12.0, s=45.80513597731397)","dms_tuple(d=-18.0, m=-7.0, s=-15.647773006064654)",228.190855,15.212724,-18.121013
74184,134830,,15.207335,-15.715029,374.5318,0.0,7.63,-0.237,K3III,1.529,Lib,108.343,219,504.73495772895257,HD134830_TypK3_Mag7.63,"hms_tuple(h=15.0, m=12.0, s=45.68623828972733)","dms_tuple(d=-15.0, m=-44.0, s=-45.947881164753426)",228.190359,15.212691,-15.746097
74196,134945,,15.210413,-0.381594,813.0081,0.0,7.23,-2.32,K5,1.618,Ser,737.904,161,354.6440255695144,HD134945_TypK5_Mag7.23,"hms_tuple(h=15.0, m=12.0, s=56.04400368970943)","dms_tuple(d=-0.0, m=-24.0, s=-45.63348388917845)",228.233517,15.215568,-0.412676
74203,135364,,15.212151,48.580778,154.321,0.0,7.16,1.218,K0,1.161,Boo,28.366,153,333.40358783117154,HD135364_TypK0_Mag7.16,"hms_tuple(h=15.0, m=13.0, s=11.776143127840015)","dms_tuple(d=48.0, m=32.0, s=58.691706041470866)",228.299067,15.219938,48.549637
74209,135080,,15.212671,19.095193,383.1418,0.0,7.26,-0.657,K2,1.416,Ser,159.514,165,364.156405231697,HD135080_TypK2_Mag7.26,"hms_tuple(h=15.0, m=13.0, s=5.249148661706187)","dms_tuple(d=19.0, m=3.0, s=50.73345835311585)",228.271871,15.218125,19.064093
74212,135061,,15.213103,10.702305,189.7533,0.0,6.5,0.109,K2,1.274,Ser,78.777,92,186.24025315238663,HD135061_TypK2_Mag6.5,"hms_tuple(h=15.0, m=13.0, s=6.054090990484866)","dms_tuple(d=10.0, m=40.0, s=16.366173051701338)",228.275225,15.218348,10.671213
74237,135401,,15.216765,49.775235,404.8583,0.0,7.26,-0.777,K0,1.186,Boo,178.156,165,364.156405231697,HD135401_TypK0_Mag7.26,"hms_tuple(h=15.0, m=13.0, s=29.070578436434573)","dms_tuple(d=49.0, m=44.0, s=38.727753560048086)",228.371127,15.224742,49.744091
74279,135166,,15.225543,5.044196,375.9398,0.0,7.73,-0.146,K2,1.49,Ser,99.632,236,551.2912113423957,HD135166_TypK2_Mag7.73,"hms_tuple(h=15.0, m=13.0, s=50.58277942149701)","dms_tuple(d=5.0, m=0.0, s=47.192688355733026)",228.460762,15.230717,5.013109
74285,135402,,15.226551,38.2647,126.1034,-62.0,6.19,0.686,K2III:,1.218,Boo,46.302,73,141.67353559361956,HD135402_TypK2_Mag6.19,"hms_tuple(h=15.0, m=13.0, s=59.2078637029158)","dms_tuple(d=38.0, m=14.0, s=0.8755891698120877)",228.496699,15.233113,38.233577
74308,135204,,15.230804,-1.351387,17.671,-69.2,6.58,5.344,K0V,0.763,Ser,0.634,98,199.86083644579665,HD135204_TypK0_Mag6.58,"hms_tuple(h=15.0, m=14.0, s=9.456525433215148)","dms_tuple(d=-1.0, m=-22.0, s=-56.88510406405314)",228.539402,15.23596,-1.382468
74311,135066,,15.231659,-24.3788,83.0565,0.0,7.76,3.163,K0III,0.929,Lib,4.729,242,566.0781270342421,HD135066_TypK0_Mag7.76,"hms_tuple(h=15.0, m=14.0, s=14.350686221776101)","dms_tuple(d=-24.0, m=-24.0, s=-35.491201023481835)",228.559795,15.23732,-24.409859
74313,134913,,15.231769,-43.356687,160.0,0.0,7.83,1.809,K0III,0.963,Lup,16.459,255,602.141767772257,HD134913_TypK0_Mag7.83,"hms_tuple(h=15.0, m=14.0, s=19.903239390632024)","dms_tuple(d=-43.0, m=-23.0, s=-15.792105013578066)",228.58293,15.238862,-43.38772
74332,135438,,15.235011,31.787845,203.252,4.0,5.98,-0.56,K5,1.552,Boo,145.881,62,117.71223220913615,HD135438_TypK5_Mag5.98,"hms_tuple(h=15.0, m=14.0, s=27.863584331333016)","dms_tuple(d=31.0, m=45.0, s=24.229309362644358)",228.616098,15.241073,31.75673
74348,135403,,15.237953,20.574883,151.2859,0.0,7.98,2.081,K2,1.093,Ser,12.812,286,687.3457941057625,HD135403_TypK2_Mag7.98,"hms_tuple(h=15.0, m=14.0, s=36.44779877382746)","dms_tuple(d=20.0, m=32.0, s=37.61197856419784)",228.651866,15.243458,20.543781
74394,135367,,15.247388,-5.502555,367.6471,-27.0,6.28,-1.547,K2,1.473,Lib,362.076,78,153.3820888800899,HD135367_TypK2_Mag6.28,"hms_tuple(h=15.0, m=15.0, s=9.240405966991005)","dms_tuple(d=-5.0, m=-32.0, s=-1.0762408585189576)",228.788502,15.252567,-5.533632
74420,135482,,15.253154,4.939362,114.4165,-34.0,5.32,0.028,K0III,1.092,Ser,84.879,37,65.75440914829991,HD135482_TypK0_Mag5.32,"hms_tuple(h=15.0, m=15.0, s=29.979421289806396)","dms_tuple(d=4.0, m=54.0, s=29.79063458926973)",228.874914,15.258328,4.908275
74466,135615,,15.264879,6.46484,308.642,0.0,6.47,-0.977,K0,1.308,Ser,214.19,90,181.37534353960828,HD135615_TypK0_Mag6.47,"hms_tuple(h=15.0, m=16.0, s=12.238731817058977)","dms_tuple(d=6.0, m=26.0, s=1.5063844753223066)",229.050995,15.270066,6.433752
74473,135599,,15.266435,0.796362,15.8453,0.0,6.92,5.92,K0,0.83,Ser,0.373,127,269.7788052214281,HD135599_TypK0_Mag6.92,"hms_tuple(h=15.0, m=16.0, s=17.724377728932126)","dms_tuple(d=0.0, m=45.0, s=55.004254613756416)",229.073852,15.27159,0.765279
74502,135534,,15.273059,-22.399416,144.7178,-5.0,5.52,-0.283,K2III,1.357,Lib,113.032,43,78.44409339414062,HD135534_TypK2_Mag5.52,"hms_tuple(h=15.0, m=16.0, s=43.087977160430455)","dms_tuple(d=-22.0, m=-25.0, s=-49.716508000120996)",229.179533,15.278636,-22.430477
74510,135416,,15.274589,-44.503701,288.1844,0.0,6.58,-0.718,K2/K3III,1.431,Lup,168.733,98,199.86083644579665,HD135416_TypK2_Mag6.58,"hms_tuple(h=15.0, m=16.0, s=54.553039801025136)","dms_tuple(d=-44.0, m=-32.0, s=-5.035247369308422)",229.227304,15.28182,-44.534732
74515,135452,,15.275658,-39.560944,100000.0,0.0,6.88,-13.12,K3III,1.469,Lup,15417004.529,123,260.4238489413245,HD135452_TypK3_Mag6.88,"hms_tuple(h=15.0, m=16.0, s=56.449604364790105)","dms_tuple(d=-39.0, m=-35.0, s=-31.139506795872762)",229.235207,15.282347,-39.591983
74526,136244,,15.277828,60.099327,265.252,-47.9,7.62,0.502,K3III,1.501,Dra,54.853,217,500.3012827613783,HD136244_TypK3_Mag7.62,"hms_tuple(h=15.0, m=17.0, s=17.37092764126686)","dms_tuple(d=60.0, m=4.0, s=5.35456230304078)",229.322379,15.288159,60.068154
74563,136726,,15.284968,71.823901,122.1001,-16.0,5.02,-0.414,K4III,1.369,UMi,127.526,30,50.462856093257514,HD136726_TypK4_Mag5.02,"hms_tuple(h=15.0, m=18.0, s=5.2747236224111305)","dms_tuple(d=71.0, m=47.0, s=33.57616493255932)",229.521978,15.301465,71.79266
74570,135793,,15.287124,-7.856644,130.8901,0.0,7.53,1.945,K0,1.034,Lib,14.521,203,462.11035531169057,HD135793_TypK0_Mag7.53,"hms_tuple(h=15.0, m=17.0, s=32.38036637342347)","dms_tuple(d=-7.0, m=-53.0, s=-15.78881620667147)",229.384918,15.292328,-7.887719
74578,136402,,15.288253,62.771033,160.2564,0.0,6.81,0.786,K0,0.952,Dra,42.228,117,244.8264719937363,HD136402_TypK0_Mag6.81,"hms_tuple(h=15.0, m=17.0, s=58.22492908224845)","dms_tuple(d=62.0, m=44.0, s=23.457856028563242)",229.492604,15.299507,62.739849
74588,136919,,15.289623,74.045141,104.0583,0.0,6.67,1.584,K0,1.027,UMi,20.249,105,216.3782561854747,HD136919_TypK0_Mag6.67,"hms_tuple(h=15.0, m=18.0, s=30.02292047028419)","dms_tuple(d=74.0, m=0.0, s=49.955571772721896)",229.625096,15.30834,74.013877
74604,136691,,15.293877,69.154846,171.5266,0.0,7.31,1.138,K0,1.025,UMi,30.535,171,380.5807304870462,HD136691_TypK0_Mag7.31,"hms_tuple(h=15.0, m=18.0, s=30.031336895447396)","dms_tuple(d=69.0, m=7.0, s=25.056713715933938)",229.625131,15.308342,69.123627
74605,136230,,15.293996,47.739401,180.5054,0.0,7.64,1.358,K0,1.082,Boo,24.934,221,509.2079239683959,HD136230_TypK0_Mag7.64,"hms_tuple(h=15.0, m=18.0, s=5.962606264605768)","dms_tuple(d=47.0, m=42.0, s=29.740697447023763)",229.524844,15.301656,47.708261
74613,135872,,15.294781,-5.202416,86.5052,0.0,7.28,2.595,K0,0.947,Lib,7.98,168,370.63931974020056,HD135872_TypK0_Mag7.28,"hms_tuple(h=15.0, m=17.0, s=59.84600462295717)","dms_tuple(d=-5.0, m=-14.0, s=-0.576833450064953)",229.499358,15.299957,-5.233494
74617,135667,,15.29532,-39.811993,334.4482,-25.4,7.34,-0.282,K1III,1.249,Lup,112.928,175,390.78879304975095,HD135667_TypK1_Mag7.34,"hms_tuple(h=15.0, m=18.0, s=7.320617513850607)","dms_tuple(d=-39.0, m=-50.0, s=-34.91451593228874)",229.530503,15.302034,-39.843032
74627,135758,,15.297178,-30.148673,99.9001,-4.0,4.35,-0.648,K1II/III,1.1,Lup,158.198,18,27.941089913004564,HD135758_TypK1_Mag4.35,"hms_tuple(h=15.0, m=18.0, s=11.3072413632257)","dms_tuple(d=-30.0, m=-10.0, s=-47.01001466329586)",229.547114,15.303141,-30.179725
74638,136159,,15.299912,30.832924,80.9717,-15.7,6.86,2.318,K0,1.022,CrB,10.299,122,255.86873171888556,HD136159_TypK0_Mag6.86,"hms_tuple(h=15.0, m=18.0, s=21.287321441387235)","dms_tuple(d=30.0, m=48.0, s=6.51799507138378)",229.588697,15.305913,30.801811
74651,137527,,15.303166,78.394,340.1361,0.0,7.34,-0.318,K2,1.382,UMi,116.735,175,390.78879304975095,HD137527_TypK2_Mag7.34,"hms_tuple(h=15.0, m=19.0, s=43.392468055657076)","dms_tuple(d=78.0, m=21.0, s=45.591607603855664)",229.930802,15.32872,78.362664
74655,136290,,15.304156,45.619829,363.6364,0.0,6.64,-1.163,K5,1.62,Boo,254.214,103,210.72609108853683,HD136290_TypK5_Mag6.64,"hms_tuple(h=15.0, m=18.0, s=41.47862441836992)","dms_tuple(d=45.0, m=35.0, s=19.296248588779008)",229.672828,15.311522,45.588693
74656,136494,,15.304419,58.794047,265.252,0.0,7.3,0.182,K0,1.076,Dra,73.655,170,377.23764669214916,HD136494_TypK0_Mag7.3,"hms_tuple(h=15.0, m=18.0, s=51.69207642606935)","dms_tuple(d=58.0, m=45.0, s=46.36309650536248)",229.715384,15.314359,58.762879
74660,135760,,15.30482,-41.42057,91.4913,0.0,7.05,2.243,K1IIICN...,1.05,Lup,11.036,141,302.5664825365462,HD135760_TypK1_Mag7.05,"hms_tuple(h=15.0, m=18.0, s=42.11030865546704)","dms_tuple(d=-41.0, m=-27.0, s=-5.782554524235479)",229.67546,15.311697,-41.451606
74665,136027,,15.306288,0.939409,178.2531,0.0,6.5,0.245,K0,1.6,Ser,69.502,92,186.24025315238663,HD136027_TypK0_Mag6.5,"hms_tuple(h=15.0, m=18.0, s=41.19585448991188)","dms_tuple(d=0.0, m=54.0, s=29.972985607268896)",229.671649,15.311443,0.908326
74671,136028,,15.307257,-0.461234,222.7171,-13.0,5.88,-0.859,K5III,1.507,Ser,192.132,57,107.77149594601158,HD136028_TypK5_Mag5.88,"hms_tuple(h=15.0, m=18.0, s=44.68260740541908)","dms_tuple(d=-0.0, m=-29.0, s=-32.33722281396652)",229.686178,15.312412,-0.492316
74688,136010,,15.309816,-8.397268,199.2032,1.0,7.49,0.994,K1II-III,1.15,Lib,34.866,197,446.0860343240754,HD136010_TypK1_Mag7.49,"hms_tuple(h=15.0, m=18.0, s=54.09692413298657)","dms_tuple(d=-8.0, m=-25.0, s=-42.03340761514269)",229.725404,15.315027,-8.428343
74698,136362,,15.311013,45.017261,227.7904,0.0,7.81,1.022,K0,1.053,Boo,33.978,251,591.6096051155723,HD136362_TypK0_Mag7.81,"hms_tuple(h=15.0, m=19.0, s=5.883624209849927)","dms_tuple(d=44.0, m=59.0, s=10.055439193727125)",229.774515,15.318301,44.986127
74705,136577,,15.312643,58.503487,293.2551,0.0,6.87,-0.466,K0,1.234,Dra,133.783,123,258.1362429763933,HD136577_TypK0_Mag6.87,"hms_tuple(h=15.0, m=19.0, s=21.002211208290902)","dms_tuple(d=58.0, m=28.0, s=20.35060885512337)",229.837509,15.322501,58.47232
74712,137292,,15.313929,74.85807,182.8154,0.0,7.61,1.3,K2,1.162,UMi,26.303,216,495.90655392467346,HD137292_TypK2_Mag7.61,"hms_tuple(h=15.0, m=20.0, s=1.0428172705154282)","dms_tuple(d=74.0, m=49.0, s=36.463005112628935)",230.004345,15.333623,74.826795
74800,136881,,15.331253,62.474256,124.8439,0.0,6.62,1.138,K2,1.231,Dra,30.535,101,207.04024568445064,HD136881_TypK2_Mag6.62,"hms_tuple(h=15.0, m=20.0, s=32.62224113925498)","dms_tuple(d=62.0, m=26.0, s=35.06524703093646)",230.135926,15.342395,62.443074
74819,136512,,15.335714,29.616209,82.7815,-53.0,5.51,0.92,K0III,1.015,CrB,37.325,43,77.75502756283679,HD136512_TypK0_Mag5.51,"hms_tuple(h=15.0, m=20.0, s=29.909205566799812)","dms_tuple(d=29.0, m=35.0, s=6.349334165859943)",230.124622,15.341641,29.585097
74854,136380,,15.343473,-5.119742,150.3759,0.0,6.6,0.714,K0,0.998,Lib,45.123,100,203.41887002054995,HD136380_TypK0_Mag6.6,"hms_tuple(h=15.0, m=20.0, s=55.13476147619372)","dms_tuple(d=-5.0, m=-9.0, s=-2.9507066921534175)",230.229728,15.348649,-5.15082
74855,136344,,15.343713,-14.741064,434.7826,0.0,7.38,-0.811,K0III,1.272,Lib,183.823,181,404.82672424766696,HD136344_TypK0_Mag7.38,"hms_tuple(h=15.0, m=20.0, s=56.55783405693526)","dms_tuple(d=-14.0, m=-46.0, s=-19.67731151051538)",230.235658,15.349044,-14.772133
74862,136295,,15.344839,-25.99039,77.0416,0.0,7.11,2.676,K0III,1.029,Lib,7.406,147,319.0152372679894,HD136295_TypK0_Mag7.11,"hms_tuple(h=15.0, m=21.0, s=2.0704182520668724)","dms_tuple(d=-26.0, m=-1.0, s=-17.208746115294957)",230.258627,15.350575,-26.021447
74871,136442,,15.346394,-2.413331,35.0508,-47.0,6.34,3.617,K0V,1.062,Ser,3.113,82,161.720568208778,HD136442_TypK0_Mag6.34,"hms_tuple(h=15.0, m=21.0, s=5.592023030441737)","dms_tuple(d=-2.0, m=-26.0, s=-39.880019040073336)",230.2733,15.351553,-2.444411
74877,136795,,15.348031,45.664872,147.929,0.0,6.67,0.82,K0,1.047,Boo,40.926,105,216.3782561854747,HD136795_TypK0_Mag6.67,"hms_tuple(h=15.0, m=21.0, s=19.449928862332087)","dms_tuple(d=45.0, m=38.0, s=1.4507468506235455)",230.331041,15.355403,45.633736
74882,136406,,15.349214,-15.373752,529.1005,-20.3,7.4,-1.218,K0III,1.245,Lib,267.424,184,412.0336743557815,HD136406_TypK0_Mag7.4,"hms_tuple(h=15.0, m=21.0, s=16.418653606362597)","dms_tuple(d=-15.0, m=-24.0, s=-17.351886791507667)",230.318411,15.354561,-15.40482
74889,136514,,15.350554,0.715337,73.3676,9.0,5.35,1.022,K3III,1.191,Ser,33.978,38,67.51809571619467,HD136514_TypK3_Mag5.35,"hms_tuple(h=15.0, m=21.0, s=20.55244573426137)","dms_tuple(d=0.0, m=41.0, s=3.3145202552027797)",230.335635,15.355709,0.684254
74895,136643,,15.351911,24.95802,182.4818,-2.0,6.36,0.054,K0,1.257,Ser,82.871,83,164.59960755259254,HD136643_TypK0_Mag6.36,"hms_tuple(h=15.0, m=21.0, s=27.34252386635788)","dms_tuple(d=24.0, m=55.0, s=36.88827525984664)",230.363927,15.357595,24.926913
74897,136479,,15.352114,-5.824853,92.6784,-33.0,5.54,0.705,K1III,1.047,Lib,45.499,44,79.84059869753548,HD136479_TypK1_Mag5.54,"hms_tuple(h=15.0, m=21.0, s=26.264467023809743)","dms_tuple(d=-5.0, m=-51.0, s=-21.34797386087982)",230.359435,15.357296,-5.85593
74901,136480,,15.352609,-6.612633,229.8851,20.0,7.35,0.542,K2,1.16,Lib,52.869,177,394.25196723909164,HD136480_TypK2_Mag7.35,"hms_tuple(h=15.0, m=21.0, s=28.074577084434225)","dms_tuple(d=-6.0, m=-38.0, s=-37.35336051450744)",230.366977,15.357798,-6.643709
74923,136582,,15.358526,-0.872415,221.2389,0.0,7.83,1.106,K0,1.367,Ser,31.449,255,602.141767772257,HD136582_TypK0_Mag7.83,"hms_tuple(h=15.0, m=21.0, s=49.2526297546101)","dms_tuple(d=-0.0, m=-54.0, s=-12.587474762193978)",230.455219,15.363681,-0.903497
74944,136711,,15.36214,18.439369,167.5042,-76.4,7.75,1.63,K3II-III,1.2,Ser,19.409,240,561.1056035680328,HD136711_TypK3_Mag7.75,"hms_tuple(h=15.0, m=22.0, s=3.261470002876905)","dms_tuple(d=18.0, m=24.0, s=29.769455496339106)",230.513589,15.367573,18.408269
74947,136422,,15.36344,-36.261376,84.317,-29.0,3.57,-1.06,K5III,1.534,Lup,231.206,9,14.039944985866978,HD136422_TypK5_Mag3.57,"hms_tuple(h=15.0, m=22.0, s=11.407044080489754)","dms_tuple(d=-36.0, m=-17.0, s=-32.71211104908957)",230.547529,15.369835,-36.29242
74975,137180,,15.368759,55.69035,100000.0,0.0,7.82,-12.18,K5,1.437,Dra,6486344.335,253,596.8524553483364,HD137180_TypK5_Mag7.82,"hms_tuple(h=15.0, m=22.0, s=40.42774531796411)","dms_tuple(d=55.0, m=39.0, s=33.088657391690504)",230.668449,15.377897,55.659191
74984,138020,,15.370141,76.640462,100000.0,0.0,7.78,-12.22,K0,1.386,UMi,6729766.563,245,576.1557641428401,HD138020_TypK0_Mag7.78,"hms_tuple(h=15.0, m=23.0, s=32.63468518416886)","dms_tuple(d=76.0, m=36.0, s=32.97783269674369)",230.885978,15.392399,76.609161
74997,136603,,15.372725,-25.459496,261.0966,0.0,7.84,0.756,K1III,1.346,Lib,43.411,257,607.4779541357369,HD136603_TypK1_Mag7.84,"hms_tuple(h=15.0, m=22.0, s=42.367907388882315)","dms_tuple(d=-25.0, m=-29.0, s=-25.992491502203166)",230.676533,15.378436,-25.490553
75003,136901,,15.373701,25.624147,467.2897,-18.9,7.23,-1.118,K1III,1.244,CrB,243.893,161,354.6440255695144,HD136901_TypK1_Mag7.23,"hms_tuple(h=15.0, m=22.0, s=45.89908738165775)","dms_tuple(d=25.0, m=35.0, s=34.94280551504829)",230.691246,15.379416,25.59304
75015,137002,,15.375649,34.229426,349.6503,0.0,7.3,-0.418,K0,1.088,Boo,127.997,170,377.23764669214916,HD137002_TypK0_Mag7.3,"hms_tuple(h=15.0, m=22.0, s=54.772367143679475)","dms_tuple(d=34.0, m=11.0, s=53.909532482352915)",230.728218,15.381881,34.198308
75023,136713,,15.37686,-10.661123,22.1141,-5.3,7.97,6.247,K2V,0.97,Lib,0.276,284,681.3080354866522,HD136713_TypK2_Mag7.97,"hms_tuple(h=15.0, m=22.0, s=55.58059542312492)","dms_tuple(d=-10.0, m=-41.0, s=-31.903775144172073)",230.731586,15.382106,-10.692195
75027,137071,,15.377048,39.581463,595.2381,-12.0,5.56,-3.313,K4III,1.626,Boo,1841.62,45,81.26196536369221,HD137071_TypK4_Mag5.56,"hms_tuple(h=15.0, m=23.0, s=1.439143610827358)","dms_tuple(d=39.0, m=33.0, s=1.2152632254907303)",230.755996,15.383733,39.550338
75030,137443,,15.377341,63.341439,112.8668,-46.0,5.72,0.457,K4III,1.315,Dra,57.174,51,93.58270978529147,HD137443_TypK4_Mag5.72,"hms_tuple(h=15.0, m=23.0, s=19.742010796170888)","dms_tuple(d=63.0, m=18.0, s=36.91036758701898)",230.832258,15.388817,63.310253
75042,136646,,15.379224,-29.341935,129.7017,0.0,6.5,0.935,K0III,1.011,Lib,36.813,92,186.24025315238663,HD136646_TypK0_Mag6.5,"hms_tuple(h=15.0, m=23.0, s=6.500596343679348)","dms_tuple(d=-29.0, m=-22.0, s=-22.756724962536907)",230.777086,15.385139,-29.372988
75047,136923,,15.379678,18.91896,19.604,-10.7,7.16,5.698,K0,0.804,Ser,0.458,153,333.40358783117154,HD136923_TypK0_Mag7.16,"hms_tuple(h=15.0, m=23.0, s=6.4535940803179415)","dms_tuple(d=18.0, m=53.0, s=16.29530434865501)",230.77689,15.385126,18.88786
75058,136703,,15.382515,-26.688764,158.4786,-8.9,6.53,0.53,K0III,1.118,Lib,53.456,94,191.23565098411746,HD136703_TypK0_Mag6.53,"hms_tuple(h=15.0, m=23.0, s=17.829182902171397)","dms_tuple(d=-26.0, m=-43.0, s=-11.35229413002719)",230.824288,15.388286,-26.71982
75062,137491,,15.383656,63.130296,178.8909,0.0,7.33,1.067,K0,1.1,Dra,32.599,174,387.3560399526628,HD137491_TypK0_Mag7.33,"hms_tuple(h=15.0, m=23.0, s=42.17564295940093)","dms_tuple(d=63.0, m=5.0, s=56.798973348912796)",230.925732,15.395049,63.099111
75063,136888,,15.383735,0.46435,119.3317,0.0,7.03,1.646,K0,1.144,Ser,19.125,138,297.27424144135534,HD136888_TypK0_Mag7.03,"hms_tuple(h=15.0, m=23.0, s=20.00325292434411)","dms_tuple(d=0.0, m=25.0, s=59.76214306690018)",230.833347,15.38889,0.433267
75064,136801,,15.383829,-15.134036,296.7359,13.7,6.46,-0.902,K4III,1.603,Lib,199.894,90,179.78211266056408,HD136801_TypK4_Mag6.46,"hms_tuple(h=15.0, m=23.0, s=21.01065795082107)","dms_tuple(d=-15.0, m=-9.0, s=-54.37513126600905)",230.837544,15.38917,-15.165104
75089,136714,,15.388394,-32.313393,446.4286,0.0,7.76,-0.489,K5/M0III,1.746,Lup,136.647,242,566.0781270342421,HD136714_TypK5_Mag7.76,"hms_tuple(h=15.0, m=23.0, s=40.182995236702794)","dms_tuple(d=-32.0, m=-20.0, s=-39.99230092653363)",230.917429,15.394495,-32.344442
75095,136905,,15.390572,-6.610489,116.0093,59.7,7.29,1.968,K0,1.051,Lib,14.217,169,373.9239290957076,HD136905_TypK0_Mag7.29,"hms_tuple(h=15.0, m=23.0, s=44.741295670580854)","dms_tuple(d=-6.0, m=-38.0, s=-29.634967637831835)",230.936422,15.395761,-6.641565
75100,136866,,15.391916,-16.564104,225.7336,35.0,7.63,0.862,K2/K3III,1.39,Lib,39.373,219,504.73495772895257,HD136866_TypK2_Mag7.63,"hms_tuple(h=15.0, m=23.0, s=50.26086781011159)","dms_tuple(d=-16.0, m=-35.0, s=-42.61486381335118)",230.95942,15.397295,-16.595171
75101,136890,,15.39206,-14.35201,66.2691,0.0,7.59,3.483,K1VCN...,1.076,Lib,3.522,212,487.2325692121131,HD136890_TypK1_Mag7.59,"hms_tuple(h=15.0, m=23.0, s=50.57317438872573)","dms_tuple(d=-14.0, m=-22.0, s=-59.08427308392376)",230.960722,15.397381,-14.383079
75131,137127,,15.400031,8.905841,311.5265,0.0,7.3,-0.167,K5,1.486,Ser,101.578,170,377.23764669214916,HD137127_TypK5_Mag7.3,"hms_tuple(h=15.0, m=24.0, s=18.893176482845888)","dms_tuple(d=8.0, m=52.0, s=29.1018370877768)",231.078722,15.405248,8.874751
75138,136981,,15.401383,-14.31022,235.2941,0.0,7.54,0.682,K0III,1.039,Lib,46.473,204,466.20558189854603,HD136981_TypK0_Mag7.54,"hms_tuple(h=15.0, m=24.0, s=24.132396965594296)","dms_tuple(d=-14.0, m=-20.0, s=-28.640419052317156)",231.100552,15.406703,-14.341289
75139,137390,,15.401422,45.271031,150.3759,-10.0,6.07,0.184,K2III,1.212,Boo,73.519,66,127.44051305929695,HD137390_TypK2_Mag6.07,"hms_tuple(h=15.0, m=24.0, s=31.47294970909499)","dms_tuple(d=45.0, m=14.0, s=23.62576888340925)",231.131137,15.408742,45.239896
75160,137368,,15.405144,38.187699,97.1817,0.0,7.57,2.632,K0,0.963,Boo,7.713,209,478.71030262103807,HD137368_TypK0_Mag7.57,"hms_tuple(h=15.0, m=24.0, s=42.11769721626254)","dms_tuple(d=38.0, m=9.0, s=23.67239782618128)",231.17549,15.411699,38.156576
75194,137588,,15.409801,54.212797,234.7418,0.0,6.68,-0.173,K0,1.098,Dra,102.141,106,218.29580245415895,HD137588_TypK0_Mag6.68,"hms_tuple(h=15.0, m=25.0, s=6.992721516848377)","dms_tuple(d=54.0, m=10.0, s=53.91252698755693)",231.279136,15.418609,54.181642
75201,137035,,15.410916,-25.666957,420.1681,0.0,7.3,-0.817,K3III,1.521,Lib,184.842,170,377.23764669214916,HD137035_TypK3_Mag7.3,"hms_tuple(h=15.0, m=24.0, s=59.89119378415907)","dms_tuple(d=-25.0, m=-41.0, s=-52.8512554156444)",231.249547,15.416636,-25.698014
75228,137759,Edasich,15.415494,58.966065,31.027,-11.0,3.29,0.831,K2III,1.166,Dra,40.514,8,10.966698156815976,HD137759_TypK2_Mag3.29,"hms_tuple(h=15.0, m=25.0, s=31.740253286150022)","dms_tuple(d=58.0, m=56.0, s=5.62578931010421)",231.382251,15.425483,58.934896
75232,137115,,15.41599,-22.043659,127.551,0.0,7.65,2.122,K0III,1.102,Lib,12.337,222,513.7205296793568,HD137115_TypK0_Mag7.65,"hms_tuple(h=15.0, m=25.0, s=17.588638687269054)","dms_tuple(d=-22.0, m=-4.0, s=-28.99266940742592)",231.323286,15.421552,-22.07472
75240,137717,,15.417417,55.610934,448.4305,0.0,7.76,-0.498,K1III,1.14,Dra,137.784,242,566.0781270342421,HD137717_TypK1_Mag7.76,"hms_tuple(h=15.0, m=25.0, s=35.5299739830798)","dms_tuple(d=55.0, m=34.0, s=47.19187378889899)",231.398042,15.426536,55.579776
75244,137241,,15.417917,-6.245768,273.224,0.0,7.35,0.167,K0,1.142,Lib,74.679,177,394.25196723909164,HD137241_TypK0_Mag7.35,"hms_tuple(h=15.0, m=25.0, s=23.16983674700026)","dms_tuple(d=-6.0, m=-16.0, s=-36.64057851676411)",231.346541,15.423103,-6.276845
75252,136937,,15.419775,-47.217431,213.6752,0.0,6.57,-0.079,K3/K4IIIp..,1.52,Lup,93.67,97,198.10522595363804,HD136937_TypK3_Mag6.57,"hms_tuple(h=15.0, m=25.0, s=38.52672352915505)","dms_tuple(d=-47.0, m=-14.0, s=-54.444870414790216)",231.410528,15.427369,-47.248457
75274,137210,,15.42294,-21.929247,209.6436,0.0,7.52,0.913,K0III,0.955,Lib,37.566,201,458.0511018694067,HD137210_TypK0_Mag7.52,"hms_tuple(h=15.0, m=25.0, s=42.592475389687934)","dms_tuple(d=-21.0, m=-57.0, s=-37.10990577719599)",231.427469,15.428498,-21.960308
75280,137718,,15.425633,50.594149,529.1005,0.0,7.66,-0.958,K5,1.6,Boo,210.475,224,518.2731261472211,HD137718_TypK5_Mag7.66,"hms_tuple(h=15.0, m=26.0, s=1.4914469970088362)","dms_tuple(d=50.0, m=33.0, s=46.8116142532989)",231.506214,15.433748,50.563003
75309,138301,,15.432399,71.339695,240.3846,0.0,7.7,0.795,K0,1.026,UMi,41.879,231,536.8905548349917,HD138301_TypK0_Mag7.7,"hms_tuple(h=15.0, m=26.0, s=54.54069372608302)","dms_tuple(d=71.0, m=18.0, s=30.450415785322775)",231.727253,15.448484,71.308458
75312,137719,,15.433078,44.302241,265.9574,-14.0,7.16,0.036,K5III,1.399,Boo,84.256,153,333.40358783117154,HD137719_TypK5_Mag7.16,"hms_tuple(h=15.0, m=26.0, s=24.996394894737648)","dms_tuple(d=44.0, m=16.0, s=15.98806709400776)",231.604152,15.440277,44.271108
75313,137630,,15.43325,32.474041,173.913,0.0,7.02,0.818,K0,1.2,CrB,41.002,137,294.66293556170405,HD137630_TypK0_Mag7.02,"hms_tuple(h=15.0, m=26.0, s=21.688561894031153)","dms_tuple(d=32.0, m=26.0, s=34.53177482610613)",231.590369,15.439358,32.442925
75319,137230,,15.434363,-36.472955,309.5975,0.0,7.62,0.166,K0III,1.228,Lup,74.748,217,500.3012827613783,HD137230_TypK0_Mag7.62,"hms_tuple(h=15.0, m=26.0, s=26.79260638541919)","dms_tuple(d=-36.0, m=-30.0, s=-14.395440555611572)",231.611636,15.440776,-36.503999
75322,137339,,15.434824,-21.380235,159.4896,0.0,6.97,0.956,K0III,1.114,Lib,36.108,132,281.9464748828664,HD137339_TypK0_Mag6.97,"hms_tuple(h=15.0, m=26.0, s=25.29877916856279)","dms_tuple(d=-21.0, m=-24.0, s=-40.66879004253451)",231.605412,15.440361,-21.411297
75341,137261,,15.438114,-36.598354,119.7605,0.0,6.81,1.418,K1III,1.121,Lup,23.594,117,244.8264719937363,HD137261_TypK1_Mag6.81,"hms_tuple(h=15.0, m=26.0, s=40.33371533951012)","dms_tuple(d=-36.0, m=-37.0, s=-45.83120332956298)",231.668057,15.444537,-36.629398
75342,137704,,15.438166,34.335996,157.9779,-48.0,5.46,-0.533,K4III,1.41,Boo,142.298,42,74.39943501537284,HD137704_TypK4_Mag5.46,"hms_tuple(h=15.0, m=26.0, s=39.862000360662506)","dms_tuple(d=34.0, m=18.0, s=17.56102117855221)",231.666092,15.444406,34.304878
75351,137895,,15.441147,52.052562,512.8205,0.0,7.09,-1.46,K2,1.611,Boo,334.195,145,313.4352882448582,HD137895_TypK2_Mag7.09,"hms_tuple(h=15.0, m=26.0, s=58.28475529260345)","dms_tuple(d=52.0, m=1.0, s=17.086185661221407)",231.742853,15.449524,52.021413
75353,137688,,15.441709,28.127526,444.4444,28.6,7.47,-0.769,K3III,1.337,CrB,176.848,194,438.2834686761904,HD137688_TypK3_Mag7.47,"hms_tuple(h=15.0, m=26.0, s=51.1880411265858)","dms_tuple(d=28.0, m=5.0, s=47.09689455802817)",231.713284,15.447552,28.096416
75369,137591,,15.445946,5.236864,290.6977,0.0,7.88,0.563,K0,1.298,Ser,51.856,265,629.299802346522,HD137591_TypK0_Mag7.88,"hms_tuple(h=15.0, m=27.0, s=4.039181156781098)","dms_tuple(d=5.0, m=12.0, s=20.796851742680573)",231.76683,15.451122,5.205777
75399,137610,,15.452347,-5.817658,100000.0,0.0,7.81,-12.19,K5,1.66,Lib,6546361.741,251,591.6096051155723,HD137610_TypK5_Mag7.81,"hms_tuple(h=15.0, m=27.0, s=27.10302691994741)","dms_tuple(d=-5.0, m=-50.0, s=-55.44599769378266)",231.862929,15.457529,-5.848735
75404,141155,,15.452892,84.825237,159.4896,0.0,6.87,0.856,K0,0.998,UMi,39.591,123,258.1362429763933,HD141155_TypK0_Mag6.87,"hms_tuple(h=15.0, m=30.0, s=34.91368680015725)","dms_tuple(d=84.0, m=47.0, s=36.895468957952744)",232.645474,15.509698,84.793582
75443,137666,,15.460648,-8.948048,150.3759,-88.8,7.59,1.704,K0,1.08,Lib,18.13,212,487.2325692121131,HD137666_TypK0_Mag7.59,"hms_tuple(h=15.0, m=27.0, s=57.119751356424615)","dms_tuple(d=-8.0, m=-58.0, s=-44.83955983769022)",231.987999,15.465867,-8.979122
75447,138074,,15.461262,50.314908,300.3003,0.0,7.93,0.542,K2,1.082,Boo,52.869,275,657.682729265769,HD138074_TypK2_Mag7.93,"hms_tuple(h=15.0, m=28.0, s=9.584110678339357)","dms_tuple(d=50.0, m=17.0, s=1.5462693397881822)",232.039934,15.469329,50.283763
75450,137650,,15.461607,-14.954219,892.8571,0.0,7.15,-2.604,K5III,1.66,Lib,958.517,152,330.4749158245449,HD137650_TypK5_Mag7.15,"hms_tuple(h=15.0, m=28.0, s=0.9952119394125702)","dms_tuple(d=-14.0, m=-59.0, s=-7.034563469821933)",232.004147,15.466943,-14.985287
75466,138265,,15.464287,60.670217,195.6947,-47.0,5.9,-0.558,K5III,1.441,Dra,145.613,58,109.69010395244493,HD138265_TypK5_Mag5.9,"hms_tuple(h=15.0, m=28.0, s=29.280155353759056)","dms_tuple(d=60.0, m=38.0, s=20.55091323801264)",232.122001,15.4748,60.639042
75488,137763,,15.469336,-9.348069,20.5846,8.2,6.89,5.322,K2V,0.788,Lib,0.647,124,262.73172769318006,HD137763_TypK2_Mag6.89,"hms_tuple(h=15.0, m=28.0, s=28.417758398432795)","dms_tuple(d=-9.0, m=-22.0, s=-44.91381432891927)",232.118407,15.47456,-9.379143
75492,137778,,15.470058,-9.35786,20.4918,8.0,7.57,6.012,K2V,0.868,Lib,0.343,209,478.71030262103807,HD137778_TypK2_Mag7.57,"hms_tuple(h=15.0, m=28.0, s=31.01748956605988)","dms_tuple(d=-9.0, m=-23.0, s=-20.161381357577994)",232.12924,15.475283,-9.388934
75500,137744,,15.470947,-16.716484,240.3846,-21.0,5.64,-1.265,K4III,1.545,Lib,279.254,48,87.20501660577114,HD137744_TypK4_Mag5.64,"hms_tuple(h=15.0, m=28.0, s=34.78789581800868)","dms_tuple(d=-16.0, m=-44.0, s=-51.182319517098165)",232.14495,15.47633,-16.747551
75502,137725,,15.471843,-21.20957,324.6753,0.0,7.17,-0.387,K0III/IV,1.008,Lib,124.394,154,336.35821375838816,HD137725_TypK0_Mag7.17,"hms_tuple(h=15.0, m=28.0, s=38.544013490549816)","dms_tuple(d=-21.0, m=-14.0, s=-26.275434748597206)",232.1606,15.477373,-21.240632
75503,137984,,15.472257,23.684068,119.6172,0.0,7.89,2.501,K2,1.194,Ser,8.702,267,634.876663483802,HD137984_TypK2_Mag7.89,"hms_tuple(h=15.0, m=28.0, s=40.383802752568414)","dms_tuple(d=23.0, m=39.0, s=10.666102146946912)",232.168266,15.477884,23.652963
75508,137617,,15.472639,-37.629357,222.2222,0.0,7.34,0.606,K0III,0.988,Lup,49.843,175,390.78879304975095,HD137617_TypK0_Mag7.34,"hms_tuple(h=15.0, m=28.0, s=44.941086173099336)","dms_tuple(d=-37.0, m=-39.0, s=-37.436683942821105)",232.187255,15.47915,-37.660399
75509,137831,,15.473065,-6.002946,100000.0,0.0,7.75,-12.25,K2,1.419,Lib,6918309.709,240,561.1056035680328,HD137831_TypK2_Mag7.75,"hms_tuple(h=15.0, m=28.0, s=41.694105929248764)","dms_tuple(d=-6.0, m=-2.0, s=-2.482183743397144)",232.173725,15.478248,-6.034023
75532,137812,,15.477321,-15.700622,39.2619,0.0,6.79,3.82,K0V,0.821,Lib,2.582,115,240.54417110761835,HD137812_TypK0_Mag6.79,"hms_tuple(h=15.0, m=28.0, s=57.634472073433045)","dms_tuple(d=-15.0, m=-43.0, s=-54.082732141530414)",232.240144,15.482676,-15.73169
75533,137845,,15.477411,-8.747284,458.7156,-42.6,7.73,-0.578,K2,1.535,Lib,148.32,236,551.2912113423957,HD137845_TypK2_Mag7.73,"hms_tuple(h=15.0, m=28.0, s=57.45627058661185)","dms_tuple(d=-8.0, m=-46.0, s=-42.089834000120305)",232.239401,15.482627,-8.778358
75544,138038,,15.479529,22.445511,147.929,0.0,7.92,2.07,K2,1.141,Ser,12.942,273,651.9055358919003,HD138038_TypK2_Mag7.92,"hms_tuple(h=15.0, m=29.0, s=6.377653959200416)","dms_tuple(d=22.0, m=24.0, s=51.86569632459651)",232.276574,15.485105,22.414407
75564,138198,,15.484332,41.560089,281.6901,0.0,7.89,0.641,K0,1.179,Boo,48.261,267,634.876663483802,HD138198_TypK0_Mag7.89,"hms_tuple(h=15.0, m=29.0, s=28.38308892213476)","dms_tuple(d=41.0, m=31.0, s=44.25762929619111)",232.368263,15.491218,41.52896
75569,138039,,15.485572,13.032641,191.5709,0.0,7.01,0.598,K0III,0.979,Ser,50.211,136,292.07456782282145,HD138039_TypK0_Mag7.01,"hms_tuple(h=15.0, m=29.0, s=27.10415937424372)","dms_tuple(d=13.0, m=0.0, s=5.567797490961368)",232.362934,15.490862,13.001547
75576,137859,,15.486087,-24.45152,256.4103,0.0,7.77,0.725,K0III,1.037,Lib,44.668,244,571.094717053101,HD137859_TypK0_Mag7.77,"hms_tuple(h=15.0, m=29.0, s=30.303247295410642)","dms_tuple(d=-24.0, m=-28.0, s=-57.282913386803784)",232.376264,15.491751,-24.482579
75592,138524,,15.489198,62.099529,215.5172,-40.0,6.32,-0.347,K5,1.369,Dra,119.895,80,158.89188662502437,HD138524_TypK5_Mag6.32,"hms_tuple(h=15.0, m=30.0, s=0.7285790892964883)","dms_tuple(d=62.0, m=4.0, s=6.053715330711498)",232.503036,15.500202,62.068348
75598,137709,,15.490075,-46.732704,335.5705,-28.0,5.26,-2.369,K4III,1.731,Lup,771.969,36,62.36404397999688,HD137709_TypK4_Mag5.26,"hms_tuple(h=15.0, m=29.0, s=51.35978202858723)","dms_tuple(d=-46.0, m=-45.0, s=-49.431087443423394)",232.463999,15.4976,-46.763731
75608,137730,,15.492079,-46.907012,444.4444,0.0,7.83,-0.409,K5III,1.616,Lup,126.94,255,602.141767772257,HD137730_TypK5_Mag7.83,"hms_tuple(h=15.0, m=29.0, s=58.662243112718784)","dms_tuple(d=-46.0, m=-56.0, s=-16.93866580757458)",232.494426,15.499628,-46.938039
75631,138157,,15.495681,16.192003,143.472,0.0,7.13,1.346,K0,1.025,Ser,25.212,149,324.6945236416619,HD138157_TypK0_Mag7.13,"hms_tuple(h=15.0, m=30.0, s=3.7717825282769013)","dms_tuple(d=16.0, m=9.0, s=39.25993697855063)",232.515716,15.501048,16.160906
75640,138174,,15.497416,18.499866,263.8522,0.0,7.21,0.103,K0,1.061,Ser,79.214,159,348.44088743422355,HD138174_TypK0_Mag7.21,"hms_tuple(h=15.0, m=30.0, s=10.261956036409714)","dms_tuple(d=18.0, m=28.0, s=7.558435144518398)",232.542758,15.502851,18.468766
75643,139951,,15.498285,80.771059,155.521,0.0,6.94,0.981,K0,0.944,UMi,35.286,129,274.581557295345,HD139951_TypK0_Mag6.94,"hms_tuple(h=15.0, m=31.0, s=49.14323104325092)","dms_tuple(d=80.0, m=44.0, s=22.764027072239514)",232.954763,15.530318,80.739657
75653,138232,,15.499575,25.508629,485.4369,0.0,7.62,-0.811,K4III+...,1.449,Ser,183.823,217,500.3012827613783,HD138232_TypK4_Mag7.62,"hms_tuple(h=15.0, m=30.0, s=19.02567886205091)","dms_tuple(d=25.0, m=28.0, s=39.07847060396364)",232.579274,15.505285,25.477522
75661,138104,,15.501364,-6.844987,395.2569,0.0,7.25,-0.734,K2,1.203,Lib,171.238,164,360.95759541392204,HD138104_TypK2_Mag7.25,"hms_tuple(h=15.0, m=30.0, s=23.601559606262867)","dms_tuple(d=-6.0, m=-52.0, s=-33.8269881587631)",232.59834,15.506556,-6.876063
75668,138421,,15.502665,46.386087,568.1818,0.0,7.63,-1.142,K2,1.29,Boo,249.345,219,504.73495772895257,HD138421_TypK2_Mag7.63,"hms_tuple(h=15.0, m=30.0, s=36.48045559245574)","dms_tuple(d=46.0, m=21.0, s=17.819848329025376)",232.652002,15.510133,46.35495
75688,138216,,15.506611,12.000009,286.533,0.0,7.16,-0.126,K0,1.21,Ser,97.814,153,333.40358783117154,HD138216_TypK0_Mag7.16,"hms_tuple(h=15.0, m=30.0, s=42.76870614802206)","dms_tuple(d=11.0, m=58.0, s=8.096148515499806)",232.678203,15.51188,11.968916
75696,138383,,15.507728,36.804555,112.3596,2.0,6.52,1.267,K0,1.15,Boo,27.114,94,189.555805541093,HD138383_TypK0_Mag6.52,"hms_tuple(h=15.0, m=30.0, s=50.987486894246814)","dms_tuple(d=36.0, m=46.0, s=24.361195511669962)",232.712448,15.514163,36.773434
75712,138137,,15.511223,-16.609464,155.7632,-2.0,5.82,-0.142,K0III,1.056,Lib,99.266,55,102.2146864373567,HD138137_TypK0_Mag5.82,"hms_tuple(h=15.0, m=30.0, s=59.770643484085895)","dms_tuple(d=-16.0, m=-38.0, s=-25.910701879507485)",232.749044,15.516603,-16.640531
75732,139152,,15.513974,72.936374,209.205,0.0,7.91,1.307,K0,1.5,UMi,26.134,271,646.179090335777,HD139152_TypK0_Mag7.91,"hms_tuple(h=15.0, m=31.0, s=53.43439400532489)","dms_tuple(d=72.0, m=54.0, s=18.439263974293)",232.972643,15.53151,72.905122
75735,137993,,15.514393,-43.865249,129.7017,0.0,7.5,1.935,K0III,0.986,Lup,14.655,198,450.03925321819855,HD137993_TypK0_Mag7.5,"hms_tuple(h=15.0, m=31.0, s=17.566711705482305)","dms_tuple(d=-43.0, m=-53.0, s=-46.612121655915644)",232.823195,15.521546,-43.896281
75741,138481,,15.515488,40.833047,257.0694,-10.0,5.04,-2.01,K5III,1.589,Boo,554.626,30,51.361223874813795,HD138481_TypK5_Mag5.04,"hms_tuple(h=15.0, m=31.0, s=20.271178377135755)","dms_tuple(d=40.0, m=48.0, s=6.910634750438476)",232.834463,15.522298,40.80192
75742,138852,,15.515514,64.208693,94.6074,10.0,5.74,0.86,K0III-IV,0.976,Dra,39.446,52,95.24872114276333,HD138852_TypK0_Mag5.74,"hms_tuple(h=15.0, m=31.0, s=38.4523364434402)","dms_tuple(d=64.0, m=10.0, s=39.010237605816656)",232.910218,15.527348,64.177503
75776,139669,,15.523619,77.349352,262.4672,-25.0,5.0,-2.095,K5III,1.545,UMi,599.791,29,49.58020181325081,HD139669_TypK5_Mag5.0,"hms_tuple(h=15.0, m=32.0, s=49.5547352589422)","dms_tuple(d=77.0, m=19.0, s=4.936129916624168)",233.206478,15.547099,77.318038
75793,139115,,15.527825,69.159187,201.6129,0.0,7.91,1.387,K2,1.263,UMi,24.277,271,646.179090335777,HD139115_TypK2_Mag7.91,"hms_tuple(h=15.0, m=32.0, s=32.25448381199271)","dms_tuple(d=69.0, m=7.0, s=40.68420163687165)",233.134394,15.542293,69.127968
75802,138236,,15.528886,-28.407103,432.9004,0.0,7.84,-0.342,K3III,1.519,Lib,119.344,257,607.4779541357369,HD138236_TypK3_Mag7.84,"hms_tuple(h=15.0, m=32.0, s=5.092814545281783)","dms_tuple(d=-28.0, m=-26.0, s=-17.36552375477146)",233.02122,15.534748,-28.438157
75803,138594,,15.528989,39.678874,61.3874,0.0,7.7,3.76,K0,0.743,Boo,2.729,231,536.8905548349917,HD138594_TypK0_Mag7.7,"hms_tuple(h=15.0, m=32.0, s=8.460615108730991)","dms_tuple(d=39.0, m=38.0, s=51.89432539740835)",233.035253,15.535684,39.647748
75828,138541,,15.534134,22.5708,50.9684,0.0,7.54,4.003,K0,0.9,Ser,2.182,204,466.20558189854603,HD138541_TypK0_Mag7.54,"hms_tuple(h=15.0, m=32.0, s=22.973823198185812)","dms_tuple(d=22.0, m=32.0, s=22.90561532381645)",233.095724,15.539715,22.539696
75843,138190,,15.53756,-44.407372,255.102,0.0,7.67,0.636,K3III,1.491,Lup,48.484,226,522.866067770482,HD138190_TypK3_Mag7.67,"hms_tuple(h=15.0, m=32.0, s=41.205685158629564)","dms_tuple(d=-44.0, m=-26.0, s=-18.251467782018835)",233.17169,15.544779,-44.438403
75900,138562,,15.549427,-1.186399,85.9107,-16.0,5.5,0.83,K0III,1.092,Ser,40.551,43,77.07201459924187,HD138562_TypK0_Mag5.5,"hms_tuple(h=15.0, m=33.0, s=16.498112519166312)","dms_tuple(d=-1.0, m=-13.0, s=-2.928845171455592)",233.318742,15.554583,-1.21748
75903,138685,,15.55131,16.012037,114.8106,0.0,6.56,1.26,K2,1.26,Ser,27.29,97,196.3650370330839,HD138685_TypK2_Mag6.56,"hms_tuple(h=15.0, m=33.0, s=24.018708051376763)","dms_tuple(d=15.0, m=58.0, s=51.38297586532346)",233.350078,15.556672,15.98094
75907,138472,,15.552104,-25.800903,170.6485,0.0,7.27,1.109,K2III,1.567,Lib,31.362,166,367.38356293404297,HD138472_TypK2_Mag7.27,"hms_tuple(h=15.0, m=33.0, s=28.19124418185453)","dms_tuple(d=-25.0, m=-49.0, s=-55.05631405291979)",233.367464,15.557831,-25.83196
75919,138546,,15.554224,-13.012755,357.1429,0.0,7.49,-0.274,K0III,1.237,Lib,112.099,197,446.0860343240754,HD138546_TypK0_Mag7.49,"hms_tuple(h=15.0, m=33.0, s=34.254609976566)","dms_tuple(d=-13.0, m=-2.0, s=-37.770924808991)",233.392728,15.559515,-13.043825
75926,138644,,15.555004,3.322833,167.7852,0.0,7.37,1.246,K0III,1.118,Ser,27.644,180,401.2706596517492,HD138644_TypK0_Mag7.37,"hms_tuple(h=15.0, m=33.0, s=36.60178975173494)","dms_tuple(d=3.0, m=17.0, s=30.291561136168212)",233.402507,15.560167,3.291748
75932,138395,,15.556755,-40.490852,155.521,0.0,6.4,0.441,K0III,1.016,Lup,58.023,85,170.51236146755156,HD138395_TypK0_Mag6.4,"hms_tuple(h=15.0, m=33.0, s=48.72967704291938)","dms_tuple(d=-40.0, m=-31.0, s=-18.803103312574763)",233.45304,15.563536,-40.52189
75986,138716,,15.569638,-10.064529,28.9268,48.0,4.61,2.303,K1IV,1.0,Lib,10.442,21,35.14546727234099,HD138716_TypK1_Mag4.61,"hms_tuple(h=15.0, m=34.0, s=29.545361629155877)","dms_tuple(d=-10.0, m=-5.0, s=-44.16739658772997)",233.623106,15.574874,-10.095602
76026,138688,,15.577033,-28.046983,97.561,12.0,5.13,0.184,K2/K3III,1.306,Lib,73.519,32,55.60595189742462,HD138688_TypK2_Mag5.13,"hms_tuple(h=15.0, m=34.0, s=58.35084057380428)","dms_tuple(d=-28.0, m=-4.0, s=-40.935045279763074)",233.743129,15.582875,-28.078038
76041,139133,,15.57982,44.06763,224.7191,0.0,7.12,0.362,K0,1.122,Boo,62.402,148,321.8423534887257,HD139133_TypK0_Mag7.12,"hms_tuple(h=15.0, m=35.0, s=13.164770809771653)","dms_tuple(d=44.0, m=2.0, s=11.389961083627327)",233.804853,15.58699,44.036497
76045,138870,,15.580437,-0.14654,252.5253,0.0,7.55,0.538,K0III,1.084,Ser,53.064,206,470.3371004243402,HD138870_TypK0_Mag7.55,"hms_tuple(h=15.0, m=35.0, s=8.130011518169056)","dms_tuple(d=-0.0, m=-10.0, s=-39.43985441466818)",233.783875,15.585592,-0.177622
76054,138810,,15.58322,-17.138836,227.2727,0.0,6.99,0.207,K1III: (+G),1.008,Lib,71.978,134,286.96584256768466,HD138810_TypK1_Mag6.99,"hms_tuple(h=15.0, m=35.0, s=19.01430576766998)","dms_tuple(d=-17.0, m=-10.0, s=-11.648006302111469)",233.829226,15.588615,-17.169902
76070,139283,,15.586628,49.99464,167.2241,0.0,6.95,0.834,K2,1.092,Boo,40.402,130,277.01490180011757,HD139283_TypK2_Mag6.95,"hms_tuple(h=15.0, m=35.0, s=40.70804985312506)","dms_tuple(d=49.0, m=57.0, s=48.58402339644556)",233.919617,15.594641,49.963496
76073,139307,,15.58745,49.698369,438.5965,-10.7,7.36,-0.85,K5,1.541,Boo,190.546,178,397.7458321127074,HD139307_TypK5_Mag7.36,"hms_tuple(h=15.0, m=35.0, s=43.49117798637252)","dms_tuple(d=49.0, m=40.0, s=2.010756004469272)",233.931213,15.595414,49.667225
76078,139357,,15.587835,53.922144,118.0638,-10.0,5.97,0.609,K4III:,1.184,Dra,49.705,61,116.67822858142785,HD139357_TypK4_Mag5.97,"hms_tuple(h=15.0, m=35.0, s=47.69419931951333)","dms_tuple(d=53.0, m=53.0, s=27.564489533694996)",233.948726,15.596582,53.89099
76083,139455,,15.589004,59.679002,264.5503,0.0,7.79,0.677,K5,1.319,Dra,46.687,247,581.2616622824664,HD139455_TypK5_Mag7.79,"hms_tuple(h=15.0, m=35.0, s=57.13761547174272)","dms_tuple(d=59.0, m=38.0, s=52.190026850415165)",233.988073,15.599205,59.647831
76099,138905,Zubenelhakrabi,15.592105,-14.789537,50.025,-28.2,3.91,0.414,K0III,1.007,Lib,59.484,12,18.95158476777924,HD138905_TypK0_Mag3.91,"hms_tuple(h=15.0, m=35.0, s=50.77332313700538)","dms_tuple(d=-14.0, m=-49.0, s=-14.179941530298237)",233.961556,15.597437,-14.820606
76132,139284,,15.596998,38.373926,265.9574,3.0,6.3,-0.824,K2,1.306,CrB,186.037,79,156.1126819853037,HD139284_TypK2_Mag6.3,"hms_tuple(h=15.0, m=36.0, s=12.852642839373516)","dms_tuple(d=38.0, m=20.0, s=34.08860800336129)",234.053553,15.60357,38.342802
76137,139087,,15.598158,11.265656,221.2389,-26.0,6.04,-0.684,K0III:,1.125,Ser,163.531,65,124.11155185705773,HD139087_TypK0_Mag6.04,"hms_tuple(h=15.0, m=36.0, s=12.288057037557962)","dms_tuple(d=11.0, m=14.0, s=4.42785721485194)",234.0512,15.603413,11.234563
76140,139323,,15.599068,39.831117,22.3764,-65.6,7.65,5.901,K3V,0.946,Boo,0.38,222,513.7205296793568,HD139323_TypK3_Mag7.65,"hms_tuple(h=15.0, m=36.0, s=20.798284110790775)","dms_tuple(d=39.0, m=47.0, s=59.96828178652606)",234.08666,15.605777,39.799991
76147,139341,,15.600641,39.802473,22.3065,-67.7,6.78,5.038,K2V,0.906,Boo,0.841,114,238.4311915057409,HD139341_TypK2_Mag6.78,"hms_tuple(h=15.0, m=36.0, s=26.45103072817335)","dms_tuple(d=39.0, m=46.0, s=16.850040793823382)",234.110213,15.607348,39.771347
76157,138973,,15.602293,-21.746511,132.2751,0.0,7.72,2.113,K0III,1.136,Lib,12.439,234,546.4485785781236,HD138973_TypK0_Mag7.72,"hms_tuple(h=15.0, m=36.0, s=28.237678899969296)","dms_tuple(d=-21.0, m=-46.0, s=-39.261001281975325)",234.117657,15.607844,-21.777573
76190,139195,,15.608216,10.010176,70.8717,8.0,5.26,1.008,K0p,0.925,Ser,34.419,36,62.36404397999688,HD139195_TypK0_Mag5.26,"hms_tuple(h=15.0, m=36.0, s=48.419378340214934)","dms_tuple(d=9.0, m=58.0, s=44.70411717659715)",234.201747,15.61345,9.979084
76208,139245,,15.612436,11.600902,275.4821,0.0,7.7,0.5,K0,1.233,Ser,54.954,231,536.8905548349917,HD139245_TypK0_Mag7.7,"hms_tuple(h=15.0, m=37.0, s=3.7111955731009516)","dms_tuple(d=11.0, m=34.0, s=11.31231358243653)",234.265463,15.617698,11.569809
76223,139118,,15.615068,-15.514037,485.4369,0.0,7.86,-0.571,K4III,1.393,Lib,147.367,261,618.2926139519136,HD139118_TypK4_Mag7.86,"hms_tuple(h=15.0, m=37.0, s=13.506105635685657)","dms_tuple(d=-15.0, m=-32.0, s=-42.3773916919383)",234.306275,15.620418,-15.545105
76234,139063,,15.61707,-28.135079,68.5871,-25.0,3.6,-0.581,K3III,1.361,Lib,148.73,10,14.416529046256109,HD139063_TypK3_Mag3.6,"hms_tuple(h=15.0, m=37.0, s=22.501330652785185)","dms_tuple(d=-28.0, m=-9.0, s=-58.080274017830504)",234.343756,15.622917,-28.166133
76240,139022,,15.619694,-41.018775,291.5452,0.0,7.12,-0.204,K2/K3III,1.427,Lup,105.099,148,321.8423534887257,HD139022_TypK2_Mag7.12,"hms_tuple(h=15.0, m=37.0, s=35.50490935622321)","dms_tuple(d=-41.0, m=-2.0, s=-59.32288463512407)",234.397937,15.626529,-41.049812
76268,139308,,15.624682,-0.884843,302.1148,-24.7,7.78,0.379,K0III,1.276,Ser,61.433,245,576.1557641428401,HD139308_TypK0_Mag7.78,"hms_tuple(h=15.0, m=37.0, s=47.41429367677867)","dms_tuple(d=-0.0, m=-54.0, s=-57.32823401309858)",234.44756,15.629837,-0.915925
76273,139778,,15.625562,54.508733,109.1703,-23.0,5.85,0.659,K1III:,1.098,Dra,47.468,56,104.95632265378961,HD139778_TypK1_Mag5.85,"hms_tuple(h=15.0, m=38.0, s=3.961317670230784)","dms_tuple(d=54.0, m=28.0, s=39.27927403884837)",234.516505,15.634434,54.477578
76275,139422,,15.625933,16.529654,200.4008,0.0,7.62,1.111,K0,1.14,Ser,31.304,217,500.3012827613783,HD139422_TypK0_Mag7.62,"hms_tuple(h=15.0, m=37.0, s=52.71236945733364)","dms_tuple(d=16.0, m=29.0, s=54.80233515002965)",234.469635,15.631309,16.498556
76294,140342,,15.629404,71.153674,167.2241,0.0,6.99,0.874,K0,1.011,UMi,38.94,134,286.96584256768466,HD140342_TypK0_Mag6.99,"hms_tuple(h=15.0, m=38.0, s=43.20859533203645)","dms_tuple(d=71.0, m=7.0, s=20.78069665143289)",234.680036,15.645336,71.122439
76296,139254,,15.630011,-23.141698,84.246,7.0,5.79,1.162,K0III,1.074,Lib,29.868,54,99.54466638423023,HD139254_TypK0_Mag5.79,"hms_tuple(h=15.0, m=38.0, s=8.224815279390612)","dms_tuple(d=-23.0, m=-10.0, s=-21.928844726302543)",234.53427,15.635618,-23.172758
76306,139378,,15.632967,-5.421929,819.6721,0.0,7.87,-1.698,K5,1.478,Lib,416.102,263,623.771929275639,HD139378_TypK5_Mag7.87,"hms_tuple(h=15.0, m=38.0, s=17.32228307449091)","dms_tuple(d=-5.0, m=-27.0, s=-10.822907593963578)",234.572176,15.638145,-5.453006
76316,139127,,15.634232,-42.567348,67.0241,-7.0,4.34,0.209,K4.5III,1.412,Lup,71.846,17,27.695650779025346,HD139127_TypK4_Mag4.34,"hms_tuple(h=15.0, m=38.0, s=28.444164542070354)","dms_tuple(d=-42.0, m=-35.0, s=-54.1765416406065)",234.618517,15.641234,-42.598382
76319,139379,,15.634908,-7.676111,680.2721,0.0,7.91,-1.253,K2,1.165,Lib,276.185,271,646.179090335777,HD139379_TypK2_Mag7.91,"hms_tuple(h=15.0, m=38.0, s=24.39468485120358)","dms_tuple(d=-7.0, m=-42.0, s=-25.870619089124034)",234.601645,15.64011,-7.707186
76322,139690,,15.635883,38.028045,187.6173,0.0,7.5,1.134,K2,1.165,CrB,30.648,198,450.03925321819855,HD139690_TypK2_Mag7.5,"hms_tuple(h=15.0, m=38.0, s=32.72663469394146)","dms_tuple(d=37.0, m=59.0, s=48.91884239280046)",234.636361,15.642424,37.996922
76324,139161,,15.636122,-41.560032,285.7143,0.0,7.74,0.46,K4III,1.589,Lup,57.016,238,556.1767595666211,HD139161_TypK4_Mag7.74,"hms_tuple(h=15.0, m=38.0, s=34.85092285746603)","dms_tuple(d=-41.0, m=-35.0, s=-27.84493899790732)",234.645212,15.643014,-41.591068
76331,139290,,15.637725,-28.206666,205.3388,29.0,6.32,-0.242,K1III,1.176,Lib,108.843,80,158.89188662502437,HD139290_TypK1_Mag6.32,"hms_tuple(h=15.0, m=38.0, s=36.87343825764742)","dms_tuple(d=-28.0, m=-14.0, s=-15.793171879180647)",234.653639,15.643576,-28.23772
76333,139329,,15.637855,-21.016327,87.3362,32.0,5.82,1.114,K0III,1.077,Lib,31.218,55,102.2146864373567,HD139329_TypK0_Mag5.82,"hms_tuple(h=15.0, m=38.0, s=36.16126073969042)","dms_tuple(d=-21.0, m=-2.0, s=-50.60136294635271)",234.650672,15.643378,-21.047389
76344,139621,,15.640204,22.674972,188.6792,0.0,7.45,1.071,K0,1.125,Ser,32.479,191,430.6173790127683,HD139621_TypK0_Mag7.45,"hms_tuple(h=15.0, m=38.0, s=44.84102840174245)","dms_tuple(d=22.0, m=38.0, s=37.92441472893813)",234.686838,15.645789,22.643868
76350,139408,,15.641412,-14.516867,114.9425,0.0,6.8,1.498,K1III,1.232,Lib,21.918,116,242.67587595584382,HD139408_TypK1_Mag6.8,"hms_tuple(h=15.0, m=38.0, s=48.25459950732565)","dms_tuple(d=-14.0, m=-32.0, s=-52.568896720050446)",234.701061,15.646737,-14.547936
76357,140250,,15.642626,65.790545,172.4138,-11.0,7.05,0.867,K0,1.097,UMi,39.192,141,302.5664825365462,HD140250_TypK0_Mag7.05,"hms_tuple(h=15.0, m=39.0, s=18.651118538232794)","dms_tuple(d=65.0, m=45.0, s=33.64844688612152)",234.827713,15.655181,65.759347
76373,140024,,15.645083,57.520716,264.5503,0.0,7.89,0.777,K0,0.946,Dra,42.579,267,634.876663483802,HD140024_TypK0_Mag7.89,"hms_tuple(h=15.0, m=39.0, s=16.825954045833527)","dms_tuple(d=57.0, m=29.0, s=22.38647112579656)",234.820108,15.654674,57.489552
76378,139411,,15.645716,-23.049474,326.7974,0.0,7.17,-0.401,K4/K5III,1.601,Lib,126.009,154,336.35821375838816,HD139411_TypK4_Mag7.17,"hms_tuple(h=15.0, m=39.0, s=4.748943867865876)","dms_tuple(d=-23.0, m=-4.0, s=-49.92280217741495)",234.769787,15.651319,-23.080534
76381,139761,,15.646904,34.675039,145.7726,4.0,6.12,0.302,K0,1.039,CrB,65.948,69,133.18838514701395,HD139761_TypK0_Mag6.12,"hms_tuple(h=15.0, m=39.0, s=11.410260058021606)","dms_tuple(d=34.0, m=38.0, s=38.114185826999574)",234.797543,15.65317,34.643921
76394,139920,,15.649691,46.926558,358.4229,0.0,6.75,-1.022,K5,1.619,Boo,223.254,112,232.20296653338022,HD139920_TypK5_Mag6.75,"hms_tuple(h=15.0, m=39.0, s=26.04383592226384)","dms_tuple(d=46.0, m=53.0, s=43.51169191288136)",234.858516,15.657234,46.89542
76398,139622,,15.650288,3.467681,165.5629,0.0,7.36,1.265,K3III,1.484,Ser,27.164,178,397.7458321127074,HD139622_TypK3_Mag7.36,"hms_tuple(h=15.0, m=39.0, s=19.626952209438855)","dms_tuple(d=3.0, m=26.0, s=11.743884685344028)",234.831779,15.655452,3.436596
76400,139447,,15.6504,-22.473658,480.7692,0.0,7.56,-0.85,K5III,1.684,Lib,190.546,208,474.5052325085976,HD139447_TypK5_Mag7.56,"hms_tuple(h=15.0, m=39.0, s=21.52633786232613)","dms_tuple(d=-22.0, m=-30.0, s=-16.987423014460035)",234.839693,15.65598,-22.504719
76414,140117,,15.652645,57.924426,140.8451,-8.0,6.45,0.706,K1III,1.102,Dra,45.457,89,178.20287698386963,HD140117_TypK1_Mag6.45,"hms_tuple(h=15.0, m=39.0, s=44.43601469922086)","dms_tuple(d=57.0, m=53.0, s=35.7378384595404)",234.93515,15.662343,57.893261
76471,139646,,15.663682,-14.055807,167.2241,0.0,7.59,1.474,K0III,1.189,Lib,22.408,212,487.2325692121131,HD139646_TypK0_Mag7.59,"hms_tuple(h=15.0, m=40.0, s=8.387266205208732)","dms_tuple(d=-14.0, m=-5.0, s=-12.754506524552056)",235.034947,15.668996,-14.086876
76472,140453,,15.664021,64.661844,390.625,-8.0,7.57,-0.389,K2,1.506,Dra,124.624,209,478.71030262103807,HD140453_TypK2_Mag7.57,"hms_tuple(h=15.0, m=40.0, s=33.78676553240325)","dms_tuple(d=64.0, m=37.0, s=50.34587835793218)",235.140778,15.676052,64.630652
76493,139465,,15.669233,-45.02142,182.8154,-22.1,7.42,1.11,K4III,1.271,Lup,31.333,187,419.36892659107707,HD139465_TypK4_Mag7.42,"hms_tuple(h=15.0, m=40.0, s=35.506033136347526)","dms_tuple(d=-45.0, m=-3.0, s=-8.820277404545322)",235.147942,15.676529,-45.05245
76502,139613,,15.670981,-31.213771,253.8071,-22.0,6.35,-0.673,K3III,1.418,Lup,161.883,82,163.15373750039242,HD139613_TypK3_Mag6.35,"hms_tuple(h=15.0, m=40.0, s=37.2364183345546)","dms_tuple(d=-31.0, m=-14.0, s=-41.358090929273885)",235.155152,15.67701,-31.244822
76505,139663,,15.67136,-23.818078,117.2333,-22.0,4.97,-0.375,K3III,1.302,Lib,123.027,28,48.285083296592646,HD139663_TypK3_Mag4.97,"hms_tuple(h=15.0, m=40.0, s=37.185147886635406)","dms_tuple(d=-23.0, m=-50.0, s=-56.89420789379653)",235.154938,15.676996,-23.849137
76507,140026,,15.671521,34.260308,236.4066,0.0,7.82,0.952,K0,1.013,CrB,36.241,253,596.8524553483364,HD140026_TypK0_Mag7.82,"hms_tuple(h=15.0, m=40.0, s=39.91979116192397)","dms_tuple(d=34.0, m=13.0, s=45.084584449260205)",235.166332,15.677755,34.22919
76527,140086,,15.673887,37.517092,370.3704,0.0,6.91,-0.933,K5,1.503,CrB,205.684,126,267.409023780344,HD140086_TypK5_Mag6.91,"hms_tuple(h=15.0, m=40.0, s=49.379047292372036)","dms_tuple(d=37.0, m=29.0, s=9.490720845253122)",235.205746,15.680383,37.48597
76553,139765,,15.678865,-21.604624,300.3003,0.0,7.99,0.602,K1III,1.244,Lib,50.026,288,693.4370594020932,HD139765_TypK1_Mag7.99,"hms_tuple(h=15.0, m=41.0, s=3.8771892942365582)","dms_tuple(d=-21.0, m=-38.0, s=-8.46834009093243)",235.266155,15.68441,-21.635686
76555,140087,,15.679253,29.972244,196.0784,0.0,7.52,1.058,K2,1.201,CrB,32.87,201,458.0511018694067,HD140087_TypK2_Mag7.52,"hms_tuple(h=15.0, m=41.0, s=6.7255675730459075)","dms_tuple(d=29.0, m=56.0, s=28.0737854275651)",235.278023,15.685202,29.941132
76628,140029,,15.695944,-6.444392,246.9136,-4.0,7.3,0.337,K0,1.004,Lib,63.856,170,377.23764669214916,HD140029_TypK0_Mag7.3,"hms_tuple(h=15.0, m=42.0, s=4.074270113628415)","dms_tuple(d=-6.0, m=-28.0, s=-31.686319298860326)",235.516976,15.701132,-6.475468
76643,139997,,15.699111,-19.678828,94.6074,-4.0,4.75,-0.13,K5III,1.574,Lib,98.175,24,39.766198834151524,HD139997_TypK5_Mag4.75,"hms_tuple(h=15.0, m=42.0, s=16.511178444328607)","dms_tuple(d=-19.0, m=-42.0, s=-35.60995256914367)",235.568797,15.704586,-19.709892
76672,140124,,15.704184,-7.914143,100000.0,0.0,7.84,-12.16,K5,1.688,Lib,6367955.209,257,607.4779541357369,HD140124_TypK5_Mag7.84,"hms_tuple(h=15.0, m=42.0, s=33.79898083626884)","dms_tuple(d=-7.0, m=-56.0, s=-42.78502408116822)",235.640829,15.709389,-7.945218
76707,140472,,15.711279,31.708751,162.0746,-38.0,6.71,0.661,K2,1.359,CrB,47.381,108,224.15100485964183,HD140472_TypK2_Mag6.71,"hms_tuple(h=15.0, m=43.0, s=2.4097730170869625)","dms_tuple(d=31.0, m=40.0, s=39.49126766163005)",235.760041,15.717336,31.677636
76711,141060,,15.711649,67.066586,100000.0,0.0,7.8,-12.2,K5,1.572,Dra,6606934.48,249,586.4128089424291,HD141060_TypK5_Mag7.8,"hms_tuple(h=15.0, m=43.0, s=29.497985874164527)","dms_tuple(d=67.0, m=2.0, s=7.369937059319227)",235.872908,15.724861,67.035381
76722,140346,,15.714345,6.883916,147.929,0.0,7.09,1.24,K0,1.164,Ser,27.797,145,313.4352882448582,HD140346_TypK0_Mag7.09,"hms_tuple(h=15.0, m=43.0, s=10.332247120435483)","dms_tuple(d=6.0, m=51.0, s=10.178592108321425)",235.793051,15.719537,6.852827
76764,140456,,15.722857,11.711012,500.0,0.0,6.94,-1.555,K2,1.506,Ser,364.754,129,274.581557295345,HD140456_TypK2_Mag6.94,"hms_tuple(h=15.0, m=43.0, s=41.23428569657477)","dms_tuple(d=11.0, m=40.0, s=47.70793736752026)",235.92181,15.728121,11.679919
76770,140301,,15.723572,-15.04323,122.549,21.0,6.3,0.858,K0III,1.124,Lib,39.518,79,156.1126819853037,HD140301_TypK0_Mag6.3,"hms_tuple(h=15.0, m=43.0, s=44.07722676655695)","dms_tuple(d=-15.0, m=-4.0, s=-27.473850656946155)",235.933655,15.72891,-15.074298
76807,140387,,15.73254,-16.869211,231.4815,0.0,7.28,0.457,K3III,1.449,Lib,57.174,168,370.63931974020056,HD140387_TypK3_Mag7.28,"hms_tuple(h=15.0, m=44.0, s=16.53832140423347)","dms_tuple(d=-16.0, m=-54.0, s=-0.9989731064968055)",236.06891,15.737927,-16.900277
76820,140304,,15.734368,-32.319769,793.6508,0.0,7.94,-1.558,K4III,1.554,Lup,365.763,277,663.5111201850515,HD140304_TypK4_Mag7.94,"hms_tuple(h=15.0, m=44.0, s=25.690943338394447)","dms_tuple(d=-32.0, m=-21.0, s=-2.945871642551765)",236.107046,15.74047,-32.350818
76822,140329,,15.734472,-31.603336,80.1925,0.0,6.62,2.099,K0III,0.962,Lup,12.601,101,207.04024568445064,HD140329_TypK0_Mag6.62,"hms_tuple(h=15.0, m=44.0, s=25.89442692066001)","dms_tuple(d=-31.0, m=-38.0, s=-3.7903366497272373)",236.107893,15.740526,-31.634386
76825,140965,,15.734939,52.905432,217.8649,0.0,7.73,1.039,K2,1.261,Dra,33.45,236,551.2912113423957,HD140965_TypK2_Mag7.73,"hms_tuple(h=15.0, m=44.0, s=36.525560729530895)","dms_tuple(d=52.0, m=52.0, s=27.410658772807324)",236.15219,15.743479,52.874281
76827,140328,,15.735314,-30.711403,526.3158,0.0,7.42,-1.186,K5III:,1.519,Lup,259.657,187,419.36892659107707,HD140328_TypK5_Mag7.42,"hms_tuple(h=15.0, m=44.0, s=28.72119850788465)","dms_tuple(d=-30.0, m=-44.0, s=-32.835531950298105)",236.119672,15.741311,-30.742454
76834,140573,Unukalhai,15.737798,6.425627,22.6757,2.7,2.63,0.852,K2III,1.167,Ser,39.737,4,6.126030779265231,HD140573_TypK2_Mag2.63,"hms_tuple(h=15.0, m=44.0, s=34.745695099450415)","dms_tuple(d=6.0, m=23.0, s=40.33971463949236)",236.144774,15.742985,6.394539
76855,140700,,15.741484,16.51036,411.5226,-26.0,7.48,-0.592,K5II-III,1.51,Ser,150.245,195,442.16754115556887,HD140700_TypK5_Mag7.48,"hms_tuple(h=15.0, m=44.0, s=48.69404044513871)","dms_tuple(d=16.0, m=28.0, s=45.3440039369309)",236.202892,15.746859,16.479262
76865,142795,,15.743474,80.932171,450.4505,0.0,6.85,-1.418,K2,1.504,UMi,321.514,121,253.62113865358353,HD142795_TypK2_Mag6.85,"hms_tuple(h=15.0, m=46.0, s=33.84777257572949)","dms_tuple(d=80.0, m=54.0, s=2.7464743604957675)",236.641032,15.776069,80.900763
76866,140666,,15.743484,11.422058,308.642,0.0,7.47,0.023,K0,1.093,Ser,85.271,194,438.2834686761904,HD140666_TypK0_Mag7.47,"hms_tuple(h=15.0, m=44.0, s=55.47199140917186)","dms_tuple(d=11.0, m=23.0, s=27.47452401284434)",236.231133,15.748742,11.390965
76881,140730,,15.746717,16.737358,194.9318,0.0,6.99,0.541,K2,1.2,Ser,52.918,134,286.96584256768466,HD140730_TypK2_Mag6.99,"hms_tuple(h=15.0, m=45.0, s=7.555699297410712)","dms_tuple(d=16.0, m=42.0, s=22.535993771217306)",236.281482,15.752099,16.70626
76916,141022,,15.752432,41.211551,160.5136,0.0,7.99,1.962,K0,1.061,Boo,14.296,288,693.4370594020932,HD141022_TypK0_Mag7.99,"hms_tuple(h=15.0, m=45.0, s=33.41071716206798)","dms_tuple(d=41.0, m=10.0, s=49.522857005783294)",236.389211,15.759281,41.180423
76924,141174,,15.755082,52.677119,294.1176,0.0,7.9,0.557,K0,1.117,Dra,52.143,269,640.5029468202126,HD141174_TypK0_Mag7.9,"hms_tuple(h=15.0, m=45.0, s=48.879609156310266)","dms_tuple(d=52.0, m=38.0, s=45.48590244358877)",236.453665,15.763578,52.645968
76937,140732,,15.757682,-6.145306,182.4818,-35.0,7.26,0.954,K0,1.065,Lib,36.174,165,364.156405231697,HD140732_TypK0_Mag7.26,"hms_tuple(h=15.0, m=45.0, s=46.32026571329746)","dms_tuple(d=-6.0, m=-10.0, s=-34.977711750079266)",236.443001,15.762867,-6.176383
76939,142005,,15.758075,73.835819,304.878,0.0,7.79,0.369,K0,0.966,UMi,62.001,247,581.2616622824664,HD142005_TypK0_Mag7.79,"hms_tuple(h=15.0, m=46.0, s=35.6021234431617)","dms_tuple(d=73.0, m=48.0, s=16.405304436302686)",236.648342,15.776556,73.804557
76941,141243,,15.758184,55.250934,657.8947,0.0,7.52,-1.571,K5,1.591,Dra,370.169,201,458.0511018694067,HD141243_TypK5_Mag7.52,"hms_tuple(h=15.0, m=46.0, s=1.9935269280368573)","dms_tuple(d=55.0, m=13.0, s=11.195533594134304)",236.508306,15.76722,55.219777
76949,140815,,15.760974,0.891039,194.1748,14.0,6.32,-0.121,K0III,1.195,Ser,97.364,80,158.89188662502437,HD140815_TypK0_Mag6.32,"hms_tuple(h=15.0, m=45.0, s=58.06521269915379)","dms_tuple(d=0.0, m=51.0, s=35.841144201271646)",236.491938,15.766129,0.859956
76954,140671,,15.76193,-22.753296,159.4896,0.0,6.72,0.706,K1III,1.312,Lib,45.457,109,226.137433304753,HD140671_TypK1_Mag6.72,"hms_tuple(h=15.0, m=46.0, s=3.0752764322686232)","dms_tuple(d=-22.0, m=-47.0, s=-3.6831468344391283)",236.512814,15.767521,-22.784356
76959,140636,,15.762886,-30.041467,125.0,0.0,6.88,1.395,K2IIICN...,1.183,Lup,24.099,123,260.4238489413245,HD140636_TypK2_Mag6.88,"hms_tuple(h=15.0, m=46.0, s=7.832746235546892)","dms_tuple(d=-30.0, m=-4.0, s=-21.06888441899372)",236.532636,15.768842,-30.072519
76999,141204,,15.770457,42.46842,216.4502,0.0,7.35,0.673,K0,0.914,Boo,46.86,177,394.25196723909164,HD141204_TypK0_Mag7.35,"hms_tuple(h=15.0, m=46.0, s=38.78926035941333)","dms_tuple(d=42.0, m=26.0, s=14.243840329083355)",236.661622,15.777441,42.43729
77000,140953,,15.770477,6.111163,341.2969,0.0,7.31,-0.356,K2,1.428,Ser,120.893,171,380.5807304870462,HD140953_TypK2_Mag7.31,"hms_tuple(h=15.0, m=46.0, s=32.37889748504955)","dms_tuple(d=6.0, m=4.0, s=48.27035776424026)",236.634912,15.775661,6.080075
77004,141244,,15.77124,45.021847,248.139,0.0,7.81,0.837,K0,1.001,Boo,40.29,251,591.6096051155723,HD141244_TypK0_Mag7.81,"hms_tuple(h=15.0, m=46.0, s=42.70292346020966)","dms_tuple(d=44.0, m=59.0, s=26.565009140109055)",236.677929,15.778529,44.990713
77035,141472,,15.776337,55.474791,269.5418,-4.0,5.94,-1.213,K3III,1.404,Dra,266.195,60,113.63039640648289,HD141472_TypK3_Mag5.94,"hms_tuple(h=15.0, m=47.0, s=7.528621124822905)","dms_tuple(d=55.0, m=26.0, s=37.07846568448133)",236.781369,15.785425,55.443633
77038,141507,,15.777407,56.770059,80.0,0.0,7.78,3.265,K0,1.055,Dra,4.305,245,576.1557641428401,HD141507_TypK0_Mag7.78,"hms_tuple(h=15.0, m=47.0, s=12.49974629817558)","dms_tuple(d=56.0, m=44.0, s=20.029618594290923)",236.802082,15.786805,56.738897
77050,140986,,15.779285,-6.120355,228.833,-51.0,6.24,-0.558,K0,1.169,Lib,145.613,76,148.0633510554248,HD140986_TypK0_Mag6.24,"hms_tuple(h=15.0, m=47.0, s=4.090187908482363)","dms_tuple(d=-6.0, m=-9.0, s=-5.154194493079913)",236.767042,15.784469,-6.151432
77059,141374,,15.78103,46.29679,311.5265,0.0,7.82,0.353,K2,1.475,Boo,62.922,253,596.8524553483364,HD141374_TypK2_Mag7.82,"hms_tuple(h=15.0, m=47.0, s=18.55062632333599)","dms_tuple(d=46.0, m=15.0, s=56.351261808256936)",236.827294,15.788486,46.265653
77060,140919,,15.781173,-17.108676,192.3077,0.0,7.61,1.19,K1III,1.179,Lib,29.107,216,495.90655392467346,HD140919_TypK1_Mag7.61,"hms_tuple(h=15.0, m=47.0, s=11.641950082798331)","dms_tuple(d=-17.0, m=-8.0, s=-23.072114586761643)",236.798508,15.786567,-17.139742
77064,141399,,15.781623,46.986262,36.1664,0.0,7.21,4.418,K0,0.77,Boo,1.489,159,348.44088743422355,HD141399_TypK0_Mag7.21,"hms_tuple(h=15.0, m=47.0, s=21.02931905634719)","dms_tuple(d=46.0, m=57.0, s=18.445672317067192)",236.837622,15.789175,46.955124
77092,141042,,15.787607,-8.452957,214.5923,0.0,7.62,0.962,K0,1.094,Lib,35.909,217,500.3012827613783,HD141042_TypK0_Mag7.62,"hms_tuple(h=15.0, m=47.0, s=34.14723505261563)","dms_tuple(d=-8.0, m=-29.0, s=-2.5136210325121056)",236.89228,15.792819,-8.484032
77102,140956,,15.788991,-27.087148,373.1343,0.0,7.79,-0.069,K1III,1.125,Lib,92.811,247,581.2616622824664,HD140956_TypK1_Mag7.79,"hms_tuple(h=15.0, m=47.0, s=41.21625792341163)","dms_tuple(d=-27.0, m=-7.0, s=-5.533051551947494)",236.921734,15.794782,-27.118204
77105,141062,,15.789534,-10.295567,100000.0,0.0,7.99,-12.01,K5,1.635,Lib,5546257.13,288,693.4370594020932,HD141062_TypK5_Mag7.99,"hms_tuple(h=15.0, m=47.0, s=41.18465720597683)","dms_tuple(d=-10.0, m=-19.0, s=-35.90341467405963)",236.921603,15.794774,-10.32664
77108,141454,,15.78968,44.598781,287.3563,0.0,7.3,0.008,K0,1.241,Boo,86.457,170,377.23764669214916,HD141454_TypK0_Mag7.3,"hms_tuple(h=15.0, m=47.0, s=48.895366724066065)","dms_tuple(d=44.0, m=34.0, s=3.5301615850931967)",236.953731,15.796915,44.567647
77114,141220,,15.790503,18.814651,340.1361,0.0,7.8,0.142,K2,1.221,Ser,76.419,249,586.4128089424291,HD141220_TypK2_Mag7.8,"hms_tuple(h=15.0, m=47.0, s=45.41141778539199)","dms_tuple(d=18.0, m=47.0, s=0.783286060313344)",236.939214,15.795948,18.783551
77117,141144,,15.790792,1.545964,133.3333,0.0,6.53,0.905,K0III,1.163,Ser,37.844,94,191.23565098411746,HD141144_TypK0_Mag6.53,"hms_tuple(h=15.0, m=47.0, s=45.414410326052064)","dms_tuple(d=1.0, m=30.0, s=53.56899641987383)",236.939227,15.795948,1.51488
77123,141029,,15.792016,-21.233666,534.7594,0.0,8.0,-0.641,K0III,1.108,Sco,157.181,290,699.5823055523535,HD141029_TypK0_Mag8.0,"hms_tuple(h=15.0, m=47.0, s=51.170070253347006)","dms_tuple(d=-21.0, m=-15.0, s=-53.02094381405453)",236.963209,15.797547,-21.264728
77125,141729,,15.792207,59.568623,261.0966,0.0,6.53,-0.554,K0,1.394,Dra,145.077,94,191.23565098411746,HD141729_TypK0_Mag6.53,"hms_tuple(h=15.0, m=48.0, s=8.548064218485933)","dms_tuple(d=59.0, m=32.0, s=14.827039213780608)",237.035617,15.802374,59.537452
77142,141417,,15.795846,33.01199,210.5263,0.0,7.04,0.423,K2,1.193,CrB,58.993,140,299.90868873980725,HD141417_TypK2_Mag7.04,"hms_tuple(h=15.0, m=48.0, s=7.167163064447095)","dms_tuple(d=32.0, m=58.0, s=51.145683950546754)",237.029863,15.801991,32.980874
77144,141525,,15.796215,45.732882,173.0104,0.0,6.76,0.57,K2,1.19,Boo,51.523,113,234.26075154331102,HD141525_TypK2_Mag6.76,"hms_tuple(h=15.0, m=48.0, s=12.944592334659148)","dms_tuple(d=45.0, m=42.0, s=6.286290338666163)",237.053936,15.803596,45.701746
77147,141207,,15.796755,4.298328,182.1494,2.0,7.19,0.888,K0,1.17,Ser,38.441,156,342.3462494285041,HD141207_TypK0_Mag7.19,"hms_tuple(h=15.0, m=48.0, s=6.926307606961473)","dms_tuple(d=4.0, m=16.0, s=2.0703494430678404)",237.02886,15.801924,4.267242
77150,141208,,15.797291,3.543047,602.4096,0.0,7.69,-1.209,K0,0.965,Ser,265.216,229,532.1744198083834,HD141208_TypK0_Mag7.69,"hms_tuple(h=15.0, m=48.0, s=8.839236872115634)","dms_tuple(d=3.0, m=30.0, s=43.061236725930385)",237.03683,15.802455,3.511961
77160,141456,,15.800498,31.735615,314.4654,-20.0,6.41,-1.078,K5,1.517,CrB,235.072,86,172.0234437188863,HD141456_TypK5_Mag6.41,"hms_tuple(h=15.0, m=48.0, s=23.604486063102286)","dms_tuple(d=31.0, m=42.0, s=16.20154603516994)",237.098352,15.806557,31.7045
77164,141676,,15.801617,50.004578,387.5969,0.0,7.88,-0.062,K2,1.34,Boo,92.215,265,629.299802346522,HD141676_TypK2_Mag7.88,"hms_tuple(h=15.0, m=48.0, s=34.67440683625938)","dms_tuple(d=49.0, m=58.0, s=24.3607446552528)",237.144477,15.809632,49.973434
77175,141353,,15.803696,13.789078,144.7178,-54.0,5.98,0.177,K2III,1.272,Ser,73.995,62,117.71223220913615,HD141353_TypK2_Mag5.98,"hms_tuple(h=15.0, m=48.0, s=32.410461327788624)","dms_tuple(d=13.0, m=45.0, s=28.73837756646651)",237.135044,15.809003,13.757983
77196,141221,,15.80694,-13.499284,364.9635,0.0,6.94,-0.871,K0/K1III,1.353,Lib,194.267,129,274.581557295345,HD141221_TypK0_Mag6.94,"hms_tuple(h=15.0, m=48.0, s=44.070445775436866)","dms_tuple(d=-13.0, m=-31.0, s=-49.2736410209028)",237.183627,15.812242,-13.530354
77200,141476,,15.808001,22.415466,148.368,0.0,6.85,0.993,K0,1.23,Ser,34.898,121,253.62113865358353,HD141476_TypK0_Mag6.85,"hms_tuple(h=15.0, m=48.0, s=48.87251601769236)","dms_tuple(d=22.0, m=23.0, s=3.7038115421364637)",237.203635,15.813576,22.384362
77221,141377,,15.81467,-1.001272,355.8719,0.0,6.81,-0.946,K5III,1.592,Ser,208.161,117,244.8264719937363,HD141377_TypK5_Mag6.81,"hms_tuple(h=15.0, m=49.0, s=11.371734949757553)","dms_tuple(d=-1.0, m=-1.0, s=-56.47225224987183)",237.297382,15.819825,-1.032353
77247,141989,,15.821321,56.236367,363.6364,0.0,7.28,-0.523,K2,1.312,Dra,140.994,168,370.63931974020056,HD141989_TypK2_Mag7.28,"hms_tuple(h=15.0, m=49.0, s=50.11781575286619)","dms_tuple(d=56.0, m=12.0, s=18.744153208398302)",237.458824,15.830588,56.205207
77269,141589,,15.826104,12.558692,160.5136,-5.9,6.69,0.662,K0,0.981,Ser,47.337,107,220.23034203703895,HD141589_TypK0_Mag6.69,"hms_tuple(h=15.0, m=49.0, s=52.98370295620657)","dms_tuple(d=12.0, m=31.0, s=39.3530308346962)",237.470765,15.831384,12.527598
77302,141466,,15.832382,-21.490741,204.0816,0.0,7.63,1.081,K0III,1.189,Sco,32.181,219,504.73495772895257,HD141466_TypK0_Mag7.63,"hms_tuple(h=15.0, m=50.0, s=16.52270226048742)","dms_tuple(d=-21.0, m=-31.0, s=-18.489971790634172)",237.568845,15.837923,-21.521803
77338,141297,,15.837898,-47.023947,819.6721,0.0,7.74,-1.828,K1II/IIICNIb,1.199,Nor,469.029,238,556.1767595666211,HD141297_TypK1_Mag7.74,"hms_tuple(h=15.0, m=50.0, s=43.67018234454392)","dms_tuple(d=-47.0, m=-3.0, s=-17.903841803866953)",237.681959,15.845464,-47.054973
77359,141849,,15.841971,20.340145,229.8851,0.0,7.6,0.792,K0,1.006,Ser,41.995,214,491.5504291096121,HD141849_TypK0_Mag7.6,"hms_tuple(h=15.0, m=50.0, s=50.88238516171586)","dms_tuple(d=20.0, m=18.0, s=32.556054757638435)",237.71201,15.847467,20.309043
77369,141554,,15.843017,-26.289624,183.1502,0.0,6.58,0.266,K3III,1.507,Sco,68.171,98,199.86083644579665,HD141554_TypK3_Mag6.58,"hms_tuple(h=15.0, m=50.0, s=55.564286202373836)","dms_tuple(d=-26.0, m=-19.0, s=-14.449928334392439)",237.731518,15.848768,-26.320681
77379,141827,,15.844986,13.126801,341.2969,0.0,7.88,0.214,K2,1.472,Ser,71.515,265,629.299802346522,HD141827_TypK2_Mag7.88,"hms_tuple(h=15.0, m=51.0, s=1.001814573191382)","dms_tuple(d=13.0, m=5.0, s=44.54347225658921)",237.754174,15.850278,13.095707
77387,142035,,15.847692,37.553496,169.7793,0.0,7.5,1.351,K0,1.141,CrB,25.096,198,450.03925321819855,HD142035_TypK0_Mag7.5,"hms_tuple(h=15.0, m=51.0, s=15.088453236170238)","dms_tuple(d=37.0, m=31.0, s=20.544931230724615)",237.812869,15.854191,37.522374
77419,142091,,15.85387,35.657382,30.4971,-24.0,4.79,2.369,K0III-IV,0.996,CrB,9.827,25,41.19468187451695,HD142091_TypK0_Mag4.79,"hms_tuple(h=15.0, m=51.0, s=36.76166585971231)","dms_tuple(d=35.0, m=37.0, s=34.54417072508306)",237.903174,15.860212,35.626262
77425,141992,,15.85442,20.977919,114.9425,-62.0,4.74,-0.562,K5III,1.534,Ser,146.15,24,39.41688599653894,HD141992_TypK5_Mag4.74,"hms_tuple(h=15.0, m=51.0, s=35.78186981687864)","dms_tuple(d=20.0, m=56.0, s=48.540067865534695)",237.899091,15.859939,20.946817
77437,142393,,15.857889,57.142236,253.8071,0.0,7.37,0.347,K5,1.376,Dra,63.27,180,401.2706596517492,HD142393_TypK5_Mag7.37,"hms_tuple(h=15.0, m=52.0, s=2.5741012046448475)","dms_tuple(d=57.0, m=6.0, s=39.86272218455383)",238.010725,15.867382,57.111073
77439,142053,,15.858155,25.30414,215.9827,-10.6,7.49,0.818,K1II-III,1.082,Ser,41.002,197,446.0860343240754,HD142053_TypK1_Mag7.49,"hms_tuple(h=15.0, m=51.0, s=49.878911571263416)","dms_tuple(d=25.0, m=16.0, s=22.918891715530663)",237.957829,15.863855,25.273033
77441,141544,,15.858736,-47.0608,137.741,30.0,6.0,0.305,K1IV,1.152,Nor,65.766,63,119.80781072170208,HD141544_TypK1_Mag6.0,"hms_tuple(h=15.0, m=51.0, s=58.70582426539116)","dms_tuple(d=-47.0, m=-5.0, s=-30.574381363368275)",237.994608,15.866307,-47.091826
77442,141698,,15.858918,-32.686074,133.5113,0.0,7.0,1.372,K1III,0.991,Lup,24.615,135,289.50893673230235,HD141698_TypK1_Mag7.0,"hms_tuple(h=15.0, m=51.0, s=54.160710441588975)","dms_tuple(d=-32.0, m=-43.0, s=-1.642182278116593)",237.97567,15.865045,-32.717123
77444,142174,,15.85914,39.735942,384.6154,0.0,7.9,-0.025,K5,1.576,Her,89.125,269,640.5029468202126,HD142174_TypK5_Mag7.9,"hms_tuple(h=15.0, m=51.0, s=57.024135390337136)","dms_tuple(d=39.0, m=42.0, s=17.338809607751955)",237.987601,15.86584,39.704816
77445,141993,,15.859144,13.905714,225.7336,0.0,7.52,0.752,K2,1.245,Ser,43.571,201,458.0511018694067,HD141993_TypK2_Mag7.52,"hms_tuple(h=15.0, m=51.0, s=52.032828106403315)","dms_tuple(d=13.0, m=52.0, s=28.627572111909245)",237.966803,15.864454,13.874619
77448,141643,,15.859774,-37.437262,206.1856,0.0,7.18,0.609,K3III,1.415,Lup,49.705,155,339.33902361009757,HD141643_TypK3_Mag7.18,"hms_tuple(h=15.0, m=51.0, s=58.56671987969776)","dms_tuple(d=-37.0, m=-28.0, s=-5.895686111095415)",237.994028,15.866269,-37.468304
77451,141812,,15.860576,-18.93946,149.0313,-12.5,7.3,1.434,K0III,1.162,Lib,23.249,170,377.23764669214916,HD141812_TypK0_Mag7.3,"hms_tuple(h=15.0, m=51.0, s=57.69610073981269)","dms_tuple(d=-18.0, m=-58.0, s=-13.887874825603035)",237.9904,15.866027,-18.970524
77455,142924,,15.861575,71.34912,100000.0,0.0,7.76,-12.24,K5,1.622,UMi,6854882.265,242,566.0781270342421,HD142924_TypK5_Mag7.76,"hms_tuple(h=15.0, m=52.0, s=39.6024625009413)","dms_tuple(d=71.0, m=19.0, s=4.380114818750371)",238.16501,15.877667,71.317883
77462,141897,,15.863896,-8.04341,137.3626,0.0,7.75,2.061,K2,1.286,Lib,13.05,240,561.1056035680328,HD141897_TypK2_Mag7.75,"hms_tuple(h=15.0, m=52.0, s=8.76813017091564)","dms_tuple(d=-8.0, m=-4.0, s=-28.145791955017643)",238.036534,15.869102,-8.074485
77484,142176,,15.867296,29.881675,350.8772,-53.0,7.37,-0.356,K5III,1.497,CrB,120.893,180,401.2706596517492,HD142176_TypK5_Mag7.37,"hms_tuple(h=15.0, m=52.0, s=23.66091454638905)","dms_tuple(d=29.0, m=51.0, s=2.025780444837153)",238.098587,15.873239,29.850563
77492,141832,,15.870225,-29.886552,77.4593,-17.0,6.39,1.945,K0III,0.991,Lup,14.521,85,169.01455281149524,HD141832_TypK0_Mag6.39,"hms_tuple(h=15.0, m=52.0, s=34.21970567210721)","dms_tuple(d=-29.0, m=-55.0, s=-3.3755614316703486)",238.142582,15.876172,-29.917604
77506,142209,,15.872642,28.607397,145.9854,-15.8,7.93,2.108,K3III,1.253,CrB,12.497,275,657.682729265769,HD142209_TypK3_Mag7.93,"hms_tuple(h=15.0, m=52.0, s=42.642064295556565)","dms_tuple(d=28.0, m=34.0, s=34.63046408550582)",238.177675,15.878512,28.576286
77511,142243,,15.87524,28.9133,210.5263,-17.5,7.81,1.193,K3III,1.216,CrB,29.027,251,591.6096051155723,HD142243_TypK3_Mag7.81,"hms_tuple(h=15.0, m=52.0, s=52.05679593508165)","dms_tuple(d=28.0, m=52.0, s=55.879960042669836)",238.216903,15.881127,28.882189
77545,142244,,15.882255,17.40315,191.2046,-12.0,6.29,-0.117,K0,1.238,Ser,97.006,79,154.74136248456367,HD142244_TypK0_Mag6.29,"hms_tuple(h=15.0, m=53.0, s=15.561622630089005)","dms_tuple(d=17.0, m=22.0, s=19.3848062834536)",238.31484,15.887656,17.372051
77546,142245,,15.882301,15.430708,109.529,0.0,7.46,2.262,K0,1.036,Ser,10.844,192,434.43351452893916,HD142245_TypK0_Mag7.46,"hms_tuple(h=15.0, m=53.0, s=15.531371555055244)","dms_tuple(d=15.0, m=23.0, s=58.600631840757416)",238.314714,15.887648,15.399611
77554,142453,,15.884558,41.29522,247.5248,0.0,7.84,0.872,K0,1.141,Her,39.012,257,607.4779541357369,HD142453_TypK0_Mag7.84,"hms_tuple(h=15.0, m=53.0, s=29.09588156110317)","dms_tuple(d=41.0, m=15.0, s=50.73077221661606)",238.371233,15.891416,41.264092
77567,142268,,15.887334,12.353127,281.6901,0.0,7.36,0.111,K2,1.03,Ser,78.632,178,397.7458321127074,HD142268_TypK2_Mag7.36,"hms_tuple(h=15.0, m=53.0, s=33.39668288027198)","dms_tuple(d=12.0, m=19.0, s=19.319737383269455)",238.389153,15.89261,12.322033
77616,142198,,15.897093,-16.729293,51.6529,3.0,4.13,0.565,K0III,1.003,Lib,51.761,15,23.011473963882622,HD142198_TypK0_Mag4.13,"hms_tuple(h=15.0, m=54.0, s=8.91480005776856)","dms_tuple(d=-16.0, m=-45.0, s=-37.29467372421453)",238.537145,15.902476,-16.76036
77641,142313,,15.903825,-11.090182,172.7116,0.0,7.01,0.823,K0,1.241,Lib,40.813,136,292.07456782282145,HD142313_TypK0_Mag7.01,"hms_tuple(h=15.0, m=54.0, s=32.68186508055834)","dms_tuple(d=-11.0, m=-7.0, s=-16.514716465313057)",238.636174,15.909078,-11.121254
77650,142399,,15.906804,3.290325,288.1844,0.0,7.69,0.392,K5,1.283,Ser,60.702,229,532.1744198083834,HD142399_TypK5_Mag7.69,"hms_tuple(h=15.0, m=54.0, s=43.081186211153835)","dms_tuple(d=3.0, m=15.0, s=33.262868045993166)",238.679505,15.911967,3.25924
77651,142132,,15.906818,-41.172819,129.5337,0.0,7.7,2.138,K2III,1.12,Lup,12.156,231,536.8905548349917,HD142132_TypK2_Mag7.7,"hms_tuple(h=15.0, m=54.0, s=49.20914377697784)","dms_tuple(d=-41.0, m=-12.0, s=-13.880394679260917)",238.705038,15.913669,-41.203856
77656,142443,,15.907105,5.294056,91.4913,0.0,6.87,2.063,K0,1.041,Ser,13.026,123,258.1362429763933,HD142443_TypK0_Mag6.87,"hms_tuple(h=15.0, m=54.0, s=44.213285202902455)","dms_tuple(d=5.0, m=15.0, s=46.68786269459986)",238.684222,15.912281,5.262969
77660,142421,,15.907605,2.142497,408.1633,0.0,7.63,-0.424,K5,1.529,Ser,128.706,219,504.73495772895257,HD142421_TypK5_Mag7.63,"hms_tuple(h=15.0, m=54.0, s=45.94732953893427)","dms_tuple(d=2.0, m=6.0, s=41.08583901517143)",238.691447,15.912763,2.111413
77675,142478,,15.911612,5.20965,309.5975,0.0,7.57,0.116,K0,1.1,Ser,78.271,209,478.71030262103807,HD142478_TypK0_Mag7.57,"hms_tuple(h=15.0, m=55.0, s=0.43597693848482777)","dms_tuple(d=5.0, m=10.0, s=42.82654168642637)",238.751817,15.916788,5.178563
77718,142382,,15.920096,-25.7787,238.6635,0.0,7.75,0.861,K0III,1.231,Sco,39.409,240,561.1056035680328,HD142382_TypK0_Mag7.75,"hms_tuple(h=15.0, m=55.0, s=32.95857875614416)","dms_tuple(d=-25.0, m=-48.0, s=-35.12560387421189)",238.887327,15.925822,-25.809757
77729,142639,,15.922664,9.223419,211.8644,8.0,6.9,0.27,K0,1.052,Ser,67.92,125,265.0600588895962,HD142639_TypK0_Mag6.9,"hms_tuple(h=15.0, m=55.0, s=40.38853445404769)","dms_tuple(d=9.0, m=11.0, s=32.381569755426796)",238.918286,15.927886,9.192328
77748,142407,,15.925148,-31.083644,139.8601,44.0,6.21,0.482,K4III,1.371,Lup,55.873,74,144.19568653254458,HD142407_TypK4_Mag6.21,"hms_tuple(h=15.0, m=55.0, s=52.20780863570056)","dms_tuple(d=-31.0, m=-6.0, s=-52.90147368583092)",238.967533,15.931169,-31.114695
77761,143641,,15.92804,72.392043,122.6994,0.0,7.24,1.796,K0,1.033,UMi,16.657,163,357.7868844682338,HD143641_TypK0_Mag7.24,"hms_tuple(h=15.0, m=56.0, s=42.18304141705801)","dms_tuple(d=72.0, m=21.0, s=38.86769535687563)",239.175763,15.945051,72.360797
77774,142683,,15.929776,4.334178,337.8378,0.0,7.81,0.166,K5,1.592,Ser,74.748,251,591.6096051155723,HD142683_TypK5_Mag7.81,"hms_tuple(h=15.0, m=56.0, s=5.8027800546094)","dms_tuple(d=4.0, m=18.0, s=11.130231267431938)",239.024178,15.934945,4.303092
77790,142384,,15.932348,-40.786505,133.5113,0.0,7.41,1.782,K2III,1.087,Lup,16.873,185,415.6851208955647,HD142384_TypK2_Mag7.41,"hms_tuple(h=15.0, m=56.0, s=20.972950742120986)","dms_tuple(d=-40.0, m=-49.0, s=-3.1522186778124706)",239.087387,15.939159,-40.817542
77801,142898,,15.934318,27.051481,184.8429,-31.5,7.99,1.656,K1IV,1.04,CrB,18.95,288,693.4370594020932,HD142898_TypK1_Mag7.99,"hms_tuple(h=15.0, m=56.0, s=24.37527312042974)","dms_tuple(d=27.0, m=1.0, s=13.339382678071274)",239.101564,15.940104,27.020372
77808,142781,,15.934998,7.936486,100000.0,0.0,7.66,-12.34,K2,1.446,Ser,7516228.94,224,518.2731261472211,HD142781_TypK2_Mag7.66,"hms_tuple(h=15.0, m=56.0, s=24.72756806940609)","dms_tuple(d=7.0, m=54.0, s=19.427083825365514)",239.103032,15.940202,7.905396
77818,142798,,15.936693,10.297387,170.9402,0.0,7.26,1.096,K0,1.126,Ser,31.739,165,364.156405231697,HD142798_TypK0_Mag7.26,"hms_tuple(h=15.0, m=56.0, s=30.953448556189187)","dms_tuple(d=10.0, m=15.0, s=58.66274569093761)",239.128973,15.941932,10.266295
77833,142909,,15.940649,21.24585,342.4658,0.0,7.96,0.287,K0,1.51,Ser,66.865,282,675.323313533301,HD142909_TypK0_Mag7.96,"hms_tuple(h=15.0, m=56.0, s=46.24212008108671)","dms_tuple(d=21.0, m=12.0, s=53.090659079701936)",239.192676,15.946178,21.214747
77852,142862,,15.944827,5.911087,161.2903,0.0,7.38,1.342,K0,1.111,Ser,25.305,181,404.82672424766696,HD142862_TypK0_Mag7.38,"hms_tuple(h=15.0, m=57.0, s=0.03207242236655361)","dms_tuple(d=5.0, m=52.0, s=47.9974208080516)",239.250134,15.950009,5.879999
77859,142766,,15.945959,-13.575731,199.2032,0.0,7.73,1.234,K2III,1.317,Lib,27.951,236,551.2912113423957,HD142766_TypK2_Mag7.73,"hms_tuple(h=15.0, m=57.0, s=4.544992886421113)","dms_tuple(d=-13.0, m=-36.0, s=-24.482575832218743)",239.268937,15.951262,-13.606801
77877,142881,,15.950241,-0.745235,249.3766,0.0,7.53,0.546,K5,1.526,Ser,52.674,203,462.11035531169057,HD142881_TypK5_Mag7.53,"hms_tuple(h=15.0, m=57.0, s=19.42602582836585)","dms_tuple(d=-0.0, m=-46.0, s=-34.739891746355056)",239.330942,15.955396,-0.776317
77885,142850,,15.952208,-10.887966,167.7852,0.0,7.68,1.556,K0,1.086,Lib,20.778,227,527.4997120883073,HD142850_TypK0_Mag7.68,"hms_tuple(h=15.0, m=57.0, s=26.84767101130518)","dms_tuple(d=-10.0, m=-55.0, s=-8.537804467026433)",239.361865,15.957458,-10.919038
77895,142980,,15.954048,14.41448,73.9645,-68.0,5.54,1.195,K1IV,1.141,Ser,28.973,44,79.84059869753548,HD142980_TypK1_Mag5.54,"hms_tuple(h=15.0, m=57.0, s=33.73000056738633)","dms_tuple(d=14.0, m=23.0, s=0.18339869673951625)",239.390542,15.959369,14.383384
77905,142691,,15.955924,-36.185344,242.7184,-5.0,5.78,-1.146,K0/K1III+..,1.095,Lup,250.265,53,98.67024964581141,HD142691_TypK0_Mag5.78,"hms_tuple(h=15.0, m=57.0, s=44.32704988068565)","dms_tuple(d=-36.0, m=-12.0, s=-58.99729431814251)",239.434696,15.962313,-36.216388
77916,143209,,15.958288,39.695086,122.399,-14.0,6.3,0.861,K0,1.11,Her,39.409,79,156.1126819853037,HD143209_TypK0_Mag6.3,"hms_tuple(h=15.0, m=57.0, s=53.94266832679861)","dms_tuple(d=39.0, m=39.0, s=50.257435740241476)",239.474761,15.964984,39.66396
77922,143107,,15.959794,26.87788,67.8887,-31.0,4.14,-0.019,K3III,1.231,CrB,88.634,15,23.21540187611489,HD143107_TypK3_Mag4.14,"hms_tuple(h=15.0, m=57.0, s=56.05683147512252)","dms_tuple(d=26.0, m=50.0, s=48.37649863342506)",239.48357,15.965571,26.846771
77995,143129,,15.974649,4.754897,212.3142,0.0,7.09,0.455,K0,1.005,Ser,57.28,145,313.4352882448582,HD143129_TypK0_Mag7.09,"hms_tuple(h=15.0, m=58.0, s=47.35636977447555)","dms_tuple(d=4.0, m=43.0, s=25.717243556139096)",239.697318,15.979821,4.72381
77999,142889,,15.975222,-37.503878,114.6789,-14.0,6.31,1.013,K0III,1.006,Lup,34.261,80,157.49615413316394,HD142889_TypK0_Mag6.31,"hms_tuple(h=15.0, m=58.0, s=54.20038907803118)","dms_tuple(d=-37.0, m=-32.0, s=-5.712939157435244)",239.725835,15.981722,-37.53492
78010,143080,,15.97647,-6.703574,221.2389,0.0,7.76,1.036,K0,1.095,Lib,33.543,242,566.0781270342421,HD143080_TypK0_Mag7.76,"hms_tuple(h=15.0, m=58.0, s=53.97765512511768)","dms_tuple(d=-6.0, m=-44.0, s=-4.74065831061651)",239.724907,15.98166,-6.73465
78023,143349,,15.979093,30.004642,302.1148,0.0,7.37,-0.031,K5,1.545,CrB,89.619,180,401.2706596517492,HD143349_TypK5_Mag7.37,"hms_tuple(h=15.0, m=59.0, s=6.156547834169004)","dms_tuple(d=29.0, m=58.0, s=24.7064439488409)",239.775652,15.985043,29.97353
78025,143257,,15.980301,16.211085,280.8989,0.0,7.73,0.487,K2,1.47,Ser,55.616,236,551.2912113423957,HD143257_TypK2_Mag7.73,"hms_tuple(h=15.0, m=59.0, s=8.405648404311563)","dms_tuple(d=16.0, m=10.0, s=47.955069168681064)",239.785024,15.985668,16.179988
78039,143435,,15.982697,36.643773,234.192,11.0,5.61,-1.238,K5III,1.529,CrB,272.396,47,84.92707445101695,HD143435_TypK5_Mag5.61,"hms_tuple(h=15.0, m=59.0, s=20.827492963233)","dms_tuple(d=36.0, m=36.0, s=45.54681522349085)",239.836781,15.989119,36.612652
78044,143468,,15.983309,36.941984,234.192,0.0,7.77,0.922,K0,0.924,CrB,37.256,244,571.094717053101,HD143468_TypK0_Mag7.77,"hms_tuple(h=15.0, m=59.0, s=23.12075781522637)","dms_tuple(d=36.0, m=54.0, s=39.104892130141025)",239.846336,15.989756,36.910862
78051,143393,,15.984975,29.431582,142.2475,17.8,7.11,1.345,K2III,1.145,CrB,25.235,147,319.0152372679894,HD143393_TypK2_Mag7.11,"hms_tuple(h=15.0, m=59.0, s=27.209949242897693)","dms_tuple(d=29.0, m=24.0, s=1.6929329837714135)",239.863375,15.990892,29.40047
78053,143595,,15.985425,50.639257,218.3406,0.0,7.84,1.144,K2,1.176,Her,30.367,257,607.4779541357369,HD143595_TypK2_Mag7.84,"hms_tuple(h=15.0, m=59.0, s=36.770644985473524)","dms_tuple(d=50.0, m=36.0, s=29.200047464558452)",239.903211,15.993547,50.608111
78082,143455,,15.991394,25.434839,735.2941,0.0,7.79,-1.542,K2,1.483,Ser,360.413,247,581.2616622824664,HD143455_TypK2_Mag7.79,"hms_tuple(h=15.0, m=59.0, s=49.561489302823816)","dms_tuple(d=25.0, m=24.0, s=13.43476722341336)",239.956506,15.9971,25.403732
78088,144012,,15.992579,64.893375,403.2258,7.0,7.52,-0.508,K2,1.354,Dra,139.059,201,458.0511018694067,HD144012_TypK2_Mag7.52,"hms_tuple(h=16.0, m=0.0, s=16.968195771046624)","dms_tuple(d=64.0, m=51.0, s=43.85330839114886)",240.070701,16.004713,64.862181
78090,143741,,15.993662,53.152942,324.6753,0.0,7.86,0.303,K2,1.245,Dra,65.887,261,618.2926139519136,HD143741_TypK2_Mag7.86,"hms_tuple(h=16.0, m=0.0, s=8.105106217414004)","dms_tuple(d=53.0, m=7.0, s=18.444418819375414)",240.033771,16.002251,53.12179
78104,143296,,15.996335,-6.127542,225.7336,-6.0,7.4,0.632,K0,1.107,Lib,48.663,184,412.0336743557815,HD143296_TypK0_Mag7.4,"hms_tuple(h=16.0, m=0.0, s=5.470440383983544)","dms_tuple(d=-6.0, m=-9.0, s=-31.027370660205236)",240.022794,16.00152,-6.158619
78113,143297,,15.997719,-7.026758,268.8172,0.0,7.87,0.723,K2,1.457,Lib,44.751,263,623.771929275639,HD143297_TypK2_Mag7.87,"hms_tuple(h=16.0, m=0.0, s=10.486807143442434)","dms_tuple(d=-7.0, m=-3.0, s=-28.201983417761483)",240.043695,16.002913,-7.057834
78115,143147,,15.998007,-31.16845,129.8701,0.0,6.57,1.002,K1III+...,1.0,Lup,34.61,97,198.10522595363804,HD143147_TypK1_Mag6.57,"hms_tuple(h=16.0, m=0.0, s=14.519614125444491)","dms_tuple(d=-31.0, m=-11.0, s=-58.202694075262116)",240.060498,16.004033,-31.199501
78131,143514,,15.999451,21.621919,247.5248,0.0,7.6,0.632,K2,1.416,Ser,48.663,214,491.5504291096121,HD143514_TypK2_Mag7.6,"hms_tuple(h=16.0, m=0.0, s=17.980596274931315)","dms_tuple(d=21.0, m=35.0, s=26.93763694032043)",240.074919,16.004995,21.590816
78140,143395,,16.000597,0.623649,331.1258,0.0,7.2,-0.4,K5,1.638,Ser,125.893,158,345.3801253121633,HD143395_TypK5_Mag7.2,"hms_tuple(h=16.0, m=0.0, s=20.706914821684563)","dms_tuple(d=0.0, m=35.0, s=33.238020844658536)",240.086279,16.005752,0.592566
78150,143722,,16.003285,44.279504,133.3333,0.0,6.78,1.155,K0,1.165,Her,30.061,114,238.4311915057409,HD143722_TypK0_Mag6.78,"hms_tuple(h=16.0, m=0.0, s=37.73157497856374)","dms_tuple(d=44.0, m=14.0, s=54.13501240290145)",240.157215,16.010481,44.248371
78155,144652,,16.004339,73.935631,413.2231,0.0,7.84,-0.241,K0,1.035,UMi,108.743,257,607.4779541357369,HD144652_TypK0_Mag7.84,"hms_tuple(h=16.0, m=1.0, s=22.55408807849136)","dms_tuple(d=73.0, m=54.0, s=15.7242732457496)",240.343975,16.022932,73.904368
78173,143915,,16.006893,53.966642,191.2046,0.0,7.62,1.213,K0,1.14,Dra,28.497,217,500.3012827613783,HD143915_TypK0_Mag7.62,"hms_tuple(h=16.0, m=0.0, s=56.33656948232186)","dms_tuple(d=53.0, m=56.0, s=7.756869094296235)",240.234736,16.015649,53.935488
78186,145742,,16.0102,80.627798,183.8235,-21.1,7.57,1.248,K0,1.06,UMi,27.593,209,478.71030262103807,HD145742_TypK0_Mag7.57,"hms_tuple(h=16.0, m=2.0, s=30.29587225686214)","dms_tuple(d=80.0, m=35.0, s=47.042288248832165)",240.626233,16.041749,80.596401
78191,143687,,16.011809,31.568241,120.3369,0.0,6.61,1.208,K0,1.094,CrB,28.629,100,205.22157007953126,HD143687_TypK0_Mag6.61,"hms_tuple(h=16.0, m=1.0, s=4.284890491943258)","dms_tuple(d=31.0, m=32.0, s=13.655902675339178)",240.267854,16.017857,31.537127
78193,143704,,16.012117,32.039537,257.732,0.0,7.07,0.014,K0,1.203,CrB,85.981,143,307.9529390460096,HD143704_TypK0_Mag7.07,"hms_tuple(h=16.0, m=1.0, s=5.5048991016641935)","dms_tuple(d=32.0, m=0.0, s=30.319365095442663)",240.272937,16.018196,32.008422
78204,143553,,16.014204,4.427363,75.0751,-4.0,5.82,1.443,K0III:,1.003,Ser,23.057,55,102.2146864373567,HD143553_TypK0_Mag5.82,"hms_tuple(h=16.0, m=1.0, s=9.745882280740545)","dms_tuple(d=4.0, m=23.0, s=46.59592404090638)",240.290608,16.019374,4.396277
78233,143440,,16.018911,-24.266601,100000.0,0.0,7.16,-12.84,K4III,1.474,Sco,11912420.08,153,333.40358783117154,HD143440_TypK4_Mag7.16,"hms_tuple(h=16.0, m=1.0, s=28.439831053511853)","dms_tuple(d=-24.0, m=-17.0, s=-51.57524416634686)",240.368499,16.024567,-24.29766
78248,143404,,16.022098,-31.889137,215.9827,1.0,6.33,-0.342,K4III,1.454,Lup,119.344,81,160.2999881121757,HD143404_TypK4_Mag6.33,"hms_tuple(h=16.0, m=1.0, s=41.415479775569395)","dms_tuple(d=-31.0, m=-55.0, s=-12.67264027247279)",240.422564,16.028171,-31.920187
78254,144109,,16.023731,55.521261,100000.0,0.0,7.99,-12.01,K5,1.581,Dra,5546257.13,288,693.4370594020932,HD144109_TypK5_Mag7.99,"hms_tuple(h=16.0, m=1.0, s=58.18560323518028)","dms_tuple(d=55.0, m=29.0, s=24.369991667339832)",240.49244,16.032829,55.490103
78264,144002,,16.025733,47.142633,354.6099,0.0,7.16,-0.589,K0,1.413,Her,149.83,153,333.40358783117154,HD144002_TypK0_Mag7.16,"hms_tuple(h=16.0, m=1.0, s=59.90509542213914)","dms_tuple(d=47.0, m=6.0, s=41.38016889908954)",240.499605,16.033307,47.111494
78280,143462,,16.029813,-34.627238,390.625,0.0,7.43,-0.529,K4/K5III,1.797,Lup,141.775,188,423.08537820947436,HD143462_TypK4_Mag7.43,"hms_tuple(h=16.0, m=2.0, s=9.886568697493487)","dms_tuple(d=-34.0, m=-39.0, s=-29.823389570697714)",240.541194,16.03608,-34.658284
78298,144015,,16.033917,40.022846,226.7574,0.0,6.86,0.082,K0,1.298,Her,80.761,122,255.86873171888556,HD144015_TypK0_Mag6.86,"hms_tuple(h=16.0, m=2.0, s=26.32234892571887)","dms_tuple(d=39.0, m=59.0, s=30.191614044927064)",240.609676,16.040645,39.99172
78303,144204,,16.034877,52.915917,248.7562,-7.0,5.93,-1.049,K5III,1.498,Dra,228.876,60,112.63224829649297,HD144204_TypK5_Mag5.93,"hms_tuple(h=16.0, m=2.0, s=36.309795395262086)","dms_tuple(d=52.0, m=53.0, s=5.156564403325774)",240.651291,16.043419,52.884766
78336,143619,,16.044283,-29.1358,134.4086,5.0,6.07,0.428,K2/K3III,1.304,Sco,58.722,66,127.44051305929695,HD143619_TypK2_Mag6.07,"hms_tuple(h=16.0, m=3.0, s=0.6701004217202922)","dms_tuple(d=-29.0, m=-10.0, s=-0.6716129406129312)",240.752792,16.050186,-29.166853
78385,143857,,16.050975,-5.834548,215.9827,-38.0,6.97,0.298,K2,1.348,Oph,66.191,132,281.9464748828664,HD143857_TypK2_Mag6.97,"hms_tuple(h=16.0, m=3.0, s=22.164391030042623)","dms_tuple(d=-5.0, m=-51.0, s=-56.24994174594093)",240.842352,16.056157,-5.865625
78406,144405,,16.054407,53.216953,452.4887,0.0,7.94,-0.338,K5,1.22,Dra,118.905,277,663.5111201850515,HD144405_TypK5_Mag7.94,"hms_tuple(h=16.0, m=3.0, s=46.83324166195007)","dms_tuple(d=53.0, m=11.0, s=8.883435321686193)",240.945139,16.063009,53.185801
78410,143787,,16.05573,-25.86524,63.6537,-39.0,4.96,0.941,K3III,1.234,Sco,36.61,28,47.860939175324326,HD143787_TypK3_Mag4.96,"hms_tuple(h=16.0, m=3.0, s=41.25607060709882)","dms_tuple(d=-25.0, m=-53.0, s=-46.669253589825814)",240.9219,16.06146,-25.896297
78433,144064,,16.061003,11.433568,132.8021,0.0,7.13,1.514,K2,1.297,Ser,21.597,149,324.6945236416619,HD144064_TypK2_Mag7.13,"hms_tuple(h=16.0, m=3.0, s=58.54115796002304)","dms_tuple(d=11.0, m=24.0, s=8.910484750150118)",240.993921,16.066261,11.402475
78436,144654,,16.061537,59.089625,145.3488,0.0,6.81,0.998,K0,0.99,Dra,34.738,117,244.8264719937363,HD144654_TypK0_Mag6.81,"hms_tuple(h=16.0, m=4.0, s=17.624337691835592)","dms_tuple(d=59.0, m=3.0, s=30.440262712009485)",241.073435,16.071562,59.058456
78450,144149,,16.063843,17.802772,171.5266,-45.0,6.75,0.578,K0,1.204,Her,51.145,112,232.20296653338022,HD144149_TypK0_Mag6.75,"hms_tuple(h=16.0, m=4.0, s=9.321416217613034)","dms_tuple(d=17.0, m=46.0, s=18.022564951001527)",241.038839,16.069256,17.771673
78451,145222,,16.063854,71.966621,261.0966,0.0,7.77,0.686,K0,1.136,UMi,46.302,244,571.094717053101,HD145222_TypK0_Mag7.77,"hms_tuple(h=16.0, m=4.0, s=49.71769760084101)","dms_tuple(d=71.0, m=56.0, s=7.3633363823682885)",241.207157,16.080477,71.935379
78459,143900,,16.065195,-24.726312,162.8664,26.0,6.22,0.161,K2/K3III,1.386,Sco,75.093,74,145.4735501476104,HD143900_TypK2_Mag6.22,"hms_tuple(h=16.0, m=4.0, s=15.136910207521339)","dms_tuple(d=-24.0, m=-45.0, s=-26.533023458149785)",241.06307,16.070871,-24.75737
78476,144047,,16.069389,-9.919725,257.0694,-40.0,7.4,0.35,K0,1.274,Sco,63.096,184,412.0336743557815,HD144047_TypK0_Mag7.4,"hms_tuple(h=16.0, m=4.0, s=28.640544088890465)","dms_tuple(d=-9.0, m=-57.0, s=-2.8734860815684726)",241.119336,16.074622,-9.950798
78477,144151,,16.069492,6.053085,263.1579,0.0,7.88,0.779,K2,1.289,Ser,42.501,265,629.299802346522,HD144151_TypK2_Mag7.88,"hms_tuple(h=16.0, m=4.0, s=28.830892354232276)","dms_tuple(d=6.0, m=1.0, s=19.189750282478144)",241.120129,16.074675,6.021997
78478,144169,,16.0698,8.137571,355.8719,0.0,7.68,-0.076,K0,1.283,Ser,93.411,227,527.4997120883073,HD144169_TypK0_Mag7.68,"hms_tuple(h=16.0, m=4.0, s=30.024018073262084)","dms_tuple(d=8.0, m=6.0, s=23.33241163157652)",241.1251,16.075007,8.106481
78487,144360,,16.072122,32.497241,161.0306,0.0,7.9,1.865,K2,1.266,CrB,15.631,269,640.5029468202126,HD144360_TypK2_Mag7.9,"hms_tuple(h=16.0, m=4.0, s=41.63342486482463)","dms_tuple(d=32.0, m=27.0, s=58.05166801949497)",241.173473,16.078232,32.466125
78488,144171,,16.072123,6.011276,173.6111,0.0,7.14,0.942,K0,1.241,Ser,36.576,151,327.5719697549974,HD144171_TypK0_Mag7.14,"hms_tuple(h=16.0, m=4.0, s=38.30106104085104)","dms_tuple(d=5.0, m=58.0, s=48.67748884637194)",241.159588,16.077306,5.980188
78495,144071,,16.073726,-11.85728,214.1328,0.0,7.54,0.887,K5III,1.82,Sco,38.477,204,466.20558189854603,HD144071_TypK5_Mag7.54,"hms_tuple(h=16.0, m=4.0, s=44.37707224361759)","dms_tuple(d=-11.0, m=-53.0, s=-18.064897710809618)",241.184904,16.078994,-11.888351
78502,143976,,16.075157,-28.931048,657.8947,0.0,7.51,-1.581,K5III,1.689,Sco,373.594,200,454.02750557766933,HD143976_TypK5_Mag7.51,"hms_tuple(h=16.0, m=4.0, s=51.774334265741686)","dms_tuple(d=-28.0, m=-57.0, s=-43.565291437750204)",241.215726,16.081048,-28.962101
78511,144211,,16.07817,-1.160148,60.423,0.0,7.28,3.374,K2,0.985,Ser,3.894,168,370.63931974020056,HD144211_TypK2_Mag7.28,"hms_tuple(h=16.0, m=4.0, s=59.97273374032005)","dms_tuple(d=-1.0, m=-11.0, s=-28.425331259925457)",241.249886,16.083326,-1.191229
78522,144903,,16.080273,60.044716,359.7122,0.0,7.41,-0.37,K0,1.167,Dra,122.462,185,415.6851208955647,HD144903_TypK0_Mag7.41,"hms_tuple(h=16.0, m=5.0, s=26.111480495100636)","dms_tuple(d=60.0, m=0.0, s=48.75568013331133)",241.358798,16.090587,60.013543
78541,144073,,16.08371,-26.947791,144.7178,0.0,7.6,1.797,K0III/IV,1.016,Sco,16.642,214,491.5504291096121,HD144073_TypK0_Mag7.6,"hms_tuple(h=16.0, m=5.0, s=22.17878238889881)","dms_tuple(d=-26.0, m=-58.0, s=-43.84842745569955)",241.342412,16.089494,-26.978847
78548,144514,,16.084521,33.152379,251.8892,0.0,7.83,0.824,K0,1.191,CrB,40.776,255,602.141767772257,HD144514_TypK0_Mag7.83,"hms_tuple(h=16.0, m=5.0, s=26.432460008008718)","dms_tuple(d=33.0, m=7.0, s=16.54542892038819)",241.360135,16.090676,33.121263
78557,144562,,16.086462,34.236747,246.9136,0.0,7.64,0.677,K0,1.143,CrB,46.687,221,509.2079239683959,HD144562_TypK0_Mag7.64,"hms_tuple(h=16.0, m=5.0, s=33.70111562505542)","dms_tuple(d=34.0, m=12.0, s=20.265097398881267)",241.390421,16.092695,34.205629
78572,144308,,16.089223,-3.348533,312.5,0.0,7.61,0.136,K0,1.236,Ser,76.842,216,495.90655392467346,HD144308_TypK0_Mag7.61,"hms_tuple(h=16.0, m=5.0, s=39.79185118269015)","dms_tuple(d=-3.0, m=-22.0, s=-46.60414545892806)",241.415799,16.094387,-3.379612
78582,144722,,16.090938,43.719056,406.5041,0.0,7.53,-0.515,K0,1.219,Her,139.959,203,462.11035531169057,HD144722_TypK0_Mag7.53,"hms_tuple(h=16.0, m=5.0, s=53.03908790266263)","dms_tuple(d=43.0, m=41.0, s=16.525759079885347)",241.470996,16.098066,43.687924
78601,144179,,16.094225,-32.862391,40.4858,-26.4,7.84,4.803,K0V,0.818,Lup,1.044,257,607.4779541357369,HD144179_TypK0_Mag7.84,"hms_tuple(h=16.0, m=6.0, s=1.3097038597501864)","dms_tuple(d=-32.0, m=-53.0, s=-36.382564172076286)",241.505457,16.100364,-32.89344
78602,144253,,16.094572,-20.45006,18.7126,43.4,7.39,6.029,K3/K4V,1.043,Sco,0.338,182,408.41430272357115,HD144253_TypK3_Mag7.39,"hms_tuple(h=16.0, m=6.0, s=0.26809233081706907)","dms_tuple(d=-20.0, m=-28.0, s=-52.04228602786543)",241.501117,16.100074,-20.481123
78610,144682,,16.095868,32.247778,328.9474,0.0,6.71,-0.876,K5,1.524,CrB,195.164,108,224.15100485964183,HD144682_TypK5_Mag6.71,"hms_tuple(h=16.0, m=6.0, s=7.058473304550148)","dms_tuple(d=32.0, m=12.0, s=59.98601361015574)",241.52941,16.101961,32.216663
78629,144390,,16.099948,-6.139754,146.8429,-32.0,6.39,0.556,K0,1.034,Oph,52.192,85,169.01455281149524,HD144390_TypK0_Mag6.39,"hms_tuple(h=16.0, m=6.0, s=18.477670074209982)","dms_tuple(d=-6.0, m=-10.0, s=-14.99053016241092)",241.57699,16.105133,-6.170831
78633,144563,,16.100344,13.329242,218.3406,0.0,8.0,1.304,K0,1.026,Ser,26.206,290,699.5823055523535,HD144563_TypK0_Mag8.0,"hms_tuple(h=16.0, m=6.0, s=20.306406251777673)","dms_tuple(d=13.0, m=17.0, s=53.33037216798246)",241.58461,16.105641,13.298147
78634,144564,,16.100785,13.320929,222.7171,0.0,6.8,0.061,K0,0.995,Ser,82.338,116,242.67587595584382,HD144564_TypK0_Mag6.8,"hms_tuple(h=16.0, m=6.0, s=21.893352581950296)","dms_tuple(d=13.0, m=17.0, s=23.403600939184628)",241.591222,16.106081,13.289834
78635,145310,,16.101607,64.687296,301.2048,-6.0,7.08,-0.314,K0,1.234,Dra,116.305,144,310.68202106935195,HD145310_TypK0_Mag7.08,"hms_tuple(h=16.0, m=6.0, s=49.13698259237634)","dms_tuple(d=64.0, m=39.0, s=21.97262343996499)",241.704737,16.113649,64.656104
78665,144779,,16.107222,29.904628,189.7533,0.0,7.65,1.259,K2,1.192,CrB,27.315,222,513.7205296793568,HD144779_TypK2_Mag7.65,"hms_tuple(h=16.0, m=6.0, s=47.39943614601799)","dms_tuple(d=29.0, m=52.0, s=24.656480403099863)",241.697498,16.113167,29.873516
78725,144350,,16.120427,-42.069612,179.2115,0.0,7.18,0.913,K2/K3IIICNw,1.594,Lup,37.566,155,339.33902361009757,HD144350_TypK2_Mag7.18,"hms_tuple(h=16.0, m=7.0, s=38.54733553883875)","dms_tuple(d=-42.0, m=-6.0, s=-2.3299288748370373)",241.910614,16.127374,-42.100647
78744,144889,,16.122827,21.822615,228.833,57.0,6.15,-0.648,K4III,1.365,Ser,158.198,71,136.76080818184963,HD144889_TypK4_Mag6.15,"hms_tuple(h=16.0, m=7.0, s=42.16202196290084)","dms_tuple(d=21.0, m=47.0, s=29.44247497012384)",241.925675,16.128378,21.791512
78759,144475,,16.126321,-36.719656,125.7862,0.0,6.64,1.142,K1III,1.116,Lup,30.423,103,210.72609108853683,HD144475_TypK1_Mag6.64,"hms_tuple(h=16.0, m=7.0, s=57.91542069997348)","dms_tuple(d=-36.0, m=-45.0, s=-2.5177849464711244)",241.991314,16.132754,-36.750699
78781,144904,,16.129248,15.710348,458.7156,-3.8,7.76,-0.548,K2,1.271,Her,144.278,242,566.0781270342421,HD144904_TypK2_Mag7.76,"hms_tuple(h=16.0, m=8.0, s=4.566711233536296)","dms_tuple(d=15.0, m=40.0, s=45.30364430560496)",242.019028,16.134602,15.679251
78796,145246,,16.133165,45.380295,234.7418,0.0,7.01,0.157,K0,1.017,Her,75.37,136,292.07456782282145,HD145246_TypK0_Mag7.01,"hms_tuple(h=16.0, m=8.0, s=25.7985750586937)","dms_tuple(d=45.0, m=20.0, s=56.97544510925354)",242.107494,16.1405,45.34916
78798,145201,,16.133615,40.627534,429.1845,0.0,7.55,-0.613,K0,1.169,Her,153.179,206,470.3371004243402,HD145201_TypK0_Mag7.55,"hms_tuple(h=16.0, m=8.0, s=25.45286523838371)","dms_tuple(d=40.0, m=35.0, s=47.06500679718033)",242.106054,16.140404,40.596407
78804,145000,Marsic B,16.13471,17.054382,645.1613,38.0,6.25,-2.798,K1III,1.14,Her,1146.041,76,149.37548995214374,HD145000_TypK1_Mag6.25,"hms_tuple(h=16.0, m=8.0, s=24.36302490618914)","dms_tuple(d=17.0, m=1.0, s=23.82125906336313)",242.101513,16.140101,17.023284
78808,144663,,16.135329,-27.730436,311.5265,22.1,7.19,-0.277,K4/K5III,1.613,Sco,112.409,156,342.3462494285041,HD144663_TypK4_Mag7.19,"hms_tuple(h=16.0, m=8.0, s=28.154955679266607)","dms_tuple(d=-27.0, m=-45.0, s=-41.36717430126424)",242.117312,16.141154,-27.761491
78848,145225,,16.144112,30.382399,210.084,0.0,7.95,1.338,K0,0.999,CrB,25.398,280,669.391162362906,HD145225_TypK0_Mag7.95,"hms_tuple(h=16.0, m=9.0, s=0.30718282973424493)","dms_tuple(d=30.0, m=21.0, s=4.62998746252282)",242.25128,16.150085,30.351286
78852,145051,,16.144657,5.405757,225.2252,0.0,7.65,0.887,K0,1.05,Ser,38.477,222,513.7205296793568,HD145051_TypK0_Mag7.65,"hms_tuple(h=16.0, m=8.0, s=59.40386781759315)","dms_tuple(d=5.0, m=22.0, s=28.811093366463965)",242.247516,16.149834,5.37467
78873,145147,,16.147679,15.7964,709.2199,0.0,7.58,-1.674,K5,1.281,Her,407.005,211,482.9526381068404,HD145147_TypK5_Mag7.58,"hms_tuple(h=16.0, m=9.0, s=10.92646182235967)","dms_tuple(d=15.0, m=45.0, s=55.09053987466217)",242.295527,16.153035,15.765303
78878,145328,,16.149529,36.490944,35.7782,-19.0,4.73,1.962,K0III-IV,1.015,CrB,14.296,24,39.07064158040236,HD145328_TypK0_Mag4.73,"hms_tuple(h=16.0, m=9.0, s=21.37704796217207)","dms_tuple(d=36.0, m=27.0, s=35.363191225944774)",242.339071,16.155938,36.459823
78879,145085,,16.149689,3.454475,121.5067,9.0,5.93,0.507,K5III,1.471,Ser,54.601,60,112.63224829649297,HD145085_TypK5_Mag5.93,"hms_tuple(h=16.0, m=9.0, s=17.47029539569013)","dms_tuple(d=3.0, m=25.0, s=24.202328129950956)",242.322793,16.154853,3.42339
78880,145004,,16.150406,-8.218826,191.9386,0.0,7.56,1.144,K0,1.183,Oph,30.367,208,474.5052325085976,HD145004_TypK0_Mag7.56,"hms_tuple(h=16.0, m=9.0, s=20.21236219120283)","dms_tuple(d=-8.0, m=-14.0, s=-59.642805114132216)",242.334218,16.155615,-8.249901
78893,145532,,16.152597,50.180863,179.2115,0.0,6.86,0.593,K0,1.028,Her,50.443,122,255.86873171888556,HD145532_TypK0_Mag6.86,"hms_tuple(h=16.0, m=9.0, s=38.308630202042195)","dms_tuple(d=50.0, m=8.0, s=58.98534247652776)",242.409619,16.160641,50.149718
78896,145148,,16.153115,6.378695,28.3126,-4.0,5.93,3.67,K1+...,0.988,Ser,2.965,60,112.63224829649297,HD145148_TypK1_Mag5.93,"hms_tuple(h=16.0, m=9.0, s=29.88518735376772)","dms_tuple(d=6.0, m=20.0, s=51.38467039997856)",242.374522,16.158301,6.347607
78916,145604,,16.155967,52.904979,139.8601,17.0,7.8,2.072,K2,1.321,Dra,12.918,249,586.4128089424291,HD145604_TypK2_Mag7.8,"hms_tuple(h=16.0, m=9.0, s=52.22603962213327)","dms_tuple(d=52.0, m=52.0, s=25.77986284895701)",242.467608,16.164507,52.873828
78923,145694,,16.157219,55.828975,131.0616,-15.0,6.43,0.843,K0,1.076,Dra,40.068,87,175.0859005727711,HD145694_TypK0_Mag6.43,"hms_tuple(h=16.0, m=9.0, s=59.000750954422756)","dms_tuple(d=55.0, m=47.0, s=52.13722435738248)",242.495836,16.166389,55.797816
78932,144927,,16.158818,-32.649012,120.6273,-5.0,6.18,0.773,K1III,0.79,Sco,42.737,72,140.42905193202526,HD144927_TypK1_Mag6.18,"hms_tuple(h=16.0, m=9.0, s=53.79155362094025)","dms_tuple(d=-32.0, m=-40.0, s=-48.21915383299995)",242.474131,16.164942,-32.680061
78936,145374,,16.160046,26.972856,515.4639,3.4,7.89,-0.671,K1III,1.128,CrB,161.585,267,634.876663483802,HD145374_TypK1_Mag7.89,"hms_tuple(h=16.0, m=9.0, s=56.98152535588207)","dms_tuple(d=26.0, m=56.0, s=30.289707211947245)",242.487423,16.165828,26.941747
78944,144985,,16.161298,-27.894648,267.3797,0.0,7.9,0.764,K2/K3III,1.483,Sco,43.092,269,640.5029468202126,HD144985_TypK2_Mag7.9,"hms_tuple(h=16.0, m=10.0, s=1.6751266346687999)","dms_tuple(d=-27.0, m=-55.0, s=-32.529685829197774)",242.50698,16.167132,-27.925703
78946,145204,,16.161501,0.819842,500.0,0.0,6.68,-1.815,K2,1.36,Ser,463.447,106,218.29580245415895,HD145204_TypK2_Mag6.68,"hms_tuple(h=16.0, m=9.0, s=59.96208087488441)","dms_tuple(d=0.0, m=47.0, s=19.532177632461867)",242.499842,16.166656,0.788759
78954,145206,,16.164033,-3.466729,146.8429,-46.0,5.39,-0.444,K4III,1.446,Ser,131.099,39,69.94348354495335,HD145206_TypK4_Mag5.39,"hms_tuple(h=16.0, m=10.0, s=9.110155589439728)","dms_tuple(d=-3.0, m=-29.0, s=-52.10935661488868)",242.537959,16.169197,-3.497808
78959,145153,,16.164833,-12.885696,147.2754,-14.8,7.47,1.629,K0III,1.128,Sco,19.427,194,438.2834686761904,HD145153_TypK0_Mag7.47,"hms_tuple(h=16.0, m=10.0, s=12.437275597945074)","dms_tuple(d=-12.0, m=-55.0, s=-0.35896343673940123)",242.551822,16.170121,-12.916766
78978,145457,Kamuy,16.167754,26.74275,125.3133,-4.6,6.57,1.08,K0III,1.037,CrB,32.211,97,198.10522595363804,HD145457_TypK0_Mag6.57,"hms_tuple(h=16.0, m=10.0, s=24.688090417855335)","dms_tuple(d=26.0, m=42.0, s=41.90905441007146)",242.602867,16.173524,26.711641
78990,145316,,16.170083,1.601092,172.7116,0.0,6.61,0.423,K0,0.961,Ser,58.993,100,205.22157007953126,HD145316_TypK0_Mag6.61,"hms_tuple(h=16.0, m=10.0, s=30.862491276123194)","dms_tuple(d=1.0, m=34.0, s=12.029615579963604)",242.628594,16.17524,1.570008
79008,145675,,16.173412,43.817645,17.5716,-13.3,6.61,5.386,K0V,0.877,Her,0.61,100,205.22157007953126,HD145675_TypK0_Mag6.61,"hms_tuple(h=16.0, m=10.0, s=49.987775118265176)","dms_tuple(d=43.0, m=47.0, s=11.445540011404205)",242.708282,16.180552,43.786513
79013,145768,,16.17548,47.807002,242.1308,0.0,7.55,0.63,K0,0.934,Her,48.753,206,470.3371004243402,HD145768_TypK0_Mag7.55,"hms_tuple(h=16.0, m=10.0, s=59.340839992310634)","dms_tuple(d=47.0, m=46.0, s=33.10380742475388)",242.747253,16.18315,47.775862
79014,145832,,16.175627,53.042634,259.0674,-51.0,7.83,0.763,K2,1.461,Dra,43.132,255,602.141767772257,HD145832_TypK2_Mag7.83,"hms_tuple(h=16.0, m=11.0, s=3.100014414744976)","dms_tuple(d=53.0, m=0.0, s=41.33662027461469)",242.762917,16.184194,53.011482
79022,145406,,16.177092,2.621005,184.8429,0.0,7.53,1.196,K0,1.124,Ser,28.947,203,462.11035531169057,HD145406_TypK0_Mag7.53,"hms_tuple(h=16.0, m=10.0, s=56.10689678731973)","dms_tuple(d=2.0, m=35.0, s=23.713067819833356)",242.733779,16.182252,2.58992
79056,145801,,16.183136,43.055009,149.2537,0.0,7.36,1.49,K0,1.074,Her,22.08,178,397.7458321127074,HD145801_TypK0_Mag7.36,"hms_tuple(h=16.0, m=11.0, s=24.672589425861133)","dms_tuple(d=43.0, m=1.0, s=25.960676563365723)",242.852802,16.190187,43.023878
79061,145250,,16.18391,-29.41622,97.4659,-27.0,5.09,0.146,K0III,1.131,Sco,76.138,31,53.677737972364845,HD145250_TypK0_Mag5.09,"hms_tuple(h=16.0, m=11.0, s=23.3857649412721)","dms_tuple(d=-29.0, m=-26.0, s=-50.18240408038622)",242.847441,16.189829,-29.447273
79062,145350,,16.184352,-13.99216,265.252,0.0,7.8,0.682,K0III,1.158,Sco,46.473,249,586.4128089424291,HD145350_TypK0_Mag7.8,"hms_tuple(h=16.0, m=11.0, s=22.793946319911527)","dms_tuple(d=-14.0, m=-1.0, s=-23.62552823466629)",242.844975,16.189665,-14.023229
79073,145769,,16.186785,36.021138,236.4066,0.0,7.68,0.812,K2,1.109,CrB,41.229,227,527.4997120883073,HD145769_TypK2_Mag7.68,"hms_tuple(h=16.0, m=11.0, s=35.360471228856625)","dms_tuple(d=35.0, m=59.0, s=24.063957715163156)",242.897335,16.193156,35.990018
79085,145568,,16.189739,7.465686,350.8772,0.0,7.75,0.024,K2,1.287,Her,85.192,240,561.1056035680328,HD145568_TypK2_Mag7.75,"hms_tuple(h=16.0, m=11.0, s=41.77444749010931)","dms_tuple(d=7.0, m=26.0, s=4.54865510073553)",242.92406,16.194937,7.434597
79097,145646,,16.191676,16.977707,254.4529,-28.0,7.71,0.682,K5,1.308,Her,46.473,233,541.648484297334,HD145646_TypK5_Mag7.71,"hms_tuple(h=16.0, m=11.0, s=49.43269383144525)","dms_tuple(d=16.0, m=56.0, s=47.7915338519972)",242.95597,16.197065,16.946609
79109,145802,,16.194333,33.342764,154.5595,0.6,6.3,0.355,K2III,1.228,CrB,62.806,79,156.1126819853037,HD145802_TypK2_Mag6.3,"hms_tuple(h=16.0, m=12.0, s=1.80392081170055)","dms_tuple(d=33.0, m=18.0, s=41.93053726315384)",243.007516,16.200501,33.311647
79116,145931,,16.196556,42.374569,193.7984,-21.0,5.89,-0.547,K4II+...,1.464,Her,144.145,58,108.72656802009573,HD145931_TypK4_Mag5.89,"hms_tuple(h=16.0, m=12.0, s=12.708092991754256)","dms_tuple(d=42.0, m=20.0, s=36.380804310556414)",243.05295,16.20353,42.343439
79117,145849,,16.196682,36.425094,207.0393,-31.0,5.62,-0.96,K3III SB,1.352,CrB,210.863,47,85.67969903351784,HD145849_TypK3_Mag5.62,"hms_tuple(h=16.0, m=12.0, s=11.108286745096336)","dms_tuple(d=36.0, m=23.0, s=38.30352464232021)",243.046285,16.203086,36.393973
79123,145428,,16.197573,-25.883575,131.2336,0.0,7.73,2.14,K0III,1.024,Sco,12.134,236,551.2912113423957,HD145428_TypK0_Mag7.73,"hms_tuple(h=16.0, m=12.0, s=11.89407695935671)","dms_tuple(d=-25.0, m=-54.0, s=-52.67517931008342)",243.049559,16.203304,-25.914632
79144,145957,,16.201818,39.055524,214.1328,0.0,6.39,-0.263,K0,1.262,CrB,110.969,85,169.01455281149524,HD145957_TypK0_Mag6.39,"hms_tuple(h=16.0, m=12.0, s=30.43108400884364)","dms_tuple(d=39.0, m=1.0, s=27.83774123765795)",243.126796,16.208453,39.024399
79160,145911,,16.204864,32.655356,233.1002,0.0,7.35,0.512,K0,1.036,CrB,54.35,177,394.25196723909164,HD145911_TypK0_Mag7.35,"hms_tuple(h=16.0, m=12.0, s=39.543393865853034)","dms_tuple(d=32.0, m=37.0, s=27.26493863026917)",243.164764,16.210984,32.62424
79172,145890,,16.206989,26.43136,301.2048,0.0,7.89,0.496,K1III,1.068,CrB,55.157,267,634.876663483802,HD145890_TypK1_Mag7.89,"hms_tuple(h=16.0, m=12.0, s=45.877739031813576)","dms_tuple(d=26.0, m=24.0, s=0.9063301285101488)",243.191157,16.212744,26.400252
79179,147142,,16.208936,75.210681,200.4008,-26.0,6.36,-0.149,K2IV,1.283,UMi,99.908,83,164.59960755259254,HD147142_TypK2_Mag6.36,"hms_tuple(h=16.0, m=13.0, s=44.71567885847463)","dms_tuple(d=75.0, m=10.0, s=45.84534087636598)",243.436315,16.229088,75.179401
79192,146154,,16.211949,45.89437,210.084,0.0,7.56,0.948,K0,1.018,Her,36.375,208,474.5052325085976,HD146154_TypK0_Mag7.56,"hms_tuple(h=16.0, m=13.0, s=9.66406708546657)","dms_tuple(d=45.0, m=51.0, s=47.642001898091166)",243.290267,16.219351,45.863234
79211,146025,,16.214167,32.599208,182.4818,-7.1,7.5,1.194,K2,1.122,CrB,29.0,198,450.03925321819855,HD146025_TypK2_Mag7.5,"hms_tuple(h=16.0, m=13.0, s=13.020391815211667)","dms_tuple(d=32.0, m=34.0, s=5.132397936981761)",243.304252,16.220283,32.568092
79212,145912,,16.214289,19.101548,363.6364,0.0,7.08,-0.723,K2,1.494,Her,169.512,144,310.68202106935195,HD145912_TypK2_Mag7.08,"hms_tuple(h=16.0, m=13.0, s=11.074701368270894)","dms_tuple(d=19.0, m=4.0, s=13.611435032810562)",243.296145,16.219743,19.070448
79234,145748,,16.219763,-15.116965,273.9726,-34.0,7.32,0.131,K5III,1.688,Sco,77.197,173,383.9534407239423,HD145748_TypK5_Mag7.32,"hms_tuple(h=16.0, m=13.0, s=30.371506311913947)","dms_tuple(d=-15.0, m=-8.0, s=-52.91959133053979)",243.376548,16.225103,-15.148033
79242,146046,,16.220451,27.072172,257.0694,0.0,7.99,0.94,K0,1.218,CrB,36.644,288,693.4370594020932,HD146046_TypK0_Mag7.99,"hms_tuple(h=16.0, m=13.0, s=34.45791142195105)","dms_tuple(d=27.0, m=2.0, s=27.826897198081042)",243.393575,16.226238,27.041063
79247,145892,,16.220953,5.021086,121.8027,-2.0,5.46,0.032,K5III,1.472,Her,84.567,42,74.39943501537284,HD145892_TypK5_Mag5.46,"hms_tuple(h=16.0, m=13.0, s=34.05812188069007)","dms_tuple(d=4.0, m=59.0, s=23.996764690220687)",243.391909,16.226127,4.989999
79260,146167,,16.223697,35.198925,267.3797,0.0,7.49,0.354,K5,1.36,CrB,62.864,197,446.0860343240754,HD146167_TypK5_Mag7.49,"hms_tuple(h=16.0, m=13.0, s=48.00942814485836)","dms_tuple(d=35.0, m=10.0, s=4.101232390794962)",243.450039,16.230003,35.167806
79265,146211,,16.224345,39.824424,281.6901,0.0,7.14,-0.109,K0,1.263,Her,96.294,151,327.5719697549974,HD146211_TypK0_Mag7.14,"hms_tuple(h=16.0, m=13.0, s=51.79313373232162)","dms_tuple(d=39.0, m=47.0, s=35.87351895227073)",243.465805,16.231054,39.793298
79281,145936,,16.227388,-1.475133,101.5228,0.0,6.45,1.417,K0,0.997,Ser,23.616,89,178.20287698386963,HD145936_TypK0_Mag6.45,"hms_tuple(h=16.0, m=13.0, s=57.15993628440799)","dms_tuple(d=-1.0, m=-30.0, s=-22.370298168233518)",243.488166,16.232544,-1.506214
79286,145895,,16.228825,-9.202946,100000.0,0.0,7.57,-12.43,K2,1.741,Sco,8165823.714,209,478.71030262103807,HD145895_TypK2_Mag7.57,"hms_tuple(h=16.0, m=14.0, s=2.570353261589844)","dms_tuple(d=-9.0, m=-14.0, s=-2.471502815629947)",243.51071,16.234047,-9.23402
79288,145894,,16.229287,-8.118012,156.4945,0.0,6.84,0.868,K0,1.071,Oph,39.156,120,251.39328881580803,HD145894_TypK0_Mag6.84,"hms_tuple(h=16.0, m=14.0, s=4.17920877871353)","dms_tuple(d=-8.0, m=-8.0, s=-56.712742442647084)",243.517413,16.234494,-8.149087
79299,145897,,16.230807,-11.837747,116.0093,-25.0,5.24,-0.082,K3III,1.394,Sco,93.929,35,61.27322402649,HD145897_TypK3_Mag5.24,"hms_tuple(h=16.0, m=14.0, s=9.867312440716205)","dms_tuple(d=-11.0, m=-52.0, s=-7.746164572624821)",243.541114,16.236074,-11.868818
79301,146278,,16.230958,40.348809,165.0165,0.0,7.98,1.892,K0,1.008,Her,15.248,286,687.3457941057625,HD146278_TypK0_Mag7.98,"hms_tuple(h=16.0, m=14.0, s=15.78648992383961)","dms_tuple(d=40.0, m=19.0, s=3.6565849143704554)",243.565777,16.237718,40.317682
79316,145836,,16.233906,-23.774073,358.4229,0.0,7.89,0.118,K0III,1.146,Sco,78.127,267,634.876663483802,HD145836_TypK0_Mag7.89,"hms_tuple(h=16.0, m=14.0, s=22.34386744100533)","dms_tuple(d=-23.0, m=-48.0, s=-18.476380273838515)",243.593099,16.23954,-23.805132
79340,146084,,16.237113,5.901846,109.2896,-21.0,6.3,1.107,K2III,1.148,Her,31.42,79,156.1126819853037,HD146084_TypK2_Mag6.3,"hms_tuple(h=16.0, m=14.0, s=32.26136280585109)","dms_tuple(d=5.0, m=52.0, s=14.729851420714795)",243.634422,16.242295,5.870758
79354,145838,,16.239546,-33.011088,174.5201,-23.0,5.91,-0.299,K0III,1.021,Sco,114.71,59,110.66217874985526,HD145838_TypK0_Mag5.91,"hms_tuple(h=16.0, m=14.0, s=44.50253569578052)","dms_tuple(d=-33.0, m=-2.0, s=-31.691071687102408)",243.685427,16.245695,-33.042136
79358,146969,,16.242051,66.376831,450.4505,11.0,7.85,-0.418,K0,1.301,Dra,127.997,259,612.8614298360975,HD146969_TypK0_Mag7.85,"hms_tuple(h=16.0, m=15.0, s=17.634595431019306)","dms_tuple(d=66.0, m=20.0, s=44.26638034874486)",243.823477,16.254898,66.34563
79362,146116,,16.243999,-0.39875,862.069,0.0,7.68,-1.998,K0,1.07,Ser,548.53,227,527.4997120883073,HD146116_TypK0_Mag7.68,"hms_tuple(h=16.0, m=14.0, s=56.953644543773976)","dms_tuple(d=-0.0, m=-25.0, s=-47.39502764899264)",243.737307,16.249154,-0.429832
79363,145997,,16.244235,-18.535649,77.101,-17.0,6.32,1.885,K1III,1.085,Sco,15.346,80,158.89188662502437,HD145997_TypK1_Mag6.32,"hms_tuple(h=16.0, m=14.0, s=58.8215614520783)","dms_tuple(d=-18.0, m=-34.0, s=-0.16975137442813093)",243.74509,16.249673,-18.566714
79366,146169,,16.245067,7.858242,234.7418,-20.3,6.59,-0.263,K0,1.3,Her,110.969,99,201.63200517568157,HD146169_TypK0_Mag6.59,"hms_tuple(h=16.0, m=15.0, s=0.9724336105890075)","dms_tuple(d=7.0, m=49.0, s=37.74894520412161)",243.754052,16.25027,7.827152
79385,146170,,16.248735,-0.260271,473.9336,0.0,7.94,-0.439,K2,1.289,Ser,130.497,277,663.5111201850515,HD146170_TypK2_Mag7.94,"hms_tuple(h=16.0, m=15.0, s=14.002962269465513)","dms_tuple(d=-0.0, m=-17.0, s=-28.871081599559147)",243.808346,16.25389,-0.291353
79396,147023,,16.251864,65.072266,215.9827,0.0,7.98,1.308,K0,1.106,Dra,26.11,286,687.3457941057625,HD147023_TypK0_Mag7.98,"hms_tuple(h=16.0, m=15.0, s=50.687021917744346)","dms_tuple(d=65.0, m=2.0, s=27.857636985372665)",243.961196,16.26408,65.041072
79405,146638,,16.253308,47.040077,285.7143,0.0,7.86,0.58,K0,1.075,Her,51.05,261,618.2926139519136,HD146638_TypK0_Mag7.86,"hms_tuple(h=16.0, m=15.0, s=39.122698446503534)","dms_tuple(d=47.0, m=0.0, s=32.17929330565994)",243.913011,16.260867,47.008939
79409,146489,,16.254159,34.713169,153.3742,0.0,7.25,1.321,K0,1.052,CrB,25.799,164,360.95759541392204,HD146489_TypK0_Mag7.25,"hms_tuple(h=16.0, m=15.0, s=37.5386420662295)","dms_tuple(d=34.0, m=40.0, s=55.38200107462217)",243.906411,16.260427,34.682051
79412,146231,,16.254356,-0.638315,289.0173,0.0,7.73,0.425,K0,1.107,Ser,58.884,236,551.2912113423957,HD146231_TypK0_Mag7.73,"hms_tuple(h=16.0, m=15.0, s=34.23958888520389)","dms_tuple(d=-0.0, m=-40.0, s=-9.828242284621496)",243.892665,16.259511,-0.669397
79419,145921,,16.256656,-42.899422,71.4286,4.0,6.14,1.871,K2III,1.114,Nor,15.545,70,135.5594787266646,HD145921_TypK2_Mag6.14,"hms_tuple(h=16.0, m=15.0, s=49.30605492942988)","dms_tuple(d=-42.0, m=-55.0, s=-49.64092199560639)",243.955442,16.263696,-42.930456
79424,146388,,16.257955,18.808087,106.6098,-18.0,5.72,0.581,K3III,1.126,Her,51.004,51,93.58270978529147,HD146388_TypK3_Mag5.72,"hms_tuple(h=16.0, m=15.0, s=48.23785422813529)","dms_tuple(d=18.0, m=46.0, s=37.152910065005926)",243.950991,16.263399,18.776987
79444,146537,,16.263146,27.422081,120.4819,-11.0,6.14,0.735,K2,1.334,CrB,44.259,70,135.5594787266646,HD146537_TypK2_Mag6.14,"hms_tuple(h=16.0, m=16.0, s=8.22545015866126)","dms_tuple(d=27.0, m=23.0, s=27.49784682606105)",244.034273,16.268952,27.390972
79449,146639,,16.264089,36.554481,309.5975,0.0,7.0,-0.454,K5,1.332,CrB,132.312,135,289.50893673230235,HD146639_TypK5_Mag7.0,"hms_tuple(h=16.0, m=16.0, s=13.81198251675869)","dms_tuple(d=36.0, m=31.0, s=24.096068983808436)",244.05755,16.270503,36.52336
79454,146255,,16.264915,-15.887767,264.5503,0.0,7.82,0.707,K3III,1.476,Sco,45.415,253,596.8524553483364,HD146255_TypK3_Mag7.82,"hms_tuple(h=16.0, m=16.0, s=12.99072919920917)","dms_tuple(d=-15.0, m=-55.0, s=-7.804069394997981)",244.054128,16.270275,-15.918834
79462,146452,,16.266626,11.425268,276.2431,-25.9,7.26,0.054,K0,0.994,Her,82.871,165,364.156405231697,HD146452_TypK0_Mag7.26,"hms_tuple(h=16.0, m=16.0, s=18.783405107881777)","dms_tuple(d=11.0, m=23.0, s=39.03051306327086)",244.078264,16.271884,11.394175
79474,146057,,16.26917,-43.125532,115.6069,0.0,6.92,1.605,K1III,1.198,Nor,19.861,127,269.7788052214281,HD146057_TypK1_Mag6.92,"hms_tuple(h=16.0, m=16.0, s=34.450038266936076)","dms_tuple(d=-43.0, m=-9.0, s=-23.635534313900166)",244.143542,16.276236,-43.156565
79482,146604,,16.271311,23.122726,143.0615,13.7,6.57,0.792,K0,0.986,Her,41.995,97,198.10522595363804,HD146604_TypK0_Mag6.57,"hms_tuple(h=16.0, m=16.0, s=36.89260773872661)","dms_tuple(d=23.0, m=5.0, s=29.837085909507266)",244.153719,16.276915,23.091621
79510,146828,,16.278483,38.645021,401.6064,-34.1,7.73,-0.289,K2,1.514,CrB,113.658,236,551.2912113423957,HD146828_TypK2_Mag7.73,"hms_tuple(h=16.0, m=17.0, s=6.287787849730648)","dms_tuple(d=38.0, m=36.0, s=50.029157958319956)",244.276199,16.28508,38.613897
79522,146871,,16.279574,40.038371,243.309,0.0,6.76,-0.171,K2,1.527,Her,101.953,113,234.26075154331102,HD146871_TypK2_Mag6.76,"hms_tuple(h=16.0, m=17.0, s=10.693056475480773)","dms_tuple(d=40.0, m=0.0, s=26.081527323859177)",244.294554,16.286304,40.007245
79540,146698,,16.282657,18.846042,420.1681,9.3,7.44,-0.677,K2,1.542,Her,162.48,189,426.83476505925523,HD146698_TypK2_Mag7.44,"hms_tuple(h=16.0, m=17.0, s=17.169473724038937)","dms_tuple(d=18.0, m=48.0, s=53.79077123693435)",244.321539,16.288103,18.814942
79584,146760,,16.293586,7.733935,181.8182,0.0,7.61,1.312,K0,1.172,Her,26.014,216,495.90655392467346,HD146760_TypK0_Mag7.61,"hms_tuple(h=16.0, m=17.0, s=55.635292915475816)","dms_tuple(d=7.0, m=42.0, s=10.244160257748263)",244.481814,16.298788,7.702846
79590,146740,,16.295377,1.496714,236.4066,0.0,6.5,-0.368,K0,1.128,Ser,122.236,92,186.24025315238663,HD146740_TypK0_Mag6.5,"hms_tuple(h=16.0, m=18.0, s=1.9199952117045882)","dms_tuple(d=1.0, m=27.0, s=56.26915797001189)",244.508,16.300533,1.46563
79600,146662,,16.297213,-13.372492,293.2551,0.0,7.24,-0.096,K0III,1.111,Sco,95.148,163,357.7868844682338,HD146662_TypK0_Mag7.24,"hms_tuple(h=16.0, m=18.0, s=9.043133977075684)","dms_tuple(d=-13.0, m=-24.0, s=-12.822880477674516)",244.53768,16.302512,-13.403562
79603,146915,,16.297652,23.607308,302.1148,0.0,7.2,-0.201,K2,1.468,Her,104.809,158,345.3801253121633,HD146915_TypK2_Mag7.2,"hms_tuple(h=16.0, m=18.0, s=11.79394050027554)","dms_tuple(d=23.0, m=34.0, s=34.33040185894555)",244.549141,16.303276,23.576203
79618,147407,,16.301623,62.423288,168.9189,0.0,7.33,1.192,K0,1.08,Dra,29.054,174,387.3560399526628,HD147407_TypK0_Mag7.33,"hms_tuple(h=16.0, m=18.0, s=45.8859958387049)","dms_tuple(d=62.0, m=23.0, s=31.58122632071752)",244.691192,16.312746,62.392106
79624,147662,,16.302721,68.554545,181.4882,-11.0,6.39,0.096,K0,1.343,Dra,79.726,85,169.01455281149524,HD147662_TypK0_Mag6.39,"hms_tuple(h=16.0, m=19.0, s=0.48018421854351345)","dms_tuple(d=68.0, m=31.0, s=23.98819586892614)",244.752001,16.3168,68.52333
79632,146545,,16.303924,-34.914732,181.4882,0.0,7.1,0.806,K5III,1.702,Sco,41.457,146,316.2129549015887,HD146545_TypK5_Mag7.1,"hms_tuple(h=16.0, m=18.0, s=36.76498725455531)","dms_tuple(d=-34.0, m=-56.0, s=-44.800391865484244)",244.653187,16.310212,-34.945778
79657,148386,,16.309075,77.548693,295.858,0.0,7.48,0.125,K0,1.482,UMi,77.625,195,442.16754115556887,HD148386_TypK0_Mag7.48,"hms_tuple(h=16.0, m=19.0, s=58.524229781199324)","dms_tuple(d=77.0, m=31.0, s=2.5499593167205603)",244.993851,16.332923,77.517375
79658,146930,,16.30955,7.26049,374.5318,0.0,7.78,-0.087,K5,1.559,Her,94.363,245,576.1557641428401,HD146930_TypK5_Mag7.78,"hms_tuple(h=16.0, m=18.0, s=53.085425773425925)","dms_tuple(d=7.0, m=13.0, s=45.84373886748459)",244.721189,16.314746,7.229401
79694,147162,,16.315661,32.627049,100000.0,0.0,7.92,-12.08,K5,1.573,CrB,5915616.342,273,651.9055358919003,HD147162_TypK5_Mag7.92,"hms_tuple(h=16.0, m=19.0, s=18.405630759632743)","dms_tuple(d=32.0, m=35.0, s=45.35986940029488)",244.82669,16.321779,32.595933
79695,146850,,16.316783,-14.872825,325.7329,-42.0,5.97,-1.594,K3IIICNpvar,1.475,Sco,378.094,61,116.67822858142785,HD146850_TypK3_Mag5.97,"hms_tuple(h=16.0, m=19.0, s=19.62152936988332)","dms_tuple(d=-14.0, m=-54.0, s=-14.016449286474)",244.831756,16.322117,-14.903893
79696,147216,,16.316826,37.765718,171.2329,0.0,7.22,1.052,K2,1.128,CrB,33.052,160,351.52877406079745,HD147216_TypK2_Mag7.22,"hms_tuple(h=16.0, m=19.0, s=24.03775678940349)","dms_tuple(d=37.0, m=44.0, s=4.543022148070577)",244.850157,16.323344,37.734595
79702,146834,,16.318811,-20.218072,144.0922,8.0,6.29,0.497,K0III,1.066,Sco,55.106,79,154.74136248456367,HD146834_TypK0_Mag6.29,"hms_tuple(h=16.0, m=19.0, s=27.498742125870592)","dms_tuple(d=-20.0, m=-14.0, s=-56.8863512679647)",244.864578,16.324305,-20.249135
79710,147352,,16.319783,49.038159,196.0784,-32.0,5.93,-0.532,K6III,1.369,Her,142.167,60,112.63224829649297,HD147352_TypK6_Mag5.93,"hms_tuple(h=16.0, m=19.0, s=39.50793820818092)","dms_tuple(d=49.0, m=0.0, s=25.259853329683324)",244.914616,16.327641,49.007017
79723,147466,,16.322212,54.790932,520.8333,-49.0,7.9,-0.683,K5,1.488,Dra,163.38,269,640.5029468202126,HD147466_TypK5_Mag7.9,"hms_tuple(h=16.0, m=19.0, s=52.12359101571366)","dms_tuple(d=54.0, m=45.0, s=35.19291480244533)",244.967182,16.331145,54.759776
79751,147204,,16.329214,19.833476,218.8184,0.0,7.49,0.79,K0,1.262,Her,42.073,197,446.0860343240754,HD147204_TypK0_Mag7.49,"hms_tuple(h=16.0, m=20.0, s=4.893409148436945)","dms_tuple(d=19.0, m=48.0, s=8.549536983627775)",245.020389,16.334693,19.802375
79792,146906,,16.337393,-39.630021,167.2241,0.0,6.89,0.774,K1III,1.015,Sco,42.697,124,262.73172769318006,HD146906_TypK1_Mag6.89,"hms_tuple(h=16.0, m=20.0, s=38.719656634376065)","dms_tuple(d=-39.0, m=-39.0, s=-39.816325103448094)",245.161332,16.344089,-39.66106
79818,147102,,16.341501,-18.690321,621.118,0.0,7.81,-1.156,K1III,1.253,Sco,252.581,251,591.6096051155723,HD147102_TypK1_Mag7.81,"hms_tuple(h=16.0, m=20.0, s=48.99699910370714)","dms_tuple(d=-18.0, m=-43.0, s=-16.988386645715252)",245.204154,16.346944,-18.721386
79831,147544,,16.343051,45.57919,85.034,0.0,7.51,2.862,K0,1.012,Her,6.24,200,454.02750557766933,HD147544_TypK0_Mag7.51,"hms_tuple(h=16.0, m=21.0, s=1.4814463524893995)","dms_tuple(d=45.0, m=32.0, s=52.99612040972363)",245.256173,16.350412,45.548054
79842,147119,,16.34536,-21.840674,325.7329,0.0,6.8,-0.764,K5III,1.704,Sco,176.035,116,242.67587595584382,HD147119_TypK5_Mag6.8,"hms_tuple(h=16.0, m=21.0, s=3.2920350652398156)","dms_tuple(d=-21.0, m=-52.0, s=-18.247443114009627)",245.263717,16.350914,-21.871735
79858,147293,,16.351525,0.627758,279.3296,0.0,7.96,0.729,K2,1.212,Ser,44.504,282,675.323313533301,HD147293_TypK2_Mag7.96,"hms_tuple(h=16.0, m=21.0, s=24.0477286341482)","dms_tuple(d=0.0, m=35.0, s=48.03040737395918)",245.350199,16.35668,0.596675
79868,147430,,16.352976,22.239822,245.7002,0.0,6.91,-0.042,K2,1.26,Her,90.532,126,267.409023780344,HD147430_TypK2_Mag6.91,"hms_tuple(h=16.0, m=21.0, s=30.757303940674205)","dms_tuple(d=22.0, m=12.0, s=31.38608411479595)",245.378155,16.358544,22.208718
79892,147664,,16.356522,41.435084,236.4066,0.0,7.89,1.022,K0,1.05,Her,33.978,267,634.876663483802,HD147664_TypK0_Mag7.89,"hms_tuple(h=16.0, m=21.0, s=48.21934458528517)","dms_tuple(d=41.0, m=24.0, s=14.24035904514426)",245.450914,16.363394,41.403956
79905,147167,,16.359536,-33.234545,186.5672,0.0,7.36,1.006,K3III,1.466,Sco,34.483,178,397.7458321127074,HD147167_TypK3_Mag7.36,"hms_tuple(h=16.0, m=21.0, s=56.52300473314199)","dms_tuple(d=-33.0, m=-15.0, s=-56.13522663253718)",245.485513,16.365701,-33.265593
79906,147370,,16.359686,0.076807,204.499,38.0,6.85,0.297,K0,1.112,Ser,66.252,121,253.62113865358353,HD147370_TypK0_Mag6.85,"hms_tuple(h=16.0, m=21.0, s=53.42632825657972)","dms_tuple(d=0.0, m=2.0, s=44.60861345486623)",245.47261,16.364841,0.045725
79911,148344,,16.360788,70.497577,179.8561,0.0,7.32,1.045,K0,1.066,UMi,33.266,173,383.9534407239423,HD148344_TypK0_Mag7.32,"hms_tuple(h=16.0, m=22.0, s=34.336087309867764)","dms_tuple(d=70.0, m=27.0, s=58.851376602318624)",245.643067,16.376204,70.466348
79914,147410,,16.3617,5.807367,277.7778,0.0,7.64,0.422,K0,1.12,Her,59.047,221,509.2079239683959,HD147410_TypK0_Mag7.64,"hms_tuple(h=16.0, m=22.0, s=0.7714257434716387)","dms_tuple(d=5.0, m=46.0, s=34.60576434329013)",245.503214,16.366881,5.776279
79918,148293,,16.363536,69.109391,89.9281,-8.0,5.26,0.491,K2III,1.115,Dra,55.412,36,62.36404397999688,HD148293_TypK2_Mag5.26,"hms_tuple(h=16.0, m=22.0, s=40.695657674219206)","dms_tuple(d=69.0, m=4.0, s=41.4198846371994)",245.669565,16.377971,69.078172
79921,147546,,16.364443,21.812223,401.6064,0.0,7.09,-0.929,K2,1.234,Her,204.927,145,313.4352882448582,HD147546_TypK2_Mag7.09,"hms_tuple(h=16.0, m=22.0, s=11.978173227703621)","dms_tuple(d=21.0, m=46.0, s=52.03131447701935)",245.549909,16.369994,21.78112
79923,147508,,16.365145,13.455276,308.642,-1.6,7.39,-0.057,K2,1.33,Her,91.791,182,408.41430272357115,HD147508_TypK2_Mag7.39,"hms_tuple(h=16.0, m=22.0, s=13.599971299375397)","dms_tuple(d=13.0, m=25.0, s=27.052335722960663)",245.556667,16.370444,13.424181
79938,147677,,16.368287,30.891996,56.243,-29.0,4.86,1.11,K0III,0.97,CrB,31.333,26,43.81910796782462,HD147677_TypK0_Mag4.86,"hms_tuple(h=16.0, m=22.0, s=27.4506199411465)","dms_tuple(d=30.0, m=51.0, s=39.17693245201917)",245.614378,16.374292,30.860882
79944,147510,,16.370849,2.875413,230.4147,9.0,7.24,0.427,K2,1.355,Ser,58.776,163,357.7868844682338,HD147510_TypK2_Mag7.24,"hms_tuple(h=16.0, m=22.0, s=33.6360116107474)","dms_tuple(d=2.0, m=50.0, s=39.58103199403496)",245.64015,16.37601,2.844328
79972,147767,,16.374783,33.703478,182.1494,-40.0,5.4,-0.902,K5III,1.523,CrB,199.894,40,70.56332339510645,HD147767_TypK5_Mag5.4,"hms_tuple(h=16.0, m=22.0, s=51.51661478341964)","dms_tuple(d=33.0, m=40.0, s=20.49923714054387)",245.714653,16.380977,33.672361
79976,148855,,16.376124,76.445059,386.1004,0.0,7.43,-0.504,K5,1.552,UMi,138.548,188,423.08537820947436,HD148855_TypK5_Mag7.43,"hms_tuple(h=16.0, m=23.0, s=53.04228728820249)","dms_tuple(d=76.0, m=24.0, s=49.53880652663315)",245.97101,16.398067,76.413761
79983,147697,,16.377304,21.756691,348.4321,0.0,7.94,0.229,K2,1.269,Her,70.534,277,663.5111201850515,HD147697_TypK2_Mag7.94,"hms_tuple(h=16.0, m=22.0, s=58.27004627754235)","dms_tuple(d=21.0, m=43.0, s=32.11632549408108)",245.742792,16.382853,21.725588
79992,148204,,16.380848,61.435475,100000.0,0.0,7.88,-12.12,K2,1.579,Dra,6137620.052,265,629.299802346522,HD148204_TypK2_Mag7.88,"hms_tuple(h=16.0, m=23.0, s=29.823658370122246)","dms_tuple(d=61.0, m=24.0, s=15.469024269311262)",245.874265,16.391618,61.404297
80011,147851,,16.383871,32.626511,471.6981,-0.9,7.63,-0.738,K5,1.326,CrB,171.87,219,504.73495772895257,HD147851_TypK5_Mag7.63,"hms_tuple(h=16.0, m=23.0, s=23.9614985142137)","dms_tuple(d=32.0, m=35.0, s=43.423071884890874)",245.84984,16.389989,32.595395
80020,148570,,16.385187,70.796819,500.0,0.0,7.58,-0.915,K5,1.621,UMi,202.302,211,482.9526381068404,HD148570_TypK5_Mag7.58,"hms_tuple(h=16.0, m=24.0, s=3.0024801117880884)","dms_tuple(d=70.0, m=45.0, s=56.113671347696936)",246.01251,16.400834,70.765587
80024,147371,,16.385451,-37.424577,149.7006,0.0,6.77,0.894,K2/K3III,1.271,Sco,38.23,113,236.33677266456448,HD147371_TypK2_Mag6.77,"hms_tuple(h=16.0, m=23.0, s=30.99995377091858)","dms_tuple(d=-37.0, m=-27.0, s=-20.229752107822492)",245.879166,16.391944,-37.455619
80038,147925,,16.388228,35.611768,197.6285,0.0,7.19,0.711,K0,0.911,CrB,45.248,156,342.3462494285041,HD147925_TypK0_Mag7.19,"hms_tuple(h=16.0, m=23.0, s=40.43745587332211)","dms_tuple(d=35.0, m=34.0, s=50.33399690511601)",245.918489,16.394566,35.580648
80066,147836,,16.396438,11.590959,389.1051,0.0,7.76,-0.19,K0,1.396,Her,103.753,242,566.0781270342421,HD147836_TypK0_Mag7.76,"hms_tuple(h=16.0, m=24.0, s=6.1177229449560855)","dms_tuple(d=11.0, m=33.0, s=35.51754754026575)",246.025491,16.401699,11.559866
80073,147579,,16.397591,-30.181353,352.1127,0.0,7.98,0.247,K5/M0III,1.699,Sco,69.375,286,687.3457941057625,HD147579_TypK5_Mag7.98,"hms_tuple(h=16.0, m=24.0, s=12.80116753244073)","dms_tuple(d=-30.0, m=-12.0, s=-44.65787126266065)",246.053338,16.403556,-30.212405
80079,147980,,16.398794,28.38404,232.5581,-31.8,7.48,0.647,K1II-III,1.088,CrB,47.995,195,442.16754115556887,HD147980_TypK1_Mag7.48,"hms_tuple(h=16.0, m=24.0, s=16.744651414307157)","dms_tuple(d=28.0, m=21.0, s=10.546211455841501)",246.069769,16.404651,28.35293
80084,148069,,16.399321,38.641749,369.0037,0.0,7.88,0.045,K0,1.093,CrB,83.56,265,629.299802346522,HD148069_TypK0_Mag7.88,"hms_tuple(h=16.0, m=24.0, s=21.30350472947157)","dms_tuple(d=38.0, m=36.0, s=38.24997552490515)",246.088765,16.405918,38.610625
80100,147700,,16.401718,-20.037327,61.1621,0.6,4.48,0.548,K0III,0.996,Oph,52.578,19,31.33692169136973,HD147700_TypK0_Mag4.48,"hms_tuple(h=16.0, m=24.0, s=25.941049383955885)","dms_tuple(d=-20.0, m=-4.0, s=-6.205023597555339)",246.108088,16.407206,-20.06839
80103,147886,,16.4023,11.424826,154.321,0.0,7.67,1.728,K5,1.196,Her,17.734,226,522.866067770482,HD147886_TypK5_Mag7.67,"hms_tuple(h=16.0, m=24.0, s=27.209775678897188)","dms_tuple(d=11.0, m=23.0, s=37.43931457098142)",246.113374,16.407558,11.393733
80107,148086,,16.402894,37.03662,90.3342,-51.0,7.77,2.991,K0+...,0.864,CrB,5.541,244,571.094717053101,HD148086_TypK0_Mag7.77,"hms_tuple(h=16.0, m=24.0, s=33.65561824144038)","dms_tuple(d=37.0, m=0.0, s=19.794006294441147)",246.140232,16.409349,37.005498
80119,148111,,16.404558,38.478288,414.9378,0.0,7.71,-0.38,K2,1.479,CrB,123.595,233,541.648484297334,HD148111_TypK2_Mag7.71,"hms_tuple(h=16.0, m=24.0, s=40.102818401550735)","dms_tuple(d=38.0, m=26.0, s=49.79125107747052)",246.167095,16.41114,38.447164
80129,147928,,16.406704,10.254334,216.4502,0.0,6.93,0.253,K5,1.564,Her,68.992,128,272.1695876893252,HD147928_TypK5_Mag6.93,"hms_tuple(h=16.0, m=24.0, s=42.99048758658785)","dms_tuple(d=10.0, m=13.0, s=23.672091428067148)",246.179127,16.411942,10.223242
80145,148096,,16.408478,32.4683,276.2431,-44.8,7.58,0.374,K5,1.355,CrB,61.716,211,482.9526381068404,HD148096_TypK5_Mag7.58,"hms_tuple(h=16.0, m=24.0, s=52.50796155925656)","dms_tuple(d=32.0, m=26.0, s=13.86420124767028)",246.218783,16.414586,32.437185
80151,147537,,16.409903,-45.85118,158.2278,0.0,7.64,1.644,K1III,1.207,Nor,19.16,221,509.2079239683959,HD147537_TypK1_Mag7.64,"hms_tuple(h=16.0, m=25.0, s=2.3075665812896773)","dms_tuple(d=-45.0, m=-52.0, s=-55.95074691294883)",246.259615,16.417308,-45.882209
80192,148127,,16.418542,24.056573,100000.0,0.0,7.76,-12.24,K5,1.6,Her,6854882.265,242,566.0781270342421,HD148127_TypK5_Mag7.76,"hms_tuple(h=16.0, m=25.0, s=27.06808542903758)","dms_tuple(d=24.0, m=1.0, s=31.68264265958186)",246.362784,16.424186,24.025467
80201,148128,,16.421068,19.239735,432.9004,0.0,7.0,-1.182,K5,1.623,Her,258.702,135,289.50893673230235,HD148128_TypK5_Mag7.0,"hms_tuple(h=16.0, m=25.0, s=35.495542778171796)","dms_tuple(d=19.0, m=12.0, s=31.084127497939846)",246.397898,16.426527,19.208634
80209,148727,,16.422329,67.072391,160.0,0.0,7.18,1.159,K0,1.085,Dra,29.95,155,339.33902361009757,HD148727_TypK0_Mag7.18,"hms_tuple(h=16.0, m=26.0, s=7.957360637548447)","dms_tuple(d=67.0, m=2.0, s=28.267812026773527)",246.533156,16.435544,67.041186
80236,148148,,16.427976,9.3706,165.0165,0.0,6.73,0.642,K2,1.435,Her,48.217,110,228.14146549859603,HD148148_TypK2_Mag6.73,"hms_tuple(h=16.0, m=25.0, s=59.5196141640713)","dms_tuple(d=9.0, m=20.0, s=22.232674456392232)",246.497998,16.4332,9.339509
80274,148229,,16.43682,8.512823,162.6016,0.0,7.05,0.994,K0,1.06,Her,34.866,141,302.5664825365462,HD148229_TypK0_Mag7.05,"hms_tuple(h=16.0, m=26.0, s=31.31392278718522)","dms_tuple(d=8.0, m=28.0, s=54.23835541465934)",246.630475,16.442032,8.481733
80282,147841,,16.438813,-45.791391,709.2199,0.0,7.5,-1.754,K3III,1.645,Nor,438.127,198,450.03925321819855,HD147841_TypK3_Mag7.5,"hms_tuple(h=16.0, m=26.0, s=46.354925112789545)","dms_tuple(d=-45.0, m=-49.0, s=-20.710750906017097)",246.693146,16.44621,-45.82242
80285,148434,,16.4393,40.809486,141.844,0.0,6.9,1.141,K0,1.104,Her,30.451,125,265.0600588895962,HD148434_TypK0_Mag6.9,"hms_tuple(h=16.0, m=26.0, s=45.985681499248585)","dms_tuple(d=40.0, m=46.0, s=42.09116948717565)",246.691607,16.446107,40.778359
80289,148286,,16.440292,15.094339,156.7398,0.0,7.29,1.314,K0,1.114,Her,25.966,169,373.9239290957076,HD148286_TypK0_Mag7.29,"hms_tuple(h=16.0, m=26.0, s=44.26822839155676)","dms_tuple(d=15.0, m=3.0, s=47.67341620379895)",246.684451,16.44563,15.063243
80295,148543,,16.442233,47.95761,72.4113,0.0,6.51,2.211,K0,1.065,Her,11.366,93,187.8907161370077,HD148543_TypK0_Mag6.51,"hms_tuple(h=16.0, m=26.0, s=59.73194858025522)","dms_tuple(d=47.0, m=55.0, s=35.291511109235785)",246.748883,16.449926,47.92647
80299,148254,,16.444202,5.333999,131.7523,0.0,7.82,2.221,K0,1.129,Her,11.262,253,596.8524553483364,HD148254_TypK0_Mag7.82,"hms_tuple(h=16.0, m=26.0, s=57.76368651054838)","dms_tuple(d=5.0, m=18.0, s=10.482530642464454)",246.740682,16.449379,5.302912
80303,148297,,16.444777,9.272887,259.0674,0.0,6.66,-0.407,K0,1.183,Her,126.707,104,214.47755395891784,HD148297_TypK0_Mag6.66,"hms_tuple(h=16.0, m=26.0, s=59.99796827204676)","dms_tuple(d=9.0, m=14.0, s=30.466203330131094)",246.749992,16.449999,9.241796
80312,148347,,16.447081,16.171747,262.4672,0.0,7.39,0.295,K0,1.035,Her,66.374,182,408.41430272357115,HD148347_TypK0_Mag7.39,"hms_tuple(h=16.0, m=27.0, s=8.809804594746424)","dms_tuple(d=16.0, m=8.0, s=26.338408946058394)",246.786708,16.452447,16.14065
80366,148390,,16.458964,2.870633,238.0952,0.0,6.35,-0.534,K5,1.638,Oph,142.43,82,163.15373750039242,HD148390_TypK5_Mag6.35,"hms_tuple(h=16.0, m=27.0, s=50.84993466417728)","dms_tuple(d=2.0, m=50.0, s=22.373047701424724)",246.961875,16.464125,2.839548
80369,148681,,16.459407,47.341705,327.8689,0.0,7.32,-0.259,K0,1.311,Her,110.561,173,383.9534407239423,HD148681_TypK0_Mag7.32,"hms_tuple(h=16.0, m=28.0, s=1.2340326644260813)","dms_tuple(d=47.0, m=18.0, s=38.03795474635592)",247.005142,16.467009,47.310566
80403,148616,,16.466029,32.699469,173.6111,-15.0,6.87,0.672,K0,1.07,Her,46.903,123,258.1362429763933,HD148616_TypK0_Mag6.87,"hms_tuple(h=16.0, m=28.0, s=19.748264527069352)","dms_tuple(d=32.0, m=40.0, s=6.071534676178203)",247.082284,16.472152,32.668353
80406,148103,,16.466418,-46.250831,157.2327,0.0,7.0,1.017,K4III,1.545,Nor,34.135,135,289.50893673230235,HD148103_TypK4_Mag7.0,"hms_tuple(h=16.0, m=28.0, s=25.95536503330578)","dms_tuple(d=-46.0, m=-16.0, s=-54.69162394265311)",247.108147,16.473876,-46.281859
80411,148801,,16.467013,51.59209,236.9668,0.0,7.3,0.427,K0,1.02,Dra,58.776,170,377.23764669214916,HD148801_TypK0_Mag7.3,"hms_tuple(h=16.0, m=28.0, s=31.09603974769584)","dms_tuple(d=51.0, m=33.0, s=39.390931176587856)",247.129567,16.475304,51.560942
80427,148247,,16.470685,-37.179881,110.3753,-14.0,5.79,0.576,K1IIICN...,1.104,Sco,51.239,54,99.54466638423023,HD148247_TypK1_Mag5.79,"hms_tuple(h=16.0, m=28.0, s=37.76633227662785)","dms_tuple(d=-37.0, m=-12.0, s=-39.32542083749013)",247.15736,16.477157,-37.210924
80439,148556,,16.473379,15.4313,333.3333,0.0,7.33,-0.284,K0,0.986,Her,113.136,174,387.3560399526628,HD148556_TypK0_Mag7.33,"hms_tuple(h=16.0, m=28.0, s=43.41222633398701)","dms_tuple(d=15.0, m=24.0, s=0.7318297529847939)",247.180884,16.478726,15.400203
80442,148427,Timir,16.474487,-13.39964,59.0319,0.0,6.89,3.035,K0III/IV,0.95,Oph,5.321,124,262.73172769318006,HD148427_TypK0_Mag6.89,"hms_tuple(h=16.0, m=28.0, s=47.23169029789574)","dms_tuple(d=-13.0, m=-25.0, s=-50.55558642276168)",247.196799,16.479787,-13.43071
80448,148513,,16.476106,0.665002,124.8439,7.0,5.41,-0.072,K4IIIp,1.461,Oph,93.068,40,71.18865627220592,HD148513_TypK4_Mag5.41,"hms_tuple(h=16.0, m=28.0, s=52.53945818455719)","dms_tuple(d=0.0, m=38.0, s=2.108685274525186)",247.218914,16.481261,0.633919
80450,148512,,16.476193,1.586871,221.2389,0.0,6.93,0.206,K0,0.987,Oph,72.044,128,272.1695876893252,HD148512_TypK0_Mag6.93,"hms_tuple(h=16.0, m=28.0, s=52.858365561466485)","dms_tuple(d=1.0, m=33.0, s=20.834062230919415)",247.220243,16.48135,1.555787
80463,148531,,16.478421,0.054855,94.697,0.0,6.46,1.578,K5,1.378,Oph,20.361,90,179.78211266056408,HD148531_TypK5_Mag6.46,"hms_tuple(h=16.0, m=29.0, s=0.872323944704192)","dms_tuple(d=0.0, m=1.0, s=25.581485413264822)",247.253635,16.483576,0.023773
80464,148893,,16.478611,51.751059,257.732,0.0,7.67,0.614,K0,0.956,Dra,49.477,226,522.866067770482,HD148893_TypK0_Mag7.67,"hms_tuple(h=16.0, m=29.0, s=12.953664973082937)","dms_tuple(d=51.0, m=43.0, s=11.677978152574724)",247.303974,16.486932,51.719911
80473,148591,,16.480224,8.401067,242.1308,0.0,7.7,0.78,K0,1.081,Her,42.462,231,536.8905548349917,HD148591_TypK0_Mag7.7,"hms_tuple(h=16.0, m=29.0, s=7.562902768302706)","dms_tuple(d=8.0, m=22.0, s=11.917129787615295)",247.281512,16.485434,8.369977
80480,148653,,16.481299,18.414055,19.658,-36.2,6.98,5.512,K2V,0.848,Her,0.544,133,284.4450873609016,HD148653_TypK2_Mag6.98,"hms_tuple(h=16.0, m=29.0, s=12.23099655899972)","dms_tuple(d=18.0, m=22.0, s=58.63914765305395)",247.300962,16.486731,18.382955
80489,148682,,16.48292,22.894941,157.9779,0.0,7.5,1.507,K0,0.964,Her,21.737,198,450.03925321819855,HD148682_TypK0_Mag7.5,"hms_tuple(h=16.0, m=29.0, s=18.65103034452659)","dms_tuple(d=22.0, m=51.0, s=49.811966832333496)",247.327713,16.488514,22.863837
80491,148428,,16.483057,-24.537989,70.1262,0.0,7.57,3.341,K0III+...,0.725,Oph,4.014,209,478.71030262103807,HD148428_TypK0_Mag7.57,"hms_tuple(h=16.0, m=29.0, s=19.409292493263877)","dms_tuple(d=-24.0, m=-34.0, s=-8.570970934213165)",247.330872,16.488725,-24.569047
80503,148802,,16.4867,35.633814,100000.0,0.0,7.93,-12.07,K5,1.527,Her,5861381.645,275,657.682729265769,HD148802_TypK5_Mag7.93,"hms_tuple(h=16.0, m=29.0, s=34.94294015666583)","dms_tuple(d=35.0, m=36.0, s=9.699487620795253)",247.395596,16.49304,35.602694
80523,148560,,16.490483,-13.570369,211.8644,0.0,7.09,0.46,K2/K3III,1.563,Oph,57.016,145,313.4352882448582,HD148560_TypK2_Mag7.09,"hms_tuple(h=16.0, m=29.0, s=44.83096048988017)","dms_tuple(d=-13.0, m=-36.0, s=-5.179394438155214)",247.436796,16.495786,-13.601439
80542,148882,,16.49586,35.201893,156.0062,0.0,7.44,1.474,K0,1.065,Her,22.408,189,426.83476505925523,HD148882_TypK0_Mag7.44,"hms_tuple(h=16.0, m=30.0, s=7.797056724338347)","dms_tuple(d=35.0, m=10.0, s=14.786017831340814)",247.532488,16.502166,35.170774
80546,148710,,16.496307,7.748921,205.3388,0.0,6.85,0.288,K0,1.128,Her,66.804,121,253.62113865358353,HD148710_TypK0_Mag6.85,"hms_tuple(h=16.0, m=30.0, s=5.431556035429708)","dms_tuple(d=7.0, m=43.0, s=4.193710233384422)",247.522631,16.501509,7.717832
80593,148995,,16.508257,33.75088,182.8154,0.0,6.97,0.66,K0,0.99,Her,47.424,132,281.9464748828664,HD148995_TypK0_Mag6.97,"hms_tuple(h=16.0, m=30.0, s=52.03531926056115)","dms_tuple(d=33.0, m=43.0, s=11.146212666811266)",247.716814,16.514454,33.719763
80600,148643,,16.509714,-27.176458,257.732,0.0,7.79,0.734,K3III,1.663,Sco,44.3,247,581.2616622824664,HD148643_TypK3_Mag7.79,"hms_tuple(h=16.0, m=30.0, s=55.83573963183426)","dms_tuple(d=-27.0, m=-12.0, s=-27.048681716832164)",247.732649,16.51551,-27.207514
80604,150275,,16.510839,77.446514,115.6069,-32.0,6.35,1.035,K1III,0.995,UMi,33.574,82,163.15373750039242,HD150275_TypK1_Mag6.35,"hms_tuple(h=16.0, m=32.0, s=4.188673333462418)","dms_tuple(d=77.0, m=24.0, s=54.712671522535175)",248.017453,16.534497,77.415198
80641,149084,,16.51744,35.225066,312.5,24.0,6.25,-1.224,K5,1.64,Her,268.906,76,149.37548995214374,HD149084_TypK5_Mag6.25,"hms_tuple(h=16.0, m=31.0, s=25.491530129421278)","dms_tuple(d=35.0, m=11.0, s=38.2087041202135)",247.856215,16.523748,35.193947
80645,149085,,16.51844,34.320314,699.3007,0.0,7.93,-1.293,K5,1.367,Her,286.55,275,657.682729265769,HD149085_TypK5_Mag7.93,"hms_tuple(h=16.0, m=31.0, s=28.844206954327376)","dms_tuple(d=34.0, m=17.0, s=21.105896499351502)",247.870184,16.524679,34.289196
80651,149009,,16.520398,22.195458,257.732,-26.0,5.76,-1.296,K5III,1.605,Her,287.343,52,96.94439175940381,HD149009_TypK5_Mag5.76,"hms_tuple(h=16.0, m=31.0, s=33.47017568367164)","dms_tuple(d=22.0, m=9.0, s=51.675853725841705)",247.889459,16.525964,22.164354
80659,149412,,16.522245,57.839041,361.0108,0.0,7.73,-0.058,K5,1.4,Dra,91.876,236,551.2912113423957,HD149412_TypK5_Mag7.73,"hms_tuple(h=16.0, m=31.0, s=54.9133276840729)","dms_tuple(d=57.0, m=48.0, s=28.35282691198813)",247.978806,16.53192,57.807876
80660,148912,,16.522547,1.308784,294.9853,0.0,6.79,-0.559,K0,1.39,Oph,145.747,115,240.54417110761835,HD148912_TypK0_Mag6.79,"hms_tuple(h=16.0, m=31.0, s=39.73053737598718)","dms_tuple(d=1.0, m=16.0, s=39.721774355866444)",247.915544,16.527703,1.2777
80663,148760,,16.523015,-26.537643,68.5871,39.0,6.07,1.889,K1III,1.085,Sco,15.29,66,127.44051305929695,HD148760_TypK1_Mag6.07,"hms_tuple(h=16.0, m=31.0, s=43.60170843420775)","dms_tuple(d=-26.0, m=-34.0, s=-7.317314204669003)",247.931674,16.528778,-26.568699
80665,149012,,16.523089,16.41974,148.1481,0.0,7.54,1.687,K2,1.169,Her,18.416,204,466.20558189854603,HD149012_TypK2_Mag7.54,"hms_tuple(h=16.0, m=31.0, s=42.46301474224282)","dms_tuple(d=16.0, m=23.0, s=19.112326832083397)",247.926929,16.528462,16.388642
80673,150010,,16.524522,72.612338,143.8849,-33.0,6.27,0.48,K2III,1.291,Dra,55.976,77,152.0347553587468,HD150010_TypK2_Mag6.27,"hms_tuple(h=16.0, m=32.0, s=30.268258432048185)","dms_tuple(d=72.0, m=34.0, s=51.92173466119584)",248.126118,16.541741,72.581089
80678,148704,,16.525028,-39.012275,24.5278,-50.6,7.24,5.292,K0V,0.858,Sco,0.666,163,357.7868844682338,HD148704_TypK0_Mag7.24,"hms_tuple(h=16.0, m=31.0, s=53.99347840984433)","dms_tuple(d=-39.0, m=-2.0, s=-35.93411179442569)",247.974973,16.531665,-39.043315
80682,149223,,16.525348,42.162614,280.8989,0.0,7.67,0.427,K0,1.047,Her,58.776,226,522.866067770482,HD149223_TypK0_Mag7.67,"hms_tuple(h=16.0, m=31.0, s=56.27510809174311)","dms_tuple(d=42.0, m=7.0, s=53.344071847736814)",247.98448,16.532299,42.131484
80709,148981,,16.530454,-0.04253,256.4103,0.0,7.85,0.805,K2,1.373,Oph,41.495,259,612.8614298360975,HD148981_TypK2_Mag7.85,"hms_tuple(h=16.0, m=32.0, s=8.191137662760468)","dms_tuple(d=-0.0, m=-4.0, s=-25.004195359831396)",248.03413,16.535609,-0.073612
80719,149575,,16.533223,60.480345,129.5337,0.0,7.95,2.388,K0,1.053,Dra,9.656,280,669.391162362906,HD149575_TypK0_Mag7.95,"hms_tuple(h=16.0, m=32.0, s=37.22832602221928)","dms_tuple(d=60.0, m=26.0, s=57.014287057898514)",248.155118,16.543675,60.449171
80739,149251,,16.539347,30.123739,571.4286,0.0,7.41,-1.375,K0,1.425,Her,309.03,185,415.6851208955647,HD149251_TypK0_Mag7.41,"hms_tuple(h=16.0, m=32.0, s=43.09670584407172)","dms_tuple(d=30.0, m=5.0, s=33.455123069808224)",248.17957,16.545305,30.092626
80746,149241,,16.540801,27.709469,359.7122,-3.6,7.72,-0.06,K5III,1.525,Her,92.045,234,546.4485785781236,HD149241_TypK5_Mag7.72,"hms_tuple(h=16.0, m=32.0, s=47.83817393511953)","dms_tuple(d=27.0, m=40.0, s=42.09344872489709)",248.199326,16.546622,27.678359
80761,149161,,16.543415,11.488041,107.6426,3.0,4.84,-0.32,K4III,1.495,Her,116.95,26,43.05266060062844,HD149161_TypK4_Mag4.84,"hms_tuple(h=16.0, m=32.0, s=55.227996999250024)","dms_tuple(d=11.0, m=27.0, s=25.01309888967029)",248.230117,16.548674,11.456948
80796,149326,,16.552733,23.117563,263.8522,0.0,7.66,0.553,K0,1.23,Her,52.336,224,518.2731261472211,HD149326_TypK0_Mag7.66,"hms_tuple(h=16.0, m=33.0, s=30.011032800197484)","dms_tuple(d=23.0, m=5.0, s=11.250305909587155)",248.375046,16.558336,23.086458
80842,149347,,16.562919,7.570169,338.9831,0.0,7.73,0.079,K0,1.112,Her,80.984,236,551.2912113423957,HD149347_TypK0_Mag7.73,"hms_tuple(h=16.0, m=34.0, s=5.22693288086117)","dms_tuple(d=7.0, m=32.0, s=20.68710669154342)",248.521779,16.568119,7.53908
80844,149843,,16.563441,59.677173,278.5515,0.0,7.71,0.485,K0,1.047,Dra,55.719,233,541.648484297334,HD149843_TypK0_Mag7.71,"hms_tuple(h=16.0, m=34.0, s=25.10881367001673)","dms_tuple(d=59.0, m=38.0, s=45.60565032920579)",248.60462,16.573641,59.646002
80848,149381,,16.563987,13.394745,137.3626,0.0,6.92,1.231,K0,1.127,Her,28.029,127,269.7788052214281,HD149381_TypK0_Mag6.92,"hms_tuple(h=16.0, m=34.0, s=9.426372516586525)","dms_tuple(d=13.0, m=21.0, s=49.14094539358672)",248.539277,16.569285,13.36365
80849,148952,,16.564164,-46.558716,359.7122,0.0,7.5,-0.28,K3III,1.819,Nor,112.72,198,450.03925321819855,HD148952_TypK3_Mag7.5,"hms_tuple(h=16.0, m=34.0, s=17.99309829604482)","dms_tuple(d=-46.0, m=-35.0, s=-23.07549897827812)",248.574971,16.571665,-46.589743
80851,149216,,16.564192,-14.466628,124.0695,0.0,7.74,2.272,K0III,1.216,Oph,10.745,238,556.1767595666211,HD149216_TypK0_Mag7.74,"hms_tuple(h=16.0, m=34.0, s=10.25824545410984)","dms_tuple(d=-14.0, m=-29.0, s=-51.70867245357286)",248.542743,16.569516,-14.497697
80856,150142,,16.56527,68.012994,729.927,0.0,7.13,-2.186,K0,1.396,Dra,652.229,149,324.6945236416619,HD150142_TypK0_Mag7.13,"hms_tuple(h=16.0, m=34.0, s=44.469702641740696)","dms_tuple(d=67.0, m=58.0, s=54.417528833967026)",248.68529,16.579019,67.981783
80866,149718,,16.56644,52.237962,289.8551,0.0,6.84,-0.471,K0,1.011,Dra,134.4,120,251.39328881580803,HD149718_TypK0_Mag6.84,"hms_tuple(h=16.0, m=34.0, s=29.4652255158843)","dms_tuple(d=52.0, m=12.0, s=24.524574072079304)",248.622772,16.574851,52.206812
80872,149474,,16.567846,25.476726,340.1361,-11.1,7.8,0.142,K3III,1.512,Her,76.419,249,586.4128089424291,HD149474_TypK3_Mag7.8,"hms_tuple(h=16.0, m=34.0, s=24.795829708504016)","dms_tuple(d=25.0, m=26.0, s=44.227798891552936)",248.603316,16.573554,25.445619
80882,149287,,16.568689,-10.677907,77.3395,0.0,7.94,3.498,K0,0.891,Oph,3.474,277,663.5111201850515,HD149287_TypK0_Mag7.94,"hms_tuple(h=16.0, m=34.0, s=26.166040788769465)","dms_tuple(d=-10.0, m=-42.0, s=-32.32611816192403)",248.609025,16.573935,-10.708979
80884,149558,,16.568947,35.499963,228.3105,-27.0,7.97,1.177,K0,1.165,Her,29.458,284,681.3080354866522,HD149558_TypK0_Mag7.97,"hms_tuple(h=16.0, m=34.0, s=30.994090584426317)","dms_tuple(d=35.0, m=28.0, s=7.836550210113273)",248.629142,16.575276,35.468843
80903,149433,,16.57436,8.673985,156.4945,0.0,6.85,0.878,K0,1.106,Her,38.797,121,253.62113865358353,HD149433_TypK0_Mag6.85,"hms_tuple(h=16.0, m=34.0, s=46.46587023898746)","dms_tuple(d=8.0, m=38.0, s=34.42101515147485)",248.693608,16.579574,8.642895
80912,149383,,16.57603,-8.14934,245.098,0.0,7.64,0.693,K2,1.687,Oph,46.004,221,509.2079239683959,HD149383_TypK2_Mag7.64,"hms_tuple(h=16.0, m=34.0, s=52.45547943025656)","dms_tuple(d=-8.0, m=-10.0, s=-49.493437635950244)",248.718564,16.581238,-8.180415
80915,150076,,16.576605,63.258961,145.7726,0.0,7.61,1.792,K2,1.256,Dra,16.719,216,495.90655392467346,HD150076_TypK2_Mag7.61,"hms_tuple(h=16.0, m=35.0, s=16.974490482201077)","dms_tuple(d=63.0, m=13.0, s=39.99090388763136)",248.820727,16.588048,63.227775
80920,150099,,16.578114,63.93494,194.5525,0.0,7.59,1.145,K0,0.962,Dra,30.339,212,487.2325692121131,HD150099_TypK0_Mag7.59,"hms_tuple(h=16.0, m=35.0, s=23.396291595720697)","dms_tuple(d=63.0, m=54.0, s=13.504120973138924)",248.847485,16.589832,63.903751
80951,149174,,16.585487,-45.244366,177.305,-56.0,6.43,0.186,K2/K3III,1.346,Sco,73.384,87,175.0859005727711,HD149174_TypK2_Mag6.43,"hms_tuple(h=16.0, m=35.0, s=34.123430791495934)","dms_tuple(d=-45.0, m=-16.0, s=-31.424407356680604)",248.892181,16.592812,-45.275396
81014,149889,,16.597206,40.888112,88.574,0.0,7.95,3.213,K0,0.983,Her,4.516,280,669.391162362906,HD149889_TypK0_Mag7.95,"hms_tuple(h=16.0, m=36.0, s=14.476344348951784)","dms_tuple(d=40.0, m=51.0, s=25.14431948044887)",249.060318,16.604021,40.856985
81037,150202,,16.601993,58.858548,323.6246,0.0,7.95,0.4,K0,0.947,Dra,60.256,280,669.391162362906,HD150202_TypK0_Mag7.95,"hms_tuple(h=16.0, m=36.0, s=43.025041658931116)","dms_tuple(d=58.0, m=49.0, s=38.56590882882699)",249.179271,16.611951,58.827379
81053,149661,,16.605958,-2.324584,9.7513,-12.1,5.77,5.825,K2V,0.827,Oph,0.407,53,97.80351392798568,HD149661_TypK2_Mag5.77,"hms_tuple(h=16.0, m=36.0, s=40.02121726432165)","dms_tuple(d=-2.0, m=-21.0, s=-20.3911104626917)",249.166755,16.611117,-2.355664
81056,149930,,16.606195,33.82178,107.8749,0.0,6.95,1.785,K0,1.089,Her,16.827,130,277.01490180011757,HD149930_TypK0_Mag6.95,"hms_tuple(h=16.0, m=36.0, s=44.63057719482407)","dms_tuple(d=33.0, m=47.0, s=26.385876454453978)",249.185961,16.612397,33.790663
81057,149447,,16.606242,-35.255326,105.042,-2.0,4.18,-0.927,K5III,1.535,Sco,204.55,15,24.049346503148676,HD149447_TypK5_Mag4.18,"hms_tuple(h=16.0, m=36.0, s=45.204622870061826)","dms_tuple(d=-35.0, m=-17.0, s=-10.937123261654165)",249.188353,16.612557,-35.286371
81093,150188,,16.612613,52.256344,281.6901,0.0,7.74,0.491,K0,1.013,Dra,55.412,238,556.1767595666211,HD150188_TypK0_Mag7.74,"hms_tuple(h=16.0, m=37.0, s=15.700559850323543)","dms_tuple(d=52.0, m=13.0, s=30.69961355398732)",249.315419,16.621028,52.225194
81110,149907,,16.614982,22.867918,96.432,0.0,6.87,1.949,K0III,1.007,Her,14.468,123,258.1362429763933,HD149907_TypK0_Mag6.87,"hms_tuple(h=16.0, m=37.0, s=14.070228172177508)","dms_tuple(d=22.0, m=50.0, s=12.529271143083065)",249.308626,16.620575,22.836814
81111,150429,,16.615275,63.072824,156.7398,-42.0,6.17,0.194,K5,1.527,Dra,72.845,72,139.1955000198045,HD150429_TypK5_Mag6.17,"hms_tuple(h=16.0, m=37.0, s=35.923135028263005)","dms_tuple(d=63.0, m=2.0, s=29.900691825840227)",249.39968,16.626645,63.041639
81127,149806,,16.619008,0.254342,20.3335,6.0,7.09,5.549,K0,0.828,Oph,0.525,145,313.4352882448582,HD149806_TypK0_Mag7.09,"hms_tuple(h=16.0, m=37.0, s=26.985663227222574)","dms_tuple(d=0.0, m=13.0, s=23.734031493767205)",249.36244,16.624163,0.223259
81136,149932,,16.621097,15.710872,606.0606,0.0,7.75,-1.163,K2,1.276,Her,254.214,240,561.1056035680328,HD149932_TypK2_Mag7.75,"hms_tuple(h=16.0, m=37.0, s=35.22316071285047)","dms_tuple(d=15.0, m=40.0, s=47.19004245262468)",249.396763,16.626451,15.679775
81150,150119,,16.624068,37.490348,300.3003,-38.0,7.65,0.262,K5,1.418,Her,68.423,222,513.7205296793568,HD150119_TypK5_Mag7.65,"hms_tuple(h=16.0, m=37.0, s=50.02228107201773)","dms_tuple(d=37.0, m=27.0, s=33.21246002681903)",249.458426,16.630562,37.459226
81155,149908,,16.626044,5.277526,163.6661,0.0,6.48,0.41,K0,1.15,Her,59.704,91,182.98269364662428,HD149908_TypK0_Mag6.48,"hms_tuple(h=16.0, m=37.0, s=52.3931907487696)","dms_tuple(d=5.0, m=14.0, s=47.17991733804986)",249.468305,16.63122,5.246439
81169,150048,,16.628891,19.556899,214.5923,0.0,7.72,1.062,K0,1.158,Her,32.749,234,546.4485785781236,HD150048_TypK0_Mag7.72,"hms_tuple(h=16.0, m=38.0, s=3.6966168608697103)","dms_tuple(d=19.0, m=31.0, s=32.87335937286798)",249.515403,16.63436,19.525798
81184,149609,,16.63326,-46.154616,170.068,0.0,6.62,0.467,K4III,1.539,Ara,56.65,101,207.04024568445064,HD149609_TypK4_Mag6.62,"hms_tuple(h=16.0, m=38.0, s=26.539532106552315)","dms_tuple(d=-46.0, m=-11.0, s=-8.318283105435285)",249.610581,16.640705,-46.185644
81188,150449,,16.633462,56.01554,83.0565,-19.0,5.28,0.683,K1III,1.055,Dra,46.43,36,63.47428331594824,HD150449_TypK1_Mag5.28,"hms_tuple(h=16.0, m=38.0, s=33.63464815837858)","dms_tuple(d=55.0, m=59.0, s=3.7692795578414007)",249.640144,16.642676,55.98438
81195,149640,,16.634099,-44.30046,238.6635,-29.6,7.95,1.061,K0IV,1.17,Sco,32.779,280,669.391162362906,HD149640_TypK0_Mag7.95,"hms_tuple(h=16.0, m=38.0, s=28.698662756093256)","dms_tuple(d=-44.0, m=-19.0, s=-53.36895396461955)",249.619578,16.641305,-44.331491
81196,150255,,16.634454,39.57722,157.2327,0.0,6.74,0.757,K0,1.147,Her,43.371,111,230.16325744576756,HD150255_TypK0_Mag6.74,"hms_tuple(h=16.0, m=38.0, s=28.099271989824786)","dms_tuple(d=39.0, m=32.0, s=45.94048661768852)",249.61708,16.641139,39.546095
81202,150578,,16.636039,61.172327,246.3054,0.0,6.91,-0.047,K5,1.549,Dra,90.949,126,267.409023780344,HD150578_TypK5_Mag6.91,"hms_tuple(h=16.0, m=38.0, s=48.187735375961154)","dms_tuple(d=61.0, m=8.0, s=28.13995827246856)",249.700782,16.646719,61.14115
81222,149976,,16.64042,-7.153025,255.102,0.0,7.47,0.436,K2,1.607,Oph,58.291,194,438.2834686761904,HD149976_TypK2_Mag7.47,"hms_tuple(h=16.0, m=38.0, s=44.215555780168074)","dms_tuple(d=-7.0, m=-11.0, s=-2.762763056202786)",249.684231,16.645615,-7.184101
81233,150377,,16.642103,46.393854,188.6792,0.0,8.0,1.621,K0,0.991,Her,19.57,290,699.5823055523535,HD150377_TypK0_Mag8.0,"hms_tuple(h=16.0, m=38.0, s=58.46107769298044)","dms_tuple(d=46.0, m=21.0, s=45.780994874163525)",249.743588,16.649573,46.362717
81235,150050,,16.642648,-1.23152,119.9041,0.0,6.73,1.336,K0,1.274,Oph,25.445,110,228.14146549859603,HD150050_TypK0_Mag6.73,"hms_tuple(h=16.0, m=38.0, s=52.09402892183277)","dms_tuple(d=-1.0, m=-15.0, s=-45.36429719609316)",249.717058,16.647804,-1.262601
81237,149934,,16.642985,-18.825698,179.8561,0.0,6.97,0.695,K0III,1.455,Oph,45.92,132,281.9464748828664,HD149934_TypK0_Mag6.97,"hms_tuple(h=16.0, m=38.0, s=54.355155617235766)","dms_tuple(d=-18.0, m=-51.0, s=-24.345091517303672)",249.72648,16.648432,-18.856763
81250,150052,,16.646591,-8.61861,223.7136,0.0,6.44,-0.308,K5,1.806,Oph,115.664,88,176.63751357336122,HD150052_TypK5_Mag6.44,"hms_tuple(h=16.0, m=39.0, s=6.4978084701854755)","dms_tuple(d=-8.0, m=-38.0, s=-58.863865700881206)",249.777074,16.651805,-8.649684
81267,150509,,16.650515,50.829828,165.5629,0.0,7.03,0.935,K0,1.039,Her,36.813,138,297.27424144135534,HD150509_TypK0_Mag7.03,"hms_tuple(h=16.0, m=39.0, s=31.213726266492472)","dms_tuple(d=50.0, m=47.0, s=55.254090066783874)",249.880057,16.65867,50.798682
81291,150144,,16.654325,-1.757902,196.8504,0.0,7.5,1.029,K0,1.482,Oph,33.76,198,450.03925321819855,HD150144_TypK0_Mag7.5,"hms_tuple(h=16.0, m=39.0, s=34.135771647972604)","dms_tuple(d=-1.0, m=-47.0, s=-20.33777048633695)",249.892232,16.659482,-1.788983
81293,150296,,16.654842,22.221206,175.7469,0.0,7.53,1.306,K0,0.81,Her,26.158,203,462.11035531169057,HD150296_TypK0_Mag7.53,"hms_tuple(h=16.0, m=39.0, s=37.472246530754774)","dms_tuple(d=22.0, m=11.0, s=24.368555299934656)",249.906134,16.660409,22.190102
81300,150257,,16.65561,13.03805,239.2344,0.0,7.89,0.996,K0,1.033,Her,34.802,267,634.876663483802,HD150257_TypK0_Mag7.89,"hms_tuple(h=16.0, m=39.0, s=39.24137460554874)","dms_tuple(d=13.0, m=0.0, s=25.04017881465046)",249.913506,16.6609,13.006956
81305,150304,,16.656097,22.005968,178.2531,58.9,6.76,0.505,K0,1.292,Her,54.702,113,234.26075154331102,HD150304_TypK0_Mag6.76,"hms_tuple(h=16.0, m=39.0, s=41.959725922021676)","dms_tuple(d=21.0, m=58.0, s=29.512576977664366)",249.924832,16.661655,21.974865
81306,150206,,16.656499,3.392238,574.7126,0.0,7.68,-1.117,K2,1.53,Oph,243.669,227,527.4997120883073,HD150206_TypK2_Mag7.68,"hms_tuple(h=16.0, m=39.0, s=41.98509847692037)","dms_tuple(d=3.0, m=21.0, s=40.14933285886613)",249.924938,16.661663,3.361153
81308,150161,,16.656676,-3.105666,242.1308,0.0,7.75,0.83,K0,1.41,Oph,40.551,240,561.1056035680328,HD150161_TypK0_Mag7.75,"hms_tuple(h=16.0, m=39.0, s=42.618166084063205)","dms_tuple(d=-3.0, m=-8.0, s=-12.283744154992853)",249.927576,16.661838,-3.136745
81346,150463,,16.663284,34.625385,233.1002,0.0,7.82,0.982,K0,0.98,Her,35.253,253,596.8524553483364,HD150463_TypK0_Mag7.82,"hms_tuple(h=16.0, m=40.0, s=10.36476957221737)","dms_tuple(d=34.0, m=35.0, s=39.36002616248118)",250.043187,16.669546,34.594267
81366,150126,,16.669621,-28.940126,188.6792,0.0,6.89,0.511,K5III,1.591,Sco,54.4,124,262.73172769318006,HD150126_TypK5_Mag6.89,"hms_tuple(h=16.0, m=40.0, s=31.846594487741697)","dms_tuple(d=-28.0, m=-58.0, s=-16.246052562001694)",250.132694,16.675513,-28.971179
81369,150393,,16.670074,17.707212,561.7978,0.0,7.21,-1.538,K2,1.334,Her,359.087,159,348.44088743422355,HD150393_TypK2_Mag7.21,"hms_tuple(h=16.0, m=40.0, s=31.742631820696943)","dms_tuple(d=17.0, m=40.0, s=34.00691019170523)",250.132261,16.675484,17.676113
81373,150566,,16.670954,37.355651,534.7594,-3.0,7.77,-0.871,K2,1.317,Her,194.267,244,571.094717053101,HD150566_TypK2_Mag7.77,"hms_tuple(h=16.0, m=40.0, s=38.76991235802478)","dms_tuple(d=37.0, m=19.0, s=28.303959509955803)",250.161541,16.677436,37.324529
81382,150259,,16.676255,-20.408649,137.741,33.0,6.25,0.555,K0III,1.077,Oph,52.24,76,149.37548995214374,HD150259_TypK0_Mag6.25,"hms_tuple(h=16.0, m=40.0, s=54.32155140079544)","dms_tuple(d=-20.0, m=-26.0, s=-22.962840668479032)",250.22634,16.681756,-20.439712
81387,150871,,16.676995,56.167027,223.2143,0.0,7.47,0.726,K0,1.149,Dra,44.627,194,438.2834686761904,HD150871_TypK0_Mag7.47,"hms_tuple(h=16.0, m=41.0, s=10.48402524032582)","dms_tuple(d=56.0, m=8.0, s=9.120886562599821)",250.293683,16.686246,56.135867
81394,150567,,16.678419,28.915138,234.192,-53.4,7.69,0.842,K3III,1.21,Her,40.105,229,532.1744198083834,HD150567_TypK3_Mag7.69,"hms_tuple(h=16.0, m=41.0, s=3.5015709724527255)","dms_tuple(d=28.0, m=53.0, s=2.496752184275124)",250.26459,16.684306,28.884027
81410,151101,,16.681978,64.589046,225.7336,0.3,4.84,-1.928,K1p,1.212,Dra,514.28,26,43.05266060062844,HD151101_TypK1_Mag4.84,"hms_tuple(h=16.0, m=41.0, s=38.3162583112005)","dms_tuple(d=64.0, m=33.0, s=28.274374825612085)",250.409651,16.693977,64.557854
81412,150381,,16.682336,-8.309628,143.0615,0.0,6.47,0.692,K0,1.147,Oph,46.047,90,181.37534353960828,HD150381_TypK0_Mag6.47,"hms_tuple(h=16.0, m=41.0, s=15.164695311980267)","dms_tuple(d=-8.0, m=-20.0, s=-26.529701138957762)",250.313186,16.687546,-8.340703
81415,150709,,16.682433,42.461745,231.4815,0.0,7.57,0.747,K2,1.171,Her,43.772,209,478.71030262103807,HD150709_TypK2_Mag7.57,"hms_tuple(h=16.0, m=41.0, s=21.90018249889164)","dms_tuple(d=42.0, m=25.0, s=50.213880497113905)",250.341251,16.689417,42.430615
81420,150580,,16.683496,24.858705,132.1004,-68.0,6.07,0.465,K2,1.316,Her,56.754,66,127.44051305929695,HD150580_TypK2_Mag6.07,"hms_tuple(h=16.0, m=41.0, s=21.032083009280598)","dms_tuple(d=24.0, m=49.0, s=39.35467081368017)",250.337634,16.689176,24.827599
81430,150382,,16.685499,-11.838596,250.0,0.0,6.85,-0.14,K5,1.779,Oph,99.083,121,253.62113865358353,HD150382_TypK5_Mag6.85,"hms_tuple(h=16.0, m=41.0, s=26.758571494551973)","dms_tuple(d=-11.0, m=-52.0, s=-10.802561666688888)",250.361494,16.690766,-11.869667
81441,150493,,16.687982,1.245444,299.4012,0.0,6.4,-0.981,K0,1.019,Oph,214.981,85,170.51236146755156,HD150493_TypK0_Mag6.4,"hms_tuple(h=16.0, m=41.0, s=35.29609106878638)","dms_tuple(d=1.0, m=12.0, s=51.69798208181266)",250.397067,16.693138,1.214361
81445,150600,,16.688626,22.43674,132.8021,0.0,7.19,1.574,K0,0.991,Her,20.436,156,342.3462494285041,HD150600_TypK0_Mag7.19,"hms_tuple(h=16.0, m=41.0, s=39.12558682500077)","dms_tuple(d=22.0, m=24.0, s=20.290129965068218)",250.413023,16.694202,22.405636
81456,150568,,16.689616,16.106482,266.6667,0.0,7.83,0.7,K2,1.268,Her,45.709,255,602.141767772257,HD150568_TypK2_Mag7.83,"hms_tuple(h=16.0, m=41.0, s=41.92945084328926)","dms_tuple(d=16.0, m=4.0, s=31.38464072585009)",250.424706,16.69498,16.075385
81461,150214,,16.690218,-42.060501,373.1343,0.0,7.54,-0.319,K4/K5III:,1.595,Sco,116.842,204,466.20558189854603,HD150214_TypK4_Mag7.54,"hms_tuple(h=16.0, m=41.0, s=49.79134276437179)","dms_tuple(d=-42.0, m=-5.0, s=-29.53038311743512)",250.457464,16.697164,-42.091536
81470,150632,,16.69254,18.921507,401.6064,0.0,7.34,-0.679,K2,1.462,Her,162.78,175,390.78879304975095,HD150632_TypK2_Mag7.34,"hms_tuple(h=16.0, m=41.0, s=52.75709240147762)","dms_tuple(d=18.0, m=53.0, s=25.464495022137328)",250.469821,16.697988,18.890407
81471,150665,,16.692736,26.080127,223.7136,-6.9,7.77,1.022,K0IIIvar,1.086,Her,33.978,244,571.094717053101,HD150665_TypK0_Mag7.77,"hms_tuple(h=16.0, m=41.0, s=54.50447316184551)","dms_tuple(d=26.0, m=2.0, s=56.46896084564645)",250.477102,16.698473,26.049019
81480,150367,,16.693766,-27.809676,137.741,0.0,6.52,0.825,K1IIICN...,1.119,Sco,40.738,94,189.555805541093,HD150367_TypK1_Mag6.52,"hms_tuple(h=16.0, m=41.0, s=58.5434531265102)","dms_tuple(d=-27.0, m=-50.0, s=-26.63084234140456)",250.493931,16.699595,-27.840731
81497,150633,,16.697284,13.14884,47.6872,-76.1,7.95,4.558,K0,0.69,Her,1.309,280,669.391162362906,HD150633_TypK0_Mag7.95,"hms_tuple(h=16.0, m=42.0, s=9.27632094988013)","dms_tuple(d=13.0, m=7.0, s=3.8837960966833407)",250.538651,16.702577,13.117745
81513,150417,,16.701522,-30.529164,323.6246,0.0,7.69,0.14,K2III,1.307,Sco,76.56,229,532.1744198083834,HD150417_TypK2_Mag7.69,"hms_tuple(h=16.0, m=42.0, s=27.029340488104765)","dms_tuple(d=-30.0, m=-33.0, s=-36.77593911858537)",250.612622,16.707508,-30.560216
81558,150654,,16.709359,-2.11499,335.5705,0.0,7.64,0.011,K2,1.496,Oph,86.218,221,509.2079239683959,HD150654_TypK2_Mag7.64,"hms_tuple(h=16.0, m=42.0, s=52.26214705975167)","dms_tuple(d=-2.0, m=-8.0, s=-45.85339857129849)",250.717759,16.714517,-2.14607
81563,151541,,16.710793,68.102169,25.0188,10.4,7.56,5.569,K1V,0.769,Dra,0.516,208,474.5052325085976,HD151541_TypK1_Mag7.56,"hms_tuple(h=16.0, m=43.0, s=28.543800137475444)","dms_tuple(d=68.0, m=4.0, s=15.445441016473751)",250.868933,16.724596,68.070957
81583,150889,,16.715292,25.854927,233.6449,-57.4,7.59,0.747,K2III,1.165,Her,43.772,212,487.2325692121131,HD150889_TypK2_Mag7.59,"hms_tuple(h=16.0, m=43.0, s=15.666626403236421)","dms_tuple(d=25.0, m=49.0, s=25.749873669085446)",250.815278,16.721019,25.823819
81586,150830,,16.715845,15.654305,285.7143,0.0,7.41,0.13,K2,1.383,Her,77.268,185,415.6851208955647,HD150830_TypK2_Mag7.41,"hms_tuple(h=16.0, m=43.0, s=16.310630075117842)","dms_tuple(d=15.0, m=37.0, s=23.54904243399602)",250.817961,16.721197,15.623208
81597,150998,,16.71784,36.509643,431.0345,-16.0,6.86,-1.313,K2,1.541,Her,291.877,122,255.86873171888556,HD150998_TypK2_Mag6.86,"hms_tuple(h=16.0, m=43.0, s=27.302214247670236)","dms_tuple(d=36.0, m=28.0, s=42.679496444692404)",250.863759,16.724251,36.478522
81610,150765,,16.720135,-4.150225,568.1818,0.0,7.67,-1.102,K5,1.697,Oph,240.326,226,522.866067770482,HD150765_TypK5_Mag7.67,"hms_tuple(h=16.0, m=43.0, s=31.092246197927125)","dms_tuple(d=-4.0, m=-10.0, s=-52.69270600518006)",250.879551,16.725303,-4.181304
81613,150857,,16.720744,12.878324,183.8235,0.0,7.45,1.128,K5,1.484,Her,30.818,191,430.6173790127683,HD150857_TypK5_Mag7.45,"hms_tuple(h=16.0, m=43.0, s=33.71159200681262)","dms_tuple(d=12.0, m=50.0, s=50.027129978702334)",250.890465,16.726031,12.84723
81633,150905,,16.725939,12.418583,189.7533,0.0,7.21,0.819,K2,1.334,Her,40.964,159,348.44088743422355,HD150905_TypK2_Mag7.21,"hms_tuple(h=16.0, m=43.0, s=52.37943646028896)","dms_tuple(d=12.0, m=23.0, s=14.961112525163571)",250.968248,16.731217,12.387489
81638,151058,,16.727368,32.692307,142.8571,0.0,7.34,1.565,K0,1.086,Her,20.606,175,390.78879304975095,HD151058_TypK0_Mag7.34,"hms_tuple(h=16.0, m=44.0, s=0.5668979945986052)","dms_tuple(d=32.0, m=39.0, s=40.28836780295592)",251.002362,16.733491,32.661191
81640,150891,,16.727448,6.618562,234.7418,0.0,7.7,0.847,K0,0.843,Her,39.921,231,536.8905548349917,HD150891_TypK0_Mag7.7,"hms_tuple(h=16.0, m=43.0, s=57.49285054175999)","dms_tuple(d=6.0, m=35.0, s=14.905074013448427)",250.989554,16.732637,6.587474
81646,150859,,16.7283,-0.783981,212.766,0.0,7.32,0.68,K0,1.204,Oph,46.559,173,383.9534407239423,HD150859_TypK0_Mag7.32,"hms_tuple(h=16.0, m=44.0, s=0.43860012793203396)","dms_tuple(d=-0.0, m=-48.0, s=-54.2253647129661)",251.001828,16.733455,-0.815063
81672,150965,,16.733445,9.021612,294.9853,0.0,7.99,0.641,K0,0.984,Her,48.261,288,693.4370594020932,HD150965_TypK0_Mag7.99,"hms_tuple(h=16.0, m=44.0, s=19.18954235487064)","dms_tuple(d=8.0, m=59.0, s=25.877048216187717)",251.079956,16.738664,8.990521
81680,150803,,16.734666,-18.541222,335.5705,0.0,7.45,-0.179,K2III,1.611,Oph,102.707,191,430.6173790127683,HD150803_TypK2_Mag7.45,"hms_tuple(h=16.0, m=44.0, s=24.373801121161023)","dms_tuple(d=-18.0, m=-34.0, s=-20.232531044482585)",251.101558,16.740104,-18.572287
81683,151668,,16.737225,65.237395,315.4574,0.0,7.86,0.365,K0,1.219,Dra,62.23,261,618.2926139519136,HD151668_TypK0_Mag7.86,"hms_tuple(h=16.0, m=44.0, s=58.26081249969292)","dms_tuple(d=65.0, m=12.0, s=22.31897805040603)",251.242753,16.749517,65.2062
81684,150689,,16.737506,-38.943634,14.2633,0.0,7.52,6.749,K2V,1.024,Sco,0.174,201,458.0511018694067,HD150689_TypK2_Mag7.52,"hms_tuple(h=16.0, m=44.0, s=38.891103205640434)","dms_tuple(d=-38.0, m=-58.0, s=-28.826884440316007)",251.162046,16.744136,-38.974674
81712,151352,,16.743467,48.264418,684.9315,0.0,7.71,-1.468,K5,1.614,Her,336.667,233,541.648484297334,HD151352_TypK5_Mag7.71,"hms_tuple(h=16.0, m=45.0, s=4.339999695291397)","dms_tuple(d=48.0, m=13.0, s=59.798057887384175)",251.268083,16.751206,48.233277
81732,151088,,16.747697,9.951715,355.8719,0.0,7.88,0.124,K5,1.59,Her,77.696,265,629.299802346522,HD151088_TypK5_Mag7.88,"hms_tuple(h=16.0, m=45.0, s=10.547606109611252)","dms_tuple(d=9.0, m=55.0, s=14.24471470833737)",251.293948,16.75293,9.920624
81739,151046,,16.749955,-0.614699,526.3158,0.0,7.64,-0.966,K5,1.677,Oph,212.031,221,509.2079239683959,HD151046_TypK5_Mag7.64,"hms_tuple(h=16.0, m=45.0, s=18.395901091311373)","dms_tuple(d=-0.0, m=-38.0, s=-44.810719707760995)",251.32665,16.75511,-0.645781
81745,151202,,16.750639,23.7177,50.2008,0.0,7.32,3.816,K0,0.987,Her,2.592,173,383.9534407239423,HD151202_TypK0_Mag7.32,"hms_tuple(h=16.0, m=45.0, s=22.564215980813174)","dms_tuple(d=23.0, m=41.0, s=11.741170718922831)",251.344018,16.756268,23.686595
81755,151407,,16.752365,44.113331,100000.0,0.0,7.96,-12.04,K0,1.159,Her,5701642.723,282,675.323313533301,HD151407_TypK0_Mag7.96,"hms_tuple(h=16.0, m=45.0, s=34.3467024251936)","dms_tuple(d=44.0, m=4.0, s=55.913270992326716)",251.393111,16.759541,44.082198
81761,151388,,16.753277,43.217169,221.7295,-13.0,6.07,-0.659,K4III,1.415,Her,159.809,66,127.44051305929695,HD151388_TypK4_Mag6.07,"hms_tuple(h=16.0, m=45.0, s=37.24751656950218)","dms_tuple(d=43.0, m=11.0, s=9.735679359970959)",251.405198,16.760347,43.186038
81770,150924,,16.75528,-30.806737,141.0437,0.0,6.99,1.243,K2III/IV,1.219,Sco,27.72,134,286.96584256768466,HD150924_TypK2_Mag6.99,"hms_tuple(h=16.0, m=45.0, s=40.62021618305778)","dms_tuple(d=-30.0, m=-50.0, s=-16.037508482602902)",251.419251,16.761283,-30.837788
81786,151011,,16.758382,-19.136927,250.6266,-23.3,6.6,-0.395,K5II,1.876,Oph,125.314,100,203.41887002054995,HD151011_TypK5_Mag6.6,"hms_tuple(h=16.0, m=45.0, s=49.821092338387984)","dms_tuple(d=-19.0, m=-10.0, s=-4.768350181998926)",251.457588,16.763839,-19.167991
81822,151217,,16.763859,8.582616,108.5776,-21.0,5.15,-0.029,K5III,1.535,Her,89.454,33,56.59587992597486,HD151217_TypK5_Mag5.15,"hms_tuple(h=16.0, m=46.0, s=8.657745467740483)","dms_tuple(d=8.0, m=33.0, s=5.4929215038126245)",251.536074,16.769072,8.551526
81823,151543,,16.764404,46.04469,306.7485,0.0,7.48,0.046,K0,1.211,Her,83.483,195,442.16754115556887,HD151543_TypK0_Mag7.48,"hms_tuple(h=16.0, m=46.0, s=18.574405790227786)","dms_tuple(d=46.0, m=0.0, s=48.79298303315238)",251.577393,16.771826,46.013554
81863,151409,,16.773693,20.02311,243.309,0.0,7.75,0.819,K0,1.155,Her,40.964,240,561.1056035680328,HD151409_TypK0_Mag7.75,"hms_tuple(h=16.0, m=46.0, s=45.04145000442122)","dms_tuple(d=19.0, m=59.0, s=31.231233932844873)",251.687673,16.779178,19.992009
81883,151078,,16.779989,-39.376962,88.2613,-9.0,5.48,0.751,K0III,0.975,Sco,43.611,42,75.72393506468185,HD151078_TypK0_Mag5.48,"hms_tuple(h=16.0, m=47.0, s=11.977546248548094)","dms_tuple(d=-39.0, m=-24.0, s=-28.805319707686863)",251.799906,16.78666,-39.408001
81888,151179,,16.780929,-25.52857,216.4502,2.0,6.72,0.043,K0II,1.177,Sco,83.714,109,226.137433304753,HD151179_TypK0_Mag6.72,"hms_tuple(h=16.0, m=47.0, s=11.914145465863442)","dms_tuple(d=-25.0, m=-33.0, s=-34.65861344956494)",251.799642,16.786643,-25.559627
81889,151837,,16.781011,55.409979,201.2072,-7.0,7.34,0.822,K2,1.348,Dra,40.851,175,390.78879304975095,HD151837_TypK2_Mag7.34,"hms_tuple(h=16.0, m=47.0, s=24.301397780445484)","dms_tuple(d=55.0, m=22.0, s=43.75592493801037)",251.851256,16.790084,55.378821
81893,152048,,16.781711,63.386013,543.4783,0.0,7.62,-1.056,K5,1.577,Dra,230.356,217,500.3012827613783,HD152048_TypK5_Mag7.62,"hms_tuple(h=16.0, m=47.0, s=35.538056258998836)","dms_tuple(d=63.0, m=21.0, s=17.37604221325114)",251.898075,16.793205,63.354827
81908,152222,,16.784614,67.266817,440.5286,0.0,7.05,-1.17,K2,1.514,Dra,255.859,141,302.5664825365462,HD152222_TypK2_Mag7.05,"hms_tuple(h=16.0, m=47.0, s=52.56778791429923)","dms_tuple(d=67.0, m=14.0, s=8.197189489189896)",251.969032,16.797935,67.23561
81911,151493,,16.786046,13.031367,819.6721,0.0,7.91,-1.658,K2,1.48,Her,401.051,271,646.179090335777,HD151493_TypK2_Mag7.91,"hms_tuple(h=16.0, m=47.0, s=28.810461600753285)","dms_tuple(d=13.0, m=0.0, s=0.98140188973872)",251.870044,16.791336,13.000273
81914,152124,,16.787751,63.531509,229.3578,0.0,6.8,-0.003,K5,1.556,Dra,87.337,116,242.67587595584382,HD152124_TypK5_Mag6.8,"hms_tuple(h=16.0, m=47.0, s=57.49267471840966)","dms_tuple(d=63.0, m=30.0, s=1.1592587494618556)",251.989553,16.799304,63.500322
81948,151748,,16.793063,39.445734,348.4321,0.0,7.93,0.219,K2,1.177,Her,71.187,275,657.682729265769,HD151748_TypK2_Mag7.93,"hms_tuple(h=16.0, m=47.0, s=59.04622228023612)","dms_tuple(d=39.0, m=24.0, s=52.59161010330956)",251.996026,16.799735,39.414609
81952,153372,,16.793958,79.503707,469.4836,-28.7,6.83,-1.528,K0,1.267,UMi,355.795,119,249.18500877779775,HD153372_TypK0_Mag6.83,"hms_tuple(h=16.0, m=49.0, s=19.81343325314441)","dms_tuple(d=79.0, m=28.0, s=20.438113714136534)",252.332556,16.82217,79.472344
81962,152376,,16.796181,67.842194,259.0674,0.0,7.6,0.533,K0,1.106,Dra,53.309,214,491.5504291096121,HD152376_TypK0_Mag7.6,"hms_tuple(h=16.0, m=48.0, s=35.38731635469901)","dms_tuple(d=67.0, m=48.0, s=39.54148317246904)",252.147447,16.80983,67.810984
81967,151626,,16.796539,20.205251,179.8561,0.0,7.6,1.325,K0,0.983,Her,25.704,214,491.5504291096121,HD151626_TypK0_Mag7.6,"hms_tuple(h=16.0, m=48.0, s=7.310014295694316)","dms_tuple(d=20.0, m=10.0, s=26.938157065916357)",252.030458,16.802031,20.174149
81987,151616,,16.801662,11.132421,169.2047,0.0,7.42,1.278,K0,0.957,Her,26.841,187,419.36892659107707,HD151616_TypK0_Mag7.42,"hms_tuple(h=16.0, m=48.0, s=24.893773431271597)","dms_tuple(d=11.0, m=6.0, s=4.782310980264413)",252.103724,16.806915,11.101328
81991,151779,,16.803204,32.417857,295.858,0.0,7.97,0.615,K2,1.044,Her,49.431,284,681.3080354866522,HD151779_TypK2_Mag7.97,"hms_tuple(h=16.0, m=48.0, s=33.509274736057364)","dms_tuple(d=32.0, m=23.0, s=12.269633254667838)",252.139622,16.809308,32.386742
81995,151415,,16.803842,-24.526649,243.9024,-77.9,7.08,0.144,K4III,1.695,Oph,76.278,144,310.68202106935195,HD151415_TypK4_Mag7.08,"hms_tuple(h=16.0, m=48.0, s=34.23344678189409)","dms_tuple(d=-24.0, m=-33.0, s=-27.747015872114105)",252.142639,16.809509,-24.557708
82000,151897,,16.806183,42.233796,253.1646,0.0,7.96,0.943,K2,1.132,Her,36.543,282,675.323313533301,HD151897_TypK2_Mag7.96,"hms_tuple(h=16.0, m=48.0, s=47.309279112407125)","dms_tuple(d=42.0, m=12.0, s=9.598847112725934)",252.197122,16.813141,42.202666
82003,152105,,16.80705,55.389851,384.6154,0.0,7.86,-0.065,K0,1.278,Dra,92.47,261,618.2926139519136,HD152105_TypK0_Mag7.86,"hms_tuple(h=16.0, m=48.0, s=58.02518877487273)","dms_tuple(d=55.0, m=21.0, s=31.29532923615784)",252.241772,16.816118,55.358693
82011,151780,,16.808913,26.599497,227.7904,-22.9,7.85,1.062,K1III,1.136,Her,32.749,259,612.8614298360975,HD151780_TypK1_Mag7.85,"hms_tuple(h=16.0, m=48.0, s=52.83445217339249)","dms_tuple(d=26.0, m=34.0, s=6.198842157261311)",252.220144,16.814676,26.568389
82027,151396,,16.811988,-38.074095,155.0388,0.0,7.89,1.938,K0III,1.263,Sco,14.615,267,634.876663483802,HD151396_TypK0_Mag7.89,"hms_tuple(h=16.0, m=49.0, s=6.739471837037172)","dms_tuple(d=-38.0, m=-6.0, s=-18.491143662611762)",252.278081,16.818539,-38.105136
82052,151782,,16.816774,12.881954,884.9558,0.0,7.35,-2.385,K5,1.581,Her,783.43,177,394.25196723909164,HD151782_TypK5_Mag7.35,"hms_tuple(h=16.0, m=49.0, s=19.419867058265652)","dms_tuple(d=12.0, m=51.0, s=3.095117460553496)",252.330916,16.822061,12.85086
82058,151935,,16.817842,34.9563,192.6782,0.0,6.92,0.496,K0,1.257,Her,55.157,127,269.7788052214281,HD151935_TypK0_Mag6.92,"hms_tuple(h=16.0, m=49.0, s=26.864103244826367)","dms_tuple(d=34.0, m=55.0, s=30.652419004596254)",252.361934,16.824129,34.925181
82064,151796,,16.819334,12.909142,130.8901,0.0,6.64,1.055,K0,0.94,Her,32.961,103,210.72609108853683,HD151796_TypK0_Mag6.64,"hms_tuple(h=16.0, m=49.0, s=28.637929822928356)","dms_tuple(d=12.0, m=52.0, s=40.971823690329074)",252.369325,16.824622,12.878048
82072,151937,,16.820912,29.96471,242.7184,-43.2,6.59,-0.336,K1II-III,1.211,Her,118.686,99,201.63200517568157,HD151937_TypK1_Mag6.59,"hms_tuple(h=16.0, m=49.0, s=36.69634597960311)","dms_tuple(d=29.0, m=56.0, s=0.9514183145392963)",252.402901,16.82686,29.933598
82080,152223,,16.823166,52.916856,341.2969,0.0,7.09,-0.576,K0,1.076,Dra,148.047,145,313.4352882448582,HD152223_TypK0_Mag7.09,"hms_tuple(h=16.0, m=49.0, s=54.150861443658584)","dms_tuple(d=52.0, m=53.0, s=8.536955949706453)",252.475629,16.831709,52.885705
82084,152644,,16.824181,67.596569,352.1127,0.0,7.9,0.167,K0,1.007,Dra,74.679,269,640.5029468202126,HD152644_TypK0_Mag7.9,"hms_tuple(h=16.0, m=50.0, s=15.67668473495445)","dms_tuple(d=67.0, m=33.0, s=55.297069587574015)",252.56532,16.837688,67.56536
82095,151579,,16.825898,-31.651375,149.925,0.0,6.81,0.931,K0III,1.149,Sco,36.949,117,244.8264719937363,HD151579_TypK0_Mag6.81,"hms_tuple(h=16.0, m=49.0, s=55.03929774087396)","dms_tuple(d=-31.0, m=-40.0, s=-56.730519306601934)",252.47933,16.831955,-31.682425
82103,152153,,16.827936,43.430437,170.6485,-20.0,6.18,0.019,K0IV,1.257,Her,85.585,72,140.42905193202526,HD152153_TypK0_Mag6.18,"hms_tuple(h=16.0, m=50.0, s=6.109321335091522)","dms_tuple(d=43.0, m=23.0, s=57.49915977102489)",252.525456,16.83503,43.399305
82116,151952,,16.830536,21.677864,161.0306,0.0,7.82,1.785,K0,1.139,Her,16.827,253,596.8524553483364,HD151952_TypK0_Mag7.82,"hms_tuple(h=16.0, m=50.0, s=9.894320410776913)","dms_tuple(d=21.0, m=38.0, s=48.33942475060951)",252.541226,16.836082,21.646761
82123,152238,,16.833169,46.649076,223.2143,0.0,6.9,0.156,K2,1.458,Her,75.44,125,265.0600588895962,HD152238_TypK2_Mag6.9,"hms_tuple(h=16.0, m=50.0, s=26.425155557626567)","dms_tuple(d=46.0, m=37.0, s=4.578429853610828)",252.610105,16.840674,46.617938
82127,151953,,16.833838,14.034235,144.9275,0.0,7.73,1.924,K0,1.036,Her,14.805,236,551.2912113423957,HD151953_TypK0_Mag7.73,"hms_tuple(h=16.0, m=50.0, s=20.941872652689142)","dms_tuple(d=14.0, m=0.0, s=11.302724869663194)",252.587258,16.839151,14.00314
82139,152154,,16.835117,36.040022,854.7009,0.0,7.94,-1.719,K2,1.568,Her,424.229,277,663.5111201850515,HD152154_TypK2_Mag7.94,"hms_tuple(h=16.0, m=50.0, s=29.361163656233202)","dms_tuple(d=36.0, m=0.0, s=32.04626313932124)",252.622338,16.841489,36.008902
82143,151680,Larawag,16.83608,-34.293232,19.5351,-3.0,2.29,0.836,K2IIIb,1.144,Sco,40.327,3,4.538361101539175,HD151680_TypK2_Mag2.29,"hms_tuple(h=16.0, m=50.0, s=32.3575926504418)","dms_tuple(d=-34.0, m=-19.0, s=-27.40340127852562)",252.634823,16.842322,-34.324279
82144,151954,,16.836197,11.075408,364.9635,0.0,7.96,0.149,K5,1.63,Her,75.928,282,675.323313533301,HD151954_TypK5_Mag7.96,"hms_tuple(h=16.0, m=50.0, s=29.216091263209876)","dms_tuple(d=11.0, m=2.0, s=39.535705025647445)",252.621734,16.841449,11.044315
82167,152262,,16.843363,41.8965,114.4165,-37.0,6.29,0.998,K3III:,1.086,Her,34.738,79,154.74136248456367,HD152262_TypK3_Mag6.29,"hms_tuple(h=16.0, m=51.0, s=1.0246891325772367)","dms_tuple(d=41.0, m=51.0, s=55.33525131061424)",252.75427,16.850285,41.865371
82174,152224,,16.845319,32.553668,94.0734,-30.0,6.16,1.293,K0III,1.014,Her,26.473,71,137.97278383067092,HD152224_TypK0_Mag6.16,"hms_tuple(h=16.0, m=51.0, s=5.156425583637656)","dms_tuple(d=32.0, m=31.0, s=21.18860801476444)",252.771485,16.851432,32.522552
82185,152414,,16.847544,48.343772,100000.0,0.0,7.77,-12.23,K0,1.342,Her,6792036.326,244,571.094717053101,HD152414_TypK0_Mag7.77,"hms_tuple(h=16.0, m=51.0, s=19.06049802477071)","dms_tuple(d=48.0, m=18.0, s=45.47187070565826)",252.829419,16.855295,48.312631
82189,152465,,16.848732,51.128442,225.2252,0.0,7.96,1.197,K0,1.225,Her,28.92,282,675.323313533301,HD152465_TypK0_Mag7.96,"hms_tuple(h=16.0, m=51.0, s=24.984144183128763)","dms_tuple(d=51.0, m=5.0, s=50.26202398906321)",252.854101,16.85694,51.097295
82206,151856,,16.85154,-27.979919,261.0966,-16.5,7.87,0.786,K2III,1.3,Sco,42.228,263,623.771929275639,HD151856_TypK2_Mag7.87,"hms_tuple(h=16.0, m=51.0, s=26.562930639948377)","dms_tuple(d=-28.0, m=-0.0, s=-39.50492749858654)",252.860679,16.857379,-28.010974
82211,152174,,16.852238,18.077523,285.7143,0.0,7.41,0.13,K0,1.141,Her,77.268,185,415.6851208955647,HD152174_TypK0_Mag7.41,"hms_tuple(h=16.0, m=51.0, s=27.57363768452109)","dms_tuple(d=18.0, m=2.0, s=47.12517025999745)",252.86489,16.857659,18.046424
82213,151925,,16.85285,-19.186685,217.3913,0.0,7.98,1.294,K0/K1III,1.303,Oph,26.448,286,687.3457941057625,HD151925_TypK0_Mag7.98,"hms_tuple(h=16.0, m=51.0, s=29.911832226339072)","dms_tuple(d=-19.0, m=-13.0, s=-3.8969673120260495)",252.874633,16.858309,-19.217749
82215,151843,,16.853192,-30.672432,316.4557,0.0,7.76,0.258,K0III,1.147,Sco,68.675,242,566.0781270342421,HD151843_TypK0_Mag7.76,"hms_tuple(h=16.0, m=51.0, s=33.07327272078112)","dms_tuple(d=-30.0, m=-42.0, s=-12.540104815693383)",252.887805,16.859187,-30.703483
82226,152551,,16.856508,50.773065,189.7533,0.0,7.47,1.079,K0,1.08,Her,32.24,194,438.2834686761904,HD152551_TypK0_Mag7.47,"hms_tuple(h=16.0, m=51.0, s=52.75292177374752)","dms_tuple(d=50.0, m=44.0, s=30.9077552744958)",252.969804,16.864654,50.741919
82234,152275,,16.858725,23.625681,178.2531,0.0,7.62,1.365,K0,1.046,Her,24.774,217,500.3012827613783,HD152275_TypK0_Mag7.62,"hms_tuple(h=16.0, m=51.0, s=51.659575233723274)","dms_tuple(d=23.0, m=35.0, s=40.47313015291394)",252.965248,16.86435,23.594576
82252,152326,,16.862573,24.656433,214.1328,-16.0,5.03,-1.623,K2II-III,1.246,Her,388.329,30,50.910058428254736,HD152326_TypK2_Mag5.03,"hms_tuple(h=16.0, m=52.0, s=5.676069358006259)","dms_tuple(d=24.0, m=37.0, s=31.1762744706715)",253.02365,16.868243,24.625327
82253,152307,,16.862617,20.574073,160.2564,0.0,6.88,0.856,K0,1.129,Her,39.591,123,260.4238489413245,HD152307_TypK0_Mag6.88,"hms_tuple(h=16.0, m=52.0, s=5.238093786215643)","dms_tuple(d=20.0, m=32.0, s=34.69598159224773)",253.021825,16.868122,20.542971
82261,152674,,16.864433,54.331015,257.732,0.0,7.25,0.194,K0,1.207,Dra,72.845,164,360.95759541392204,HD152674_TypK0_Mag7.25,"hms_tuple(h=16.0, m=52.0, s=23.758902233575725)","dms_tuple(d=54.0, m=17.0, s=59.49619223648199)",253.098995,16.873266,54.29986
82280,152495,,16.869824,35.489637,500.0,0.0,7.56,-0.935,K5,1.55,Her,206.063,208,474.5052325085976,HD152495_TypK5_Mag7.56,"hms_tuple(h=16.0, m=52.0, s=34.14836566493193)","dms_tuple(d=35.0, m=27.0, s=30.663001234133276)",253.142285,16.876152,35.458518
82285,152212,,16.870933,-5.788834,80.2568,0.0,7.83,3.308,K0,0.986,Oph,4.138,255,602.141767772257,HD152212_TypK0_Mag7.83,"hms_tuple(h=16.0, m=52.0, s=34.01166804754638)","dms_tuple(d=-5.0, m=-49.0, s=-11.679693165006313)",253.141715,16.876114,-5.819911
82292,152328,,16.872148,11.241894,442.4779,0.0,7.04,-1.189,K5,1.611,Oph,260.375,140,299.90868873980725,HD152328_TypK5_Mag7.04,"hms_tuple(h=16.0, m=52.0, s=38.6505002663003)","dms_tuple(d=11.0, m=12.0, s=38.884738172903184)",253.161044,16.877403,11.210801
82306,152255,,16.875051,-5.14964,132.9787,0.0,7.56,1.941,K0,1.206,Oph,14.575,208,474.5052325085976,HD152255_TypK0_Mag7.56,"hms_tuple(h=16.0, m=52.0, s=48.81644045724045)","dms_tuple(d=-5.0, m=-10.0, s=-50.58340788589497)",253.203402,16.880227,-5.180718
82314,152445,,16.877865,20.973641,291.5452,0.0,7.51,0.186,K5,1.405,Her,73.384,200,454.02750557766933,HD152445_TypK5_Mag7.51,"hms_tuple(h=16.0, m=53.0, s=0.18330197226788414)","dms_tuple(d=20.0, m=56.0, s=33.13928394321067)",253.250764,16.883384,20.942539
82352,152482,,16.887054,10.874479,680.2721,0.0,6.92,-2.243,K5,1.495,Oph,687.385,127,269.7788052214281,HD152482_TypK5_Mag6.92,"hms_tuple(h=16.0, m=53.0, s=32.288474815161976)","dms_tuple(d=10.0, m=50.0, s=36.191988295374955)",253.384535,16.892302,10.843387
82359,152812,,16.888213,47.416725,201.2072,-63.0,5.99,-0.528,K2III,1.325,Her,141.645,62,118.75539918732655,HD152812_TypK2_Mag5.99,"hms_tuple(h=16.0, m=53.0, s=44.97456006099554)","dms_tuple(d=47.0, m=23.0, s=8.109419059028937)",253.437394,16.895826,47.385586
82393,152813,,16.893786,43.783554,160.2564,0.0,7.53,1.506,K0,1.187,Her,21.757,203,462.11035531169057,HD152813_TypK0_Mag7.53,"hms_tuple(h=16.0, m=54.0, s=3.319528301333321)","dms_tuple(d=43.0, m=45.0, s=8.718154309167403)",253.513831,16.900922,43.752422
82401,152629,,16.896049,21.17294,188.6792,0.0,7.34,0.961,K0,1.07,Her,35.942,175,390.78879304975095,HD152629_TypK0_Mag7.34,"hms_tuple(h=16.0, m=54.0, s=5.672308519267801)","dms_tuple(d=21.0, m=8.0, s=30.614933953482364)",253.523635,16.901576,21.141837
82412,152418,,16.899147,-17.976473,201.6129,0.0,7.68,1.157,K0III,1.337,Oph,30.005,227,527.4997120883073,HD152418_TypK0_Mag7.68,"hms_tuple(h=16.0, m=54.0, s=16.441727500693162)","dms_tuple(d=-18.0, m=-0.0, s=-27.13818454617467)",253.568507,16.904567,-18.007538
82424,153166,,16.900519,60.362267,724.6377,-42.2,7.04,-2.261,K0,1.31,Dra,698.876,140,299.90868873980725,HD153166_TypK0_Mag7.04,"hms_tuple(h=16.0, m=54.0, s=39.35773173408904)","dms_tuple(d=60.0, m=19.0, s=51.93507254766473)",253.663991,16.910933,60.331093
82428,153265,,16.90092,63.870551,238.6635,0.0,7.89,1.001,K2,0.897,Dra,34.642,267,634.876663483802,HD153265_TypK2_Mag7.89,"hms_tuple(h=16.0, m=54.0, s=45.40135099955677)","dms_tuple(d=63.0, m=50.0, s=21.704809290267235)",253.689172,16.912611,63.839362
82446,152556,,16.90498,-6.711819,456.621,0.0,7.97,-0.328,K5,1.815,Oph,117.815,284,681.3080354866522,HD152556_TypK5_Mag7.97,"hms_tuple(h=16.0, m=54.0, s=36.6139728469895)","dms_tuple(d=-6.0, m=-44.0, s=-34.42263090628032)",253.652558,16.910171,-6.742895
82450,152905,,16.905263,43.406397,202.8398,0.0,7.05,0.514,K0,1.011,Her,54.25,141,302.5664825365462,HD152905_TypK0_Mag7.05,"hms_tuple(h=16.0, m=54.0, s=44.47639434520937)","dms_tuple(d=43.0, m=22.0, s=30.955308981463077)",253.685318,16.912355,43.375265
82476,152334,,16.909731,-42.361313,40.568,-19.0,3.62,0.579,K4III,1.393,Sco,51.098,10,14.673180100510582,HD152334_TypK4_Mag3.62,"hms_tuple(h=16.0, m=55.0, s=0.15764809023437465)","dms_tuple(d=-42.0, m=-23.0, s=-32.45178393317303)",253.750657,16.91671,-42.392348
82477,152601,,16.909915,-6.153982,73.8007,-17.0,5.23,0.89,K2III,1.1,Oph,38.371,35,60.73498993870038,HD152601_TypK2_Mag5.23,"hms_tuple(h=16.0, m=54.0, s=54.35937179368352)","dms_tuple(d=-6.0, m=-11.0, s=-6.2112829767416144)",253.726497,16.9151,-6.185059
82488,152952,,16.911847,40.708807,222.2222,0.0,7.73,0.996,K0,0.983,Her,34.802,236,551.2912113423957,HD152952_TypK0_Mag7.73,"hms_tuple(h=16.0, m=55.0, s=7.117834668463274)","dms_tuple(d=40.0, m=40.0, s=39.647344158930764)",253.779658,16.918644,40.67768
82518,152895,,16.916032,30.706042,298.5075,0.0,7.88,0.505,K5,1.55,Her,54.702,265,629.299802346522,HD152895_TypK5_Mag7.88,"hms_tuple(h=16.0, m=55.0, s=19.290890004376138)","dms_tuple(d=30.0, m=40.0, s=29.743358067848646)",253.830379,16.922025,30.674929
82537,152677,,16.918869,-6.650974,125.3133,0.0,6.82,1.33,K0,1.307,Oph,25.586,118,246.99612663521023,HD152677_TypK0_Mag6.82,"hms_tuple(h=16.0, m=55.0, s=26.612037540087385)","dms_tuple(d=-6.0, m=-40.0, s=-55.38083311815143)",253.860883,16.924059,-6.68205
82546,153623,,16.921252,67.959001,215.5172,0.0,7.69,1.023,K0,1.118,Dra,33.947,229,532.1744198083834,HD153623_TypK0_Mag7.69,"hms_tuple(h=16.0, m=56.0, s=5.889849503719233)","dms_tuple(d=67.0, m=55.0, s=40.0439851563533)",254.024541,16.934969,67.92779
82549,152879,,16.922825,18.433213,120.048,12.0,5.35,-0.047,K4III,1.407,Her,90.949,38,67.51809571619467,HD152879_TypK4_Mag5.35,"hms_tuple(h=16.0, m=55.0, s=41.726770793717094)","dms_tuple(d=18.0, m=24.0, s=7.607877909997853)",253.923862,16.928257,18.402113
82568,152618,,16.925639,-29.276894,523.5602,0.0,7.75,-0.845,K0III,1.234,Oph,189.671,240,561.1056035680328,HD152618_TypK0_Mag7.75,"hms_tuple(h=16.0, m=55.0, s=53.5810131153184)","dms_tuple(d=-29.0, m=-18.0, s=-28.609405529924175)",253.973254,16.93155,-29.307947
82580,152524,,16.92717,-39.504977,709.2199,0.0,7.28,-1.974,K2II/III,1.81,Sco,536.537,168,370.63931974020056,HD152524_TypK2_Mag7.28,"hms_tuple(h=16.0, m=56.0, s=1.8733777280695563)","dms_tuple(d=-39.0, m=-32.0, s=-9.658615489810813)",254.007806,16.933854,-39.536016
82592,152796,,16.930325,-6.123391,148.368,-54.0,7.43,1.573,K0,1.231,Oph,20.455,188,423.08537820947436,HD152796_TypK0_Mag7.43,"hms_tuple(h=16.0, m=56.0, s=7.8342945248815)","dms_tuple(d=-6.0, m=-9.0, s=-16.083784425449323)",254.032643,16.93551,-6.154468
82593,154527,,16.930932,77.959698,210.5263,0.0,7.49,0.873,K0,1.084,UMi,38.976,197,446.0860343240754,HD154527_TypK0_Mag7.49,"hms_tuple(h=16.0, m=57.0, s=20.086891924721613)","dms_tuple(d=77.0, m=55.0, s=42.13815445302771)",254.333695,16.95558,77.928372
82601,152636,,16.932708,-33.506873,246.9136,-93.0,6.29,-0.673,K5III,1.747,Sco,161.883,79,154.74136248456367,HD152636_TypK5_Mag6.29,"hms_tuple(h=16.0, m=56.0, s=20.01187365996003)","dms_tuple(d=-33.0, m=-32.0, s=-16.514745764523582)",254.083383,16.938892,-33.537921
82607,152781,,16.933845,-16.806263,42.0168,-3.0,6.33,3.213,K0/K1III/IV,0.952,Oph,4.516,81,160.2999881121757,HD152781_TypK0_Mag6.33,"hms_tuple(h=16.0, m=56.0, s=21.229861417919835)","dms_tuple(d=-16.0, m=-50.0, s=-14.386398421986257)",254.088458,16.939231,-16.83733
82611,152898,,16.934887,1.420646,298.5075,0.0,7.7,0.325,K0,1.367,Oph,64.565,231,536.8905548349917,HD152898_TypK0_Mag7.7,"hms_tuple(h=16.0, m=56.0, s=24.15538104233491)","dms_tuple(d=1.0, m=23.0, s=22.424607474831006)",254.100647,16.940043,1.389562
82615,152637,,16.935933,-37.188055,142.8571,0.0,7.41,1.635,K0III,1.049,Sco,19.32,185,415.6851208955647,HD152637_TypK0_Mag7.41,"hms_tuple(h=16.0, m=56.0, s=32.661656914518176)","dms_tuple(d=-37.0, m=-13.0, s=-8.751778589059427)",254.13609,16.942406,-37.219098
82616,152972,,16.936004,15.383669,163.9344,0.0,6.58,0.507,K0,1.236,Her,54.601,98,199.86083644579665,HD152972_TypK0_Mag6.58,"hms_tuple(h=16.0, m=56.0, s=28.85782650554006)","dms_tuple(d=15.0, m=21.0, s=9.260397694623066)",254.120241,16.941349,15.352572
82662,153064,,16.944349,14.140252,131.5789,0.0,6.77,1.174,K0,0.945,Her,29.539,113,236.33677266456448,HD153064_TypK0_Mag6.77,"hms_tuple(h=16.0, m=56.0, s=58.790334767516015)","dms_tuple(d=14.0, m=6.0, s=32.963555562836575)",254.24496,16.949664,14.109157
82670,153648,,16.946865,61.475118,196.0784,0.0,7.32,0.858,K0,1.086,Dra,39.518,173,383.9534407239423,HD153648_TypK0_Mag7.32,"hms_tuple(h=16.0, m=57.0, s=27.534140539720227)","dms_tuple(d=61.0, m=26.0, s=38.1832562887746)",254.364726,16.957648,61.44394
82672,153033,,16.947532,6.501328,434.7826,-41.7,7.33,-0.861,K5III,1.6,Oph,192.486,174,387.3560399526628,HD153033_TypK5_Mag7.33,"hms_tuple(h=16.0, m=57.0, s=9.79087674998624)","dms_tuple(d=6.0, m=28.0, s=12.863063338513996)",254.290795,16.95272,6.47024
82689,153110,,16.950384,12.963641,367.6471,0.0,7.84,0.013,K2,1.503,Her,86.06,257,607.4779541357369,HD153110_TypK2_Mag7.84,"hms_tuple(h=16.0, m=57.0, s=20.4220789432145)","dms_tuple(d=12.0, m=55.0, s=57.1680356644201)",254.335092,16.955673,12.932547
82690,153146,,16.95048,18.233792,269.5418,0.0,7.49,0.337,K0,1.015,Her,63.856,197,446.0860343240754,HD153146_TypK0_Mag7.49,"hms_tuple(h=16.0, m=57.0, s=21.262269100329263)","dms_tuple(d=18.0, m=12.0, s=9.693003128778628)",254.338593,16.955906,18.202693
82698,153129,,16.951888,14.673654,401.6064,0.0,7.46,-0.559,K5,1.604,Her,145.747,192,434.43351452893916,HD153129_TypK5_Mag7.46,"hms_tuple(h=16.0, m=57.0, s=25.97644554990552)","dms_tuple(d=14.0, m=38.0, s=33.20889219790118)",254.358235,16.957216,14.642558
82701,153496,,16.952827,51.899039,478.4689,0.0,7.51,-0.889,K0,1.341,Dra,197.515,200,454.02750557766933,HD153496_TypK0_Mag7.51,"hms_tuple(h=16.0, m=57.0, s=40.22971642686343)","dms_tuple(d=51.0, m=52.0, s=4.404710081091707)",254.417624,16.961175,51.86789
82703,152820,,16.953104,-33.259492,290.6977,-76.0,5.48,-1.837,K5III,1.606,Sco,472.933,42,75.72393506468185,HD152820_TypK5_Mag5.48,"hms_tuple(h=16.0, m=57.0, s=33.3741478592475)","dms_tuple(d=-33.0, m=-17.0, s=-25.944309630107227)",254.389059,16.959271,-33.29054
82705,153300,,16.953501,32.233601,194.9318,0.0,7.5,1.051,K0,1.122,Her,33.083,198,450.03925321819855,HD153300_TypK0_Mag7.5,"hms_tuple(h=16.0, m=57.0, s=34.53385463713971)","dms_tuple(d=32.0, m=12.0, s=8.948878525025634)",254.393891,16.959593,32.202486
82708,153132,,16.953847,10.527313,344.8276,0.0,7.68,-0.008,K0,1.293,Oph,87.74,227,527.4997120883073,HD153132_TypK0_Mag7.68,"hms_tuple(h=16.0, m=57.0, s=32.72171779684953)","dms_tuple(d=10.0, m=29.0, s=46.39556670069837)",254.38634,16.959089,10.496221
82714,153113,,16.955625,6.211303,268.8172,0.0,6.73,-0.417,K0,1.522,Oph,127.879,110,228.14146549859603,HD153113_TypK0_Mag6.73,"hms_tuple(h=16.0, m=57.0, s=38.915200859362926)","dms_tuple(d=6.0, m=10.0, s=48.77402572005174)",254.412147,16.96081,6.180215
82731,153225,,16.958637,14.017101,446.4286,0.0,7.68,-0.569,K2,1.352,Her,147.096,227,527.4997120883073,HD153225_TypK2_Mag7.68,"hms_tuple(h=16.0, m=57.0, s=50.216847312009634)","dms_tuple(d=13.0, m=59.0, s=9.620384523345251)",254.459237,16.963949,13.986006
82732,153226,,16.9589,13.884113,61.1247,-31.0,6.38,2.449,K0V,0.93,Her,9.129,84,167.52990115327088,HD153226_TypK0_Mag6.38,"hms_tuple(h=16.0, m=57.0, s=51.15264963858294)","dms_tuple(d=13.0, m=51.0, s=10.864047232790028)",254.463136,16.964209,13.853018
82744,153210,,16.961139,9.375033,28.0426,-56.0,3.19,0.951,K2IIIvar,1.16,Oph,36.274,7,10.040566250146206,HD153210_TypK2_Mag3.19,"hms_tuple(h=16.0, m=57.0, s=58.906653523931425)","dms_tuple(d=9.0, m=20.0, s=38.191459531846306)",254.495444,16.966363,9.343942
82750,153312,,16.961752,24.38126,151.2859,-22.0,6.35,0.451,K0III,1.089,Her,57.491,82,163.15373750039242,HD153312_TypK0_Mag6.35,"hms_tuple(h=16.0, m=58.0, s=2.6758647802449786)","dms_tuple(d=24.0, m=21.0, s=0.5545636112807983)",254.511149,16.96741,24.350154
82751,153525,,16.961741,47.362144,17.7999,-7.0,7.93,6.678,K0,1.004,Her,0.186,275,657.682729265769,HD153525_TypK0_Mag7.93,"hms_tuple(h=16.0, m=58.0, s=9.647022715710989)","dms_tuple(d=47.0, m=19.0, s=51.61820895062078)",254.540196,16.969346,47.331005
82757,153472,,16.963939,42.512451,200.8032,28.0,6.36,-0.154,K3III,1.28,Her,100.369,83,164.59960755259254,HD153472_TypK3_Mag6.36,"hms_tuple(h=16.0, m=58.0, s=15.342147473405703)","dms_tuple(d=42.0, m=28.0, s=52.75517514996125)",254.563926,16.970928,42.481321
82764,153557,,16.964784,47.366688,18.305,-6.6,7.76,6.447,K0,0.98,Her,0.23,242,566.0781270342421,HD153557_TypK0_Mag7.76,"hms_tuple(h=16.0, m=58.0, s=20.604178683860823)","dms_tuple(d=47.0, m=20.0, s=7.976576521966194)",254.585851,16.97239,47.335549
82778,153301,,16.968002,15.153122,294.9853,-11.5,7.65,0.301,K0,1.031,Her,66.009,222,513.7205296793568,HD153301_TypK0_Mag7.65,"hms_tuple(h=16.0, m=58.0, s=24.029546149511987)","dms_tuple(d=15.0, m=7.0, s=19.29200949974998)",254.600123,16.973342,15.122026
82780,152902,,16.968457,-40.352614,347.2222,0.0,7.55,-0.153,K4III,1.61,Sco,100.277,206,470.3371004243402,HD152902_TypK4_Mag7.55,"hms_tuple(h=16.0, m=58.0, s=30.806708692683742)","dms_tuple(d=-40.0, m=-23.0, s=-1.147085901079663)",254.628361,16.975224,-40.383652
82789,153135,,16.969308,-14.372468,143.0615,0.0,7.16,1.382,K2III,1.559,Oph,24.389,153,333.40358783117154,HD153135_TypK2_Mag7.16,"hms_tuple(h=16.0, m=58.0, s=28.66772989481177)","dms_tuple(d=-14.0, m=-24.0, s=-12.733001606218721)",254.619449,16.97463,-14.403537
82793,153168,,16.970058,-10.545755,229.3578,0.0,7.69,0.887,K0,1.385,Oph,38.477,229,532.1744198083834,HD153168_TypK0_Mag7.69,"hms_tuple(h=16.0, m=58.0, s=31.08625685867537)","dms_tuple(d=-10.0, m=-34.0, s=-36.57936665243099)",254.629526,16.975302,-10.576828
82799,153069,,16.971303,-26.058974,212.766,0.0,7.44,0.8,K5III,1.568,Oph,41.687,189,426.83476505925523,HD153069_TypK5_Mag7.44,"hms_tuple(h=16.0, m=58.0, s=37.35290754436818)","dms_tuple(d=-26.0, m=-5.0, s=-24.11086755294889)",254.655637,16.977042,-26.090031
82812,153374,,16.973548,20.145151,167.5042,0.0,7.7,1.58,K0,1.079,Her,20.324,231,536.8905548349917,HD153374_TypK0_Mag7.7,"hms_tuple(h=16.0, m=58.0, s=44.53480892102817)","dms_tuple(d=20.0, m=6.0, s=50.57838058178362)",254.685562,16.979037,20.11405
82823,153085,,16.976474,-30.844057,306.7485,0.0,7.85,0.416,K1III/IV,1.107,Sco,59.375,259,612.8614298360975,HD153085_TypK1_Mag7.85,"hms_tuple(h=16.0, m=58.0, s=56.92702835978139)","dms_tuple(d=-30.0, m=-52.0, s=-30.389342480406185)",254.737196,16.98248,-30.875108
82832,154273,,16.977818,69.634876,502.5126,0.0,7.91,-0.596,K0,0.944,Dra,150.8,271,646.179090335777,HD154273_TypK0_Mag7.91,"hms_tuple(h=16.0, m=59.0, s=33.39045016233854)","dms_tuple(d=69.0, m=36.0, s=13.152043799819921)",254.889127,16.992608,69.603653
82840,153497,,16.979689,27.644996,100000.0,0.0,8.0,-12.0,K5,1.587,Her,5495408.739,290,699.5823055523535,HD153497_TypK5_Mag8.0,"hms_tuple(h=16.0, m=59.0, s=7.822626348136055)","dms_tuple(d=27.0, m=36.0, s=49.99091805451968)",254.782594,16.985506,27.613886
82858,154319,,16.984048,69.186248,88.2613,-27.0,6.41,1.681,K0,0.725,Dra,18.518,86,172.0234437188863,HD154319_TypK0_Mag6.41,"hms_tuple(h=16.0, m=59.0, s=54.72188417608294)","dms_tuple(d=69.0, m=9.0, s=18.103101951019198)",254.978008,16.998534,69.155029
82882,153956,,16.989316,56.688594,93.1099,-15.0,6.04,1.195,K1III:,1.165,Dra,28.973,65,124.11155185705773,HD153956_TypK1_Mag6.04,"hms_tuple(h=16.0, m=59.0, s=55.29899464086924)","dms_tuple(d=56.0, m=39.0, s=26.756504436111186)",254.980412,16.998694,56.657432
82883,153316,,16.989807,-16.064358,253.1646,0.0,7.79,0.773,K5III,1.663,Oph,42.737,247,581.2616622824664,HD153316_TypK5_Mag7.79,"hms_tuple(h=16.0, m=59.0, s=42.61899875602552)","dms_tuple(d=-16.0, m=-5.0, s=-43.531042890812444)",254.927579,16.995172,-16.095425
82902,153651,,16.99446,24.204535,257.0694,0.0,7.78,0.73,K0,0.926,Her,44.463,245,576.1557641428401,HD153651_TypK0_Mag7.78,"hms_tuple(h=17.0, m=0.0, s=0.3963679301577372)","dms_tuple(d=24.0, m=10.0, s=24.345260596146545)",255.001652,17.00011,24.173429
82909,153540,,16.996619,10.915468,184.8429,-17.5,7.08,0.746,K4III,1.499,Oph,43.813,144,310.68202106935195,HD153540_TypK4_Mag7.08,"hms_tuple(h=17.0, m=0.0, s=6.72506906086312)","dms_tuple(d=10.0, m=53.0, s=3.7522489852041474)",255.028021,17.001868,10.884376
82910,153437,,16.997052,-4.22121,900.9009,0.0,7.49,-2.283,K2,1.598,Oph,713.181,197,446.0860343240754,HD153437_TypK2_Mag7.49,"hms_tuple(h=17.0, m=0.0, s=7.995145879439747)","dms_tuple(d=-4.0, m=-15.0, s=-8.23847205231445)",255.033313,17.002221,-4.252288
82927,154009,,17.000955,53.044547,348.4321,0.0,7.42,-0.291,K0,1.344,Dra,113.868,187,419.36892659107707,HD154009_TypK0_Mag7.42,"hms_tuple(h=17.0, m=0.0, s=34.2821816315066)","dms_tuple(d=53.0, m=0.0, s=48.22340295069978)",255.142842,17.009523,53.013395
82928,155246,,17.001252,78.099062,384.6154,0.0,7.12,-0.805,K2,1.501,UMi,182.81,148,321.8423534887257,HD155246_TypK2_Mag7.12,"hms_tuple(h=17.0, m=1.0, s=34.25994516394951)","dms_tuple(d=78.0, m=4.0, s=3.8379891998579296)",255.39275,17.026183,78.067733
82930,153832,,17.001507,39.100634,175.7469,0.0,7.25,1.026,K0,1.04,Her,33.853,164,360.95759541392204,HD153832_TypK0_Mag7.25,"hms_tuple(h=17.0, m=0.0, s=29.32674329049263)","dms_tuple(d=39.0, m=4.0, s=10.233496076305073)",255.122195,17.008146,39.069509
82957,153723,,17.006501,17.916486,100000.0,0.0,7.85,-12.15,K5,1.598,Her,6309573.445,259,612.8614298360975,HD153723_TypK5_Mag7.85,"hms_tuple(h=17.0, m=0.0, s=42.902658544889505)","dms_tuple(d=17.0, m=53.0, s=7.3925536418127535)",255.178761,17.011917,17.885387
82963,154790,,17.007755,73.19425,492.6108,0.0,7.38,-1.083,K2,1.3,Dra,236.157,181,404.82672424766696,HD154790_TypK2_Mag7.38,"hms_tuple(h=17.0, m=1.0, s=31.98422543635587)","dms_tuple(d=73.0, m=9.0, s=46.78293591022452)",255.383268,17.025551,73.162995
82968,153438,,17.008254,-21.461663,105.7082,0.0,7.35,2.229,K0III,1.096,Oph,11.179,177,394.25196723909164,HD153438_TypK0_Mag7.35,"hms_tuple(h=17.0, m=0.0, s=49.65791342774821)","dms_tuple(d=-21.0, m=-29.0, s=-33.8092819089033)",255.206908,17.013794,-21.492725
82973,153896,,17.00887,38.908346,246.3054,0.0,7.35,0.393,K0,1.02,Her,60.646,177,394.25196723909164,HD153896_TypK0_Mag7.35,"hms_tuple(h=17.0, m=0.0, s=55.7687361467444)","dms_tuple(d=38.0, m=52.0, s=37.99773894289331)",255.23237,17.015491,38.877222
82974,153258,,17.00899,-45.451756,469.4836,-0.4,6.58,-1.778,K4III,1.81,Sco,447.92,98,199.86083644579665,HD153258_TypK4_Mag6.58,"hms_tuple(h=17.0, m=0.0, s=58.83113075046538)","dms_tuple(d=-45.0, m=-28.0, s=-58.02702947395176)",255.24513,17.016342,-45.482785
82979,153368,,17.010275,-35.934133,98.5222,17.0,5.95,0.982,K2IIICN...,1.161,Sco,35.253,61,114.63739011499842,HD153368_TypK2_Mag5.95,"hms_tuple(h=17.0, m=0.0, s=59.91725419845153)","dms_tuple(d=-35.0, m=-57.0, s=-54.63895537325698)",255.249655,17.016644,-35.965177
82998,153834,,17.016149,22.632095,952.381,11.0,5.69,-4.204,K3III,1.332,Her,4184.08,50,91.1381715250705,HD153834_TypK3_Mag5.69,"hms_tuple(h=17.0, m=1.0, s=18.236759136116518)","dms_tuple(d=22.0, m=36.0, s=3.567379686467973)",255.325986,17.021732,22.600991
83005,153503,,17.017582,-28.553136,363.6364,0.0,7.53,-0.273,K2III,1.126,Oph,111.995,203,462.11035531169057,HD153503_TypK2_Mag7.53,"hms_tuple(h=17.0, m=1.0, s=24.427652308266943)","dms_tuple(d=-28.0, m=-35.0, s=-3.08370380895866)",255.351782,17.023452,-28.58419
83006,153687,,17.017667,-4.222644,124.2236,-7.0,4.82,-0.651,K4III,1.483,Oph,158.635,25,42.29961929288719,HD153687_TypK4_Mag4.82,"hms_tuple(h=17.0, m=1.0, s=22.20918051300714)","dms_tuple(d=-4.0, m=-15.0, s=-13.400867325684729)",255.342538,17.022836,-4.253722
83026,153688,,17.02041,-7.028111,319.4888,-65.4,7.31,-0.212,K2,1.678,Oph,105.877,171,380.5807304870462,HD153688_TypK2_Mag7.31,"hms_tuple(h=17.0, m=1.0, s=32.17446181677076)","dms_tuple(d=-7.0, m=-3.0, s=-33.07277891464658)",255.38406,17.025604,-7.059187
83033,154391,,17.021375,60.648754,102.3541,-17.0,6.16,1.109,K1III,1.006,Dra,31.362,71,137.97278383067092,HD154391_TypK1_Mag6.16,"hms_tuple(h=17.0, m=1.0, s=54.77177371477154)","dms_tuple(d=60.0, m=37.0, s=3.2844056988625425)",255.478216,17.031881,60.617579
83034,154928,,17.021658,73.312499,598.8024,-5.4,7.66,-1.226,K2,1.561,Dra,269.401,224,518.2731261472211,HD154928_TypK2_Mag7.66,"hms_tuple(h=17.0, m=2.0, s=22.475082611282744)","dms_tuple(d=73.0, m=16.0, s=52.47468398974547)",255.593646,17.039576,73.281243
83035,153798,,17.021668,7.428559,161.2903,0.0,6.78,0.742,K0,1.239,Oph,43.974,114,238.4311915057409,HD153798_TypK0_Mag6.78,"hms_tuple(h=17.0, m=1.0, s=36.717269150828145)","dms_tuple(d=7.0, m=23.0, s=50.89157886444873)",255.402989,17.026866,7.39747
83058,154048,,17.026876,35.543289,378.7879,0.0,7.93,0.038,K5,1.563,Her,84.101,275,657.682729265769,HD154048_TypK5_Mag7.93,"hms_tuple(h=17.0, m=1.0, s=59.550779275157026)","dms_tuple(d=35.0, m=30.0, s=43.80993597958707)",255.498128,17.033209,35.512169
83063,154299,,17.028837,54.595944,286.533,0.0,7.97,0.684,K0,1.129,Dra,46.387,284,681.3080354866522,HD154299_TypK0_Mag7.97,"hms_tuple(h=17.0, m=2.0, s=15.819597637174638)","dms_tuple(d=54.0, m=33.0, s=53.23802540221834)",255.565915,17.037728,54.564788
83076,153727,,17.030904,-18.885538,177.6199,44.0,6.28,0.033,K1III,1.351,Oph,84.489,78,153.3820888800899,HD153727_TypK1_Mag6.28,"hms_tuple(h=17.0, m=2.0, s=10.870563386883987)","dms_tuple(d=-18.0, m=-54.0, s=-59.768872403799946)",255.545294,17.036353,-18.916602
83091,154049,,17.033936,25.037908,340.1361,-89.0,7.78,0.122,K3III,1.265,Her,77.839,245,576.1557641428401,HD154049_TypK3_Mag7.78,"hms_tuple(h=17.0, m=2.0, s=22.645812607976552)","dms_tuple(d=25.0, m=0.0, s=24.484756617532355)",255.594358,17.039624,25.006801
83092,153741,,17.033942,-20.5954,298.5075,-27.0,7.61,0.235,K0III,1.035,Oph,70.146,216,495.90655392467346,HD153741_TypK0_Mag7.61,"hms_tuple(h=17.0, m=2.0, s=22.018942216348876)","dms_tuple(d=-20.0, m=-37.0, s=-35.26574262385253)",255.591746,17.03945,-20.626463
83104,154323,,17.037771,49.593962,181.1594,0.0,7.17,0.88,K0,1.107,Her,38.726,154,336.35821375838816,HD154323_TypK0_Mag7.17,"hms_tuple(h=17.0, m=2.0, s=44.585422346362975)","dms_tuple(d=49.0, m=33.0, s=46.1463712617001)",255.685773,17.045718,49.562818
83105,154322,,17.037851,50.308298,204.918,0.0,7.64,1.082,K0,1.071,Her,32.151,221,509.2079239683959,HD154322_TypK0_Mag7.64,"hms_tuple(h=17.0, m=2.0, s=45.30047825509371)","dms_tuple(d=50.0, m=16.0, s=37.75032239964787)",255.688752,17.045917,50.277153
83108,154126,,17.038085,31.88412,105.1525,-13.0,6.41,1.301,K0,1.134,Her,26.278,86,172.0234437188863,HD154126_TypK0_Mag6.41,"hms_tuple(h=17.0, m=2.0, s=38.95273759309276)","dms_tuple(d=31.0, m=51.0, s=10.81887240569813)",255.662303,17.044154,31.853005
83116,153870,,17.039613,-10.95214,153.1394,0.0,7.46,1.535,K0,1.504,Oph,21.184,192,434.43351452893916,HD153870_TypK0_Mag7.46,"hms_tuple(h=17.0, m=2.0, s=41.50976729006601)","dms_tuple(d=-10.0, m=-58.0, s=-59.56398622943027)",255.672957,17.044864,-10.983212
83139,154413,,17.044322,50.942817,168.3502,0.0,7.51,1.379,K0,1.155,Her,24.457,200,454.02750557766933,HD154413_TypK0_Mag7.51,"hms_tuple(h=17.0, m=3.0, s=8.990142531386596)","dms_tuple(d=50.0, m=54.0, s=42.01356067967822)",255.787459,17.052497,50.91167
83151,155057,,17.047935,71.061464,298.5075,0.0,7.7,0.325,K5,1.039,Dra,64.565,231,536.8905548349917,HD155057_TypK5_Mag7.7,"hms_tuple(h=17.0, m=3.0, s=49.6515914663388)","dms_tuple(d=71.0, m=1.0, s=48.82757056478454)",255.956882,17.063792,71.03023
83155,154101,,17.048408,14.663021,330.033,0.0,7.72,0.127,K5III,1.57,Her,77.482,234,546.4485785781236,HD154101_TypK5_Mag7.72,"hms_tuple(h=17.0, m=3.0, s=13.447515954004245)","dms_tuple(d=14.0, m=37.0, s=54.93012943026116)",255.806031,17.053735,14.631925
83164,154227,,17.050759,29.479353,325.7329,-3.1,7.72,0.156,K2,1.245,Her,75.44,234,546.4485785781236,HD154227_TypK2_Mag7.72,"hms_tuple(h=17.0, m=3.0, s=24.04236826649509)","dms_tuple(d=29.0, m=26.0, s=53.66832657398618)",255.850177,17.056678,29.448241
83166,153873,,17.051248,-27.097765,283.2861,0.0,7.39,0.129,K2III,1.324,Oph,77.339,182,408.41430272357115,HD153873_TypK2_Mag7.39,"hms_tuple(h=17.0, m=3.0, s=25.343436962795067)","dms_tuple(d=-27.0, m=-7.0, s=-43.754207617631664)",255.855598,17.05704,-27.128821
83167,154184,,17.051397,21.562175,254.4529,0.0,7.47,0.442,K0,0.954,Her,57.97,194,438.2834686761904,HD154184_TypK0_Mag7.47,"hms_tuple(h=17.0, m=3.0, s=24.977975212537444)","dms_tuple(d=21.0, m=31.0, s=51.85946335798178)",255.854075,17.056938,21.531072
83190,154393,,17.054662,41.897438,147.0588,0.0,7.87,2.033,K0,0.78,Her,13.391,263,623.771929275639,HD154393_TypK0_Mag7.87,"hms_tuple(h=17.0, m=3.0, s=41.70145471584135)","dms_tuple(d=41.0, m=51.0, s=58.712045766471874)",255.923756,17.061584,41.866309
83195,153941,,17.055346,-19.492515,229.3578,0.0,8.0,1.197,K1III,1.224,Oph,28.92,290,699.5823055523535,HD153941_TypK1_Mag8.0,"hms_tuple(h=17.0, m=3.0, s=38.934346427724336)","dms_tuple(d=-19.0, m=-31.0, s=-24.883840883041728)",255.912226,17.060815,-19.523579
83199,153932,,17.055995,-23.15165,193.7984,0.0,7.5,1.063,K2/K3III,1.661,Oph,32.719,198,450.03925321819855,HD153932_TypK2_Mag7.5,"hms_tuple(h=17.0, m=3.0, s=41.768716427497736)","dms_tuple(d=-23.0, m=-10.0, s=-57.75600612390832)",255.924036,17.061602,-23.18271
83202,154346,,17.057268,34.383484,219.2982,0.0,6.68,-0.025,K2,1.234,Her,89.125,106,218.29580245415895,HD154346_TypK2_Mag6.68,"hms_tuple(h=17.0, m=3.0, s=48.64191860142)","dms_tuple(d=34.0, m=21.0, s=8.517592921642745)",255.952675,17.063512,34.352366
83204,153942,,17.058349,-24.241364,343.6426,0.0,7.26,-0.421,K1III,1.367,Oph,128.351,165,364.156405231697,HD153942_TypK1_Mag7.26,"hms_tuple(h=17.0, m=3.0, s=50.41258504757707)","dms_tuple(d=-24.0, m=-16.0, s=-20.722143734749352)",255.960052,17.064003,-24.272423
83217,154507,,17.060253,46.023866,319.4888,0.0,8.0,0.478,K0,1.143,Her,56.079,290,699.5823055523535,HD154507_TypK0_Mag8.0,"hms_tuple(h=17.0, m=4.0, s=3.620750223622906)","dms_tuple(d=45.0, m=59.0, s=33.82672450770542)",256.015086,17.067672,45.99273
83237,154277,,17.065127,16.022654,184.8429,0.0,7.87,1.536,K1III,1.11,Her,21.164,263,623.771929275639,HD154277_TypK1_Mag7.87,"hms_tuple(h=17.0, m=4.0, s=13.760932786673266)","dms_tuple(d=15.0, m=59.0, s=29.6041382065701)",256.057337,17.070489,15.991557
83239,154542,,17.065326,45.449223,429.1845,0.0,7.78,-0.383,K0,1.426,Her,123.937,245,576.1557641428401,HD154542_TypK0_Mag7.78,"hms_tuple(h=17.0, m=4.0, s=21.610388168789143)","dms_tuple(d=45.0, m=25.0, s=5.115787085438228)",256.090043,17.07267,45.418088
83241,154650,,17.065487,53.231294,274.7253,0.0,7.82,0.626,K0,0.969,Dra,48.933,253,596.8524553483364,HD154650_TypK0_Mag7.82,"hms_tuple(h=17.0, m=4.0, s=26.73160201767132)","dms_tuple(d=53.0, m=12.0, s=0.5109043562202942)",256.111382,17.074092,53.200142
83246,154278,,17.066123,13.56742,97.9432,46.0,6.06,1.105,K1III,1.05,Her,31.477,66,126.32105461095017,HD154278_TypK1_Mag6.06,"hms_tuple(h=17.0, m=4.0, s=17.12972456349945)","dms_tuple(d=13.0, m=32.0, s=10.770346992488129)",256.071374,17.071425,13.536325
83251,154186,,17.066991,-2.583883,287.3563,0.0,8.0,0.708,K5,1.79,Oph,45.373,290,699.5823055523535,HD154186_TypK5_Mag8.0,"hms_tuple(h=17.0, m=4.0, s=19.74366581994417)","dms_tuple(d=-2.0, m=-36.0, s=-53.8666588811806)",256.082265,17.072151,-2.614963
83263,154859,,17.069306,61.18413,247.5248,0.0,7.91,0.942,K0,1.061,Dra,36.576,271,646.179090335777,HD154859_TypK0_Mag7.91,"hms_tuple(h=17.0, m=4.0, s=47.963313347442806)","dms_tuple(d=61.0, m=9.0, s=10.630592125745011)",256.199847,17.07999,61.152953
83270,154508,,17.070952,36.753007,247.5248,0.0,7.74,0.772,K2,1.21,Her,42.776,238,556.1767595666211,HD154508_TypK2_Mag7.74,"hms_tuple(h=17.0, m=4.0, s=38.578329500601285)","dms_tuple(d=36.0, m=43.0, s=18.788658691444198)",256.160743,17.077383,36.721886
83271,153892,,17.070983,-45.240439,157.2327,89.9,7.63,1.647,K0III,1.21,Sco,19.107,219,504.73495772895257,HD153892_TypK0_Mag7.63,"hms_tuple(h=17.0, m=4.0, s=41.90720613075797)","dms_tuple(d=-45.0, m=-16.0, s=-17.287233350079987)",256.174613,17.078308,-45.271469
83282,154104,,17.074349,-24.240294,271.0027,0.0,7.3,0.135,K0III,1.061,Oph,76.913,170,377.23764669214916,HD154104_TypK0_Mag7.3,"hms_tuple(h=17.0, m=4.0, s=48.01241362755974)","dms_tuple(d=-24.0, m=-16.0, s=-16.870147955378343)",256.200052,17.080003,-24.271353
83283,154088,,17.074399,-28.582678,17.838,15.3,6.59,5.333,K1V,0.814,Oph,0.641,99,201.63200517568157,HD154088_TypK1_Mag6.59,"hms_tuple(h=17.0, m=4.0, s=48.97479357770379)","dms_tuple(d=-28.0, m=-36.0, s=-49.434778186781045)",256.204062,17.080271,-28.613732
83286,154147,,17.074829,-17.49226,107.8749,0.0,7.17,2.005,K0III/IV,1.061,Oph,13.74,154,336.35821375838816,HD154147_TypK0_Mag7.17,"hms_tuple(h=17.0, m=4.0, s=48.844163950064114)","dms_tuple(d=-17.0, m=-31.0, s=-23.97313474367678)",256.203517,17.080234,-17.523326
83287,154202,,17.074875,-12.676193,137.741,0.0,6.91,1.215,K0III,1.2,Oph,28.445,126,267.409023780344,HD154202_TypK0_Mag6.91,"hms_tuple(h=17.0, m=4.0, s=48.57265078323451)","dms_tuple(d=-12.0, m=-42.0, s=-26.148885702744025)",256.202386,17.080159,-12.707264
83293,154509,,17.07561,31.411312,158.4786,0.0,7.48,1.48,K2,0.983,Her,22.284,195,442.16754115556887,HD154509_TypK2_Mag7.48,"hms_tuple(h=17.0, m=4.0, s=53.932036861882295)","dms_tuple(d=31.0, m=22.0, s=48.71220963691371)",256.224717,17.081648,31.380198
83297,154212,,17.075928,-11.088493,205.7613,-24.2,6.91,0.343,K0,1.51,Oph,63.504,126,267.409023780344,HD154212_TypK0_Mag6.91,"hms_tuple(h=17.0, m=4.0, s=52.25255549840341)","dms_tuple(d=-11.0, m=-7.0, s=-10.434322215744203)",256.217719,17.081181,-11.119565
83310,154510,,17.079389,28.091054,147.0588,2.0,7.24,1.403,K1III,1.105,Her,23.922,163,357.7868844682338,HD154510_TypK1_Mag7.24,"hms_tuple(h=17.0, m=5.0, s=6.828899100081287)","dms_tuple(d=28.0, m=3.0, s=35.79784813576168)",256.278454,17.08523,28.059944
83317,154732,,17.080489,48.803958,112.2334,12.0,6.11,0.859,K1III,1.091,Her,39.482,68,132.01843644392628,HD154732_TypK1_Mag6.11,"hms_tuple(h=17.0, m=5.0, s=17.917340978284813)","dms_tuple(d=48.0, m=46.0, s=22.138029143052904)",256.324656,17.08831,48.772816
83331,154904,,17.084394,56.53735,273.9726,0.0,7.9,0.711,K0,1.201,Dra,45.248,269,640.5029468202126,HD154904_TypK0_Mag7.9,"hms_tuple(h=17.0, m=5.0, s=37.44499984623104)","dms_tuple(d=56.0, m=30.0, s=22.279738938391347)",256.406021,17.093735,56.506189
83333,154363,,17.084277,-5.066508,10.7066,34.2,7.7,7.552,K5V,1.1,Oph,0.083,231,536.8905548349917,HD154363_TypK5_Mag7.7,"hms_tuple(h=17.0, m=5.0, s=22.02760919430915)","dms_tuple(d=-5.0, m=-5.0, s=-51.308482595737104)",256.341782,17.089452,-5.097586
83365,154815,,17.09049,46.355813,165.5629,0.0,7.34,1.245,K0,1.114,Her,27.669,175,390.78879304975095,HD154815_TypK0_Mag7.34,"hms_tuple(h=17.0, m=5.0, s=52.63557299046511)","dms_tuple(d=46.0, m=19.0, s=28.833656538748755)",256.469315,17.097954,46.324676
83384,154986,,17.094653,56.135288,166.3894,0.0,7.1,0.994,K0,1.122,Dra,34.866,146,316.2129549015887,HD154986_TypK0_Mag7.1,"hms_tuple(h=17.0, m=6.0, s=14.025362873862832)","dms_tuple(d=56.0, m=6.0, s=14.86082135902734)",256.558439,17.103896,56.104128
83410,154691,,17.100954,23.322065,170.3578,0.0,7.2,1.043,K0,1.013,Her,33.327,158,345.3801253121633,HD154691_TypK0_Mag7.2,"hms_tuple(h=17.0, m=6.0, s=23.637498608582916)","dms_tuple(d=23.0, m=17.0, s=27.456712544155266)",256.59849,17.106566,23.29096
83417,154611,,17.102016,8.623179,251.2563,-3.0,6.96,-0.041,K2,1.524,Oph,90.448,131,279.4698106282087,HD154611_TypK2_Mag6.96,"hms_tuple(h=17.0, m=6.0, s=26.024948066680906)","dms_tuple(d=8.0, m=35.0, s=31.519585517821014)",256.608437,17.107229,8.592089
83419,154610,,17.102679,9.733868,275.4821,-6.0,6.38,-0.82,K5,1.458,Oph,185.353,84,167.52990115327088,HD154610_TypK5_Mag6.38,"hms_tuple(h=17.0, m=6.0, s=28.470423079252214)","dms_tuple(d=9.0, m=42.0, s=9.996250166499294)",256.618627,17.107908,9.702777
83424,154652,,17.103112,16.270513,232.5581,0.0,7.87,1.037,K0,1.005,Her,33.512,263,623.771929275639,HD154652_TypK0_Mag7.87,"hms_tuple(h=17.0, m=6.0, s=30.531075440497943)","dms_tuple(d=16.0, m=14.0, s=21.89565790102023)",256.627213,17.108481,16.239415
83431,154653,,17.104479,15.229651,207.0393,-30.9,7.07,0.49,K0V,0.96,Her,55.463,143,307.9529390460096,HD154653_TypK0_Mag7.07,"hms_tuple(h=17.0, m=6.0, s=35.35370403546324)","dms_tuple(d=15.0, m=11.0, s=54.79614022196856)",256.647307,17.10982,15.198554
83434,154733,,17.105014,22.084153,104.8218,-96.0,5.56,0.458,K4III,1.299,Her,57.122,45,81.26196536369221,HD154733_TypK4_Mag5.56,"hms_tuple(h=17.0, m=6.0, s=38.07196907564446)","dms_tuple(d=22.0, m=3.0, s=10.978278793497225)",256.658633,17.110576,22.05305
83438,155207,,17.105994,60.636091,234.7418,0.0,7.89,1.037,K0,1.131,Dra,33.512,267,634.876663483802,HD155207_TypK0_Mag7.89,"hms_tuple(h=17.0, m=6.0, s=59.385334945492616)","dms_tuple(d=60.0, m=36.0, s=17.697778065981993)",256.747439,17.116496,60.604916
83472,154878,,17.112541,33.936049,370.3704,0.0,7.83,-0.013,K2,1.139,Her,88.145,255,602.141767772257,HD154878_TypK2_Mag7.83,"hms_tuple(h=17.0, m=7.0, s=7.506062212921734)","dms_tuple(d=33.0, m=54.0, s=17.75373340944725)",256.781275,17.118752,33.904932
83485,155038,,17.115267,47.670615,448.4305,0.0,7.67,-0.588,K2,1.553,Her,149.692,226,522.866067770482,HD155038_TypK2_Mag7.67,"hms_tuple(h=17.0, m=7.0, s=22.501879034560375)","dms_tuple(d=47.0, m=38.0, s=22.111594756010504)",256.843758,17.122917,47.639475
83494,154958,,17.117543,38.494521,233.6449,0.0,7.93,1.087,K0,1.057,Her,32.004,275,657.682729265769,HD154958_TypK0_Mag7.93,"hms_tuple(h=17.0, m=7.0, s=26.854150189066957)","dms_tuple(d=38.0, m=27.0, s=48.22996430571493)",256.861892,17.124126,38.463397
83507,155305,,17.119521,58.268792,180.5054,0.0,7.22,0.938,K0,1.117,Dra,36.711,160,351.52877406079745,HD155305_TypK0_Mag7.22,"hms_tuple(h=17.0, m=7.0, s=45.52792286838951)","dms_tuple(d=58.0, m=14.0, s=15.451403773869856)",256.9397,17.129313,58.237625
83522,155136,,17.122885,48.399328,136.9863,0.0,6.66,0.977,K0,1.133,Her,35.416,104,214.47755395891784,HD155136_TypK0_Mag6.66,"hms_tuple(h=17.0, m=7.0, s=50.318523440266745)","dms_tuple(d=48.0, m=22.0, s=5.473058529800596)",256.959661,17.130644,48.368187
83529,154624,,17.12417,-19.287122,289.0173,0.0,7.6,0.295,K4III,1.448,Oph,66.374,214,491.5504291096121,HD154624_TypK4_Mag7.6,"hms_tuple(h=17.0, m=7.0, s=46.67587809857878)","dms_tuple(d=-19.0, m=-19.0, s=-5.469797849496274)",256.944483,17.129632,-19.318186
83554,154604,,17.128948,-31.077694,150.6024,0.0,7.12,1.231,K0/K1III,1.022,Sco,28.029,148,321.8423534887257,HD154604_TypK0_Mag7.12,"hms_tuple(h=17.0, m=8.0, s=5.886450229203604)","dms_tuple(d=-31.0, m=-6.0, s=-31.48150029387665)",257.024527,17.134968,-31.108745
83561,155343,,17.13012,55.768127,160.0,0.0,6.87,0.849,K0,1.19,Dra,39.847,123,258.1362429763933,HD155343_TypK0_Mag6.87,"hms_tuple(h=17.0, m=8.0, s=21.392866454061448)","dms_tuple(d=55.0, m=44.0, s=13.085054626237138)",257.089137,17.139276,55.736968
83574,155041,,17.133184,29.154243,223.7136,-32.2,7.93,1.182,K2III,1.112,Her,29.322,275,657.682729265769,HD155041_TypK2_Mag7.93,"hms_tuple(h=17.0, m=8.0, s=20.70465961823487)","dms_tuple(d=29.0, m=7.0, s=23.273727503181192)",257.086269,17.139085,29.123132
83576,155061,,17.133526,31.206189,458.7156,-9.9,6.44,-1.868,K2,1.285,Her,486.631,88,176.63751357336122,HD155061_TypK2_Mag6.44,"hms_tuple(h=17.0, m=8.0, s=22.38241655331848)","dms_tuple(d=31.0, m=10.0, s=30.270330159194714)",257.09326,17.139551,31.175075
83577,155208,,17.133574,44.1694,411.5226,0.0,7.86,-0.212,K2,1.278,Her,105.877,261,618.2926139519136,HD155208_TypK2_Mag7.86,"hms_tuple(h=17.0, m=8.0, s=26.723620424914145)","dms_tuple(d=44.0, m=8.0, s=17.761314476309735)",257.111348,17.140757,44.138267
83596,154779,,17.13746,-17.609052,114.9425,-14.0,5.98,0.678,K0III,1.011,Oph,46.644,62,117.71223220913615,HD154779_TypK0_Mag5.98,"hms_tuple(h=17.0, m=8.0, s=34.328337159697924)","dms_tuple(d=-17.0, m=-38.0, s=-24.423913461455697)",257.143035,17.142869,-17.640118
83612,156011,,17.141568,72.133595,199.2032,0.0,7.46,0.964,K2,1.126,Dra,35.843,192,434.43351452893916,HD156011_TypK2_Mag7.46,"hms_tuple(h=17.0, m=9.0, s=30.02786367282141)","dms_tuple(d=72.0, m=6.0, s=8.463992798569961)",257.375116,17.158341,72.102351
83613,154753,,17.141923,-29.985496,366.3004,0.0,7.82,0.001,K0/K1III,1.082,Oph,87.016,253,596.8524553483364,HD154753_TypK0_Mag7.82,"hms_tuple(h=17.0, m=8.0, s=52.35383398881595)","dms_tuple(d=-30.0, m=-0.0, s=-59.573529268550374)",257.218141,17.147876,-30.016548
83614,155179,,17.142133,35.033979,123.4568,0.0,6.73,1.272,K0,1.079,Her,26.99,110,228.14146549859603,HD155179_TypK0_Mag6.73,"hms_tuple(h=17.0, m=8.0, s=54.33317033849903)","dms_tuple(d=35.0, m=0.0, s=10.296439863921591)",257.226388,17.148426,35.00286
83640,154896,,17.146754,-13.126999,436.6812,0.0,7.53,-0.671,K1III,1.64,Oph,161.585,203,462.11035531169057,HD154896_TypK1_Mag7.53,"hms_tuple(h=17.0, m=9.0, s=7.371451115785135)","dms_tuple(d=-13.0, m=-9.0, s=-29.048930035776124)",257.280714,17.152048,-13.158069
83655,155028,,17.149863,3.75952,323.6246,0.0,7.84,0.29,K0,1.401,Oph,66.681,257,607.4779541357369,HD155028_TypK0_Mag7.84,"hms_tuple(h=17.0, m=9.0, s=18.102881538620466)","dms_tuple(d=3.0, m=43.0, s=42.363324288936894)",257.325429,17.155029,3.728434
83660,155093,,17.150553,14.961062,158.4786,35.1,7.07,1.07,K0,1.354,Her,32.509,143,307.9529390460096,HD155093_TypK0_Mag7.07,"hms_tuple(h=17.0, m=9.0, s=21.195857319266622)","dms_tuple(d=14.0, m=55.0, s=47.87668443605)",257.338316,17.155888,14.929966
83689,155410,,17.159238,40.777033,86.5052,-56.0,5.07,0.385,K3III,1.275,Her,61.094,31,52.73885165418213,HD155410_TypK3_Mag5.07,"hms_tuple(h=17.0, m=9.0, s=57.75051926765599)","dms_tuple(d=40.0, m=44.0, s=45.260554917636)",257.490627,17.166042,40.745906
83717,155344,,17.165798,26.45537,157.9779,4.0,6.95,0.957,K2III,1.147,Her,36.074,130,277.01490180011757,HD155344_TypK2_Mag6.95,"hms_tuple(h=17.0, m=10.0, s=17.594451414746004)","dms_tuple(d=26.0, m=25.0, s=27.342232009021927)",257.57331,17.171554,26.424262
83718,155048,,17.165905,-20.680125,181.4882,0.0,7.54,1.246,K0II/III,1.182,Oph,27.644,204,466.20558189854603,HD155048_TypK0_Mag7.54,"hms_tuple(h=17.0, m=10.0, s=17.096806133308462)","dms_tuple(d=-20.0, m=-42.0, s=-40.275425371473546)",257.571237,17.171416,-20.711188
83731,155480,,17.16953,38.736325,487.8049,0.0,7.82,-0.621,K2,1.24,Her,154.312,253,596.8524553483364,HD155480_TypK2_Mag7.82,"hms_tuple(h=17.0, m=10.0, s=34.08728313349201)","dms_tuple(d=38.0, m=42.0, s=18.723067120361065)",257.64203,17.176135,38.705201
83773,155656,,17.177869,46.556035,289.0173,0.0,7.57,0.265,K0,1.101,Her,68.234,209,478.71030262103807,HD155656_TypK0_Mag7.57,"hms_tuple(h=17.0, m=11.0, s=7.298848558864677)","dms_tuple(d=46.0, m=31.0, s=29.63147521083954)",257.780412,17.185361,46.524898
83780,155696,,17.179457,49.346825,100000.0,0.0,7.49,-12.51,K5,1.595,Her,8790225.168,197,446.0860343240754,HD155696_TypK5_Mag7.49,"hms_tuple(h=17.0, m=11.0, s=14.511206561469123)","dms_tuple(d=49.0, m=18.0, s=56.45508720539681)",257.810463,17.187364,49.315682
83781,155524,,17.180058,32.178912,89.6057,0.0,7.24,2.478,K2,0.937,Her,8.888,163,357.7868844682338,HD155524_TypK2_Mag7.24,"hms_tuple(h=17.0, m=11.0, s=10.125889378137174)","dms_tuple(d=32.0, m=8.0, s=52.06872875030058)",257.792191,17.186146,32.147797
83786,155525,,17.182385,31.173983,446.4286,0.0,7.58,-0.669,K0,0.905,Her,161.287,211,482.9526381068404,HD155525_TypK0_Mag7.58,"hms_tuple(h=17.0, m=11.0, s=18.267446421614295)","dms_tuple(d=31.0, m=8.0, s=34.32887432610528)",257.826114,17.188408,31.142869
83797,155233,,17.184546,-20.654569,75.1315,0.0,6.81,2.431,K1III,1.03,Oph,9.281,117,244.8264719937363,HD155233_TypK1_Mag6.81,"hms_tuple(h=17.0, m=11.0, s=24.20106300314103)","dms_tuple(d=-20.0, m=-41.0, s=-8.273921103082102)",257.850838,17.190056,-20.685632
83798,155019,,17.184754,-43.489558,224.7191,0.0,7.72,0.962,K1III,1.167,Sco,35.909,234,546.4485785781236,HD155019_TypK1_Mag7.72,"hms_tuple(h=17.0, m=11.0, s=30.705405202000122)","dms_tuple(d=-43.0, m=-31.0, s=-14.126878490631043)",257.877939,17.191863,-43.520591
83845,155164,,17.193667,-37.85325,574.7126,0.0,7.76,-1.037,K4III,1.724,Sco,226.36,242,566.0781270342421,HD155164_TypK4_Mag7.76,"hms_tuple(h=17.0, m=12.0, s=0.7129741271586454)","dms_tuple(d=-37.0, m=-53.0, s=-3.45030931630788)",258.002971,17.200198,-37.884292
83847,155816,,17.194403,45.324447,414.9378,0.0,6.57,-1.52,K2,1.588,Her,353.183,97,198.10522595363804,HD155816_TypK2_Mag6.57,"hms_tuple(h=17.0, m=12.0, s=6.229360293949355)","dms_tuple(d=45.0, m=17.0, s=35.92301539963387)",258.025956,17.20173,45.293312
83854,155500,,17.1959,7.894762,136.0544,-6.0,6.34,0.671,K0III,1.04,Oph,46.946,82,161.720568208778,HD155500_TypK0_Mag6.34,"hms_tuple(h=17.0, m=12.0, s=3.972878788238461)","dms_tuple(d=7.0, m=51.0, s=49.22082321915667)",258.016554,17.201104,7.863672
83859,155784,,17.197278,41.730113,401.6064,0.0,6.75,-1.269,K2,1.345,Her,280.285,112,232.20296653338022,HD155784_TypK2_Mag6.75,"hms_tuple(h=17.0, m=12.0, s=15.054114679901716)","dms_tuple(d=41.0, m=41.0, s=56.3430321976648)",258.062725,17.204182,41.698984
83874,155581,,17.199829,14.487742,183.4862,16.9,7.21,0.892,K5III,1.53,Her,38.3,159,348.44088743422355,HD155581_TypK5_Mag7.21,"hms_tuple(h=17.0, m=12.0, s=18.547900126427237)","dms_tuple(d=14.0, m=27.0, s=23.926342667115392)",258.077283,17.205152,14.456646
83878,155642,,17.201686,21.228998,152.439,-48.8,7.26,1.345,K0+...,1.241,Her,25.235,165,364.156405231697,HD155642_TypK0_Mag7.26,"hms_tuple(h=17.0, m=12.0, s=25.973048569032926)","dms_tuple(d=21.0, m=11.0, s=52.423522636554196)",258.108221,17.207215,21.197895
83892,155276,,17.204601,-38.822535,114.2857,-32.0,6.3,1.01,K1IIICN...,1.05,Sco,34.356,79,156.1126819853037,HD155276_TypK1_Mag6.3,"hms_tuple(h=17.0, m=12.0, s=40.3924093593335)","dms_tuple(d=-38.0, m=-51.0, s=-12.871140118294875)",258.168302,17.21122,-38.853575
83934,155658,,17.210191,11.595899,408.1633,0.0,7.7,-0.354,K5,1.503,Oph,120.67,231,536.8905548349917,HD155658_TypK5_Mag7.7,"hms_tuple(h=17.0, m=12.0, s=55.62885705082607)","dms_tuple(d=11.0, m=33.0, s=53.301530669215396)",258.231787,17.215452,11.564806
83936,155712,,17.21045,18.351193,20.9644,0.0,7.95,6.343,K0,0.941,Her,0.253,280,669.391162362906,HD155712_TypK0_Mag7.95,"hms_tuple(h=17.0, m=12.0, s=57.16748111319873)","dms_tuple(d=18.0, m=19.0, s=12.336176387950673)",258.238198,17.21588,18.320093
83966,155922,,17.216017,35.164656,319.4888,0.0,7.68,0.158,K5,1.356,Her,75.301,227,527.4997120883073,HD155922_TypK5_Mag7.68,"hms_tuple(h=17.0, m=13.0, s=20.351870022294065)","dms_tuple(d=35.0, m=8.0, s=0.7330004195279116)",258.334799,17.22232,35.133537
83978,155839,,17.218973,24.985525,214.5923,-2.2,7.25,0.592,K5III,1.491,Her,50.489,164,360.95759541392204,HD155839_TypK5_Mag7.25,"hms_tuple(h=17.0, m=13.0, s=28.77029266859921)","dms_tuple(d=24.0, m=57.0, s=15.906165599743645)",258.369876,17.224658,24.954418
84000,156012,,17.224226,38.985057,189.3939,0.0,6.99,0.603,K0,1.145,Her,49.98,134,286.96584256768466,HD156012_TypK0_Mag6.99,"hms_tuple(h=17.0, m=13.0, s=51.07611578426628)","dms_tuple(d=38.0, m=57.0, s=14.156923582435184)",258.462817,17.230854,38.953932
84016,155923,,17.227564,21.431309,190.8397,0.0,6.82,0.417,K0,0.99,Her,59.32,118,246.99612663521023,HD155923_TypK0_Mag6.82,"hms_tuple(h=17.0, m=13.0, s=59.16126673202598)","dms_tuple(d=21.0, m=24.0, s=0.7423586639310997)",258.496505,17.2331,21.400206
84049,155938,,17.236265,12.039615,215.0538,0.0,7.1,0.437,K0,0.981,Oph,58.237,146,316.2129549015887,HD155938_TypK0_Mag7.1,"hms_tuple(h=17.0, m=14.0, s=29.525890799386048)","dms_tuple(d=12.0, m=0.0, s=30.677612833215306)",258.623025,17.241535,12.008522
84073,155603,,17.241015,-39.76665,100000.0,-6.0,6.42,-13.58,K0Ia,2.282,Sco,23550492.839,87,173.54791719623321,HD155603_TypK0_Mag6.42,"hms_tuple(h=17.0, m=14.0, s=51.80667551955537)","dms_tuple(d=-39.0, m=-47.0, s=-51.679967892421814)",258.715861,17.247724,-39.797689
84081,156093,,17.242631,26.051903,203.252,-23.3,6.56,0.02,K3III,1.373,Her,85.507,97,196.3650370330839,HD156093_TypK3_Mag6.56,"hms_tuple(h=17.0, m=14.0, s=54.12150358901954)","dms_tuple(d=26.0, m=1.0, s=14.862675440118664)",258.725506,17.248367,26.020795
84083,156649,,17.242812,63.353085,429.1845,16.0,7.11,-1.053,K5III,1.567,Dra,229.721,147,319.0152372679894,HD156649_TypK5_Mag7.11,"hms_tuple(h=17.0, m=15.0, s=15.45432261719668)","dms_tuple(d=63.0, m=19.0, s=18.83577828292914)",258.814393,17.254293,63.321899
84107,155846,,17.248131,-20.969506,251.2563,0.0,7.68,0.679,K4III,1.638,Oph,46.602,227,527.4997120883073,HD155846_TypK4_Mag7.68,"hms_tuple(h=17.0, m=15.0, s=13.14861681336339)","dms_tuple(d=-21.0, m=-0.0, s=-2.045939096949212)",258.804786,17.253652,-21.000568
84118,155705,,17.24988,-38.94691,192.6782,0.0,7.77,1.346,K0IV,0.989,Sco,25.212,244,571.094717053101,HD155705_TypK0_Mag7.77,"hms_tuple(h=17.0, m=15.0, s=23.438607478823315)","dms_tuple(d=-38.0, m=-58.0, s=-40.62046667164168)",258.847661,17.256511,-38.97795
84121,156283,,17.250788,36.809162,115.4734,-26.0,3.16,-2.152,K3IIvar,1.437,Her,632.121,7,9.778289720549227,HD156283_TypK3_Mag3.16,"hms_tuple(h=17.0, m=15.0, s=26.004879236417366)","dms_tuple(d=36.0, m=46.0, s=40.94637197327643)",258.858354,17.257224,36.778041
84126,156129,,17.252195,17.801517,854.7009,0.0,7.12,-2.539,K5,1.658,Her,902.818,148,321.8423534887257,HD156129_TypK5_Mag7.12,"hms_tuple(h=17.0, m=15.0, s=27.388479415101585)","dms_tuple(d=17.0, m=46.0, s=13.504569487479898)",258.864119,17.257608,17.770418
84134,156946,,17.254019,67.388248,275.4821,0.0,7.34,0.14,K5,1.429,Dra,76.56,175,390.78879304975095,HD156946_TypK5_Mag7.34,"hms_tuple(h=17.0, m=16.0, s=2.6693376211335362)","dms_tuple(d=67.0, m=21.0, s=25.346117439195268)",259.011122,17.267408,67.357041
84143,155970,,17.255635,-14.58414,89.3655,-3.0,5.98,1.224,K1III,1.096,Oph,28.21,62,117.71223220913615,HD155970_TypK1_Mag5.98,"hms_tuple(h=17.0, m=15.0, s=39.46325603858867)","dms_tuple(d=-14.0, m=-36.0, s=-54.75146127710261)",258.91443,17.260962,-14.615209
84146,155885,Guniibuu,17.255836,-26.602829,5.9333,0.9,4.33,5.464,K2:III:,0.855,Oph,0.568,17,27.45236762280781,HD155885_TypK2_Mag4.33,"hms_tuple(h=17.0, m=15.0, s=41.769132909844586)","dms_tuple(d=-26.0, m=-38.0, s=-1.9866469368633943)",258.924038,17.261603,-26.633885
84163,156206,,17.259525,17.831801,204.918,0.0,7.62,1.062,K2,1.17,Her,32.749,217,500.3012827613783,HD156206_TypK2_Mag7.62,"hms_tuple(h=17.0, m=15.0, s=53.779783698475114)","dms_tuple(d=17.0, m=48.0, s=2.5268600015363063)",258.974082,17.264939,17.800702
84168,156361,,17.260574,34.707643,204.918,0.0,6.78,0.222,K2,1.186,Her,70.99,114,238.4311915057409,HD156361_TypK2_Mag6.78,"hms_tuple(h=17.0, m=16.0, s=0.6311362396255049)","dms_tuple(d=34.0, m=40.0, s=35.48842786045441)",259.00263,17.266842,34.676525
84172,156284,,17.26152,23.742761,173.3102,-42.0,5.99,-0.204,K2III,1.335,Her,105.099,62,118.75539918732655,HD156284_TypK2_Mag5.99,"hms_tuple(h=17.0, m=16.0, s=1.7397069221723882)","dms_tuple(d=23.0, m=42.0, s=41.960672740839584)",259.007249,17.26715,23.711656
84182,156452,,17.263818,41.649151,395.2569,0.0,7.38,-0.604,K5,1.51,Her,151.915,181,404.82672424766696,HD156452_TypK5_Mag7.38,"hms_tuple(h=17.0, m=16.0, s=14.56688997220482)","dms_tuple(d=41.0, m=37.0, s=4.880307651531552)",259.060695,17.270713,41.618022
84184,156179,,17.263894,6.843462,625.0,0.0,7.98,-0.999,K2,1.654,Oph,218.575,286,687.3457941057625,HD156179_TypK2_Mag7.98,"hms_tuple(h=17.0, m=16.0, s=8.707066002264128)","dms_tuple(d=6.0, m=48.0, s=44.5443266198356)",259.036279,17.269085,6.812373
84194,156629,,17.265999,51.805273,266.6667,0.0,7.85,0.72,K2,1.169,Dra,44.875,259,612.8614298360975,HD156629_TypK2_Mag7.85,"hms_tuple(h=17.0, m=16.0, s=27.586435505197358)","dms_tuple(d=51.0, m=46.0, s=26.847914546902416)",259.114943,17.27433,51.774124
84196,156362,,17.26636,27.134127,115.2074,-54.1,6.57,1.263,K2III,1.187,Her,27.214,97,198.10522595363804,HD156362_TypK2_Mag6.57,"hms_tuple(h=17.0, m=16.0, s=19.741829164403555)","dms_tuple(d=27.0, m=6.0, s=10.86464105696706)",259.082258,17.272151,27.103018
84218,157370,,17.270331,71.792351,237.5297,-3.5,6.81,-0.069,K2,1.071,Dra,92.811,117,244.8264719937363,HD157370_TypK2_Mag6.81,"hms_tuple(h=17.0, m=17.0, s=12.48227482888666)","dms_tuple(d=71.0, m=45.0, s=39.997222486618966)",259.302009,17.286801,71.76111
84219,156026,,17.270388,-26.546147,5.9705,-0.1,6.33,7.45,K5V,1.144,Oph,0.091,81,160.2999881121757,HD156026_TypK5_Mag6.33,"hms_tuple(h=17.0, m=16.0, s=34.146048738078036)","dms_tuple(d=-26.0, m=-34.0, s=-37.93167935489578)",259.142275,17.276152,-26.577203
84222,156115,,17.271079,-15.223732,278.5515,-8.2,6.52,-0.705,K5III,1.79,Oph,166.725,94,189.555805541093,HD156115_TypK5_Mag6.52,"hms_tuple(h=17.0, m=16.0, s=35.11884289407817)","dms_tuple(d=-15.0, m=-15.0, s=-17.280415509723923)",259.146329,17.276422,-15.2548
84235,156061,,17.274357,-25.305445,168.0672,0.0,7.14,1.013,K1III,1.185,Oph,34.261,151,327.5719697549974,HD156061_TypK1_Mag7.14,"hms_tuple(h=17.0, m=16.0, s=48.216862132697145)","dms_tuple(d=-25.0, m=-20.0, s=-11.409510475162676)",259.200904,17.28006,-25.336503
84237,156947,,17.27484,60.670614,150.8296,17.0,6.32,0.428,K1.5IIIb,1.09,Dra,58.722,80,158.89188662502437,HD156947_TypK1_Mag6.32,"hms_tuple(h=17.0, m=17.0, s=7.271421503120052)","dms_tuple(d=60.0, m=38.0, s=21.98010782471556)",259.280298,17.285353,60.639439
84252,156772,,17.276667,52.784485,393.7008,0.0,7.49,-0.486,K0,1.042,Dra,136.27,197,446.0860343240754,HD156772_TypK0_Mag7.49,"hms_tuple(h=17.0, m=17.0, s=6.660933330926184)","dms_tuple(d=52.0, m=45.0, s=12.002544059544107)",259.277754,17.285184,52.753334
84255,156266,,17.276857,-0.445297,63.0915,-2.0,4.72,0.72,K2III,1.119,Oph,44.875,23,38.72743863222232,HD156266_TypK2_Mag4.72,"hms_tuple(h=17.0, m=16.0, s=55.24256376939235)","dms_tuple(d=-0.0, m=-28.0, s=-34.964075058979205)",259.230177,17.282012,-0.476379
84265,156227,,17.278541,-6.244975,111.6071,-21.0,6.08,0.842,K0,1.1,Oph,40.105,67,128.56989215960064,HD156227_TypK0_Mag6.08,"hms_tuple(h=17.0, m=17.0, s=1.416208328841435)","dms_tuple(d=-6.0, m=-16.0, s=-33.785781147655456)",259.255901,17.283727,-6.276052
84267,156169,,17.278952,-17.91467,229.8851,0.0,7.38,0.572,K0III,1.122,Oph,51.428,181,404.82672424766696,HD156169_TypK0_Mag7.38,"hms_tuple(h=17.0, m=17.0, s=3.7328994381272196)","dms_tuple(d=-17.0, m=-56.0, s=-44.64760846430892)",259.265554,17.28437,-17.945735
84271,156753,,17.28015,49.691234,212.3142,0.0,7.53,0.895,K2,1.035,Her,38.194,203,462.11035531169057,HD156753_TypK2_Mag7.53,"hms_tuple(h=17.0, m=17.0, s=17.206973635925067)","dms_tuple(d=49.0, m=39.0, s=36.324811829081796)",259.321696,17.288113,49.66009
84281,156430,,17.282983,15.820762,148.8095,-10.9,7.41,1.547,K0,1.051,Her,20.951,185,415.6851208955647,HD156430_TypK0_Mag7.41,"hms_tuple(h=17.0, m=17.0, s=18.023178473031294)","dms_tuple(d=15.0, m=47.0, s=22.793653641005136)",259.325097,17.28834,15.789665
84300,156679,,17.2855,39.96826,233.6449,0.0,7.4,0.557,K0,0.972,Her,52.143,184,412.0336743557815,HD156679_TypK0_Mag7.4,"hms_tuple(h=17.0, m=17.0, s=32.00181830845878)","dms_tuple(d=39.0, m=56.0, s=13.682318643972167)",259.383341,17.292223,39.937134
84301,156456,,17.286155,13.134214,185.8736,0.0,6.62,0.274,K2,1.195,Her,67.671,101,207.04024568445064,HD156456_TypK2_Mag6.62,"hms_tuple(h=17.0, m=17.0, s=29.210788178375253)","dms_tuple(d=13.0, m=6.0, s=11.23024664107831)",259.371712,17.291447,13.10312
84317,156184,,17.28904,-30.164449,169.4915,-36.4,6.96,0.814,K1/K2III+..,0.82,Sco,41.153,131,279.4698106282087,HD156184_TypK1_Mag6.96,"hms_tuple(h=17.0, m=17.0, s=42.01387999988839)","dms_tuple(d=-30.0, m=-11.0, s=-43.80354544974182)",259.425058,17.295004,-30.195501
84331,156984,,17.291452,55.056282,212.766,0.0,7.59,0.95,K0,1.24,Dra,36.308,212,487.2325692121131,HD156984_TypK0_Mag7.59,"hms_tuple(h=17.0, m=18.0, s=1.60015533477889)","dms_tuple(d=55.0, m=1.0, s=30.450284984001428)",259.506667,17.300444,55.025125
84333,156485,,17.292669,6.761593,361.0108,0.0,7.45,-0.338,K0,1.553,Oph,118.905,191,430.6173790127683,HD156485_TypK0_Mag7.45,"hms_tuple(h=17.0, m=17.0, s=52.293895520938634)","dms_tuple(d=6.0, m=43.0, s=49.81619876897014)",259.467891,17.297859,6.730504
84340,156593,,17.293293,23.090627,438.5965,-15.0,6.25,-1.96,K2,1.544,Her,529.663,76,149.37548995214374,HD156593_TypK2_Mag6.25,"hms_tuple(h=17.0, m=17.0, s=56.02299347248476)","dms_tuple(d=23.0, m=3.0, s=34.28081022746284)",259.483429,17.298895,23.059522
84357,156985,,17.297338,52.447114,18.3251,0.0,7.93,6.615,K2,1.019,Dra,0.197,275,657.682729265769,HD156985_TypK2_Mag7.93,"hms_tuple(h=17.0, m=18.0, s=20.84144301397231)","dms_tuple(d=52.0, m=24.0, s=57.469939796562244)",259.586839,17.305789,52.415964
84364,156614,,17.299548,17.124615,171.8213,0.0,7.06,0.885,K5,1.38,Her,38.548,142,305.2478297284723,HD156614_TypK5_Mag7.06,"hms_tuple(h=17.0, m=18.0, s=17.78712585010112)","dms_tuple(d=17.0, m=5.0, s=36.65980716400412)",259.574113,17.304941,17.093517
84367,156349,,17.300189,-24.286901,90.4159,-29.0,5.14,0.359,K:...,1.046,Oph,62.575,32,56.098732398835686,HD156349_TypK:_Mag5.14,"hms_tuple(h=17.0, m=18.0, s=21.04388959253896)","dms_tuple(d=-24.0, m=-19.0, s=-4.655164047340179)",259.587683,17.305846,-24.31796
84370,157009,,17.300515,52.337191,280.112,0.0,7.92,0.683,K0,1.076,Dra,46.43,273,651.9055358919003,HD157009_TypK0_Mag7.92,"hms_tuple(h=17.0, m=18.0, s=32.203048413252304)","dms_tuple(d=52.0, m=18.0, s=21.74810598859665)",259.634179,17.308945,52.306041
84379,156216,,17.303318,-39.690807,309.5975,0.0,7.09,-0.364,K3III,1.693,Sco,121.787,145,313.4352882448582,HD156216_TypK3_Mag7.09,"hms_tuple(h=17.0, m=18.0, s=36.07089083045565)","dms_tuple(d=-39.0, m=-43.0, s=-18.6455885921373)",259.650295,17.31002,-39.721846
84400,156774,,17.306812,26.936898,271.7391,-51.3,7.51,0.339,K2III,1.26,Her,63.738,200,454.02750557766933,HD156774_TypK2_Mag7.51,"hms_tuple(h=17.0, m=18.0, s=45.33249196953449)","dms_tuple(d=26.0, m=54.0, s=20.84105548191019)",259.688885,17.312592,26.905789
84404,156775,,17.308304,25.807998,130.039,-7.8,6.61,1.04,K1III,1.071,Her,33.42,100,205.22157007953126,HD156775_TypK1_Mag6.61,"hms_tuple(h=17.0, m=18.0, s=50.5016651780619)","dms_tuple(d=25.0, m=46.0, s=36.80566345267749)",259.710424,17.314028,25.77689
84412,156681,,17.310275,10.864475,151.0574,40.0,5.03,-0.866,K4II-III,1.539,Oph,193.375,30,50.910058428254736,HD156681_TypK4_Mag5.03,"hms_tuple(h=17.0, m=18.0, s=55.88344322536017)","dms_tuple(d=10.0, m=50.0, s=0.17762229038851274)",259.732848,17.315523,10.833383
84418,156731,,17.311051,16.283359,362.3188,12.4,8.0,0.205,K2,1.45,Her,72.111,290,699.5823055523535,HD156731_TypK2_Mag8.0,"hms_tuple(h=17.0, m=18.0, s=59.11273821257879)","dms_tuple(d=16.0, m=15.0, s=8.141212216526128)",259.746303,17.31642,16.252261
84432,156874,,17.313479,28.822968,97.0874,-14.0,5.68,0.744,K0III,0.981,Her,43.893,49,90.33759882152823,HD156874_TypK0_Mag5.68,"hms_tuple(h=17.0, m=19.0, s=9.698807190075911)","dms_tuple(d=28.0, m=47.0, s=30.685145916760632)",259.790412,17.319361,28.791857
84433,156910,,17.313477,32.864735,210.5263,0.0,7.36,0.743,K2,1.164,Her,43.934,178,397.7458321127074,HD156910_TypK2_Mag7.36,"hms_tuple(h=17.0, m=19.0, s=10.602002739147167)","dms_tuple(d=32.0, m=50.0, s=1.0283687818571252)",259.794175,17.319612,32.833619
84440,157409,,17.314268,62.54992,473.9336,0.0,7.53,-0.849,K2,1.394,Dra,190.371,203,462.11035531169057,HD157409_TypK2_Mag7.53,"hms_tuple(h=17.0, m=19.0, s=31.578042872486947)","dms_tuple(d=62.0, m=31.0, s=7.454485231996841)",259.881575,17.325438,62.518737
84450,156384,,17.315842,-34.989792,6.8357,0.9,5.91,6.736,K4V,1.082,Sco,0.176,59,110.66217874985526,HD156384_TypK4_Mag5.91,"hms_tuple(h=17.0, m=19.0, s=19.690550330439862)","dms_tuple(d=-35.0, m=-1.0, s=-15.016025335230552)",259.832044,17.322136,-35.020838
84451,156657,,17.315946,-4.307552,492.6108,0.0,7.95,-0.513,K5,1.948,Oph,139.701,280,669.391162362906,HD156657_TypK5_Mag7.95,"hms_tuple(h=17.0, m=19.0, s=16.015652198425414)","dms_tuple(d=-4.0, m=-20.0, s=-19.069387427571982)",259.816732,17.321115,-4.33863
84454,156425,,17.31618,-32.965499,680.2721,0.0,7.81,-1.353,K4V:,1.098,Sco,302.831,251,591.6096051155723,HD156425_TypK4_Mag7.81,"hms_tuple(h=17.0, m=19.0, s=20.37349161848624)","dms_tuple(d=-32.0, m=-59.0, s=-47.570884243962155)",259.83489,17.322326,-32.996547
84468,157425,,17.319279,61.757343,234.192,0.0,7.67,0.822,K5,1.461,Dra,40.851,226,522.866067770482,HD157425_TypK5_Mag7.67,"hms_tuple(h=17.0, m=19.0, s=48.57958784269897)","dms_tuple(d=61.0, m=43.0, s=34.18917058966258)",259.952415,17.330161,61.726164
84483,156715,,17.322583,-2.74916,193.0502,0.0,7.29,0.862,K0,1.139,Oph,39.373,169,373.9239290957076,HD156715_TypK0_Mag7.29,"hms_tuple(h=17.0, m=19.0, s=39.8773907504426)","dms_tuple(d=-2.0, m=-46.0, s=-48.86331590219626)",259.916156,17.327744,-2.78024
84507,156911,,17.326085,19.362858,531.9149,0.0,7.52,-1.109,K5,1.355,Her,241.88,201,458.0511018694067,HD156911_TypK5_Mag7.52,"hms_tuple(h=17.0, m=19.0, s=53.571511536845264)","dms_tuple(d=19.0, m=19.0, s=54.32647457139751)",259.973215,17.331548,19.331757
84509,156967,,17.32658,21.942748,324.6753,0.0,7.83,0.273,K2,1.364,Her,67.733,255,602.141767772257,HD156967_TypK2_Mag7.83,"hms_tuple(h=17.0, m=19.0, s=55.68963260757499)","dms_tuple(d=21.0, m=54.0, s=41.920817847831984)",259.98204,17.332136,21.911645
84511,158996,,17.326961,80.136399,294.1176,-7.0,5.74,-1.603,K5III,1.499,UMi,381.241,52,95.24872114276333,HD158996_TypK5_Mag5.74,"hms_tuple(h=17.0, m=21.0, s=25.04727337820981)","dms_tuple(d=80.0, m=6.0, s=18.063259143806363)",260.354364,17.356958,80.105018
84534,157322,,17.331529,51.881189,259.0674,0.0,7.84,0.773,K0,1.026,Dra,42.737,257,607.4779541357369,HD157322_TypK0_Mag7.84,"hms_tuple(h=17.0, m=20.0, s=23.544995831359472)","dms_tuple(d=51.0, m=51.0, s=0.1448634834667928)",260.098104,17.339874,51.85004
84544,156879,,17.333338,-0.325713,183.8235,0.0,7.98,1.658,K5,1.245,Oph,18.915,286,687.3457941057625,HD156879_TypK5_Mag7.98,"hms_tuple(h=17.0, m=20.0, s=18.573882155446597)","dms_tuple(d=-0.0, m=-21.0, s=-24.462067074645475)",260.077391,17.338493,-0.356795
84548,156989,,17.333489,15.884667,207.9002,-49.0,7.38,0.791,K0,1.06,Her,42.034,181,404.82672424766696,HD156989_TypK0_Mag7.38,"hms_tuple(h=17.0, m=20.0, s=19.85087460130046)","dms_tuple(d=15.0, m=51.0, s=12.851427339231378)",260.082712,17.338847,15.85357
84555,157891,,17.334138,69.753611,378.7879,0.0,7.11,-0.782,K2,1.184,Dra,178.978,147,319.0152372679894,HD157891_TypK2_Mag7.11,"hms_tuple(h=17.0, m=20.0, s=56.440986228389534)","dms_tuple(d=69.0, m=43.0, s=20.594821402268053)",260.235171,17.349011,69.722387
84567,156949,,17.336828,4.92337,100000.0,0.0,7.92,-12.08,K0,1.249,Oph,5915616.342,273,651.9055358919003,HD156949_TypK0_Mag7.92,"hms_tuple(h=17.0, m=20.0, s=31.205375602243635)","dms_tuple(d=4.0, m=53.0, s=32.21948739616536)",260.130022,17.342001,4.892283
84584,157050,,17.340246,16.099169,195.6947,-15.4,7.74,1.282,K0,1.04,Her,26.742,238,556.1767595666211,HD157050_TypK0_Mag7.74,"hms_tuple(h=17.0, m=20.0, s=44.1967407211763)","dms_tuple(d=16.0, m=4.0, s=5.057866687483283)",260.184153,17.34561,16.068072
84591,157326,,17.341715,44.192126,256.4103,0.0,6.84,-0.205,K0,1.043,Her,105.196,120,251.39328881580803,HD157326_TypK0_Mag6.84,"hms_tuple(h=17.0, m=20.0, s=56.041178428939986)","dms_tuple(d=44.0, m=9.0, s=39.57476977963438)",260.233505,17.3489,44.160993
84593,157411,,17.342202,49.012564,251.2563,0.0,7.68,0.679,K2,1.145,Her,46.602,227,527.4997120883073,HD157411_TypK2_Mag7.68,"hms_tuple(h=17.0, m=21.0, s=0.2018074318650065)","dms_tuple(d=48.0, m=58.0, s=53.11804821357782)",260.250841,17.350056,48.981422
84614,157327,,17.346031,39.097617,316.4557,0.0,7.96,0.458,K0,1.084,Her,57.122,282,675.323313533301,HD157327_TypK0_Mag7.96,"hms_tuple(h=17.0, m=21.0, s=9.61212166441868)","dms_tuple(d=39.0, m=3.0, s=59.37231248274031)",260.290051,17.35267,39.066492
84616,157121,,17.346062,17.040006,751.8797,0.0,7.78,-1.601,K2,1.331,Her,380.54,245,576.1557641428401,HD157121_TypK2_Mag7.78,"hms_tuple(h=17.0, m=21.0, s=5.228734746608552)","dms_tuple(d=17.0, m=0.0, s=32.067710601342014)",260.271786,17.351452,17.008908
84631,157892,,17.349087,66.562722,172.117,0.0,6.94,0.761,K2,1.139,Dra,43.212,129,274.581557295345,HD157892_TypK2_Mag6.94,"hms_tuple(h=17.0, m=21.0, s=43.30957849945861)","dms_tuple(d=66.0, m=31.0, s=53.47016674824317)",260.430457,17.36203,66.531519
84640,157088,,17.350707,4.618905,168.6341,0.0,7.46,1.325,K0,1.147,Oph,25.704,192,434.43351452893916,HD157088_TypK0_Mag7.46,"hms_tuple(h=17.0, m=21.0, s=21.16157097047676)","dms_tuple(d=4.0, m=35.0, s=16.146492292896255)",260.338173,17.355878,4.587818
84656,157481,,17.353639,46.150331,97.7517,0.0,7.55,2.599,K0,0.918,Her,7.951,206,470.3371004243402,HD157481_TypK0_Mag7.55,"hms_tuple(h=17.0, m=21.0, s=39.87158949428192)","dms_tuple(d=46.0, m=7.0, s=9.099863681733495)",260.416132,17.361075,46.119194
84667,157199,,17.35582,13.630455,305.8104,-10.7,7.77,0.343,K2,1.157,Oph,63.504,244,571.094717053101,HD157199_TypK2_Mag7.77,"hms_tuple(h=17.0, m=21.0, s=40.04399291291435)","dms_tuple(d=13.0, m=35.0, s=57.69612833034756)",260.41685,17.361123,13.59936
84687,156992,,17.361545,-24.906103,172.7116,-12.0,6.36,0.173,K3III,1.399,Oph,74.268,83,164.59960755259254,HD156992_TypK3_Mag6.36,"hms_tuple(h=17.0, m=22.0, s=2.0266253001554446)","dms_tuple(d=-24.0, m=-56.0, s=-13.779907729444005)",260.508444,17.36723,-24.937161
84690,157681,,17.3626,53.420428,191.2046,-8.0,5.69,-0.717,K5III,1.463,Dra,168.578,50,91.1381715250705,HD157681_TypK5_Mag5.69,"hms_tuple(h=17.0, m=22.0, s=16.475872309766544)","dms_tuple(d=53.0, m=23.0, s=21.391568897145135)",260.568649,17.371243,53.389275
84695,157258,,17.364033,9.735919,274.7253,0.0,7.17,-0.024,K0,1.051,Oph,89.043,154,336.35821375838816,HD157258_TypK0_Mag7.17,"hms_tuple(h=17.0, m=22.0, s=9.344938319079006)","dms_tuple(d=9.0, m=42.0, s=17.379843246753808)",260.538937,17.369262,9.704828
84698,157072,,17.364324,-20.569436,454.5455,0.7,7.03,-1.258,K4III,1.672,Oph,277.46,138,297.27424144135534,HD157072_TypK4_Mag7.03,"hms_tuple(h=17.0, m=22.0, s=11.390762820821294)","dms_tuple(d=-20.0, m=-36.0, s=-1.7954397751759643)",260.547462,17.369831,-20.600499
84712,157375,,17.36697,21.154784,140.056,0.0,7.03,1.298,K2,1.205,Her,26.351,138,297.27424144135534,HD157375_TypK2_Mag7.03,"hms_tuple(h=17.0, m=22.0, s=20.985471763077896)","dms_tuple(d=21.0, m=7.0, s=25.253402360275174)",260.587439,17.372496,21.123682
84741,157616,,17.373688,40.685515,671.1409,0.0,7.55,-1.584,K2,1.407,Her,374.628,206,470.3371004243402,HD157616_TypK2_Mag7.55,"hms_tuple(h=17.0, m=22.0, s=49.73689061451154)","dms_tuple(d=40.0, m=39.0, s=15.79627686144022)",260.707237,17.380482,40.654388
84746,157360,,17.374331,10.196086,206.6116,0.0,7.06,0.484,K2,1.219,Oph,55.77,142,305.2478297284723,HD157360_TypK2_Mag7.06,"hms_tuple(h=17.0, m=22.0, s=46.444240802943)","dms_tuple(d=10.0, m=9.0, s=53.97948853840532)",260.693518,17.379568,10.164994
84762,157202,,17.378313,-20.2261,166.6667,0.0,8.0,1.891,K0III,1.172,Oph,15.262,290,699.5823055523535,HD157202_TypK0_Mag8.0,"hms_tuple(h=17.0, m=23.0, s=1.7069647318902526)","dms_tuple(d=-20.0, m=-15.0, s=-25.787121369459953)",260.757112,17.383807,-20.257163
84788,157097,,17.381874,-37.220786,113.1222,-36.0,5.91,0.642,K1III,1.075,Sco,48.217,59,110.66217874985526,HD157097_TypK1_Mag5.91,"hms_tuple(h=17.0, m=23.0, s=18.05937651567973)","dms_tuple(d=-37.0, m=-15.0, s=-6.583209322621997)",260.825247,17.38835,-37.251829
84791,157443,,17.38224,9.364958,134.5895,0.0,7.8,2.155,K0,0.923,Oph,11.967,249,586.4128089424291,HD157443_TypK0_Mag7.8,"hms_tuple(h=17.0, m=23.0, s=14.869709695832682)","dms_tuple(d=9.0, m=20.0, s=1.9214934507409964)",260.811957,17.387464,9.333867
84793,157263,,17.38241,-20.215207,179.5332,0.0,7.82,1.549,K0III,1.293,Oph,20.912,253,596.8524553483364,HD157263_TypK0_Mag7.82,"hms_tuple(h=17.0, m=23.0, s=16.45477730201293)","dms_tuple(d=-20.0, m=-14.0, s=-46.5723619372929)",260.818562,17.387904,-20.24627
84824,157236,,17.389331,-28.142831,251.2563,-14.0,5.3,-1.701,K4/K5III,1.549,Oph,417.254,37,64.6042877489719,HD157236_TypK4_Mag5.3,"hms_tuple(h=17.0, m=23.0, s=42.642455835742226)","dms_tuple(d=-28.0, m=-10.0, s=-25.98744131942965)",260.927677,17.395178,-28.173885
84843,159048,,17.392929,76.05505,483.0918,0.0,7.22,-1.2,K0,1.438,UMi,263.027,160,351.52877406079745,HD159048_TypK0_Mag7.22,"hms_tuple(h=17.0, m=24.0, s=51.37799114660652)","dms_tuple(d=76.0, m=1.0, s=25.52894012164529)",261.214075,17.414272,76.023758
84848,158147,,17.393808,60.998546,186.2197,0.0,7.15,0.8,K0,1.244,Dra,41.687,152,330.4749158245449,HD158147_TypK0_Mag7.15,"hms_tuple(h=17.0, m=24.0, s=15.945866485187423)","dms_tuple(d=60.0, m=58.0, s=2.5307902351767098)",261.066441,17.404429,60.96737
84849,157606,,17.393868,13.397517,207.0393,-8.0,7.4,0.82,K4III,1.2,Oph,40.926,184,412.0336743557815,HD157606_TypK4_Mag7.4,"hms_tuple(h=17.0, m=23.0, s=56.99819175764816)","dms_tuple(d=13.0, m=21.0, s=59.12013579407912)",260.987492,17.399166,13.366422
84872,157336,,17.398329,-29.821158,88.4956,0.0,7.59,2.855,K0IV/V,0.92,Oph,6.281,212,487.2325692121131,HD157336_TypK0_Mag7.59,"hms_tuple(h=17.0, m=24.0, s=15.380067654871823)","dms_tuple(d=-29.0, m=-51.0, s=-7.957446585403147)",261.064084,17.404272,-29.85221
84878,157617,,17.399338,8.852571,221.7295,16.0,5.77,-0.959,K1III,1.251,Oph,210.669,53,97.80351392798568,HD157617_TypK1_Mag5.77,"hms_tuple(h=17.0, m=24.0, s=16.395658413984506)","dms_tuple(d=8.0, m=49.0, s=17.330015937603207)",261.068315,17.404554,8.821481
84883,157618,,17.399514,8.604582,217.8649,0.0,7.22,0.529,K0,1.339,Oph,53.506,160,351.52877406079745,HD157618_TypK0_Mag7.22,"hms_tuple(h=17.0, m=24.0, s=17.01682871044511)","dms_tuple(d=8.0, m=34.0, s=24.57044786719237)",261.070903,17.404727,8.573492
84894,157398,,17.400975,-23.84434,166.3894,0.0,6.67,0.564,K0III,1.017,Oph,51.808,105,216.3782561854747,HD157398_TypK0_Mag6.67,"hms_tuple(h=17.0, m=24.0, s=23.803262037667707)","dms_tuple(d=-23.0, m=-52.0, s=-31.43730496236998)",261.09918,17.406612,-23.875399
84900,157879,,17.403091,36.922858,215.0538,0.0,7.2,0.537,K0,0.976,Her,53.113,158,345.3801253121633,HD157879_TypK0_Mag7.2,"hms_tuple(h=17.0, m=24.0, s=34.330141494219504)","dms_tuple(d=36.0, m=53.0, s=30.251390171345065)",261.143042,17.409536,36.891736
84910,158832,,17.405456,72.935771,289.0173,0.0,7.84,0.535,K0,0.988,Dra,53.211,257,607.4779541357369,HD158832_TypK0_Mag7.84,"hms_tuple(h=17.0, m=25.0, s=22.767433801679715)","dms_tuple(d=72.0, m=54.0, s=16.268486848750854)",261.344864,17.422991,72.904519
84942,157946,,17.410783,39.209552,263.8522,0.0,7.35,0.243,K5,1.274,Her,69.631,177,394.25196723909164,HD157946_TypK5_Mag7.35,"hms_tuple(h=17.0, m=25.0, s=2.757328527657421)","dms_tuple(d=39.0, m=10.0, s=42.337702840390534)",261.261489,17.417433,39.178427
84944,157911,,17.41091,32.670379,174.8252,0.0,6.68,0.467,K0,0.961,Her,56.65,106,218.29580245415895,HD157911_TypK0_Mag6.68,"hms_tuple(h=17.0, m=25.0, s=1.3126932770262556)","dms_tuple(d=32.0, m=38.0, s=21.347669194763057)",261.25547,17.417031,32.639263
84947,157527,,17.411675,-21.441479,92.5069,-56.0,5.82,0.989,K0III,0.939,Oph,35.027,55,102.2146864373567,HD157527_TypK0_Mag5.82,"hms_tuple(h=17.0, m=25.0, s=1.970748604414041)","dms_tuple(d=-21.0, m=-28.0, s=-21.14695831975382)",261.258211,17.417214,-21.472541
84971,157822,,17.416017,16.934929,159.7444,0.0,7.81,1.793,K2,1.319,Her,16.703,251,591.6096051155723,HD157822_TypK2_Mag7.81,"hms_tuple(h=17.0, m=25.0, s=17.055886886514315)","dms_tuple(d=16.0, m=54.0, s=13.79088706278452)",261.321066,17.421404,16.903831
84975,158633,,17.416831,67.306705,12.8025,-38.3,6.44,5.904,K0V,0.759,Dra,0.379,88,176.63751357336122,HD158633_TypK0_Mag6.44,"hms_tuple(h=17.0, m=25.0, s=48.62869413070001)","dms_tuple(d=67.0, m=16.0, s=31.793114749515325)",261.45262,17.430175,67.275498
84982,157588,,17.4184,-24.243683,126.2626,20.0,6.17,0.664,K0III,1.103,Oph,47.25,72,139.1955000198045,HD157588_TypK0_Mag6.17,"hms_tuple(h=17.0, m=25.0, s=26.596556598707366)","dms_tuple(d=-24.0, m=-16.0, s=-29.07053458716092)",261.360819,17.424055,-24.274742
84989,157515,,17.420405,-34.429964,76.1035,0.0,6.79,2.383,K0/K1III,0.962,Sco,9.701,115,240.54417110761835,HD157515_TypK0_Mag6.79,"hms_tuple(h=17.0, m=25.0, s=35.9643282728058)","dms_tuple(d=-34.0, m=-27.0, s=-39.63794305367287)",261.399851,17.426657,-34.461011
84991,157808,,17.42076,6.429314,164.2036,0.0,7.7,1.623,K0,1.083,Oph,19.534,231,536.8905548349917,HD157808_TypK0_Mag7.7,"hms_tuple(h=17.0, m=25.0, s=33.409029804829515)","dms_tuple(d=6.0, m=23.0, s=53.61290240166319)",261.389204,17.425947,6.398226
84999,157823,,17.421879,8.924668,217.8649,0.0,6.68,-0.011,K5,1.511,Oph,87.983,106,218.29580245415895,HD157823_TypK5_Mag6.68,"hms_tuple(h=17.0, m=25.0, s=37.54694119050157)","dms_tuple(d=8.0, m=53.0, s=36.87897386519097)",261.406446,17.427096,8.893577
85011,157895,,17.423635,15.549116,662.2517,0.0,7.74,-1.365,K5,1.652,Her,306.196,238,556.1767595666211,HD157895_TypK5_Mag7.74,"hms_tuple(h=17.0, m=25.0, s=44.344775226568345)","dms_tuple(d=15.0, m=31.0, s=4.8690140156375605)",261.43477,17.428985,15.518019
85017,158084,,17.424847,37.786582,719.4245,0.0,7.67,-1.615,K2,1.585,Her,385.478,226,522.866067770482,HD158084_TypK2_Mag7.67,"hms_tuple(h=17.0, m=25.0, s=52.919972288441386)","dms_tuple(d=37.0, m=45.0, s=19.65331276897757)",261.4705,17.431367,37.755459
85034,158038,,17.429285,27.303341,103.6269,12.6,7.47,2.393,K2II,1.04,Her,9.612,194,438.2834686761904,HD158038_TypK2_Mag7.47,"hms_tuple(h=17.0, m=26.0, s=6.303476408069173)","dms_tuple(d=27.0, m=16.0, s=20.03434002550449)",261.526264,17.435084,27.272232
85035,157881,,17.429231,2.111422,7.7006,-23.3,7.54,8.107,K7V,1.359,Oph,0.05,204,466.20558189854603,HD157881_TypK7_Mag7.54,"hms_tuple(h=17.0, m=26.0, s=3.8005609716117306)","dms_tuple(d=2.0, m=4.0, s=49.21594101504731)",261.515836,17.434389,2.080338
85090,159218,,17.440927,72.806053,273.9726,0.0,7.63,0.441,K0,0.935,Dra,58.023,219,504.73495772895257,HD159218_TypK0_Mag7.63,"hms_tuple(h=17.0, m=27.0, s=30.00190066160144)","dms_tuple(d=72.0, m=46.0, s=29.288571504539505)",261.875008,17.458334,72.774802
85092,157707,,17.441523,-37.112224,510.2041,0.0,7.56,-0.979,K4/K5III,1.688,Sco,214.585,208,474.5052325085976,HD157707_TypK4_Mag7.56,"hms_tuple(h=17.0, m=26.0, s=52.762274764713766)","dms_tuple(d=-37.0, m=-8.0, s=-35.760570180864875)",261.719843,17.44799,-37.143267
85095,157999,,17.441911,4.14036,276.2431,-27.0,4.34,-2.866,K3IIvar,1.48,Oph,1220.113,17,27.695650779025346,HD157999_TypK3_Mag4.34,"hms_tuple(h=17.0, m=26.0, s=49.484151006989805)","dms_tuple(d=4.0, m=6.0, s=33.38607003727439)",261.706184,17.447079,4.109274
85096,157983,,17.442101,0.822127,297.619,0.0,6.86,-0.508,K0,1.292,Oph,139.059,122,255.86873171888556,HD157983_TypK0_Mag6.86,"hms_tuple(h=17.0, m=26.0, s=50.12209107918807)","dms_tuple(d=0.0, m=47.0, s=27.758170140838132)",261.708842,17.447256,0.791044
85099,157708,,17.442934,-38.3289,271.0027,0.0,7.63,0.465,K1III,1.335,Sco,56.754,219,504.73495772895257,HD157708_TypK1_Mag7.63,"hms_tuple(h=17.0, m=26.0, s=58.22784311399204)","dms_tuple(d=-38.0, m=-21.0, s=-35.787789973857684)",261.742616,17.449508,-38.359941
85116,157862,,17.445167,-21.469413,100000.0,0.0,7.24,-12.76,K4III,1.599,Oph,11066237.84,163,357.7868844682338,HD157862_TypK4_Mag7.24,"hms_tuple(h=17.0, m=27.0, s=2.5457758914416218)","dms_tuple(d=-21.0, m=-30.0, s=-1.7092525639853307)",261.760607,17.450707,-21.500475
85145,157969,,17.452745,-15.85336,136.2398,0.0,6.48,0.808,K0II/III,1.146,Ser,41.381,91,182.98269364662428,HD157969_TypK0_Mag6.48,"hms_tuple(h=17.0, m=27.0, s=29.17542820192864)","dms_tuple(d=-15.0, m=-53.0, s=-3.938991334532176)",261.871564,17.458104,-15.884427
85176,158332,,17.459608,26.79496,30.2297,-24.0,7.69,5.288,K1IV,0.82,Her,0.668,229,532.1744198083834,HD158332_TypK1_Mag7.69,"hms_tuple(h=17.0, m=27.0, s=55.37202890375028)","dms_tuple(d=26.0, m=45.0, s=49.86483983218193)",261.980717,17.465381,26.763851
85185,157902,,17.461496,-37.185613,284.0909,0.0,6.67,-0.597,K0III,1.197,Sco,150.938,105,216.3782561854747,HD157902_TypK0_Mag6.67,"hms_tuple(h=17.0, m=28.0, s=4.68770256656768)","dms_tuple(d=-37.0, m=-12.0, s=-59.96059121178689)",262.019532,17.467969,-37.216656
85215,158416,,17.467468,27.669302,202.8398,0.0,8.0,1.464,K2III,1.086,Her,22.615,290,699.5823055523535,HD158416_TypK2_Mag8.0,"hms_tuple(h=17.0, m=28.0, s=23.831676503058645)","dms_tuple(d=27.0, m=38.0, s=17.492416555867578)",262.099299,17.473287,27.638192
85222,158020,,17.469952,-31.207196,578.0347,0.0,7.73,-1.08,K0III,1.3,Sco,235.505,236,551.2912113423957,HD158020_TypK0_Mag7.73,"hms_tuple(h=17.0, m=28.0, s=33.53050747004545)","dms_tuple(d=-31.0, m=-14.0, s=-17.688120413024535)",262.13971,17.475981,-31.238247
85279,158693,,17.480605,41.399412,330.033,0.0,7.78,0.187,K5,1.515,Her,73.316,245,576.1557641428401,HD158693_TypK5_Mag7.78,"hms_tuple(h=17.0, m=29.0, s=14.904575319058324)","dms_tuple(d=41.0, m=22.0, s=5.821366774638932)",262.312102,17.487473,41.368284
85283,158105,,17.482247,-36.77828,245.098,-28.0,5.98,-0.967,K0III,1.112,Sco,212.227,62,117.71223220913615,HD158105_TypK0_Mag5.98,"hms_tuple(h=17.0, m=29.0, s=19.266741982322912)","dms_tuple(d=-36.0, m=-48.0, s=-33.56388538734166)",262.330278,17.488685,-36.809323
85292,158896,,17.483932,51.497646,328.9474,0.0,7.88,0.294,K5,1.348,Dra,66.435,265,629.299802346522,HD158896_TypK5_Mag7.88,"hms_tuple(h=17.0, m=29.0, s=31.942617744274173)","dms_tuple(d=51.0, m=27.0, s=59.39333054119686)",262.383094,17.492206,51.466498
85299,158869,,17.485173,50.087368,847.4576,0.0,7.53,-2.111,K5,1.56,Her,608.695,203,462.11035531169057,HD158869_TypK5_Mag7.53,"hms_tuple(h=17.0, m=29.0, s=35.52576199674803)","dms_tuple(d=50.0, m=3.0, s=22.404087423144574)",262.398024,17.493202,50.056223
85318,158107,,17.488309,-42.334262,729.927,0.0,7.97,-1.346,K1III,1.262,Sco,300.885,284,681.3080354866522,HD158107_TypK1_Mag7.97,"hms_tuple(h=17.0, m=29.0, s=43.02762629818403)","dms_tuple(d=-42.0, m=-21.0, s=-55.068346431615964)",262.429282,17.495285,-42.365297
85335,158756,,17.49115,34.938611,128.5347,0.0,7.17,1.625,K0,1.081,Her,19.498,154,336.35821375838816,HD158756_TypK0_Mag7.17,"hms_tuple(h=17.0, m=29.0, s=50.768026272638735)","dms_tuple(d=34.0, m=54.0, s=26.972105241825375)",262.461533,17.497436,34.907492
85339,158374,,17.491558,-16.034605,413.2231,0.0,7.56,-0.521,K1II/III,1.566,Ser,140.734,208,474.5052325085976,HD158374_TypK1_Mag7.56,"hms_tuple(h=17.0, m=29.0, s=48.91970781803593)","dms_tuple(d=-16.0, m=-3.0, s=-56.42034852534266)",262.453832,17.496922,-16.065672
85361,158463,,17.496485,-5.919479,78.9889,4.0,6.36,1.872,K0III,0.93,Oph,15.531,83,164.59960755259254,HD158463_TypK0_Mag6.36,"hms_tuple(h=17.0, m=30.0, s=6.003252739473908)","dms_tuple(d=-5.0, m=-57.0, s=-2.001260361850825)",262.525014,17.501668,-5.950556
85373,159266,,17.500439,59.688459,189.7533,-15.0,7.95,1.559,K0,1.048,Dra,20.72,280,669.391162362906,HD159266_TypK0_Mag7.95,"hms_tuple(h=17.0, m=30.0, s=38.31397003774413)","dms_tuple(d=59.0, m=39.0, s=26.23510541037092)",262.659642,17.510643,59.657288
85390,158823,,17.50406,29.507482,322.5806,-45.9,7.95,0.407,K3III,1.323,Her,59.869,280,669.391162362906,HD158823_TypK3_Mag7.95,"hms_tuple(h=17.0, m=30.0, s=35.93187911260429)","dms_tuple(d=29.0, m=28.0, s=34.932604942794114)",262.649716,17.509981,29.47637
85394,158789,,17.505177,22.035505,191.2046,0.0,7.67,1.263,K0,0.811,Her,27.214,226,522.866067770482,HD158789_TypK0_Mag7.67,"hms_tuple(h=17.0, m=30.0, s=38.65189203067274)","dms_tuple(d=22.0, m=0.0, s=15.845664367255097)",262.66105,17.510737,22.004402
85397,159428,,17.505467,63.777504,314.4654,0.0,7.33,-0.158,K2,1.251,Dra,100.74,174,387.3560399526628,HD159428_TypK2_Mag7.33,"hms_tuple(h=17.0, m=31.0, s=1.6319138578802495)","dms_tuple(d=63.0, m=44.0, s=46.73717322340906)",262.7568,17.51712,63.746316
85403,158717,,17.506176,10.76832,170.3578,0.0,7.09,0.933,K0,1.011,Oph,36.881,145,313.4352882448582,HD158717_TypK0_Mag7.09,"hms_tuple(h=17.0, m=30.0, s=41.12100411259547)","dms_tuple(d=10.0, m=44.0, s=14.019948923139793)",262.671338,17.511423,10.737228
85410,158824,,17.507438,22.872995,456.621,0.0,7.57,-0.728,K0,0.951,Her,170.294,209,478.71030262103807,HD158824_TypK0_Mag7.57,"hms_tuple(h=17.0, m=30.0, s=46.91257962523139)","dms_tuple(d=22.0, m=50.0, s=30.806451548657776)",262.695469,17.513031,22.841891
85417,159712,,17.508768,68.748172,425.5319,0.0,7.86,-0.285,K5,1.556,Dra,113.24,261,618.2926139519136,HD159712_TypK5_Mag7.86,"hms_tuple(h=17.0, m=31.0, s=22.688800552166697)","dms_tuple(d=68.0, m=43.0, s=1.0406198056284666)",262.844537,17.522969,68.716956
85426,158872,,17.511079,24.041286,591.716,0.0,7.69,-1.171,K5,1.593,Her,256.094,229,532.1744198083834,HD158872_TypK5_Mag7.69,"hms_tuple(h=17.0, m=31.0, s=0.19887009375253228)","dms_tuple(d=24.0, m=0.0, s=36.64950272016938)",262.750829,17.516722,24.01018
85431,159330,,17.512102,57.876824,389.1051,-14.0,6.22,-1.73,K2III,1.397,Dra,428.549,74,145.4735501476104,HD159330_TypK2_Mag6.22,"hms_tuple(h=17.0, m=31.0, s=18.435058910656608)","dms_tuple(d=57.0, m=50.0, s=44.371190098308944)",262.826813,17.521788,57.845659
85432,158899,Maasym,17.512308,26.110645,113.2503,-26.0,4.41,-0.86,K3IIIvar,1.434,Her,192.309,18,29.46008213929217,HD158899_TypK3_Mag4.41,"hms_tuple(h=17.0, m=31.0, s=4.969054988020503)","dms_tuple(d=26.0, m=4.0, s=46.3336368749529)",262.770704,17.518047,26.079537
85461,158738,,17.517289,-2.826757,268.8172,0.0,7.11,-0.037,K0,1.533,Oph,90.116,147,319.0152372679894,HD158738_TypK0_Mag7.11,"hms_tuple(h=17.0, m=31.0, s=20.82022977087462)","dms_tuple(d=-2.0, m=-51.0, s=-28.21226092344574)",262.836751,17.52245,-2.857837
85469,158918,,17.519221,20.187095,246.3054,0.0,7.75,0.793,K0,1.024,Her,41.957,240,561.1056035680328,HD158918_TypK0_Mag7.75,"hms_tuple(h=17.0, m=31.0, s=28.962913828673607)","dms_tuple(d=20.0, m=9.0, s=21.57662460743012)",262.870679,17.524712,20.155994
85471,159027,,17.519868,28.136351,316.4557,17.3,8.0,0.498,K2III,1.215,Her,55.055,290,699.5823055523535,HD159027_TypK2_Mag8.0,"hms_tuple(h=17.0, m=31.0, s=32.56217126737596)","dms_tuple(d=28.0, m=6.0, s=18.866857381692057)",262.885676,17.525712,28.105241
85481,159906,,17.521634,69.599983,221.2389,6.3,7.26,0.536,K0,0.958,Dra,53.162,165,364.156405231697,HD159906_TypK0_Mag7.26,"hms_tuple(h=17.0, m=32.0, s=11.04099363094548)","dms_tuple(d=69.0, m=34.0, s=7.538183956174862)",263.046004,17.5364,69.568761
85483,158955,,17.521864,19.521946,270.2703,0.0,6.77,-0.389,K5,1.556,Her,124.624,113,236.33677266456448,HD158955_TypK5_Mag6.77,"hms_tuple(h=17.0, m=31.0, s=38.39516197494618)","dms_tuple(d=19.0, m=29.0, s=27.042688329381406)",262.90998,17.527332,19.490845
85500,160077,,17.524355,71.247944,100000.0,0.0,7.85,-12.15,K2,1.087,Dra,6309573.445,259,612.8614298360975,HD160077_TypK2_Mag7.85,"hms_tuple(h=17.0, m=32.0, s=25.30958060421142)","dms_tuple(d=71.0, m=13.0, s=0.1497304328336213)",263.105457,17.540364,71.216708
85504,158855,,17.52523,1.672301,132.4503,-15.9,7.18,1.57,K3III,1.319,Oph,20.512,155,339.33902361009757,HD158855_TypK3_Mag7.18,"hms_tuple(h=17.0, m=31.0, s=49.39233799562231)","dms_tuple(d=1.0, m=38.0, s=28.3817819743534)",262.955801,17.530387,1.641217
85508,159318,,17.525854,49.72324,287.3563,0.0,7.76,0.468,K0,1.075,Her,56.598,242,566.0781270342421,HD159318_TypK0_Mag7.76,"hms_tuple(h=17.0, m=32.0, s=1.7602465291506064)","dms_tuple(d=49.0, m=41.0, s=31.546161284213667)",263.007334,17.533822,49.692096
85510,159640,,17.526141,61.684002,228.3105,0.0,7.57,0.777,K2,1.101,Dra,42.579,209,478.71030262103807,HD159640_TypK2_Mag7.57,"hms_tuple(h=17.0, m=32.0, s=13.189808314676839)","dms_tuple(d=61.0, m=39.0, s=10.162639500129558)",263.054958,17.536997,61.652823
85515,159731,,17.527709,64.51086,387.5969,0.0,7.83,-0.112,K2,1.224,Dra,96.561,255,602.141767772257,HD159731_TypK2_Mag7.83,"hms_tuple(h=17.0, m=32.0, s=22.824351062512278)","dms_tuple(d=64.0, m=28.0, s=46.80615955811163)",263.095101,17.539673,64.479668
85518,159118,,17.528482,30.317847,86.8056,0.0,6.91,2.217,K0,1.087,Her,11.303,126,267.409023780344,HD159118_TypK0_Mag6.91,"hms_tuple(h=17.0, m=32.0, s=4.02501939226056)","dms_tuple(d=30.0, m=17.0, s=12.24307142826035)",263.016771,17.534451,30.286734
85523,158619,,17.529822,-33.703158,112.1076,-34.0,6.43,1.182,K2III,1.191,Sco,29.322,87,175.0859005727711,HD158619_TypK2_Mag6.43,"hms_tuple(h=17.0, m=32.0, s=9.673073988516308)","dms_tuple(d=-33.0, m=-44.0, s=-3.1398175443206355)",263.040304,17.53602,-33.734206
85542,158921,,17.532701,0.042496,208.7683,0.0,6.75,0.152,K0,1.112,Oph,75.718,112,232.20296653338022,HD158921_TypK0_Mag6.75,"hms_tuple(h=17.0, m=32.0, s=16.280322715589364)","dms_tuple(d=0.0, m=0.0, s=41.08912592591043)",263.067835,17.537856,0.011414
85543,159966,,17.532745,68.135024,64.6831,-73.0,5.07,1.016,K0III,1.077,Dra,34.166,31,52.73885165418213,HD159966_TypK0_Mag5.07,"hms_tuple(h=17.0, m=32.0, s=47.641884151971965)","dms_tuple(d=68.0, m=6.0, s=13.722667721182233)",263.198508,17.546567,68.103812
85561,159410,,17.53711,46.330454,271.0027,-52.0,7.3,0.135,K3III,1.374,Her,76.913,170,377.23764669214916,HD159410_TypK3_Mag7.3,"hms_tuple(h=17.0, m=32.0, s=40.45512503036008)","dms_tuple(d=46.0, m=17.0, s=57.54143076824391)",263.168563,17.544571,46.299317
85565,160228,,17.537662,71.585847,100000.0,0.0,7.95,-12.05,K5,1.576,Dra,5754399.373,280,669.391162362906,HD160228_TypK5_Mag7.95,"hms_tuple(h=17.0, m=33.0, s=14.232800530710392)","dms_tuple(d=71.0, m=33.0, s=16.589658187843952)",263.309303,17.553954,71.554608
85569,159153,,17.53843,18.386289,145.5604,0.0,7.68,1.865,K2,1.223,Her,15.631,227,527.4997120883073,HD159153_TypK2_Mag7.68,"hms_tuple(h=17.0, m=32.0, s=37.89945014255409)","dms_tuple(d=18.0, m=21.0, s=18.681648705277496)",263.157914,17.543861,18.355189
85575,159119,,17.54001,14.383801,253.1646,-20.0,7.02,0.003,K5III,1.52,Her,86.856,137,294.66293556170405,HD159119_TypK5_Mag7.02,"hms_tuple(h=17.0, m=32.0, s=43.19057311214209)","dms_tuple(d=14.0, m=21.0, s=9.739105861125239)",263.179961,17.545331,14.352705
85581,159542,,17.542413,52.094506,279.3296,0.0,7.95,0.719,K0,1.025,Dra,44.916,280,669.391162362906,HD159542_TypK0_Mag7.95,"hms_tuple(h=17.0, m=33.0, s=2.8706672918471554)","dms_tuple(d=52.0, m=3.0, s=48.08422223471325)",263.261961,17.550797,52.063357
85589,160538,,17.544808,74.227355,103.5197,-10.2,6.61,1.535,K0III,1.043,Dra,21.184,100,205.22157007953126,HD160538_TypK0_Mag6.61,"hms_tuple(h=17.0, m=33.0, s=49.44564375216032)","dms_tuple(d=74.0, m=11.0, s=45.91800836994025)",263.456024,17.563735,74.196088
85606,159241,,17.54726,19.086246,280.112,0.0,7.59,0.353,K5,1.548,Her,62.922,212,487.2325692121131,HD159241_TypK5_Mag7.59,"hms_tuple(h=17.0, m=33.0, s=9.768489457536305)","dms_tuple(d=19.0, m=3.0, s=18.524291182026502)",263.290702,17.552713,19.055146
85612,159011,,17.549719,-17.495941,175.7469,0.0,6.81,0.586,K0III,1.022,Oph,50.769,117,244.8264719937363,HD159011_TypK0_Mag6.81,"hms_tuple(h=17.0, m=33.0, s=18.448558745435832)","dms_tuple(d=-17.0, m=-31.0, s=-37.224721474164255)",263.326869,17.555125,-17.527007
85625,159501,,17.55202,41.243449,99.5025,-29.0,5.72,0.731,K1III:,1.089,Her,44.422,51,93.58270978529147,HD159501_TypK1_Mag5.72,"hms_tuple(h=17.0, m=33.0, s=31.93953505644032)","dms_tuple(d=41.0, m=12.0, s=44.35547233084549)",263.383081,17.558872,41.212321
85628,159331,,17.552494,23.92071,289.8551,0.0,7.98,0.669,K0,1.025,Her,47.033,286,687.3457941057625,HD159331_TypK0_Mag7.98,"hms_tuple(h=17.0, m=33.0, s=29.273889885450615)","dms_tuple(d=23.0, m=53.0, s=22.576375947975862)",263.371975,17.558132,23.889605
85629,159267,,17.552574,16.769282,257.0694,0.0,7.01,-0.04,K5,1.472,Her,90.365,136,292.07456782282145,HD159267_TypK5_Mag7.01,"hms_tuple(h=17.0, m=33.0, s=28.644142806032562)","dms_tuple(d=16.0, m=44.0, s=17.462279679108974)",263.369351,17.557957,16.738184
85631,159227,,17.552897,7.718874,383.1418,0.0,7.6,-0.317,K0,1.073,Oph,116.627,214,491.5504291096121,HD159227_TypK0_Mag7.6,"hms_tuple(h=17.0, m=33.0, s=29.154227814747173)","dms_tuple(d=7.0, m=41.0, s=16.024610528910728)",263.371476,17.558098,7.687785
85644,158764,,17.555393,-46.764376,215.0538,0.0,7.88,1.217,K0III,1.129,Ara,28.392,265,629.299802346522,HD158764_TypK0_Mag7.88,"hms_tuple(h=17.0, m=33.0, s=46.52052175930493)","dms_tuple(d=-46.0, m=-47.0, s=-43.450066059246524)",263.443836,17.562922,-46.795403
85662,159088,,17.559604,-22.171672,177.6199,0.0,7.75,1.503,K4/K5III,1.727,Oph,21.817,240,561.1056035680328,HD159088_TypK4_Mag7.75,"hms_tuple(h=17.0, m=33.0, s=54.61724923733982)","dms_tuple(d=-22.0, m=-12.0, s=-9.838980324460351)",263.477572,17.565171,-22.202733
85667,159353,,17.560941,16.317553,92.9368,-22.0,5.68,0.839,K0III:,1.002,Her,40.216,49,90.33759882152823,HD159353_TypK0_Mag5.68,"hms_tuple(h=17.0, m=33.0, s=58.72010505134398)","dms_tuple(d=16.0, m=17.0, s=11.239490582416352)",263.494667,17.566311,16.286455
85675,159544,,17.563255,34.541692,238.0952,0.0,7.84,0.956,K2,1.285,Her,36.108,257,607.4779541357369,HD159544_TypK2_Mag7.84,"hms_tuple(h=17.0, m=34.0, s=10.237705768138596)","dms_tuple(d=34.0, m=30.0, s=38.065630604106104)",263.542657,17.56951,34.510574
85679,159442,,17.565288,21.564996,242.7184,0.0,7.92,0.994,K5,1.621,Her,34.866,273,651.9055358919003,HD159442_TypK5_Mag7.92,"hms_tuple(h=17.0, m=34.0, s=14.985962755517903)","dms_tuple(d=21.0, m=32.0, s=2.0150526711606176)",263.562442,17.570829,21.533893
85719,159413,,17.573037,6.521357,343.6426,0.0,7.71,0.029,K0,1.089,Oph,84.801,233,541.648484297334,HD159413_TypK0_Mag7.71,"hms_tuple(h=17.0, m=34.0, s=41.60961831335527)","dms_tuple(d=6.0, m=29.0, s=24.967396836638258)",263.673373,17.578225,6.490269
85725,160450,,17.574593,68.119408,276.2431,0.0,7.98,0.774,K2,1.054,Dra,42.697,286,687.3457941057625,HD160450_TypK2_Mag7.98,"hms_tuple(h=17.0, m=35.0, s=18.26096569998583)","dms_tuple(d=68.0, m=5.0, s=17.505435543864678)",263.826087,17.588406,68.088196
85740,159445,,17.577368,4.099179,231.4815,0.0,7.63,0.807,K0,1.186,Oph,41.419,219,504.73495772895257,HD159445_TypK0_Mag7.63,"hms_tuple(h=17.0, m=34.0, s=57.12839517596166)","dms_tuple(d=4.0, m=4.0, s=5.134605717832699)",263.738035,17.582536,4.068093
85746,159833,,17.578167,43.397245,176.9912,0.0,7.26,1.02,K2,1.274,Her,34.041,165,364.156405231697,HD159833_TypK2_Mag7.26,"hms_tuple(h=17.0, m=35.0, s=6.926942303039141)","dms_tuple(d=43.0, m=21.0, s=58.008165754608285)",263.778862,17.585257,43.366113
85783,159194,,17.585077,-38.799467,115.6069,0.0,6.76,1.445,K3III,1.24,Sco,23.014,113,234.26075154331102,HD159194_TypK3_Mag6.76,"hms_tuple(h=17.0, m=35.0, s=30.098285422712934)","dms_tuple(d=-38.0, m=-49.0, s=-49.826464764360026)",263.87541,17.591694,-38.830507
85789,160361,,17.586296,62.4617,200.0,0.0,7.05,0.545,K2,1.31,Dra,52.723,141,302.5664825365462,HD160361_TypK2_Mag7.05,"hms_tuple(h=17.0, m=35.0, s=50.7602043336945)","dms_tuple(d=62.0, m=25.0, s=49.863839255988296)",263.961501,17.597433,62.430518
85790,159714,,17.586317,24.349372,387.5969,-20.0,7.29,-0.652,K4III,1.53,Her,158.782,169,373.9239290957076,HD159714_TypK4_Mag7.29,"hms_tuple(h=17.0, m=35.0, s=31.104738789235853)","dms_tuple(d=24.0, m=19.0, s=5.75788951766242)",263.879603,17.591974,24.318266
85795,159450,,17.587972,-12.347797,227.7904,0.0,7.86,1.072,K0III,1.077,Ser,32.449,261,618.2926139519136,HD159450_TypK0_Mag7.86,"hms_tuple(h=17.0, m=35.0, s=35.697608804794356)","dms_tuple(d=-12.0, m=-22.0, s=-43.924415468562046)",263.89874,17.593249,-12.378868
85821,159674,,17.592395,11.3672,416.6667,0.0,7.54,-0.559,K5,1.568,Oph,145.747,204,466.20558189854603,HD159674_TypK5_Mag7.54,"hms_tuple(h=17.0, m=35.0, s=51.54794928485842)","dms_tuple(d=11.0, m=20.0, s=9.98591109979401)",263.964783,17.597652,11.336107
85833,159564,,17.595155,-6.120331,107.5269,0.0,6.61,1.452,K0,1.181,Oph,22.867,100,205.22157007953126,HD159564_TypK0_Mag6.61,"hms_tuple(h=17.0, m=36.0, s=1.222187065861533)","dms_tuple(d=-6.0, m=-9.0, s=-5.067794572661768)",264.005092,17.600339,-6.151408
85835,159527,,17.595503,-14.643683,485.4369,0.0,7.54,-0.891,K4III,1.723,Ser,197.879,204,466.20558189854603,HD159527_TypK4_Mag7.54,"hms_tuple(h=17.0, m=36.0, s=2.993264678978278)","dms_tuple(d=-14.0, m=-40.0, s=-29.106052767437518)",264.012472,17.600831,-14.674752
85843,159736,,17.59744,12.046948,847.4576,0.0,6.76,-2.881,K5,1.63,Oph,1237.086,113,234.26075154331102,HD159736_TypK5_Mag6.76,"hms_tuple(h=17.0, m=36.0, s=9.75640745839371)","dms_tuple(d=12.0, m=0.0, s=57.07638770744836)",264.040652,17.60271,12.015855
85853,159341,,17.59925,-38.472743,515.4639,0.0,7.78,-0.781,K3IV,1.045,Sco,178.813,245,576.1557641428401,HD159341_TypK3_Mag7.78,"hms_tuple(h=17.0, m=36.0, s=21.01263402209611)","dms_tuple(d=-38.0, m=-30.0, s=-13.62182157384666)",264.087553,17.605837,-38.503784
85859,159778,,17.601168,11.312598,454.5455,0.0,7.28,-1.008,K2,1.475,Oph,220.394,168,370.63931974020056,HD159778_TypK2_Mag7.28,"hms_tuple(h=17.0, m=36.0, s=23.127142770160845)","dms_tuple(d=11.0, m=16.0, s=53.41889724238641)",264.096363,17.606424,11.281505
85861,159756,,17.601302,7.014832,192.3077,0.0,7.93,1.51,K5,1.39,Oph,21.677,275,657.682729265769,HD159756_TypK5_Mag7.93,"hms_tuple(h=17.0, m=36.0, s=23.3826296178259)","dms_tuple(d=6.0, m=59.0, s=1.4757566490592922)",264.097428,17.606495,6.983743
85866,159926,,17.60225,28.185091,133.5113,-34.0,6.4,0.772,K5,1.367,Her,42.776,85,170.51236146755156,HD159926_TypK5_Mag6.4,"hms_tuple(h=17.0, m=36.0, s=29.14694086784465)","dms_tuple(d=28.0, m=9.0, s=14.33065194850002)",264.121446,17.608096,28.153981
85875,159285,,17.603523,-47.355869,279.3296,0.0,7.95,0.719,K1III,1.185,Ara,44.916,280,669.391162362906,HD159285_TypK1_Mag7.95,"hms_tuple(h=17.0, m=36.0, s=40.09124053021452)","dms_tuple(d=-47.0, m=-23.0, s=-12.820683021227524)",264.167047,17.611136,-47.386895
85879,159798,,17.603855,9.715485,79.1139,0.0,7.37,2.879,K0,0.866,Oph,6.143,180,401.2706596517492,HD159798_TypK0_Mag7.37,"hms_tuple(h=17.0, m=36.0, s=32.702991331128715)","dms_tuple(d=9.0, m=41.0, s=3.8175121840198756)",264.136262,17.609084,9.684394
85896,159948,,17.606859,25.616298,248.7562,3.3,7.35,0.371,K2III,1.169,Her,61.887,177,394.25196723909164,HD159948_TypK2_Mag7.35,"hms_tuple(h=17.0, m=36.0, s=45.26653761186253)","dms_tuple(d=25.0, m=35.0, s=6.686437144441015)",264.188611,17.612574,25.585191
85903,160832,,17.608276,68.488895,332.2259,0.0,7.29,-0.317,K5,1.597,Dra,116.627,169,373.9239290957076,HD160832_TypK5_Mag7.29,"hms_tuple(h=17.0, m=37.0, s=20.331038498237604)","dms_tuple(d=68.0, m=27.0, s=27.64979663550548)",264.334713,17.622314,68.45768
85908,159889,,17.609271,13.25922,163.6661,0.0,7.0,0.93,K0,1.151,Oph,36.983,135,289.50893673230235,HD159889_TypK0_Mag7.0,"hms_tuple(h=17.0, m=36.0, s=52.43811420905274)","dms_tuple(d=13.0, m=13.0, s=41.25141445187211)",264.218492,17.614566,13.228125
85918,160290,,17.610457,48.585634,108.3424,29.0,5.35,0.176,K1III,1.142,Her,74.063,38,67.51809571619467,HD160290_TypK1_Mag5.35,"hms_tuple(h=17.0, m=37.0, s=5.680433584221873)","dms_tuple(d=48.0, m=33.0, s=16.173269712784304)",264.273668,17.618245,48.554493
85939,159513,,17.615968,-39.668474,227.2727,0.0,7.92,1.137,K3/K4III+..,1.496,Sco,30.563,273,651.9055358919003,HD159513_TypK3_Mag7.92,"hms_tuple(h=17.0, m=37.0, s=21.603081807771503)","dms_tuple(d=-39.0, m=-41.0, s=-58.24691229653865)",264.340013,17.622668,-39.699513
85944,159743,,17.617119,-18.992078,145.1379,0.0,7.45,1.641,K0III,1.079,Oph,19.213,191,430.6173790127683,HD159743_TypK0_Mag7.45,"hms_tuple(h=17.0, m=37.0, s=21.25710554962012)","dms_tuple(d=-19.0, m=-1.0, s=-23.312481902174795)",264.338571,17.622571,-19.023142
85947,159994,,17.61733,14.851703,454.5455,0.0,7.58,-0.708,K0,0.997,Her,167.186,211,482.9526381068404,HD159994_TypK0_Mag7.58,"hms_tuple(h=17.0, m=37.0, s=21.58332325340126)","dms_tuple(d=14.0, m=49.0, s=14.184668205157749)",264.339931,17.622662,14.820607
85948,159969,,17.617544,11.655294,591.716,0.0,7.99,-0.871,K2,1.23,Oph,194.267,288,693.4370594020932,HD159969_TypK2_Mag7.99,"hms_tuple(h=17.0, m=37.0, s=22.103686049799194)","dms_tuple(d=11.0, m=37.0, s=27.123327777439528)",264.342099,17.622807,11.624201
85960,160520,,17.620624,55.741063,159.4896,0.0,7.03,1.016,K0,1.118,Dra,34.166,138,297.27424144135534,HD160520_TypK0_Mag7.03,"hms_tuple(h=17.0, m=37.0, s=47.18443064095396)","dms_tuple(d=55.0, m=42.0, s=35.65493432638107)",264.446602,17.629773,55.709904
86047,160018,,17.635973,-10.926268,117.7856,-33.0,5.74,0.385,K0III,1.228,Ser,61.094,52,95.24872114276333,HD160018_TypK0_Mag5.74,"hms_tuple(h=17.0, m=38.0, s=28.404112792780438)","dms_tuple(d=-10.0, m=-57.0, s=-26.42487422415016)",264.61835,17.641223,-10.95734
86049,160402,,17.636247,34.975348,100000.0,0.0,7.86,-12.14,K5,1.551,Her,6251726.928,261,618.2926139519136,HD160402_TypK5_Mag7.86,"hms_tuple(h=17.0, m=38.0, s=33.12735966678105)","dms_tuple(d=34.0, m=56.0, s=39.225126100370176)",264.638031,17.642535,34.944229
86051,159881,,17.636664,-28.046762,452.4887,-6.0,6.83,-1.448,K5III,1.906,Oph,330.522,119,249.18500877779775,HD159881_TypK5_Mag6.83,"hms_tuple(h=17.0, m=38.0, s=33.022397297642385)","dms_tuple(d=-28.0, m=-4.0, s=-40.13944621029623)",264.637593,17.642506,-28.077817
86059,160451,,17.638592,36.747285,134.9528,0.0,6.78,1.129,K0,1.189,Her,30.789,114,238.4311915057409,HD160451_TypK0_Mag6.78,"hms_tuple(h=17.0, m=38.0, s=42.08060502144633)","dms_tuple(d=36.0, m=42.0, s=58.189487883508946)",264.675336,17.645022,36.716164
86067,160247,,17.640364,12.737373,146.1988,0.0,7.49,1.665,K0,0.998,Oph,18.793,197,446.0860343240754,HD160247_TypK0_Mag7.49,"hms_tuple(h=17.0, m=38.0, s=44.33297706733839)","dms_tuple(d=12.0, m=42.0, s=22.604015774102066)",264.684721,17.645648,12.706279
86101,159809,,17.64814,-45.759884,76.6871,6.8,7.43,3.006,K1IV,0.997,Ara,5.465,188,423.08537820947436,HD159809_TypK1_Mag7.43,"hms_tuple(h=17.0, m=39.0, s=19.917068322242528)","dms_tuple(d=-45.0, m=-47.0, s=-27.285763449224305)",264.832988,17.655533,-45.790913
86125,160541,,17.652637,31.886222,323.6246,0.0,7.44,-0.11,K5,1.526,Her,96.383,189,426.83476505925523,HD160541_TypK5_Mag7.44,"hms_tuple(h=17.0, m=39.0, s=31.340435589257822)","dms_tuple(d=31.0, m=51.0, s=18.386062855298633)",264.880585,17.658706,31.855107
86133,160346,,17.654699,3.555239,10.9999,22.4,6.53,6.323,K3V,0.959,Oph,0.258,94,191.23565098411746,HD160346_TypK3_Mag6.53,"hms_tuple(h=17.0, m=39.0, s=35.50828009207322)","dms_tuple(d=3.0, m=31.0, s=26.95239660965761)",264.897951,17.659863,3.524153
86137,160108,,17.655679,-29.530971,141.6431,0.0,6.72,0.964,K1III,0.936,Oph,35.843,109,226.137433304753,HD160108_TypK1_Mag6.72,"hms_tuple(h=17.0, m=39.0, s=41.77832972432384)","dms_tuple(d=-29.0, m=-33.0, s=-43.28550747617584)",264.924076,17.661605,-29.562024
86139,160470,,17.656266,18.007038,191.2046,0.0,7.81,1.403,K2,1.278,Her,23.922,251,591.6096051155723,HD160470_TypK2_Mag7.81,"hms_tuple(h=17.0, m=39.0, s=42.066632899883984)","dms_tuple(d=17.0, m=58.0, s=33.37942573388062)",264.925278,17.661685,17.975939
86156,160385,,17.658658,3.39264,248.139,0.0,6.63,-0.343,K0,1.534,Oph,119.454,102,208.87503841075554,HD160385_TypK0_Mag6.63,"hms_tuple(h=17.0, m=39.0, s=49.757506137169685)","dms_tuple(d=3.0, m=21.0, s=41.59653153657089)",264.957323,17.663822,3.361555
86189,160509,,17.665538,7.801117,168.6341,0.0,7.06,0.925,K0,1.062,Oph,37.154,142,305.2478297284723,HD160509_TypK0_Mag7.06,"hms_tuple(h=17.0, m=40.0, s=14.665476042131331)","dms_tuple(d=7.0, m=46.0, s=12.099135971583905)",265.061106,17.67074,7.770028
86191,161053,,17.665799,56.870287,85.9845,0.0,7.3,2.628,K2,1.071,Dra,7.741,170,377.23764669214916,HD161053_TypK2_Mag7.3,"hms_tuple(h=17.0, m=40.0, s=30.80147664541215)","dms_tuple(d=56.0, m=50.0, s=20.849323441834144)",265.128339,17.675223,56.839125
86203,160678,,17.667733,29.236882,142.6534,32.5,7.7,1.929,K0III,1.001,Her,14.737,231,536.8905548349917,HD160678_TypK0_Mag7.7,"hms_tuple(h=17.0, m=40.0, s=25.09816466690893)","dms_tuple(d=29.0, m=12.0, s=20.773772247875684)",265.104576,17.673638,29.20577
86208,160471,,17.669984,-2.152301,157.2327,-49.0,6.08,0.097,K2.5Ib,1.608,Oph,79.653,67,128.56989215960064,HD160471_TypK2_Mag6.08,"hms_tuple(h=17.0, m=40.0, s=30.512604161053503)","dms_tuple(d=-2.0, m=-11.0, s=-0.17287609156767303)",265.127136,17.675142,-2.183381
86215,160558,,17.67222,6.564609,512.8205,0.0,7.18,-1.37,K2,1.546,Oph,307.61,155,339.33902361009757,HD160558_TypK2_Mag7.18,"hms_tuple(h=17.0, m=40.0, s=38.6700276841168)","dms_tuple(d=6.0, m=32.0, s=0.674453209853425)",265.161125,17.677408,6.533521
86225,161161,,17.675227,57.857593,246.3054,0.0,7.69,0.733,K2,1.165,Dra,44.34,229,532.1744198083834,HD161161_TypK2_Mag7.69,"hms_tuple(h=17.0, m=41.0, s=5.666453581235373)","dms_tuple(d=57.0, m=49.0, s=35.13981254458315)",265.27361,17.684907,57.826428
86226,160522,,17.675314,-2.864625,349.6503,0.0,7.64,-0.078,K5,1.965,Oph,93.584,221,509.2079239683959,HD160522_TypK5_Mag7.64,"hms_tuple(h=17.0, m=40.0, s=49.71084685775651)","dms_tuple(d=-2.0, m=-53.0, s=-44.5369364791766)",265.207129,17.680475,-2.895705
86231,161162,,17.676712,57.310312,298.5075,-14.0,6.79,-0.585,K0,0.918,Dra,149.279,115,240.54417110761835,HD161162_TypK0_Mag6.79,"hms_tuple(h=17.0, m=41.0, s=10.492780934594634)","dms_tuple(d=57.0, m=16.0, s=44.93444515927024)",265.29372,17.686248,57.279148
86233,160950,,17.677097,43.470666,130.8901,-29.0,6.36,0.775,K2,1.199,Her,42.658,83,164.59960755259254,HD160950_TypK2_Mag6.36,"hms_tuple(h=17.0, m=41.0, s=3.105896088811164)","dms_tuple(d=43.0, m=26.0, s=22.323309814387358)",265.262941,17.684196,43.439534
86238,160822,,17.678109,31.287478,130.3781,-6.0,6.3,0.724,K0III,1.075,Her,44.71,79,156.1126819853037,HD160822_TypK0_Mag6.3,"hms_tuple(h=17.0, m=41.0, s=2.899871834603971)","dms_tuple(d=31.0, m=15.0, s=22.91036584056485)",265.262083,17.684139,31.256364
86259,160371,,17.68293,-32.214464,241.5459,-6.4,6.01,-0.905,K3III + (G),1.673,Sco,200.447,63,120.86954873761292,HD160371_TypK3_Mag6.01,"hms_tuple(h=17.0, m=41.0, s=20.488637853447642)","dms_tuple(d=-32.0, m=-14.0, s=-43.84835476416015)",265.335369,17.689025,-32.245513
86269,160835,,17.684857,24.513254,161.8123,-32.0,6.37,0.325,K1III+...,1.204,Her,64.565,84,166.05829091964327,HD160835_TypK1_Mag6.37,"hms_tuple(h=17.0, m=41.0, s=25.875177503339728)","dms_tuple(d=24.0, m=28.0, s=55.73244177077299)",265.357813,17.690521,24.482148
86272,161897,,17.68524,72.420343,30.03,-17.0,7.6,5.212,K0,0.72,Dra,0.716,214,491.5504291096121,HD161897_TypK0_Mag7.6,"hms_tuple(h=17.0, m=42.0, s=8.198323500340905)","dms_tuple(d=72.0, m=23.0, s=20.746683492292277)",265.53416,17.702277,72.389096
86293,161193,,17.689386,51.818182,92.9368,-9.0,6.0,1.159,K0III:,1.068,Dra,29.95,63,119.80781072170208,HD161193_TypK0_Mag6.0,"hms_tuple(h=17.0, m=41.0, s=51.788217217299746)","dms_tuple(d=51.0, m=47.0, s=13.320203992676056)",265.465784,17.697719,51.787033
86296,161617,,17.689821,67.152004,280.112,0.0,6.64,-0.597,K5,1.473,Dra,150.938,103,210.72609108853683,HD161617_TypK5_Mag6.64,"hms_tuple(h=17.0, m=42.0, s=11.085160805226053)","dms_tuple(d=67.0, m=7.0, s=14.872891205458245)",265.546188,17.703079,67.120798
86309,160953,,17.693252,28.212898,220.2643,0.0,7.75,1.035,K0,1.186,Her,33.574,240,561.1056035680328,HD160953_TypK0_Mag7.75,"hms_tuple(h=17.0, m=41.0, s=56.759611216561154)","dms_tuple(d=28.0, m=10.0, s=54.43573466156835)",265.486498,17.6991,28.181788
86318,160923,,17.69534,24.572767,209.205,0.0,7.3,0.697,K0,1.071,Her,45.835,170,377.23764669214916,HD160923_TypK0_Mag7.3,"hms_tuple(h=17.0, m=42.0, s=3.623636940547499)","dms_tuple(d=24.0, m=32.0, s=29.979006127175296)",265.515098,17.701007,24.541661
86324,161238,,17.696422,50.486106,288.1844,0.0,7.73,0.432,K0,0.949,Dra,58.506,236,551.2912113423957,HD161238_TypK0_Mag7.73,"hms_tuple(h=17.0, m=42.0, s=16.265076846885336)","dms_tuple(d=50.0, m=27.0, s=17.85768994052603)",265.567771,17.704518,50.45496
86357,160884,,17.69988,10.633096,826.4463,0.0,7.43,-2.156,K5,1.46,Oph,634.454,188,423.08537820947436,HD160884_TypK5_Mag7.43,"hms_tuple(h=17.0, m=42.0, s=18.447007690849944)","dms_tuple(d=10.0, m=36.0, s=7.214007919778851)",265.576863,17.705124,10.602004
86395,160980,,17.707241,13.72115,432.9004,0.0,7.71,-0.472,K0,0.85,Oph,134.524,233,541.648484297334,HD160980_TypK0_Mag7.71,"hms_tuple(h=17.0, m=42.0, s=45.16693057049423)","dms_tuple(d=13.0, m=41.0, s=24.197813514008857)",265.688196,17.712546,13.690055
86399,161074,,17.707879,24.564058,124.3781,-27.0,5.56,0.086,K4III,1.436,Her,80.464,45,81.26196536369221,HD161074_TypK4_Mag5.56,"hms_tuple(h=17.0, m=42.0, s=48.76262145359533)","dms_tuple(d=24.0, m=31.0, s=58.62664062467587)",265.703178,17.713545,24.532952
86400,161073,,17.708077,25.801013,261.7801,0.0,7.56,0.47,K2,1.258,Her,56.494,208,474.5052325085976,HD161073_TypK2_Mag7.56,"hms_tuple(h=17.0, m=42.0, s=49.68325218021789)","dms_tuple(d=25.0, m=46.0, s=11.659691687550264)",265.707014,17.713801,25.769905
86412,162465,,17.710459,75.539363,239.8082,0.0,7.82,0.921,K2,0.998,Dra,37.291,253,596.8524553483364,HD162465_TypK2_Mag7.82,"hms_tuple(h=17.0, m=43.0, s=51.807402325783585)","dms_tuple(d=75.0, m=30.0, s=29.083709033670857)",265.965864,17.731058,75.508079
86413,161112,,17.710659,26.551724,176.6784,-8.6,7.51,1.274,K0III,0.99,Her,26.94,200,454.02750557766933,HD161112_TypK0_Mag7.51,"hms_tuple(h=17.0, m=42.0, s=59.11141207347754)","dms_tuple(d=26.0, m=31.0, s=14.216237836230903)",265.746298,17.71642,26.520616
86430,160668,,17.714194,-36.945564,211.4165,-4.0,5.53,-1.096,K5III,1.553,Sco,239.001,44,79.13926573372774,HD160668_TypK5_Mag5.53,"hms_tuple(h=17.0, m=43.0, s=14.326793146095156)","dms_tuple(d=-36.0, m=-58.0, s=-35.78542806328187)",265.809695,17.720646,-36.976607
86445,161369,,17.71821,44.08432,319.4888,-60.0,6.38,-1.142,K4III,1.521,Her,249.345,84,167.52990115327088,HD161369_TypK4_Mag6.38,"hms_tuple(h=17.0, m=43.0, s=31.376044363260007)","dms_tuple(d=44.0, m=3.0, s=11.473855194226417)",265.880734,17.725382,44.053187
86454,161198,,17.721014,21.609209,22.6501,24.4,7.51,5.735,K0V,0.752,Her,0.443,200,454.02750557766933,HD161198_TypK0_Mag7.51,"hms_tuple(h=17.0, m=43.0, s=35.60564493320271)","dms_tuple(d=21.0, m=34.0, s=41.18168512425967)",265.898357,17.726557,21.578106
86472,161268,,17.724238,27.022835,194.5525,-26.4,7.4,0.955,K1II,1.116,Her,36.141,184,412.0336743557815,HD161268_TypK1_Mag7.4,"hms_tuple(h=17.0, m=43.0, s=48.0819659354421)","dms_tuple(d=26.0, m=59.0, s=30.213900970294674)",265.950342,17.730023,26.991726
86474,161096,Cebalrai,17.724543,4.567303,25.0941,-12.0,2.76,0.762,K2III,1.168,Oph,43.172,5,6.870560432913043,HD161096_TypK2_Mag2.76,"hms_tuple(h=17.0, m=43.0, s=46.96983321524158)","dms_tuple(d=4.0, m=32.0, s=10.379462520504319)",265.945708,17.729714,4.536217
86518,161131,,17.733562,-5.929571,97.371,1.0,7.21,2.268,K0,0.983,Oph,10.784,159,348.44088743422355,HD161131_TypK0_Mag7.21,"hms_tuple(h=17.0, m=44.0, s=19.48079556822563)","dms_tuple(d=-5.0, m=-57.0, s=-38.33242692038141)",266.08117,17.738745,-5.960648
86549,161549,,17.739458,40.447415,294.9853,0.0,7.92,0.571,K5,1.469,Her,51.475,273,651.9055358919003,HD161549_TypK5_Mag7.92,"hms_tuple(h=17.0, m=44.0, s=46.422121438121735)","dms_tuple(d=40.0, m=24.0, s=58.63762811101253)",266.193426,17.746228,40.416288
86591,161583,,17.747154,35.217675,137.3626,0.0,6.62,0.931,K0,1.113,Her,36.949,101,207.04024568445064,HD161583_TypK0_Mag6.62,"hms_tuple(h=17.0, m=45.0, s=12.459864640449325)","dms_tuple(d=35.0, m=11.0, s=11.601140395330276)",266.301916,17.753461,35.186556
86643,161540,,17.758868,13.019535,236.9668,0.0,7.15,0.277,K0,1.051,Oph,67.484,152,330.4749158245449,HD161540_TypK0_Mag7.15,"hms_tuple(h=17.0, m=45.0, s=50.96875404823322)","dms_tuple(d=12.0, m=59.0, s=18.38624274027424)",266.46237,17.764158,12.988441
86670,161815,,17.764923,38.881385,112.3596,-12.0,6.53,1.277,K0,0.993,Her,26.866,94,191.23565098411746,HD161815_TypK0_Mag6.53,"hms_tuple(h=17.0, m=46.0, s=17.550498945656443)","dms_tuple(d=38.0, m=51.0, s=0.9382847133929317)",266.573127,17.771542,38.850261
86677,161832,,17.766236,39.322538,273.224,-32.0,6.51,-0.673,K3III comp,1.39,Her,161.883,93,187.8907161370077,HD161832_TypK3_Mag6.51,"hms_tuple(h=17.0, m=46.0, s=22.42670798882159)","dms_tuple(d=39.0, m=17.0, s=29.086685502066985)",266.593445,17.772896,39.291413
86700,161587,,17.773578,1.04435,340.1361,0.0,6.64,-1.018,K2,1.663,Oph,222.433,103,210.72609108853683,HD161587_TypK2_Mag6.64,"hms_tuple(h=17.0, m=46.0, s=43.440424568137246)","dms_tuple(d=1.0, m=0.0, s=47.76024151518499)",266.681002,17.778733,1.013267
86708,161638,,17.774611,6.235567,198.4127,0.0,7.88,1.392,K0,1.034,Oph,24.166,265,629.299802346522,HD161638_TypK0_Mag7.88,"hms_tuple(h=17.0, m=46.0, s=47.26565851014129)","dms_tuple(d=6.0, m=12.0, s=16.12434524665602)",266.69694,17.779796,6.204479
86718,161605,,17.775717,-2.861331,239.8082,0.0,7.57,0.671,K2,1.279,Oph,46.946,209,478.71030262103807,HD161605_TypK2_Mag7.57,"hms_tuple(h=17.0, m=46.0, s=51.16159285569296)","dms_tuple(d=-2.0, m=-53.0, s=-32.6785473044599)",266.713173,17.780878,-2.892411
86753,161346,,17.781425,-41.281841,833.3333,0.0,7.62,-1.984,K3III,1.69,Sco,541.502,217,500.3012827613783,HD161346_TypK3_Mag7.62,"hms_tuple(h=17.0, m=47.0, s=17.83554778399747)","dms_tuple(d=-41.0, m=-18.0, s=-46.358962292789556)",266.824315,17.788288,-41.312877
86754,161958,,17.781442,36.087477,269.5418,0.0,6.55,-0.603,K5,1.47,Her,151.775,96,194.64013421851007,HD161958_TypK5_Mag6.55,"hms_tuple(h=17.0, m=47.0, s=16.144988613264672)","dms_tuple(d=36.0, m=3.0, s=22.884025272607005)",266.817271,17.787818,36.056357
86766,162363,,17.783612,59.253581,164.4737,0.0,7.8,1.72,K0,1.086,Dra,17.865,249,586.4128089424291,HD162363_TypK0_Mag7.8,"hms_tuple(h=17.0, m=47.0, s=37.26759309896465)","dms_tuple(d=59.0, m=13.0, s=20.67981997618176)",266.905282,17.793685,59.222411
86788,161920,,17.790293,24.246702,270.2703,0.0,7.69,0.531,K5,1.263,Her,53.407,229,532.1744198083834,HD161920_TypK5_Mag7.69,"hms_tuple(h=17.0, m=47.0, s=45.40189490159207)","dms_tuple(d=24.0, m=12.0, s=56.14629446975414)",266.939175,17.795945,24.215596
86843,161960,,17.798937,14.753589,446.4286,0.0,7.88,-0.369,K5,1.052,Her,122.349,265,629.299802346522,HD161960_TypK5_Mag7.88,"hms_tuple(h=17.0, m=48.0, s=15.359857959074645)","dms_tuple(d=14.0, m=43.0, s=20.974612182807988)",267.063999,17.804267,14.722493
86849,162299,,17.799825,47.583862,148.8095,0.0,6.8,0.937,K0,1.042,Her,36.745,116,242.67587595584382,HD162299_TypK0_Mag6.8,"hms_tuple(h=17.0, m=48.0, s=26.865055745321058)","dms_tuple(d=47.0, m=33.0, s=9.801420098905282)",267.111938,17.807463,47.552723
86872,161902,,17.804475,-1.016556,272.4796,0.0,7.7,0.523,K5,1.566,Oph,53.802,231,536.8905548349917,HD161902_TypK5_Mag7.7,"hms_tuple(h=17.0, m=48.0, s=34.669824825750766)","dms_tuple(d=-1.0, m=-2.0, s=-51.49460213260896)",267.144458,17.809631,-1.047637
86917,162500,,17.812853,48.835706,505.0505,0.0,7.37,-1.147,K2,1.382,Her,250.496,180,401.2706596517492,HD162500_TypK2_Mag7.37,"hms_tuple(h=17.0, m=49.0, s=14.445561484496352)","dms_tuple(d=48.0, m=48.0, s=16.43058938857223)",267.31019,17.820679,48.804564
86923,162211,,17.813652,25.622869,64.9773,-26.0,5.09,1.026,K2III,1.141,Her,33.853,31,53.677737972364845,HD162211_TypK2_Mag5.09,"hms_tuple(h=17.0, m=49.0, s=9.72246756933174)","dms_tuple(d=25.0, m=35.0, s=30.342010665337682)",267.29051,17.819367,25.591762
86953,162113,,17.821956,1.961413,115.6069,-58.0,6.44,1.125,K0III,1.236,Oph,30.903,88,176.63751357336122,HD162113_TypK0_Mag6.44,"hms_tuple(h=17.0, m=49.0, s=37.608858798100755)","dms_tuple(d=1.0, m=55.0, s=49.184033345732274)",267.406704,17.827114,1.930329
86972,162163,,17.826084,0.906228,662.2517,0.0,7.49,-1.615,K5,1.898,Oph,385.478,197,446.0860343240754,HD162163_TypK5_Mag7.49,"hms_tuple(h=17.0, m=49.0, s=52.461287200278264)","dms_tuple(d=0.0, m=52.0, s=30.52149440050968)",267.468589,17.831239,0.875145
86973,162825,,17.826088,56.827104,497.5124,0.0,7.52,-0.964,K5,1.491,Dra,211.641,201,458.0511018694067,HD162825_TypK5_Mag7.52,"hms_tuple(h=17.0, m=50.0, s=7.8027998105199)","dms_tuple(d=56.0, m=47.0, s=45.390996003475266)",267.532512,17.835501,56.795942
86974,162300,,17.826194,20.637304,369.0037,0.0,7.41,-0.425,K5,1.584,Her,128.825,185,415.6851208955647,HD162300_TypK5_Mag7.41,"hms_tuple(h=17.0, m=49.0, s=54.12350469908972)","dms_tuple(d=20.0, m=36.0, s=22.3273451169797)",267.475515,17.831701,20.606202
86978,162525,,17.827949,39.607723,326.7974,0.0,7.76,0.189,K0,1.292,Her,73.181,242,566.0781270342421,HD162525_TypK0_Mag7.76,"hms_tuple(h=17.0, m=50.0, s=4.691858442276953)","dms_tuple(d=39.0, m=34.0, s=35.75111838698376)",267.519549,17.834637,39.576598
86980,162318,,17.828447,20.922741,775.1938,0.0,7.47,-1.977,K2,1.592,Her,538.022,194,438.2834686761904,HD162318_TypK2_Mag7.47,"hms_tuple(h=17.0, m=50.0, s=2.2717566938098344)","dms_tuple(d=20.0, m=53.0, s=29.89947516624028)",267.509466,17.833964,20.891639
86990,161892,Fuyue,17.830965,-37.043304,38.5802,25.0,3.19,0.258,K0/K1III,1.192,Sco,68.675,7,10.040566250146206,HD161892_TypK0_Mag3.19,"hms_tuple(h=17.0, m=50.0, s=14.73229956423694)","dms_tuple(d=-37.0, m=-4.0, s=-27.648925403818794)",267.561385,17.837426,-37.074347
86991,162212,,17.83097,2.963298,284.0909,0.0,8.0,0.733,K5,1.415,Oph,44.34,290,699.5823055523535,HD162212_TypK5_Mag8.0,"hms_tuple(h=17.0, m=50.0, s=10.073049511250076)","dms_tuple(d=2.0, m=55.0, s=55.96674317477522)",267.541971,17.836131,2.932213
87000,162385,,17.832468,20.869947,398.4064,0.0,7.43,-0.572,K5,1.532,Her,147.503,188,423.08537820947436,HD162385_TypK5_Mag7.43,"hms_tuple(h=17.0, m=50.0, s=16.740381808826044)","dms_tuple(d=20.0, m=50.0, s=19.841273367738665)",267.569752,17.837983,20.838845
87002,162030,,17.832626,-24.207052,88.3392,0.0,7.02,2.289,K1III,1.111,Sgr,10.578,137,294.66293556170405,HD162030_TypK1_Mag7.02,"hms_tuple(h=17.0, m=50.0, s=17.804293044365238)","dms_tuple(d=-24.0, m=-14.0, s=-17.19907904362742)",267.574185,17.838279,-24.238111
87018,162319,,17.835902,9.84827,265.252,-16.3,6.74,-0.378,K5,1.401,Oph,123.367,111,230.16325744576756,HD162319_TypK5_Mag6.74,"hms_tuple(h=17.0, m=50.0, s=28.07969003178954)","dms_tuple(d=9.0, m=49.0, s=1.8430640624421812)",267.616999,17.841133,9.817179
87022,164428,,17.83614,78.306539,261.7801,-7.0,6.25,-0.84,K5,1.452,Dra,188.799,76,149.37548995214374,HD164428_TypK5_Mag6.25,"hms_tuple(h=17.0, m=51.0, s=41.422137076784225)","dms_tuple(d=78.0, m=16.0, s=30.73900180410419)",267.922592,17.861506,78.275205
87037,162555,,17.839692,29.322143,77.7605,-15.0,5.51,1.056,K1III,1.071,Her,32.931,43,77.75502756283679,HD162555_TypK1_Mag5.51,"hms_tuple(h=17.0, m=50.0, s=44.16828775644319)","dms_tuple(d=29.0, m=17.0, s=27.713005119963725)",267.684035,17.845602,29.291031
87050,162527,,17.842577,23.255916,280.112,0.0,7.73,0.493,K2,1.223,Her,55.31,236,551.2912113423957,HD162527_TypK2_Mag7.73,"hms_tuple(h=17.0, m=50.0, s=53.470276153437624)","dms_tuple(d=23.0, m=13.0, s=29.32056943480717)",267.722793,17.848186,23.224811
87058,162900,,17.843831,51.242186,232.0186,0.0,7.6,0.772,K0,1.086,Dra,42.776,214,491.5504291096121,HD162900_TypK0_Mag7.6,"hms_tuple(h=17.0, m=51.0, s=7.4134739394546045)","dms_tuple(d=51.0, m=12.0, s=39.739476253210455)",267.780889,17.852059,51.211039
87064,162468,,17.845446,11.946548,156.25,-49.0,6.19,0.221,K1III-IV,1.247,Oph,71.056,73,141.67353559361956,HD162468_TypK1_Mag6.19,"hms_tuple(h=17.0, m=51.0, s=2.5709630334853273)","dms_tuple(d=11.0, m=54.0, s=55.63673159921606)",267.760712,17.850714,11.915455
87071,161973,,17.847041,-46.363633,361.0108,0.0,7.87,0.082,K1IIICN...,1.167,Ara,80.761,263,623.771929275639,HD161973_TypK1_Mag7.87,"hms_tuple(h=17.0, m=51.0, s=16.253613648425755)","dms_tuple(d=-46.0, m=-23.0, s=-40.77804818887614)",267.817723,17.854515,-46.394661
87072,162021,,17.847711,-42.330122,149.0313,-24.4,6.69,0.824,K0III,1.039,Sco,40.776,107,220.23034203703895,HD162021_TypK0_Mag6.69,"hms_tuple(h=17.0, m=51.0, s=16.873171401430795)","dms_tuple(d=-42.0, m=-21.0, s=-40.16437128876419)",267.820305,17.854687,-42.361157
87093,162486,,17.851358,5.22903,257.732,0.0,6.82,-0.236,K5,1.441,Oph,108.243,118,246.99612663521023,HD162486_TypK5_Mag6.82,"hms_tuple(h=17.0, m=51.0, s=23.52214921125949)","dms_tuple(d=5.0, m=11.0, s=52.59447763526822)",267.848009,17.856534,5.197943
87124,162488,,17.860151,-6.863265,100000.0,0.0,7.96,-12.04,K5,1.412,Oph,5701642.723,282,675.323313533301,HD162488_TypK5_Mag7.96,"hms_tuple(h=17.0, m=51.0, s=55.235479622269565)","dms_tuple(d=-6.0, m=-53.0, s=-39.62772737009786)",267.980148,17.865343,-6.894341
87143,162690,,17.864494,12.008009,183.4862,0.0,7.78,1.462,K0,1.019,Oph,22.657,245,576.1557641428401,HD162690_TypK0_Mag7.78,"hms_tuple(h=17.0, m=52.0, s=11.148067822221037)","dms_tuple(d=11.0, m=58.0, s=36.89612111229053)",268.04645,17.869763,11.976916
87150,162389,,17.865294,-25.772974,251.8892,0.0,7.79,0.784,K0III,1.072,Sgr,42.306,247,581.2616622824664,HD162389_TypK0_Mag7.79,"hms_tuple(h=17.0, m=52.0, s=15.670382626710762)","dms_tuple(d=-25.0, m=-48.0, s=-14.512027033020729)",268.065293,17.87102,-25.804031
87155,162734,,17.866239,15.326372,234.192,-43.0,6.43,-0.418,K0III,0.997,Her,127.997,87,175.0859005727711,HD162734_TypK0_Mag6.43,"hms_tuple(h=17.0, m=52.0, s=17.69855407369107)","dms_tuple(d=15.0, m=17.0, s=42.991399616007726)",268.073744,17.871583,15.295275
87156,162596,,17.866513,-1.236806,110.8647,-44.0,6.33,1.106,K0,1.126,Oph,31.449,81,160.2999881121757,HD162596_TypK0_Mag6.33,"hms_tuple(h=17.0, m=52.0, s=18.008066742894187)","dms_tuple(d=-1.0, m=-16.0, s=-4.3938798602017926)",268.075034,17.871669,-1.267887
87158,162648,,17.866686,4.487297,444.4444,-49.0,6.7,-1.539,K5,1.736,Oph,359.418,108,222.1820255290352,HD162648_TypK5_Mag6.7,"hms_tuple(h=17.0, m=52.0, s=18.682589328162464)","dms_tuple(d=4.0, m=27.0, s=22.35812640085541)",268.077844,17.871856,4.456211
87163,163075,,17.866917,46.643574,108.2251,-28.0,6.37,1.198,K0III,1.06,Her,28.893,84,166.05829091964327,HD163075_TypK0_Mag6.37,"hms_tuple(h=17.0, m=52.0, s=27.915210777220807)","dms_tuple(d=46.0, m=36.0, s=44.77126807862476)",268.116313,17.874421,46.612436
87168,162828,,17.86738,24.304464,341.2969,0.0,7.0,-0.666,K2,1.29,Her,160.842,135,289.50893673230235,HD162828_TypK2_Mag7.0,"hms_tuple(h=17.0, m=52.0, s=22.924334898157213)","dms_tuple(d=24.0, m=16.0, s=24.08926672477719)",268.095518,17.873035,24.273358
87169,162915,,17.867515,33.888209,211.4165,0.0,7.34,0.714,K0,1.034,Her,45.123,175,390.78879304975095,HD162915_TypK0_Mag7.34,"hms_tuple(h=17.0, m=52.0, s=25.39992996801203)","dms_tuple(d=33.0, m=51.0, s=25.529960938185923)",268.105833,17.873722,33.857092
87174,162989,,17.867978,39.982089,203.666,-66.0,6.01,-0.535,K4III,1.341,Her,142.561,63,120.86954873761292,HD162989_TypK4_Mag6.01,"hms_tuple(h=17.0, m=52.0, s=28.92751059513074)","dms_tuple(d=39.0, m=57.0, s=3.4666415218214297)",268.120531,17.874702,39.950963
87176,162652,,17.868112,1.111173,134.0483,0.0,6.55,0.914,K2,1.065,Oph,37.532,96,194.64013421851007,HD162652_TypK2_Mag6.55,"hms_tuple(h=17.0, m=52.0, s=23.76322004032147)","dms_tuple(d=1.0, m=4.0, s=48.32282239711758)",268.099013,17.873268,1.08009
87194,162415,,17.871407,-31.328155,175.7469,0.0,6.97,0.746,K5III,1.495,Sco,43.813,132,281.9464748828664,HD162415_TypK5_Mag6.97,"hms_tuple(h=17.0, m=52.0, s=38.796382086293875)","dms_tuple(d=-31.0, m=-21.0, s=-33.139977348010916)",268.161652,17.877443,-31.359206
87205,162901,,17.873314,24.992636,172.4138,-12.4,7.4,1.217,K2III,1.182,Her,28.392,184,412.0336743557815,HD162901_TypK2_Mag7.4,"hms_tuple(h=17.0, m=52.0, s=44.399074962447855)","dms_tuple(d=24.0, m=57.0, s=41.50573724081596)",268.184996,17.879,24.961529
87219,162774,,17.876512,1.305014,112.7396,-65.0,5.91,0.65,K5III,1.573,Oph,47.863,59,110.66217874985526,HD162774_TypK5_Mag5.91,"hms_tuple(h=17.0, m=52.0, s=54.00451017626182)","dms_tuple(d=1.0, m=16.0, s=26.14978672000717)",268.225019,17.881668,1.27393
87222,162713,,17.87696,-5.262067,131.7523,0.0,6.82,1.221,K0,0.989,Oph,28.288,118,246.99612663521023,HD162713_TypK0_Mag6.82,"hms_tuple(h=17.0, m=52.0, s=55.692191902344064)","dms_tuple(d=-5.0, m=-17.0, s=-35.320236255457544)",268.232051,17.882137,-5.293145
87232,163113,,17.878438,38.82063,354.6099,0.0,7.01,-0.739,K0,1.574,Her,172.028,136,292.07456782282145,HD163113_TypK0_Mag7.01,"hms_tuple(h=17.0, m=53.0, s=6.1841785623525425)","dms_tuple(d=38.0, m=47.0, s=22.22061279373861)",268.275767,17.885051,38.789506
87241,162775,,17.879897,-3.56388,729.927,0.0,7.53,-1.786,K2,1.35,Oph,451.232,203,462.11035531169057,HD162775_TypK2_Mag7.53,"hms_tuple(h=17.0, m=53.0, s=6.222509374016454)","dms_tuple(d=-3.0, m=-35.0, s=-41.85263693191345)",268.275927,17.885062,-3.594959
87244,162496,,17.88034,-34.114833,190.1141,-15.0,6.05,-0.345,K1III,1.241,Sco,119.674,65,125.21142966991891,HD162496_TypK1_Mag6.05,"hms_tuple(h=17.0, m=53.0, s=11.646033944481076)","dms_tuple(d=-34.0, m=-8.0, s=-45.167856870248784)",268.298525,17.886568,-34.14588
87258,163788,,17.882232,66.419075,214.5923,0.0,7.68,1.022,K0,0.908,Dra,33.978,227,527.4997120883073,HD163788_TypK0_Mag7.68,"hms_tuple(h=17.0, m=53.0, s=42.364191150029455)","dms_tuple(d=66.0, m=23.0, s=16.343918674301676)",268.426517,17.895101,66.387873
87268,162757,,17.884316,-10.899562,91.9963,-35.0,6.17,1.351,K1III:,1.11,Ser,25.096,72,139.1955000198045,HD162757_TypK1_Mag6.17,"hms_tuple(h=17.0, m=53.0, s=22.4372093070383)","dms_tuple(d=-10.0, m=-55.0, s=-50.28336503930433)",268.343488,17.889566,-10.930634
87287,162834,,17.887605,-5.928895,233.6449,0.0,6.86,0.017,K0,1.266,Oph,85.743,122,255.86873171888556,HD162834_TypK0_Mag6.86,"hms_tuple(h=17.0, m=53.0, s=34.03557258578303)","dms_tuple(d=-5.0, m=-57.0, s=-35.89882916046008)",268.391815,17.892788,-5.959972
87291,163217,,17.888341,40.007959,108.4599,-35.0,5.17,-0.006,K3III,1.166,Her,87.579,33,57.603431202905156,HD163217_TypK3_Mag5.17,"hms_tuple(h=17.0, m=53.0, s=42.24347172958545)","dms_tuple(d=39.0, m=58.0, s=36.59849716514543)",268.426014,17.895068,39.976833
87294,162904,,17.888668,2.667999,273.9726,0.0,7.41,0.221,K0,1.07,Oph,71.056,185,415.6851208955647,HD162904_TypK0_Mag7.41,"hms_tuple(h=17.0, m=53.0, s=37.78119222842918)","dms_tuple(d=2.0, m=38.0, s=12.891313453162638)",268.407422,17.893828,2.636914
87297,162587,,17.889853,-34.895125,252.5253,-7.0,5.58,-1.432,K3III,1.098,Sco,325.687,46,82.70863598839426,HD162587_TypK3_Mag5.58,"hms_tuple(h=17.0, m=53.0, s=46.10397623380436)","dms_tuple(d=-34.0, m=-55.0, s=-34.21528749913989)",268.4421,17.89614,-34.926171
87313,163588,Grumium,17.892134,56.872643,34.5066,-26.0,3.73,1.04,K2III,1.177,Dra,33.42,11,16.168647794000996,HD163588_TypK2_Mag3.73,"hms_tuple(h=17.0, m=54.0, s=5.609611766671776)","dms_tuple(d=56.0, m=50.0, s=29.330897628187813)",268.523373,17.901558,56.841481
87314,163218,,17.892184,35.672429,324.6753,0.0,7.26,-0.297,K2,1.45,Her,114.499,165,364.156405231697,HD163218_TypK2_Mag7.26,"hms_tuple(h=17.0, m=53.0, s=54.69636398266971)","dms_tuple(d=35.0, m=38.0, s=28.713296056961894)",268.477902,17.898527,35.641309
87327,162545,,17.894351,-43.719111,191.5709,0.0,7.46,1.048,K0/K1III,1.11,Sco,33.174,192,434.43351452893916,HD162545_TypK0_Mag7.46,"hms_tuple(h=17.0, m=54.0, s=5.352550368801303)","dms_tuple(d=-43.0, m=-45.0, s=-0.5162419425829512)",268.522302,17.901487,-43.750143
87339,162616,,17.897559,-41.175703,398.4064,0.0,7.91,-0.092,K2III,1.47,Sco,94.798,271,646.179090335777,HD162616_TypK2_Mag7.91,"hms_tuple(h=17.0, m=54.0, s=15.877830842864284)","dms_tuple(d=-41.0, m=-12.0, s=-24.262777977695578)",268.566158,17.904411,-41.20674
87355,163308,,17.900025,34.666961,226.7574,0.0,7.57,0.792,K0,1.104,Her,41.995,209,478.71030262103807,HD163308_TypK0_Mag7.57,"hms_tuple(h=17.0, m=54.0, s=22.64366309425924)","dms_tuple(d=34.0, m=38.0, s=9.03342494574531)",268.594349,17.90629,34.635843
87358,164462,,17.900373,73.121304,396.8254,0.0,7.99,-0.003,K2,1.143,Dra,87.337,288,693.4370594020932,HD164462_TypK2_Mag7.99,"hms_tuple(h=17.0, m=55.0, s=5.1406774856431525)","dms_tuple(d=73.0, m=5.0, s=24.180174095278062)",268.771419,17.918095,73.09005
87370,162956,,17.902101,-11.337537,125.3133,0.0,6.51,1.02,K0,1.193,Ser,34.041,93,187.8907161370077,HD162956_TypK0_Mag6.51,"hms_tuple(h=17.0, m=54.0, s=26.491704868084867)","dms_tuple(d=-11.0, m=-22.0, s=-6.991873585725301)",268.610382,17.907359,-11.368609
87387,163036,,17.904437,-4.211933,378.7879,0.0,7.75,-0.142,K5,1.912,Oph,99.266,240,561.1056035680328,HD163036_TypK5_Mag7.75,"hms_tuple(h=17.0, m=54.0, s=34.58092210867022)","dms_tuple(d=-4.0, m=-14.0, s=-34.84130262995414)",268.644087,17.909606,-4.243011
87391,170791,,17.906607,86.558656,189.3939,0.0,7.67,1.283,K0,1.137,UMi,26.718,226,522.866067770482,HD170791_TypK0_Mag7.67,"hms_tuple(h=17.0, m=59.0, s=30.112122857202053)","dms_tuple(d=86.0, m=31.0, s=36.17035623171546)",269.875467,17.991698,86.526714
87398,164780,,17.907427,75.171307,160.5136,-18.0,6.39,0.362,K0,0.972,Dra,62.402,85,169.01455281149524,HD164780_TypK0_Mag6.39,"hms_tuple(h=17.0, m=55.0, s=39.09536898251673)","dms_tuple(d=75.0, m=8.0, s=24.10090837646635)",268.912897,17.927526,75.140028
87403,163132,,17.907872,3.732147,384.6154,0.0,6.57,-1.355,K2,1.453,Oph,303.389,97,198.10522595363804,HD163132_TypK2_Mag6.57,"hms_tuple(h=17.0, m=54.0, s=46.93470473208009)","dms_tuple(d=3.0, m=42.0, s=3.820614395504265)",268.695561,17.913037,3.701061
87411,163242,,17.909354,16.30901,280.112,0.0,7.8,0.563,K0,1.012,Her,51.856,249,586.4128089424291,HD163242_TypK0_Mag7.8,"hms_tuple(h=17.0, m=54.0, s=53.006063128053995)","dms_tuple(d=16.0, m=16.0, s=40.48472097533505)",268.720859,17.914724,16.277912
87439,162822,,17.916099,-43.156226,555.5556,0.0,7.55,-1.174,K1III,1.311,Sco,256.803,206,470.3371004243402,HD162822_TypK1_Mag7.55,"hms_tuple(h=17.0, m=55.0, s=23.40722593122706)","dms_tuple(d=-43.0, m=-11.0, s=-14.133745147676677)",268.84753,17.923169,-43.187259
87458,164446,,17.919984,69.615562,241.5459,-7.9,6.86,-0.055,K0,0.898,Dra,91.622,122,255.86873171888556,HD164446_TypK0_Mag6.86,"hms_tuple(h=17.0, m=56.0, s=5.1398249246994965)","dms_tuple(d=69.0, m=35.0, s=3.6221645760178944)",269.021416,17.934761,69.584339
87463,163311,,17.921354,5.704237,526.3158,0.0,7.24,-1.366,K2,1.662,Oph,306.478,163,357.7868844682338,HD163311_TypK2_Mag7.24,"hms_tuple(h=17.0, m=55.0, s=35.52246051167316)","dms_tuple(d=5.0, m=40.0, s=23.338105799627726)",268.89801,17.926534,5.673149
87495,162931,,17.928943,-44.930097,192.3077,0.0,7.82,1.4,K2III,1.007,Sco,23.988,253,596.8524553483364,HD162931_TypK2_Mag7.82,"hms_tuple(h=17.0, m=56.0, s=10.420189583130366)","dms_tuple(d=-44.0, m=-57.0, s=-40.058076258494)",269.043417,17.936228,-44.961127
87499,163005,,17.930311,-39.346905,657.8947,0.0,7.92,-1.171,K1III,1.102,Sco,256.094,273,651.9055358919003,HD163005_TypK1_Mag7.92,"hms_tuple(h=17.0, m=56.0, s=13.126401935593321)","dms_tuple(d=-39.0, m=-22.0, s=-40.60028467806262)",269.054693,17.93698,-39.377945
87505,163547,,17.930781,22.464221,133.3333,-44.0,5.62,-0.005,K3III,1.249,Her,87.498,47,85.67969903351784,HD163547_TypK3_Mag5.62,"hms_tuple(h=17.0, m=56.0, s=10.887559074053286)","dms_tuple(d=22.0, m=25.0, s=59.221624549711294)",269.045365,17.936358,22.433117
87536,163770,,17.93755,37.250539,230.9469,-27.0,3.86,-2.958,K1IIvar,1.35,Her,1328.006,12,18.133711009609762,HD163770_TypK1_Mag3.86,"hms_tuple(h=17.0, m=56.0, s=38.482955558885976)","dms_tuple(d=37.0, m=13.0, s=9.901303617926942)",269.160346,17.944023,37.219417
87543,164330,,17.938927,62.610067,76.5697,0.0,7.72,3.3,K0,0.71,Dra,4.169,234,546.4485785781236,HD164330_TypK0_Mag7.72,"hms_tuple(h=17.0, m=57.0, s=0.431786974236843)","dms_tuple(d=62.0, m=34.0, s=43.98275747518369)",269.251799,17.95012,62.578884
87560,164058,Eltanin,17.943437,51.488895,47.3037,-28.0,2.24,-1.134,K5III,1.521,Dra,247.514,3,4.342503789576703,HD164058_TypK5_Mag2.24,"hms_tuple(h=17.0, m=57.0, s=6.154906489816199)","dms_tuple(d=51.0, m=27.0, s=27.889804441237516)",269.275645,17.95171,51.457747
87561,163675,,17.943873,18.612432,40.2576,0.0,6.55,3.526,K0,1.002,Her,3.385,96,194.64013421851007,HD163675_TypK0_Mag6.55,"hms_tuple(h=17.0, m=56.0, s=57.520039825679135)","dms_tuple(d=18.0, m=34.0, s=52.79562472436993)",269.239667,17.949311,18.581332
87562,163610,,17.944574,6.840381,100000.0,0.0,7.65,-12.35,K5,1.659,Oph,7585775.75,222,513.7205296793568,HD163610_TypK5_Mag7.65,"hms_tuple(h=17.0, m=56.0, s=59.15494597614611)","dms_tuple(d=6.0, m=48.0, s=33.4527368633762)",269.246479,17.949765,6.809292
87573,163145,,17.946507,-44.342246,88.8889,45.0,4.85,0.106,K2III,1.176,Sco,78.995,26,43.43419370911637,HD163145_TypK2_Mag4.85,"hms_tuple(h=17.0, m=57.0, s=13.385966180784976)","dms_tuple(d=-44.0, m=-22.0, s=-23.798286072038195)",269.305775,17.953718,-44.373277
87575,163197,,17.946615,-40.385502,507.6142,0.0,7.72,-0.808,K4IV,1.597,Sco,183.316,234,546.4485785781236,HD163197_TypK4_Mag7.72,"hms_tuple(h=17.0, m=57.0, s=12.187412611739319)","dms_tuple(d=-40.0, m=-24.0, s=-59.54370000825463)",269.300781,17.953385,-40.41654
87576,163449,,17.946678,-15.683916,411.5226,0.0,7.62,-0.452,K0III,1.269,Ser,132.069,217,500.3012827613783,HD163449_TypK0_Mag7.62,"hms_tuple(h=17.0, m=57.0, s=7.318089611273422)","dms_tuple(d=-15.0, m=-42.0, s=-53.94119124387544)",269.280492,17.952033,-15.714984
87581,163195,,17.947457,-39.932733,806.4516,0.0,7.28,-2.253,K1/K2III+..,0.695,Sco,693.745,168,370.63931974020056,HD163195_TypK1_Mag7.28,"hms_tuple(h=17.0, m=57.0, s=15.056444948718024)","dms_tuple(d=-39.0, m=-57.0, s=-49.57784338254669)",269.312735,17.954182,-39.963772
87592,163234,,17.948861,-40.305643,149.925,-6.0,6.46,0.581,K3III,1.411,Sco,51.004,90,179.78211266056408,HD163234_TypK3_Mag6.46,"hms_tuple(h=17.0, m=57.0, s=20.244141433802838)","dms_tuple(d=-40.0, m=-20.0, s=-12.051751080730355)",269.334351,17.955623,-40.336681
87607,163428,,17.952072,-23.939248,909.0909,-12.0,6.52,-3.273,K5II,1.984,Sgr,1775.007,94,189.555805541093,HD163428_TypK5_Mag6.52,"hms_tuple(h=17.0, m=57.0, s=27.76737964126312)","dms_tuple(d=-23.0, m=-58.0, s=-13.105732630509408)",269.365697,17.957713,-23.970307
87610,163967,,17.95249,37.802937,141.844,0.0,6.87,1.111,K0,1.121,Her,31.304,123,258.1362429763933,HD163967_TypK0_Mag6.87,"hms_tuple(h=17.0, m=57.0, s=32.439962872114165)","dms_tuple(d=37.0, m=46.0, s=18.531226984992486)",269.385167,17.959011,37.771814
87615,164077,,17.952959,47.226189,217.8649,0.0,7.68,0.989,K0,1.221,Her,35.027,227,527.4997120883073,HD164077_TypK0_Mag7.68,"hms_tuple(h=17.0, m=57.0, s=37.96159927653832)","dms_tuple(d=47.0, m=11.0, s=42.18117663260955)",269.408173,17.960545,47.19505
87629,163991,,17.955839,35.674899,223.2143,0.0,7.58,0.836,K0,0.997,Her,40.327,211,482.9526381068404,HD163991_TypK0_Mag7.58,"hms_tuple(h=17.0, m=57.0, s=43.855069834676215)","dms_tuple(d=35.0, m=38.0, s=37.60528379733728)",269.432729,17.962182,35.643779
87636,163948,,17.956752,33.400838,229.8851,-1.5,6.89,0.082,K0,0.911,Her,80.761,124,262.73172769318006,HD163948_TypK0_Mag6.89,"hms_tuple(h=17.0, m=57.0, s=46.52713278609781)","dms_tuple(d=33.0, m=22.0, s=10.99666450218308)",269.443863,17.962924,33.369721
87639,164181,,17.95844,48.295603,188.3239,0.0,7.77,1.395,K2,1.276,Her,24.099,244,571.094717053101,HD164181_TypK2_Mag7.77,"hms_tuple(h=17.0, m=57.0, s=58.25979291174008)","dms_tuple(d=48.0, m=15.0, s=52.06382735074726)",269.492749,17.966183,48.264462
87640,164345,,17.958693,54.665511,255.102,0.0,7.37,0.336,K5pvar,1.497,Dra,63.915,180,401.2706596517492,HD164345_TypK5_Mag7.37,"hms_tuple(h=17.0, m=58.0, s=3.3559266563312917)","dms_tuple(d=54.0, m=38.0, s=3.6785458492641965)",269.513983,17.967599,54.634355
87642,163992,,17.958846,33.847205,100000.0,-25.3,7.84,-12.16,K0,1.229,Her,6367955.209,257,607.4779541357369,HD163992_TypK0_Mag7.84,"hms_tuple(h=17.0, m=57.0, s=54.180812055196554)","dms_tuple(d=33.0, m=48.0, s=57.9157557518198)",269.475753,17.96505,33.816088
87660,163993,,17.962744,29.24788,41.9463,-2.0,3.7,0.587,K0III,0.935,Her,50.722,10,15.746295435972913,HD163993_TypK0_Mag3.7,"hms_tuple(h=17.0, m=58.0, s=7.1400465032436955)","dms_tuple(d=29.0, m=13.0, s=0.36652492559142047)",269.52975,17.96865,29.216768
87661,163908,,17.962811,20.345883,217.8649,0.0,7.44,0.749,K0,1.064,Her,43.692,189,426.83476505925523,HD163908_TypK0_Mag7.44,"hms_tuple(h=17.0, m=58.0, s=5.907118654749581)","dms_tuple(d=20.0, m=18.0, s=53.21283337151044)",269.524613,17.968308,20.314781
87681,163826,,17.967551,2.719952,100000.0,0.0,7.03,-12.97,K5,1.764,Oph,13427649.611,138,297.27424144135534,HD163826_TypK5_Mag7.03,"hms_tuple(h=17.0, m=58.0, s=21.76077566168118)","dms_tuple(d=2.0, m=41.0, s=19.921942783502118)",269.59067,17.972711,2.688867
87697,164042,,17.96954,27.397429,231.4815,-28.9,7.56,0.737,K2III,1.2,Her,44.177,208,474.5052325085976,HD164042_TypK2_Mag7.56,"hms_tuple(h=17.0, m=58.0, s=31.239193744192733)","dms_tuple(d=27.0, m=21.0, s=58.75074930777174)",269.630163,17.975344,27.36632
87719,164213,,17.973806,36.874807,130.039,0.0,7.33,1.76,K0,0.937,Her,17.219,174,387.3560399526628,HD164213_TypK0_Mag7.33,"hms_tuple(h=17.0, m=58.0, s=48.88955317161788)","dms_tuple(d=36.0, m=50.0, s=37.268036267605)",269.703706,17.980247,36.843686
87744,164251,,17.977925,35.631889,192.6782,0.0,7.0,0.576,K0,0.93,Her,51.239,135,289.50893673230235,HD164251_TypK0_Mag7.0,"hms_tuple(h=17.0, m=59.0, s=3.352391156639669)","dms_tuple(d=35.0, m=36.0, s=2.7694971656211465)",269.763968,17.984265,35.600769
87751,163884,,17.979403,-5.424858,173.913,0.0,7.54,1.338,K2,1.039,Oph,25.398,204,466.20558189854603,HD163884_TypK2_Mag7.54,"hms_tuple(h=17.0, m=59.0, s=4.491974068655793)","dms_tuple(d=-5.0, m=-27.0, s=-21.36729790518885)",269.768717,17.984581,-5.455935
87774,163917,,17.983775,-9.773632,46.2107,13.0,3.32,-0.004,K0III,0.987,Oph,87.418,8,11.260850571594883,HD163917_TypK0_Mag3.32,"hms_tuple(h=17.0, m=59.0, s=20.42178107362588)","dms_tuple(d=-9.0, m=-48.0, s=-16.939179493022465)",269.835091,17.989006,-9.804705
87777,163932,,17.983883,-6.64437,333.3333,0.0,7.77,0.156,K5,2.083,Oph,75.44,244,571.094717053101,HD163932_TypK5_Mag7.77,"hms_tuple(h=17.0, m=59.0, s=20.662185372909505)","dms_tuple(d=-6.0, m=-40.0, s=-31.60645506281071)",269.836092,17.989073,-6.675446
87780,164964,,17.984166,63.957644,636.9427,0.0,7.63,-1.391,K5,1.405,Dra,313.617,219,504.73495772895257,HD164964_TypK5_Mag7.63,"hms_tuple(h=17.0, m=59.0, s=45.21765089577116)","dms_tuple(d=63.0, m=55.0, s=35.23813603335668)",269.938407,17.995894,63.926455
87781,164214,,17.984226,23.828579,454.5455,0.0,7.48,-0.808,K5,1.64,Her,183.316,195,442.16754115556887,HD164214_TypK5_Mag7.48,"hms_tuple(h=17.0, m=59.0, s=23.49467165813536)","dms_tuple(d=23.0, m=47.0, s=50.90513694259499)",269.847894,17.98986,23.797474
87787,163755,,17.9848,-30.253025,310.559,-20.0,5.0,-2.461,K5/M0III,1.654,Sgr,840.234,29,49.58020181325081,HD163755_TypK5_Mag5.0,"hms_tuple(h=17.0, m=59.0, s=26.769237332047737)","dms_tuple(d=-30.0, m=-17.0, s=-2.676756430377054)",269.861538,17.990769,-30.284077
87820,164374,,17.991597,30.727804,248.139,0.0,7.44,0.467,K0,1.064,Her,56.65,189,426.83476505925523,HD164374_TypK0_Mag7.44,"hms_tuple(h=17.0, m=59.0, s=51.329753550080284)","dms_tuple(d=30.0, m=41.0, s=48.08646161144679)",269.963874,17.997592,30.696691
87821,163935,,17.992139,-21.04565,100000.0,0.0,7.89,-12.11,K1III,1.446,Sgr,6081350.013,267,634.876663483802,HD163935_TypK1_Mag7.89,"hms_tuple(h=17.0, m=59.0, s=51.58757994113955)","dms_tuple(d=-21.0, m=-4.0, s=-36.16405257054737)",269.964948,17.997663,-21.076712
87828,164064,,17.993545,-4.821126,171.8213,-32.0,5.86,-0.315,K5III,1.561,Oph,116.413,56,105.88644663402476,HD164064_TypK5_Mag5.86,"hms_tuple(h=17.0, m=59.0, s=55.3854650834387)","dms_tuple(d=-4.0, m=-51.0, s=-7.934093050815392)",269.980773,17.998718,-4.852204
87829,165500,,17.993573,71.634223,192.3077,0.0,7.19,0.77,K2,1.133,Dra,42.855,156,342.3462494285041,HD165500_TypK2_Mag7.19,"hms_tuple(h=18.0, m=0.0, s=35.66126482628391)","dms_tuple(d=71.0, m=36.0, s=10.741670134651713)",270.148589,18.009906,71.602984
87830,164575,,17.993578,43.235377,106.2699,0.0,6.71,1.578,K0,1.106,Her,20.361,108,224.15100485964183,HD164575_TypK0_Mag6.71,"hms_tuple(h=18.0, m=0.0, s=2.3387113994786546)","dms_tuple(d=43.0, m=12.0, s=15.284367059176702)",270.009745,18.00065,43.204246
119130,155886,Guniibuu B,17.255734,-26.603215,5.9852,0.5,5.07,6.185,K1 Ve,0.85,Oph,0.292,31,52.73885165418213,HD155886_TypK1_Mag5.07,"hms_tuple(h=17.0, m=15.0, s=41.40200304886861)","dms_tuple(d=-26.0, m=-38.0, s=-3.3762453533324788)",258.922508,17.261501,-26.634271
